"date","location","age_group","target","observation"
2018-10-06,"US","5-17","inc hosp",0
2018-10-13,"US","5-17","inc hosp",53.605751
2018-10-20,"US","5-17","inc hosp",53.605751
2018-10-27,"US","5-17","inc hosp",0
2018-11-03,"US","5-17","inc hosp",53.605751
2018-11-10,"US","5-17","inc hosp",107.211502
2018-11-17,"US","5-17","inc hosp",53.605751
2018-11-24,"US","5-17","inc hosp",107.211502
2018-12-01,"US","5-17","inc hosp",107.211502
2018-12-08,"US","5-17","inc hosp",107.211502
2018-12-15,"US","5-17","inc hosp",107.211502
2018-12-22,"US","5-17","inc hosp",214.423004
2018-12-29,"US","5-17","inc hosp",107.211502
2019-01-05,"US","5-17","inc hosp",160.548339
2019-01-12,"US","5-17","inc hosp",160.548339
2019-01-19,"US","5-17","inc hosp",160.548339
2019-01-26,"US","5-17","inc hosp",160.548339
2019-02-02,"US","5-17","inc hosp",160.548339
2019-02-09,"US","5-17","inc hosp",214.064452
2019-02-16,"US","5-17","inc hosp",107.032226
2019-02-23,"US","5-17","inc hosp",160.548339
2019-03-02,"US","5-17","inc hosp",160.548339
2019-03-09,"US","5-17","inc hosp",107.032226
2019-03-16,"US","5-17","inc hosp",53.516113
2019-03-23,"US","5-17","inc hosp",53.516113
2019-03-30,"US","5-17","inc hosp",0
2019-04-06,"US","5-17","inc hosp",0
2019-04-13,"US","5-17","inc hosp",0
2019-04-20,"US","5-17","inc hosp",53.516113
2019-04-27,"US","5-17","inc hosp",0
2019-05-04,"US","5-17","inc hosp",0
2019-10-05,"US","5-17","inc hosp",0
2019-10-12,"US","5-17","inc hosp",0
2019-10-19,"US","5-17","inc hosp",0
2019-10-26,"US","5-17","inc hosp",53.516113
2019-11-02,"US","5-17","inc hosp",53.516113
2019-11-09,"US","5-17","inc hosp",107.032226
2019-11-16,"US","5-17","inc hosp",107.032226
2019-11-23,"US","5-17","inc hosp",160.548339
2019-11-30,"US","5-17","inc hosp",160.548339
2019-12-07,"US","5-17","inc hosp",160.548339
2019-12-14,"US","5-17","inc hosp",214.064452
2019-12-21,"US","5-17","inc hosp",160.548339
2019-12-28,"US","5-17","inc hosp",321.096678
2020-01-04,"US","5-17","inc hosp",271.72227
2020-01-11,"US","5-17","inc hosp",108.688908
2020-01-18,"US","5-17","inc hosp",163.033362
2020-01-25,"US","5-17","inc hosp",271.72227
2020-02-01,"US","5-17","inc hosp",163.033362
2020-02-08,"US","5-17","inc hosp",163.033362
2020-02-15,"US","5-17","inc hosp",108.688908
2020-02-22,"US","5-17","inc hosp",108.688908
2020-02-29,"US","5-17","inc hosp",163.033362
2020-03-07,"US","5-17","inc hosp",108.688908
2020-03-14,"US","5-17","inc hosp",108.688908
2020-03-21,"US","5-17","inc hosp",54.344454
2020-03-28,"US","5-17","inc hosp",54.344454
2020-04-04,"US","5-17","inc hosp",0
2020-04-11,"US","5-17","inc hosp",0
2020-04-18,"US","5-17","inc hosp",0
2020-04-25,"US","5-17","inc hosp",0
2020-05-02,"US","5-17","inc hosp",0
2020-10-03,"US","5-17","inc hosp",0
2020-10-10,"US","5-17","inc hosp",0
2020-10-17,"US","5-17","inc hosp",0
2020-10-24,"US","5-17","inc hosp",0
2020-10-31,"US","5-17","inc hosp",0
2020-11-07,"US","5-17","inc hosp",0
2020-11-14,"US","5-17","inc hosp",0
2020-11-21,"US","5-17","inc hosp",0
2020-11-28,"US","5-17","inc hosp",0
2020-12-05,"US","5-17","inc hosp",0
2020-12-12,"US","5-17","inc hosp",0
2020-12-19,"US","5-17","inc hosp",0
2020-12-26,"US","5-17","inc hosp",0
2021-01-02,"US","5-17","inc hosp",0
2021-01-09,"US","5-17","inc hosp",0
2021-01-16,"US","5-17","inc hosp",0
2021-01-23,"US","5-17","inc hosp",0
2021-01-30,"US","5-17","inc hosp",0
2021-02-06,"US","5-17","inc hosp",0
2021-02-13,"US","5-17","inc hosp",0
2021-02-20,"US","5-17","inc hosp",0
2021-02-27,"US","5-17","inc hosp",0
2021-03-06,"US","5-17","inc hosp",0
2021-03-13,"US","5-17","inc hosp",0
2021-03-20,"US","5-17","inc hosp",0
2021-03-27,"US","5-17","inc hosp",0
2021-04-03,"US","5-17","inc hosp",0
2021-04-10,"US","5-17","inc hosp",0
2021-04-17,"US","5-17","inc hosp",0
2021-04-24,"US","5-17","inc hosp",0
2021-05-01,"US","5-17","inc hosp",0
2021-05-08,"US","5-17","inc hosp",54.133796
2021-05-15,"US","5-17","inc hosp",0
2021-05-22,"US","5-17","inc hosp",54.133796
2021-05-29,"US","5-17","inc hosp",0
2021-06-05,"US","5-17","inc hosp",54.133796
2021-06-12,"US","5-17","inc hosp",0
2021-06-19,"US","5-17","inc hosp",54.133796
2021-06-26,"US","5-17","inc hosp",0
2021-07-03,"US","5-17","inc hosp",54.133796
2021-07-10,"US","5-17","inc hosp",0
2021-07-17,"US","5-17","inc hosp",108.267592
2021-07-24,"US","5-17","inc hosp",54.133796
2021-07-31,"US","5-17","inc hosp",54.133796
2021-08-07,"US","5-17","inc hosp",108.267592
2021-08-14,"US","5-17","inc hosp",54.133796
2021-08-21,"US","5-17","inc hosp",108.267592
2021-08-28,"US","5-17","inc hosp",162.401388
2021-09-04,"US","5-17","inc hosp",108.267592
2021-09-11,"US","5-17","inc hosp",108.267592
2021-09-18,"US","5-17","inc hosp",54.133796
2021-09-25,"US","5-17","inc hosp",108.267592
2021-10-02,"US","5-17","inc hosp",216.535184
2021-10-09,"US","5-17","inc hosp",162.401388
2021-10-16,"US","5-17","inc hosp",216.535184
2021-10-23,"US","5-17","inc hosp",162.401388
2021-10-30,"US","5-17","inc hosp",216.535184
2021-11-06,"US","5-17","inc hosp",162.401388
2021-11-13,"US","5-17","inc hosp",216.535184
2021-11-20,"US","5-17","inc hosp",270.66898
2021-11-27,"US","5-17","inc hosp",108.267592
2021-12-04,"US","5-17","inc hosp",162.401388
2021-12-11,"US","5-17","inc hosp",162.401388
2021-12-18,"US","5-17","inc hosp",270.66898
2021-12-25,"US","5-17","inc hosp",270.66898
2022-01-01,"US","5-17","inc hosp",162.401388
2022-01-08,"US","5-17","inc hosp",107.821084
2022-01-15,"US","5-17","inc hosp",53.910542
2022-01-22,"US","5-17","inc hosp",53.910542
2022-01-29,"US","5-17","inc hosp",53.910542
2022-02-05,"US","5-17","inc hosp",53.910542
2022-02-12,"US","5-17","inc hosp",53.910542
2022-02-19,"US","5-17","inc hosp",53.910542
2022-02-26,"US","5-17","inc hosp",53.910542
2022-03-05,"US","5-17","inc hosp",0
2022-03-12,"US","5-17","inc hosp",53.910542
2022-03-19,"US","5-17","inc hosp",0
2022-03-26,"US","5-17","inc hosp",53.910542
2022-04-02,"US","5-17","inc hosp",0
2022-04-09,"US","5-17","inc hosp",53.910542
2022-04-16,"US","5-17","inc hosp",53.910542
2022-04-23,"US","5-17","inc hosp",0
2022-04-30,"US","5-17","inc hosp",53.910542
2022-05-07,"US","5-17","inc hosp",53.910542
2022-05-14,"US","5-17","inc hosp",53.910542
2022-05-21,"US","5-17","inc hosp",53.910542
2022-05-28,"US","5-17","inc hosp",0
2022-06-04,"US","5-17","inc hosp",53.910542
2022-06-11,"US","5-17","inc hosp",0
2022-06-18,"US","5-17","inc hosp",53.910542
2022-06-25,"US","5-17","inc hosp",53.910542
2022-07-02,"US","5-17","inc hosp",0
2022-07-09,"US","5-17","inc hosp",0
2022-07-16,"US","5-17","inc hosp",53.910542
2022-07-23,"US","5-17","inc hosp",0
2022-07-30,"US","5-17","inc hosp",0
2022-08-06,"US","5-17","inc hosp",53.910542
2022-08-13,"US","5-17","inc hosp",53.910542
2022-08-20,"US","5-17","inc hosp",53.910542
2022-08-27,"US","5-17","inc hosp",53.910542
2022-09-03,"US","5-17","inc hosp",107.821084
2022-09-10,"US","5-17","inc hosp",161.731626
2022-09-17,"US","5-17","inc hosp",215.642168
2022-09-24,"US","5-17","inc hosp",215.642168
2022-10-01,"US","5-17","inc hosp",269.55271
2022-10-08,"US","5-17","inc hosp",593.015962
2022-10-15,"US","5-17","inc hosp",646.926504
2022-10-22,"US","5-17","inc hosp",646.926504
2022-10-29,"US","5-17","inc hosp",862.568672
2022-11-05,"US","5-17","inc hosp",1347.76355
2022-11-12,"US","5-17","inc hosp",1239.942466
2022-11-19,"US","5-17","inc hosp",970.389756
2022-11-26,"US","5-17","inc hosp",593.015962
2022-12-03,"US","5-17","inc hosp",700.837046
2022-12-10,"US","5-17","inc hosp",754.747588
2022-12-17,"US","5-17","inc hosp",431.284336
2022-12-24,"US","5-17","inc hosp",377.373794
2022-12-31,"US","5-17","inc hosp",269.55271
2023-01-07,"US","5-17","inc hosp",161.731626
2023-01-14,"US","5-17","inc hosp",161.731626
2023-01-21,"US","5-17","inc hosp",53.910542
2023-01-28,"US","5-17","inc hosp",53.910542
2023-02-04,"US","5-17","inc hosp",53.910542
2023-02-11,"US","5-17","inc hosp",107.821084
2023-02-18,"US","5-17","inc hosp",53.910542
2023-02-25,"US","5-17","inc hosp",0
2023-03-04,"US","5-17","inc hosp",53.910542
2023-03-11,"US","5-17","inc hosp",0
2023-03-18,"US","5-17","inc hosp",53.910542
2023-03-25,"US","5-17","inc hosp",0
2023-04-01,"US","5-17","inc hosp",0
2023-04-08,"US","5-17","inc hosp",0
2023-04-15,"US","5-17","inc hosp",0
2023-04-22,"US","5-17","inc hosp",0
2023-04-29,"US","5-17","inc hosp",0
2023-05-06,"US","5-17","inc hosp",0
2023-05-13,"US","5-17","inc hosp",0
2023-05-20,"US","5-17","inc hosp",0
2023-05-27,"US","5-17","inc hosp",0
2023-06-03,"US","5-17","inc hosp",0
2023-06-10,"US","5-17","inc hosp",0
2023-06-17,"US","5-17","inc hosp",0
2023-06-24,"US","5-17","inc hosp",0
2023-07-01,"US","5-17","inc hosp",0
2023-07-08,"US","5-17","inc hosp",0
2023-07-15,"US","5-17","inc hosp",0
2023-07-22,"US","5-17","inc hosp",0
2023-07-29,"US","5-17","inc hosp",0
2023-08-05,"US","5-17","inc hosp",0
2023-08-12,"US","5-17","inc hosp",53.910542
2023-08-19,"US","5-17","inc hosp",53.910542
2023-08-26,"US","5-17","inc hosp",53.910542
2023-09-02,"US","5-17","inc hosp",0
2023-09-09,"US","5-17","inc hosp",53.910542
2023-09-16,"US","5-17","inc hosp",107.821084
2023-09-23,"US","5-17","inc hosp",161.731626
2023-09-30,"US","5-17","inc hosp",161.731626
2023-10-07,"US","5-17","inc hosp",161.731626
2023-10-14,"US","5-17","inc hosp",215.642168
2023-10-21,"US","5-17","inc hosp",269.55271
2023-10-28,"US","5-17","inc hosp",215.642168
2023-11-04,"US","5-17","inc hosp",161.731626
2023-11-11,"US","5-17","inc hosp",377.373794
2023-11-18,"US","5-17","inc hosp",431.284336
2023-11-25,"US","5-17","inc hosp",646.926504
2023-12-02,"US","5-17","inc hosp",431.284336
2023-12-09,"US","5-17","inc hosp",539.10542
2023-12-16,"US","5-17","inc hosp",700.837046
2023-12-23,"US","5-17","inc hosp",754.747588
2023-12-30,"US","5-17","inc hosp",646.926504
2024-01-06,"US","5-17","inc hosp",269.55271
2024-01-13,"US","5-17","inc hosp",323.463252
2024-01-20,"US","5-17","inc hosp",269.55271
2024-01-27,"US","5-17","inc hosp",215.642168
2024-02-03,"US","5-17","inc hosp",269.55271
2024-02-10,"US","5-17","inc hosp",269.55271
2024-02-17,"US","5-17","inc hosp",215.642168
2024-02-24,"US","5-17","inc hosp",161.731626
2024-03-02,"US","5-17","inc hosp",161.731626
2024-03-09,"US","5-17","inc hosp",161.731626
2024-03-16,"US","5-17","inc hosp",107.821084
2024-03-23,"US","5-17","inc hosp",161.731626
2024-03-30,"US","5-17","inc hosp",107.821084
2024-04-06,"US","5-17","inc hosp",0
2024-04-13,"US","5-17","inc hosp",0
2024-04-20,"US","5-17","inc hosp",0
2024-04-27,"US","5-17","inc hosp",53.910542
2024-05-04,"US","5-17","inc hosp",0
2024-05-11,"US","5-17","inc hosp",53.910542
2024-05-18,"US","5-17","inc hosp",0
2024-05-25,"US","5-17","inc hosp",0
2024-06-01,"US","5-17","inc hosp",0
2024-06-08,"US","5-17","inc hosp",0
2024-06-15,"US","5-17","inc hosp",0
2024-06-22,"US","5-17","inc hosp",0
2024-06-29,"US","5-17","inc hosp",0
2024-07-06,"US","5-17","inc hosp",0
2024-07-13,"US","5-17","inc hosp",0
2024-07-20,"US","5-17","inc hosp",0
2024-07-27,"US","5-17","inc hosp",0
2024-08-03,"US","5-17","inc hosp",0
2024-08-10,"US","5-17","inc hosp",0
2024-08-17,"US","5-17","inc hosp",0
2024-08-24,"US","5-17","inc hosp",0
2024-08-31,"US","5-17","inc hosp",0
2024-09-07,"US","5-17","inc hosp",0
2024-09-14,"US","5-17","inc hosp",0
2024-09-21,"US","5-17","inc hosp",0
2024-09-28,"US","5-17","inc hosp",53.910542
2024-10-05,"US","5-17","inc hosp",53.910542
2024-10-12,"US","5-17","inc hosp",53.910542
2024-10-19,"US","5-17","inc hosp",107.821084
2024-10-26,"US","5-17","inc hosp",53.910542
2024-11-02,"US","5-17","inc hosp",161.731626
2024-11-09,"US","5-17","inc hosp",269.55271
2024-11-16,"US","5-17","inc hosp",269.55271
2024-11-23,"US","5-17","inc hosp",431.284336
2024-11-30,"US","5-17","inc hosp",431.284336
2024-12-07,"US","5-17","inc hosp",323.463252
2024-12-14,"US","5-17","inc hosp",539.10542
2024-12-21,"US","5-17","inc hosp",593.015962
2024-12-28,"US","5-17","inc hosp",862.568672
2025-01-04,"US","5-17","inc hosp",377.373794
2025-01-11,"US","5-17","inc hosp",377.373794
2025-01-18,"US","5-17","inc hosp",539.10542
2025-01-25,"US","5-17","inc hosp",754.747588
2025-02-01,"US","5-17","inc hosp",646.926504
2025-02-08,"US","5-17","inc hosp",646.926504
2025-02-15,"US","5-17","inc hosp",539.10542
2025-02-22,"US","5-17","inc hosp",539.10542
2025-03-01,"US","5-17","inc hosp",539.10542
2025-03-08,"US","5-17","inc hosp",377.373794
2025-03-15,"US","5-17","inc hosp",269.55271
2025-03-22,"US","5-17","inc hosp",215.642168
2025-03-29,"US","5-17","inc hosp",107.821084
2025-04-05,"US","5-17","inc hosp",53.910542
2025-04-12,"US","5-17","inc hosp",53.910542
2025-04-19,"US","5-17","inc hosp",53.910542
2025-04-26,"US","5-17","inc hosp",53.910542
2025-05-03,"US","5-17","inc hosp",0
2025-05-10,"US","5-17","inc hosp",53.910542
2025-05-17,"US","5-17","inc hosp",0
2025-05-24,"US","5-17","inc hosp",0
2025-05-31,"US","5-17","inc hosp",53.910542
2025-06-07,"US","5-17","inc hosp",0
2025-06-14,"US","5-17","inc hosp",0
2025-06-21,"US","5-17","inc hosp",0
2025-06-28,"US","5-17","inc hosp",0
2025-07-05,"US","5-17","inc hosp",0
2025-07-12,"US","5-17","inc hosp",0
2025-07-19,"US","5-17","inc hosp",0
2025-07-26,"US","5-17","inc hosp",0
2025-08-02,"US","5-17","inc hosp",0
2025-08-09,"US","5-17","inc hosp",0
2025-08-16,"US","5-17","inc hosp",0
2025-08-23,"US","5-17","inc hosp",0
2025-08-30,"US","5-17","inc hosp",0
2025-09-06,"US","5-17","inc hosp",0
2025-09-13,"US","5-17","inc hosp",0
2025-09-20,"US","5-17","inc hosp",0
2025-09-27,"US","5-17","inc hosp",53.910542
2025-10-04,"US","5-17","inc hosp",0
2025-10-11,"US","5-17","inc hosp",0
2025-10-18,"US","5-17","inc hosp",0
2025-10-25,"US","5-17","inc hosp",0
2025-11-01,"US","5-17","inc hosp",0
2025-11-08,"US","5-17","inc hosp",53.910542
2025-11-15,"US","5-17","inc hosp",107.821084
2025-11-22,"US","5-17","inc hosp",107.821084
2025-11-29,"US","5-17","inc hosp",161.731626
2025-12-06,"US","5-17","inc hosp",107.821084
2025-12-13,"US","5-17","inc hosp",161.731626
2025-12-20,"US","5-17","inc hosp",269.55271
2025-12-27,"US","5-17","inc hosp",269.55271
2026-01-03,"US","5-17","inc hosp",215.642168
2026-01-10,"US","5-17","inc hosp",215.642168
2026-01-17,"US","5-17","inc hosp",215.642168
2026-01-24,"US","5-17","inc hosp",323.463252
2026-01-31,"US","5-17","inc hosp",323.463252
2026-02-07,"US","5-17","inc hosp",431.284336
2026-02-14,"US","5-17","inc hosp",377.373794
2026-02-21,"US","5-17","inc hosp",485.194878
2026-02-28,"US","5-17","inc hosp",431.284336
2026-03-07,"US","5-17","inc hosp",431.284336
2026-03-14,"US","5-17","inc hosp",377.373794
2026-03-21,"US","5-17","inc hosp",215.642168
2026-03-28,"US","5-17","inc hosp",161.731626
2026-04-04,"US","5-17","inc hosp",161.731626
2026-04-11,"US","5-17","inc hosp",107.821084
2026-04-18,"US","5-17","inc hosp",53.910542
2026-04-25,"US","5-17","inc hosp",107.821084
2026-05-02,"US","5-17","inc hosp",107.821084
2026-05-09,"US","5-17","inc hosp",53.910542
2026-05-16,"US","5-17","inc hosp",53.910542
2026-05-23,"US","5-17","inc hosp",53.910542
2026-05-30,"US","5-17","inc hosp",53.910542
2026-06-06,"US","5-17","inc hosp",0
2026-06-13,"US","5-17","inc hosp",0
2026-06-20,"US","5-17","inc hosp",0
2026-06-27,"US","5-17","inc hosp",0
2026-07-04,"US","5-17","inc hosp",0
2026-07-11,"US","5-17","inc hosp",0
2026-07-18,"US","5-17","inc hosp",0
2026-07-25,"US","5-17","inc hosp",0
2026-08-01,"US","5-17","inc hosp",0
2026-08-08,"US","5-17","inc hosp",0
2026-08-15,"US","5-17","inc hosp",0
2026-08-22,"US","5-17","inc hosp",0
2018-10-06,"US","18-49","inc hosp",0
2018-10-13,"US","18-49","inc hosp",0
2018-10-20,"US","18-49","inc hosp",0
2018-10-27,"US","18-49","inc hosp",0
2018-11-03,"US","18-49","inc hosp",0
2018-11-10,"US","18-49","inc hosp",136.856559
2018-11-17,"US","18-49","inc hosp",136.856559
2018-11-24,"US","18-49","inc hosp",0
2018-12-01,"US","18-49","inc hosp",0
2018-12-08,"US","18-49","inc hosp",136.856559
2018-12-15,"US","18-49","inc hosp",136.856559
2018-12-22,"US","18-49","inc hosp",136.856559
2018-12-29,"US","18-49","inc hosp",136.856559
2019-01-05,"US","18-49","inc hosp",274.274806
2019-01-12,"US","18-49","inc hosp",274.274806
2019-01-19,"US","18-49","inc hosp",274.274806
2019-01-26,"US","18-49","inc hosp",137.137403
2019-02-02,"US","18-49","inc hosp",274.274806
2019-02-09,"US","18-49","inc hosp",137.137403
2019-02-16,"US","18-49","inc hosp",274.274806
2019-02-23,"US","18-49","inc hosp",137.137403
2019-03-02,"US","18-49","inc hosp",137.137403
2019-03-09,"US","18-49","inc hosp",274.274806
2019-03-16,"US","18-49","inc hosp",137.137403
2019-03-23,"US","18-49","inc hosp",137.137403
2019-03-30,"US","18-49","inc hosp",0
2019-04-06,"US","18-49","inc hosp",137.137403
2019-04-13,"US","18-49","inc hosp",0
2019-04-20,"US","18-49","inc hosp",0
2019-04-27,"US","18-49","inc hosp",0
2019-05-04,"US","18-49","inc hosp",0
2019-10-05,"US","18-49","inc hosp",0
2019-10-12,"US","18-49","inc hosp",0
2019-10-19,"US","18-49","inc hosp",0
2019-10-26,"US","18-49","inc hosp",0
2019-11-02,"US","18-49","inc hosp",0
2019-11-09,"US","18-49","inc hosp",137.137403
2019-11-16,"US","18-49","inc hosp",137.137403
2019-11-23,"US","18-49","inc hosp",137.137403
2019-11-30,"US","18-49","inc hosp",137.137403
2019-12-07,"US","18-49","inc hosp",137.137403
2019-12-14,"US","18-49","inc hosp",274.274806
2019-12-21,"US","18-49","inc hosp",274.274806
2019-12-28,"US","18-49","inc hosp",411.412209
2020-01-04,"US","18-49","inc hosp",554.627884
2020-01-11,"US","18-49","inc hosp",277.313942
2020-01-18,"US","18-49","inc hosp",277.313942
2020-01-25,"US","18-49","inc hosp",138.656971
2020-02-01,"US","18-49","inc hosp",277.313942
2020-02-08,"US","18-49","inc hosp",277.313942
2020-02-15,"US","18-49","inc hosp",277.313942
2020-02-22,"US","18-49","inc hosp",277.313942
2020-02-29,"US","18-49","inc hosp",277.313942
2020-03-07,"US","18-49","inc hosp",138.656971
2020-03-14,"US","18-49","inc hosp",138.656971
2020-03-21,"US","18-49","inc hosp",138.656971
2020-03-28,"US","18-49","inc hosp",138.656971
2020-04-04,"US","18-49","inc hosp",0
2020-04-11,"US","18-49","inc hosp",0
2020-04-18,"US","18-49","inc hosp",0
2020-04-25,"US","18-49","inc hosp",0
2020-05-02,"US","18-49","inc hosp",0
2020-10-03,"US","18-49","inc hosp",0
2020-10-10,"US","18-49","inc hosp",0
2020-10-17,"US","18-49","inc hosp",0
2020-10-24,"US","18-49","inc hosp",0
2020-10-31,"US","18-49","inc hosp",0
2020-11-07,"US","18-49","inc hosp",0
2020-11-14,"US","18-49","inc hosp",0
2020-11-21,"US","18-49","inc hosp",0
2020-11-28,"US","18-49","inc hosp",0
2020-12-05,"US","18-49","inc hosp",0
2020-12-12,"US","18-49","inc hosp",0
2020-12-19,"US","18-49","inc hosp",0
2020-12-26,"US","18-49","inc hosp",0
2021-01-02,"US","18-49","inc hosp",0
2021-01-09,"US","18-49","inc hosp",0
2021-01-16,"US","18-49","inc hosp",0
2021-01-23,"US","18-49","inc hosp",0
2021-01-30,"US","18-49","inc hosp",0
2021-02-06,"US","18-49","inc hosp",0
2021-02-13,"US","18-49","inc hosp",0
2021-02-20,"US","18-49","inc hosp",0
2021-02-27,"US","18-49","inc hosp",0
2021-03-06,"US","18-49","inc hosp",0
2021-03-13,"US","18-49","inc hosp",0
2021-03-20,"US","18-49","inc hosp",0
2021-03-27,"US","18-49","inc hosp",0
2021-04-03,"US","18-49","inc hosp",0
2021-04-10,"US","18-49","inc hosp",0
2021-04-17,"US","18-49","inc hosp",0
2021-04-24,"US","18-49","inc hosp",0
2021-05-01,"US","18-49","inc hosp",0
2021-05-08,"US","18-49","inc hosp",0
2021-05-15,"US","18-49","inc hosp",0
2021-05-22,"US","18-49","inc hosp",0
2021-05-29,"US","18-49","inc hosp",0
2021-06-05,"US","18-49","inc hosp",0
2021-06-12,"US","18-49","inc hosp",0
2021-06-19,"US","18-49","inc hosp",0
2021-06-26,"US","18-49","inc hosp",0
2021-07-03,"US","18-49","inc hosp",0
2021-07-10,"US","18-49","inc hosp",0
2021-07-17,"US","18-49","inc hosp",0
2021-07-24,"US","18-49","inc hosp",138.485522
2021-07-31,"US","18-49","inc hosp",138.485522
2021-08-07,"US","18-49","inc hosp",138.485522
2021-08-14,"US","18-49","inc hosp",138.485522
2021-08-21,"US","18-49","inc hosp",138.485522
2021-08-28,"US","18-49","inc hosp",138.485522
2021-09-04,"US","18-49","inc hosp",138.485522
2021-09-11,"US","18-49","inc hosp",138.485522
2021-09-18,"US","18-49","inc hosp",138.485522
2021-09-25,"US","18-49","inc hosp",138.485522
2021-10-02,"US","18-49","inc hosp",138.485522
2021-10-09,"US","18-49","inc hosp",138.485522
2021-10-16,"US","18-49","inc hosp",138.485522
2021-10-23,"US","18-49","inc hosp",276.971044
2021-10-30,"US","18-49","inc hosp",276.971044
2021-11-06,"US","18-49","inc hosp",276.971044
2021-11-13,"US","18-49","inc hosp",276.971044
2021-11-20,"US","18-49","inc hosp",276.971044
2021-11-27,"US","18-49","inc hosp",276.971044
2021-12-04,"US","18-49","inc hosp",276.971044
2021-12-11,"US","18-49","inc hosp",276.971044
2021-12-18,"US","18-49","inc hosp",276.971044
2021-12-25,"US","18-49","inc hosp",276.971044
2022-01-01,"US","18-49","inc hosp",276.971044
2022-01-08,"US","18-49","inc hosp",139.07657
2022-01-15,"US","18-49","inc hosp",139.07657
2022-01-22,"US","18-49","inc hosp",139.07657
2022-01-29,"US","18-49","inc hosp",0
2022-02-05,"US","18-49","inc hosp",0
2022-02-12,"US","18-49","inc hosp",0
2022-02-19,"US","18-49","inc hosp",0
2022-02-26,"US","18-49","inc hosp",0
2022-03-05,"US","18-49","inc hosp",0
2022-03-12,"US","18-49","inc hosp",0
2022-03-19,"US","18-49","inc hosp",0
2022-03-26,"US","18-49","inc hosp",0
2022-04-02,"US","18-49","inc hosp",0
2022-04-09,"US","18-49","inc hosp",0
2022-04-16,"US","18-49","inc hosp",139.07657
2022-04-23,"US","18-49","inc hosp",139.07657
2022-04-30,"US","18-49","inc hosp",0
2022-05-07,"US","18-49","inc hosp",0
2022-05-14,"US","18-49","inc hosp",0
2022-05-21,"US","18-49","inc hosp",0
2022-05-28,"US","18-49","inc hosp",0
2022-06-04,"US","18-49","inc hosp",0
2022-06-11,"US","18-49","inc hosp",0
2022-06-18,"US","18-49","inc hosp",0
2022-06-25,"US","18-49","inc hosp",0
2022-07-02,"US","18-49","inc hosp",0
2022-07-09,"US","18-49","inc hosp",0
2022-07-16,"US","18-49","inc hosp",0
2022-07-23,"US","18-49","inc hosp",139.07657
2022-07-30,"US","18-49","inc hosp",139.07657
2022-08-06,"US","18-49","inc hosp",0
2022-08-13,"US","18-49","inc hosp",0
2022-08-20,"US","18-49","inc hosp",0
2022-08-27,"US","18-49","inc hosp",139.07657
2022-09-03,"US","18-49","inc hosp",139.07657
2022-09-10,"US","18-49","inc hosp",0
2022-09-17,"US","18-49","inc hosp",278.15314
2022-09-24,"US","18-49","inc hosp",139.07657
2022-10-01,"US","18-49","inc hosp",139.07657
2022-10-08,"US","18-49","inc hosp",139.07657
2022-10-15,"US","18-49","inc hosp",139.07657
2022-10-22,"US","18-49","inc hosp",278.15314
2022-10-29,"US","18-49","inc hosp",417.22971
2022-11-05,"US","18-49","inc hosp",556.30628
2022-11-12,"US","18-49","inc hosp",695.38285
2022-11-19,"US","18-49","inc hosp",695.38285
2022-11-26,"US","18-49","inc hosp",695.38285
2022-12-03,"US","18-49","inc hosp",695.38285
2022-12-10,"US","18-49","inc hosp",695.38285
2022-12-17,"US","18-49","inc hosp",417.22971
2022-12-24,"US","18-49","inc hosp",417.22971
2022-12-31,"US","18-49","inc hosp",417.22971
2023-01-07,"US","18-49","inc hosp",417.22971
2023-01-14,"US","18-49","inc hosp",278.15314
2023-01-21,"US","18-49","inc hosp",139.07657
2023-01-28,"US","18-49","inc hosp",139.07657
2023-02-04,"US","18-49","inc hosp",139.07657
2023-02-11,"US","18-49","inc hosp",139.07657
2023-02-18,"US","18-49","inc hosp",139.07657
2023-02-25,"US","18-49","inc hosp",0
2023-03-04,"US","18-49","inc hosp",0
2023-03-11,"US","18-49","inc hosp",0
2023-03-18,"US","18-49","inc hosp",0
2023-03-25,"US","18-49","inc hosp",0
2023-04-01,"US","18-49","inc hosp",0
2023-04-08,"US","18-49","inc hosp",0
2023-04-15,"US","18-49","inc hosp",0
2023-04-22,"US","18-49","inc hosp",0
2023-04-29,"US","18-49","inc hosp",0
2023-05-06,"US","18-49","inc hosp",0
2023-05-13,"US","18-49","inc hosp",0
2023-05-20,"US","18-49","inc hosp",0
2023-05-27,"US","18-49","inc hosp",0
2023-06-03,"US","18-49","inc hosp",0
2023-06-10,"US","18-49","inc hosp",0
2023-06-17,"US","18-49","inc hosp",0
2023-06-24,"US","18-49","inc hosp",0
2023-07-01,"US","18-49","inc hosp",0
2023-07-08,"US","18-49","inc hosp",0
2023-07-15,"US","18-49","inc hosp",0
2023-07-22,"US","18-49","inc hosp",0
2023-07-29,"US","18-49","inc hosp",0
2023-08-05,"US","18-49","inc hosp",0
2023-08-12,"US","18-49","inc hosp",0
2023-08-19,"US","18-49","inc hosp",0
2023-08-26,"US","18-49","inc hosp",0
2023-09-02,"US","18-49","inc hosp",0
2023-09-09,"US","18-49","inc hosp",0
2023-09-16,"US","18-49","inc hosp",139.07657
2023-09-23,"US","18-49","inc hosp",0
2023-09-30,"US","18-49","inc hosp",139.07657
2023-10-07,"US","18-49","inc hosp",139.07657
2023-10-14,"US","18-49","inc hosp",278.15314
2023-10-21,"US","18-49","inc hosp",139.07657
2023-10-28,"US","18-49","inc hosp",278.15314
2023-11-04,"US","18-49","inc hosp",278.15314
2023-11-11,"US","18-49","inc hosp",417.22971
2023-11-18,"US","18-49","inc hosp",556.30628
2023-11-25,"US","18-49","inc hosp",417.22971
2023-12-02,"US","18-49","inc hosp",695.38285
2023-12-09,"US","18-49","inc hosp",695.38285
2023-12-16,"US","18-49","inc hosp",834.45942
2023-12-23,"US","18-49","inc hosp",834.45942
2023-12-30,"US","18-49","inc hosp",695.38285
2024-01-06,"US","18-49","inc hosp",834.45942
2024-01-13,"US","18-49","inc hosp",834.45942
2024-01-20,"US","18-49","inc hosp",417.22971
2024-01-27,"US","18-49","inc hosp",556.30628
2024-02-03,"US","18-49","inc hosp",417.22971
2024-02-10,"US","18-49","inc hosp",417.22971
2024-02-17,"US","18-49","inc hosp",417.22971
2024-02-24,"US","18-49","inc hosp",278.15314
2024-03-02,"US","18-49","inc hosp",417.22971
2024-03-09,"US","18-49","inc hosp",278.15314
2024-03-16,"US","18-49","inc hosp",139.07657
2024-03-23,"US","18-49","inc hosp",139.07657
2024-03-30,"US","18-49","inc hosp",139.07657
2024-04-06,"US","18-49","inc hosp",0
2024-04-13,"US","18-49","inc hosp",139.07657
2024-04-20,"US","18-49","inc hosp",0
2024-04-27,"US","18-49","inc hosp",0
2024-05-04,"US","18-49","inc hosp",0
2024-05-11,"US","18-49","inc hosp",0
2024-05-18,"US","18-49","inc hosp",0
2024-05-25,"US","18-49","inc hosp",0
2024-06-01,"US","18-49","inc hosp",0
2024-06-08,"US","18-49","inc hosp",0
2024-06-15,"US","18-49","inc hosp",0
2024-06-22,"US","18-49","inc hosp",0
2024-06-29,"US","18-49","inc hosp",0
2024-07-06,"US","18-49","inc hosp",0
2024-07-13,"US","18-49","inc hosp",0
2024-07-20,"US","18-49","inc hosp",0
2024-07-27,"US","18-49","inc hosp",0
2024-08-03,"US","18-49","inc hosp",0
2024-08-10,"US","18-49","inc hosp",0
2024-08-17,"US","18-49","inc hosp",0
2024-08-24,"US","18-49","inc hosp",0
2024-08-31,"US","18-49","inc hosp",0
2024-09-07,"US","18-49","inc hosp",0
2024-09-14,"US","18-49","inc hosp",0
2024-09-21,"US","18-49","inc hosp",0
2024-09-28,"US","18-49","inc hosp",0
2024-10-05,"US","18-49","inc hosp",0
2024-10-12,"US","18-49","inc hosp",0
2024-10-19,"US","18-49","inc hosp",139.07657
2024-10-26,"US","18-49","inc hosp",139.07657
2024-11-02,"US","18-49","inc hosp",139.07657
2024-11-09,"US","18-49","inc hosp",139.07657
2024-11-16,"US","18-49","inc hosp",278.15314
2024-11-23,"US","18-49","inc hosp",278.15314
2024-11-30,"US","18-49","inc hosp",417.22971
2024-12-07,"US","18-49","inc hosp",556.30628
2024-12-14,"US","18-49","inc hosp",695.38285
2024-12-21,"US","18-49","inc hosp",695.38285
2024-12-28,"US","18-49","inc hosp",834.45942
2025-01-04,"US","18-49","inc hosp",1251.68913
2025-01-11,"US","18-49","inc hosp",1112.61256
2025-01-18,"US","18-49","inc hosp",695.38285
2025-01-25,"US","18-49","inc hosp",556.30628
2025-02-01,"US","18-49","inc hosp",834.45942
2025-02-08,"US","18-49","inc hosp",695.38285
2025-02-15,"US","18-49","inc hosp",695.38285
2025-02-22,"US","18-49","inc hosp",556.30628
2025-03-01,"US","18-49","inc hosp",695.38285
2025-03-08,"US","18-49","inc hosp",417.22971
2025-03-15,"US","18-49","inc hosp",417.22971
2025-03-22,"US","18-49","inc hosp",278.15314
2025-03-29,"US","18-49","inc hosp",278.15314
2025-04-05,"US","18-49","inc hosp",278.15314
2025-04-12,"US","18-49","inc hosp",139.07657
2025-04-19,"US","18-49","inc hosp",139.07657
2025-04-26,"US","18-49","inc hosp",139.07657
2025-05-03,"US","18-49","inc hosp",139.07657
2025-05-10,"US","18-49","inc hosp",0
2025-05-17,"US","18-49","inc hosp",0
2025-05-24,"US","18-49","inc hosp",0
2025-05-31,"US","18-49","inc hosp",0
2025-06-07,"US","18-49","inc hosp",0
2025-06-14,"US","18-49","inc hosp",0
2025-06-21,"US","18-49","inc hosp",0
2025-06-28,"US","18-49","inc hosp",0
2025-07-05,"US","18-49","inc hosp",0
2025-07-12,"US","18-49","inc hosp",0
2025-07-19,"US","18-49","inc hosp",0
2025-07-26,"US","18-49","inc hosp",0
2025-08-02,"US","18-49","inc hosp",0
2025-08-09,"US","18-49","inc hosp",0
2025-08-16,"US","18-49","inc hosp",0
2025-08-23,"US","18-49","inc hosp",0
2025-08-30,"US","18-49","inc hosp",0
2025-09-06,"US","18-49","inc hosp",0
2025-09-13,"US","18-49","inc hosp",0
2025-09-20,"US","18-49","inc hosp",0
2025-09-27,"US","18-49","inc hosp",0
2025-10-04,"US","18-49","inc hosp",0
2025-10-11,"US","18-49","inc hosp",0
2025-10-18,"US","18-49","inc hosp",0
2025-10-25,"US","18-49","inc hosp",0
2025-11-01,"US","18-49","inc hosp",0
2025-11-08,"US","18-49","inc hosp",0
2025-11-15,"US","18-49","inc hosp",139.07657
2025-11-22,"US","18-49","inc hosp",139.07657
2025-11-29,"US","18-49","inc hosp",139.07657
2025-12-06,"US","18-49","inc hosp",278.15314
2025-12-13,"US","18-49","inc hosp",278.15314
2025-12-20,"US","18-49","inc hosp",417.22971
2025-12-27,"US","18-49","inc hosp",417.22971
2026-01-03,"US","18-49","inc hosp",556.30628
2026-01-10,"US","18-49","inc hosp",695.38285
2026-01-17,"US","18-49","inc hosp",417.22971
2026-01-24,"US","18-49","inc hosp",417.22971
2026-01-31,"US","18-49","inc hosp",556.30628
2026-02-07,"US","18-49","inc hosp",695.38285
2026-02-14,"US","18-49","inc hosp",834.45942
2026-02-21,"US","18-49","inc hosp",834.45942
2026-02-28,"US","18-49","inc hosp",695.38285
2026-03-07,"US","18-49","inc hosp",556.30628
2026-03-14,"US","18-49","inc hosp",695.38285
2026-03-21,"US","18-49","inc hosp",556.30628
2026-03-28,"US","18-49","inc hosp",556.30628
2026-04-04,"US","18-49","inc hosp",278.15314
2026-04-11,"US","18-49","inc hosp",417.22971
2026-04-18,"US","18-49","inc hosp",278.15314
2026-04-25,"US","18-49","inc hosp",139.07657
2026-05-02,"US","18-49","inc hosp",139.07657
2026-05-09,"US","18-49","inc hosp",139.07657
2026-05-16,"US","18-49","inc hosp",139.07657
2026-05-23,"US","18-49","inc hosp",139.07657
2026-05-30,"US","18-49","inc hosp",0
2026-06-06,"US","18-49","inc hosp",0
2026-06-13,"US","18-49","inc hosp",0
2026-06-20,"US","18-49","inc hosp",0
2026-06-27,"US","18-49","inc hosp",0
2026-07-04,"US","18-49","inc hosp",0
2026-07-11,"US","18-49","inc hosp",0
2026-07-18,"US","18-49","inc hosp",0
2026-07-25,"US","18-49","inc hosp",0
2026-08-01,"US","18-49","inc hosp",0
2026-08-08,"US","18-49","inc hosp",0
2026-08-15,"US","18-49","inc hosp",0
2026-08-22,"US","18-49","inc hosp",0
2018-10-06,"US","50-64","inc hosp",0
2018-10-13,"US","50-64","inc hosp",63.055836
2018-10-20,"US","50-64","inc hosp",0
2018-10-27,"US","50-64","inc hosp",63.055836
2018-11-03,"US","50-64","inc hosp",63.055836
2018-11-10,"US","50-64","inc hosp",63.055836
2018-11-17,"US","50-64","inc hosp",63.055836
2018-11-24,"US","50-64","inc hosp",126.111672
2018-12-01,"US","50-64","inc hosp",252.223344
2018-12-08,"US","50-64","inc hosp",315.27918
2018-12-15,"US","50-64","inc hosp",126.111672
2018-12-22,"US","50-64","inc hosp",315.27918
2018-12-29,"US","50-64","inc hosp",504.446688
2019-01-05,"US","50-64","inc hosp",503.051536
2019-01-12,"US","50-64","inc hosp",691.695862
2019-01-19,"US","50-64","inc hosp",314.40721
2019-01-26,"US","50-64","inc hosp",377.288652
2019-02-02,"US","50-64","inc hosp",377.288652
2019-02-09,"US","50-64","inc hosp",314.40721
2019-02-16,"US","50-64","inc hosp",314.40721
2019-02-23,"US","50-64","inc hosp",377.288652
2019-03-02,"US","50-64","inc hosp",377.288652
2019-03-09,"US","50-64","inc hosp",251.525768
2019-03-16,"US","50-64","inc hosp",251.525768
2019-03-23,"US","50-64","inc hosp",188.644326
2019-03-30,"US","50-64","inc hosp",125.762884
2019-04-06,"US","50-64","inc hosp",125.762884
2019-04-13,"US","50-64","inc hosp",188.644326
2019-04-20,"US","50-64","inc hosp",62.881442
2019-04-27,"US","50-64","inc hosp",62.881442
2019-05-04,"US","50-64","inc hosp",0
2019-10-05,"US","50-64","inc hosp",0
2019-10-12,"US","50-64","inc hosp",62.881442
2019-10-19,"US","50-64","inc hosp",0
2019-10-26,"US","50-64","inc hosp",0
2019-11-02,"US","50-64","inc hosp",62.881442
2019-11-09,"US","50-64","inc hosp",125.762884
2019-11-16,"US","50-64","inc hosp",125.762884
2019-11-23,"US","50-64","inc hosp",125.762884
2019-11-30,"US","50-64","inc hosp",251.525768
2019-12-07,"US","50-64","inc hosp",377.288652
2019-12-14,"US","50-64","inc hosp",503.051536
2019-12-21,"US","50-64","inc hosp",628.81442
2019-12-28,"US","50-64","inc hosp",628.81442
2020-01-04,"US","50-64","inc hosp",952.482885
2020-01-11,"US","50-64","inc hosp",634.98859
2020-01-18,"US","50-64","inc hosp",507.990872
2020-01-25,"US","50-64","inc hosp",571.489731
2020-02-01,"US","50-64","inc hosp",571.489731
2020-02-08,"US","50-64","inc hosp",380.993154
2020-02-15,"US","50-64","inc hosp",571.489731
2020-02-22,"US","50-64","inc hosp",317.494295
2020-02-29,"US","50-64","inc hosp",253.995436
2020-03-07,"US","50-64","inc hosp",380.993154
2020-03-14,"US","50-64","inc hosp",253.995436
2020-03-21,"US","50-64","inc hosp",190.496577
2020-03-28,"US","50-64","inc hosp",63.498859
2020-04-04,"US","50-64","inc hosp",63.498859
2020-04-11,"US","50-64","inc hosp",63.498859
2020-04-18,"US","50-64","inc hosp",0
2020-04-25,"US","50-64","inc hosp",0
2020-05-02,"US","50-64","inc hosp",0
2020-10-03,"US","50-64","inc hosp",0
2020-10-10,"US","50-64","inc hosp",0
2020-10-17,"US","50-64","inc hosp",0
2020-10-24,"US","50-64","inc hosp",0
2020-10-31,"US","50-64","inc hosp",0
2020-11-07,"US","50-64","inc hosp",0
2020-11-14,"US","50-64","inc hosp",0
2020-11-21,"US","50-64","inc hosp",0
2020-11-28,"US","50-64","inc hosp",0
2020-12-05,"US","50-64","inc hosp",0
2020-12-12,"US","50-64","inc hosp",0
2020-12-19,"US","50-64","inc hosp",0
2020-12-26,"US","50-64","inc hosp",0
2021-01-02,"US","50-64","inc hosp",0
2021-01-09,"US","50-64","inc hosp",0
2021-01-16,"US","50-64","inc hosp",0
2021-01-23,"US","50-64","inc hosp",0
2021-01-30,"US","50-64","inc hosp",0
2021-02-06,"US","50-64","inc hosp",0
2021-02-13,"US","50-64","inc hosp",0
2021-02-20,"US","50-64","inc hosp",0
2021-02-27,"US","50-64","inc hosp",0
2021-03-06,"US","50-64","inc hosp",0
2021-03-13,"US","50-64","inc hosp",0
2021-03-20,"US","50-64","inc hosp",0
2021-03-27,"US","50-64","inc hosp",0
2021-04-03,"US","50-64","inc hosp",0
2021-04-10,"US","50-64","inc hosp",0
2021-04-17,"US","50-64","inc hosp",0
2021-04-24,"US","50-64","inc hosp",0
2021-05-01,"US","50-64","inc hosp",0
2021-05-08,"US","50-64","inc hosp",0
2021-05-15,"US","50-64","inc hosp",0
2021-05-22,"US","50-64","inc hosp",0
2021-05-29,"US","50-64","inc hosp",63.376896
2021-06-05,"US","50-64","inc hosp",0
2021-06-12,"US","50-64","inc hosp",0
2021-06-19,"US","50-64","inc hosp",63.376896
2021-06-26,"US","50-64","inc hosp",63.376896
2021-07-03,"US","50-64","inc hosp",0
2021-07-10,"US","50-64","inc hosp",63.376896
2021-07-17,"US","50-64","inc hosp",126.753792
2021-07-24,"US","50-64","inc hosp",126.753792
2021-07-31,"US","50-64","inc hosp",126.753792
2021-08-07,"US","50-64","inc hosp",190.130688
2021-08-14,"US","50-64","inc hosp",190.130688
2021-08-21,"US","50-64","inc hosp",63.376896
2021-08-28,"US","50-64","inc hosp",63.376896
2021-09-04,"US","50-64","inc hosp",126.753792
2021-09-11,"US","50-64","inc hosp",63.376896
2021-09-18,"US","50-64","inc hosp",126.753792
2021-09-25,"US","50-64","inc hosp",63.376896
2021-10-02,"US","50-64","inc hosp",190.130688
2021-10-09,"US","50-64","inc hosp",190.130688
2021-10-16,"US","50-64","inc hosp",190.130688
2021-10-23,"US","50-64","inc hosp",316.88448
2021-10-30,"US","50-64","inc hosp",316.88448
2021-11-06,"US","50-64","inc hosp",316.88448
2021-11-13,"US","50-64","inc hosp",253.507584
2021-11-20,"US","50-64","inc hosp",253.507584
2021-11-27,"US","50-64","inc hosp",316.88448
2021-12-04,"US","50-64","inc hosp",316.88448
2021-12-11,"US","50-64","inc hosp",316.88448
2021-12-18,"US","50-64","inc hosp",380.261376
2021-12-25,"US","50-64","inc hosp",380.261376
2022-01-01,"US","50-64","inc hosp",380.261376
2022-01-08,"US","50-64","inc hosp",377.278494
2022-01-15,"US","50-64","inc hosp",188.639247
2022-01-22,"US","50-64","inc hosp",125.759498
2022-01-29,"US","50-64","inc hosp",62.879749
2022-02-05,"US","50-64","inc hosp",62.879749
2022-02-12,"US","50-64","inc hosp",62.879749
2022-02-19,"US","50-64","inc hosp",62.879749
2022-02-26,"US","50-64","inc hosp",62.879749
2022-03-05,"US","50-64","inc hosp",62.879749
2022-03-12,"US","50-64","inc hosp",62.879749
2022-03-19,"US","50-64","inc hosp",125.759498
2022-03-26,"US","50-64","inc hosp",62.879749
2022-04-02,"US","50-64","inc hosp",62.879749
2022-04-09,"US","50-64","inc hosp",62.879749
2022-04-16,"US","50-64","inc hosp",0
2022-04-23,"US","50-64","inc hosp",62.879749
2022-04-30,"US","50-64","inc hosp",62.879749
2022-05-07,"US","50-64","inc hosp",0
2022-05-14,"US","50-64","inc hosp",62.879749
2022-05-21,"US","50-64","inc hosp",0
2022-05-28,"US","50-64","inc hosp",0
2022-06-04,"US","50-64","inc hosp",62.879749
2022-06-11,"US","50-64","inc hosp",62.879749
2022-06-18,"US","50-64","inc hosp",0
2022-06-25,"US","50-64","inc hosp",62.879749
2022-07-02,"US","50-64","inc hosp",62.879749
2022-07-09,"US","50-64","inc hosp",62.879749
2022-07-16,"US","50-64","inc hosp",62.879749
2022-07-23,"US","50-64","inc hosp",125.759498
2022-07-30,"US","50-64","inc hosp",62.879749
2022-08-06,"US","50-64","inc hosp",62.879749
2022-08-13,"US","50-64","inc hosp",62.879749
2022-08-20,"US","50-64","inc hosp",188.639247
2022-08-27,"US","50-64","inc hosp",62.879749
2022-09-03,"US","50-64","inc hosp",125.759498
2022-09-10,"US","50-64","inc hosp",188.639247
2022-09-17,"US","50-64","inc hosp",125.759498
2022-09-24,"US","50-64","inc hosp",62.879749
2022-10-01,"US","50-64","inc hosp",125.759498
2022-10-08,"US","50-64","inc hosp",125.759498
2022-10-15,"US","50-64","inc hosp",377.278494
2022-10-22,"US","50-64","inc hosp",440.158243
2022-10-29,"US","50-64","inc hosp",503.037992
2022-11-05,"US","50-64","inc hosp",503.037992
2022-11-12,"US","50-64","inc hosp",754.556988
2022-11-19,"US","50-64","inc hosp",817.436737
2022-11-26,"US","50-64","inc hosp",691.677239
2022-12-03,"US","50-64","inc hosp",1068.955733
2022-12-10,"US","50-64","inc hosp",1006.075984
2022-12-17,"US","50-64","inc hosp",754.556988
2022-12-24,"US","50-64","inc hosp",565.917741
2022-12-31,"US","50-64","inc hosp",691.677239
2023-01-07,"US","50-64","inc hosp",565.917741
2023-01-14,"US","50-64","inc hosp",377.278494
2023-01-21,"US","50-64","inc hosp",314.398745
2023-01-28,"US","50-64","inc hosp",314.398745
2023-02-04,"US","50-64","inc hosp",251.518996
2023-02-11,"US","50-64","inc hosp",188.639247
2023-02-18,"US","50-64","inc hosp",188.639247
2023-02-25,"US","50-64","inc hosp",188.639247
2023-03-04,"US","50-64","inc hosp",125.759498
2023-03-11,"US","50-64","inc hosp",62.879749
2023-03-18,"US","50-64","inc hosp",188.639247
2023-03-25,"US","50-64","inc hosp",62.879749
2023-04-01,"US","50-64","inc hosp",62.879749
2023-04-08,"US","50-64","inc hosp",62.879749
2023-04-15,"US","50-64","inc hosp",62.879749
2023-04-22,"US","50-64","inc hosp",62.879749
2023-04-29,"US","50-64","inc hosp",0
2023-05-06,"US","50-64","inc hosp",62.879749
2023-05-13,"US","50-64","inc hosp",62.879749
2023-05-20,"US","50-64","inc hosp",62.879749
2023-05-27,"US","50-64","inc hosp",62.879749
2023-06-03,"US","50-64","inc hosp",0
2023-06-10,"US","50-64","inc hosp",0
2023-06-17,"US","50-64","inc hosp",0
2023-06-24,"US","50-64","inc hosp",0
2023-07-01,"US","50-64","inc hosp",0
2023-07-08,"US","50-64","inc hosp",0
2023-07-15,"US","50-64","inc hosp",0
2023-07-22,"US","50-64","inc hosp",0
2023-07-29,"US","50-64","inc hosp",0
2023-08-05,"US","50-64","inc hosp",62.879749
2023-08-12,"US","50-64","inc hosp",0
2023-08-19,"US","50-64","inc hosp",0
2023-08-26,"US","50-64","inc hosp",0
2023-09-02,"US","50-64","inc hosp",125.759498
2023-09-09,"US","50-64","inc hosp",125.759498
2023-09-16,"US","50-64","inc hosp",125.759498
2023-09-23,"US","50-64","inc hosp",125.759498
2023-09-30,"US","50-64","inc hosp",125.759498
2023-10-07,"US","50-64","inc hosp",314.398745
2023-10-14,"US","50-64","inc hosp",314.398745
2023-10-21,"US","50-64","inc hosp",251.518996
2023-10-28,"US","50-64","inc hosp",251.518996
2023-11-04,"US","50-64","inc hosp",503.037992
2023-11-11,"US","50-64","inc hosp",565.917741
2023-11-18,"US","50-64","inc hosp",691.677239
2023-11-25,"US","50-64","inc hosp",817.436737
2023-12-02,"US","50-64","inc hosp",1194.715231
2023-12-09,"US","50-64","inc hosp",1257.59498
2023-12-16,"US","50-64","inc hosp",1320.474729
2023-12-23,"US","50-64","inc hosp",1634.873474
2023-12-30,"US","50-64","inc hosp",1446.234227
2024-01-06,"US","50-64","inc hosp",1697.753223
2024-01-13,"US","50-64","inc hosp",1006.075984
2024-01-20,"US","50-64","inc hosp",1131.835482
2024-01-27,"US","50-64","inc hosp",880.316486
2024-02-03,"US","50-64","inc hosp",817.436737
2024-02-10,"US","50-64","inc hosp",754.556988
2024-02-17,"US","50-64","inc hosp",628.79749
2024-02-24,"US","50-64","inc hosp",565.917741
2024-03-02,"US","50-64","inc hosp",377.278494
2024-03-09,"US","50-64","inc hosp",314.398745
2024-03-16,"US","50-64","inc hosp",377.278494
2024-03-23,"US","50-64","inc hosp",314.398745
2024-03-30,"US","50-64","inc hosp",125.759498
2024-04-06,"US","50-64","inc hosp",125.759498
2024-04-13,"US","50-64","inc hosp",125.759498
2024-04-20,"US","50-64","inc hosp",62.879749
2024-04-27,"US","50-64","inc hosp",62.879749
2024-05-04,"US","50-64","inc hosp",62.879749
2024-05-11,"US","50-64","inc hosp",62.879749
2024-05-18,"US","50-64","inc hosp",0
2024-05-25,"US","50-64","inc hosp",62.879749
2024-06-01,"US","50-64","inc hosp",0
2024-06-08,"US","50-64","inc hosp",0
2024-06-15,"US","50-64","inc hosp",0
2024-06-22,"US","50-64","inc hosp",0
2024-06-29,"US","50-64","inc hosp",0
2024-07-06,"US","50-64","inc hosp",0
2024-07-13,"US","50-64","inc hosp",0
2024-07-20,"US","50-64","inc hosp",0
2024-07-27,"US","50-64","inc hosp",0
2024-08-03,"US","50-64","inc hosp",62.879749
2024-08-10,"US","50-64","inc hosp",0
2024-08-17,"US","50-64","inc hosp",0
2024-08-24,"US","50-64","inc hosp",0
2024-08-31,"US","50-64","inc hosp",0
2024-09-07,"US","50-64","inc hosp",62.879749
2024-09-14,"US","50-64","inc hosp",0
2024-09-21,"US","50-64","inc hosp",0
2024-09-28,"US","50-64","inc hosp",62.879749
2024-10-05,"US","50-64","inc hosp",0
2024-10-12,"US","50-64","inc hosp",62.879749
2024-10-19,"US","50-64","inc hosp",62.879749
2024-10-26,"US","50-64","inc hosp",125.759498
2024-11-02,"US","50-64","inc hosp",125.759498
2024-11-09,"US","50-64","inc hosp",188.639247
2024-11-16,"US","50-64","inc hosp",314.398745
2024-11-23,"US","50-64","inc hosp",251.518996
2024-11-30,"US","50-64","inc hosp",503.037992
2024-12-07,"US","50-64","inc hosp",628.79749
2024-12-14,"US","50-64","inc hosp",943.196235
2024-12-21,"US","50-64","inc hosp",1006.075984
2024-12-28,"US","50-64","inc hosp",1131.835482
2025-01-04,"US","50-64","inc hosp",1634.873474
2025-01-11,"US","50-64","inc hosp",1257.59498
2025-01-18,"US","50-64","inc hosp",1320.474729
2025-01-25,"US","50-64","inc hosp",1131.835482
2025-02-01,"US","50-64","inc hosp",1194.715231
2025-02-08,"US","50-64","inc hosp",1068.955733
2025-02-15,"US","50-64","inc hosp",943.196235
2025-02-22,"US","50-64","inc hosp",1068.955733
2025-03-01,"US","50-64","inc hosp",943.196235
2025-03-08,"US","50-64","inc hosp",817.436737
2025-03-15,"US","50-64","inc hosp",691.677239
2025-03-22,"US","50-64","inc hosp",565.917741
2025-03-29,"US","50-64","inc hosp",440.158243
2025-04-05,"US","50-64","inc hosp",377.278494
2025-04-12,"US","50-64","inc hosp",314.398745
2025-04-19,"US","50-64","inc hosp",125.759498
2025-04-26,"US","50-64","inc hosp",188.639247
2025-05-03,"US","50-64","inc hosp",62.879749
2025-05-10,"US","50-64","inc hosp",62.879749
2025-05-17,"US","50-64","inc hosp",62.879749
2025-05-24,"US","50-64","inc hosp",0
2025-05-31,"US","50-64","inc hosp",62.879749
2025-06-07,"US","50-64","inc hosp",0
2025-06-14,"US","50-64","inc hosp",0
2025-06-21,"US","50-64","inc hosp",0
2025-06-28,"US","50-64","inc hosp",0
2025-07-05,"US","50-64","inc hosp",0
2025-07-12,"US","50-64","inc hosp",0
2025-07-19,"US","50-64","inc hosp",0
2025-07-26,"US","50-64","inc hosp",62.879749
2025-08-02,"US","50-64","inc hosp",0
2025-08-09,"US","50-64","inc hosp",0
2025-08-16,"US","50-64","inc hosp",0
2025-08-23,"US","50-64","inc hosp",62.879749
2025-08-30,"US","50-64","inc hosp",62.879749
2025-09-06,"US","50-64","inc hosp",0
2025-09-13,"US","50-64","inc hosp",0
2025-09-20,"US","50-64","inc hosp",0
2025-09-27,"US","50-64","inc hosp",0
2025-10-04,"US","50-64","inc hosp",62.879749
2025-10-11,"US","50-64","inc hosp",62.879749
2025-10-18,"US","50-64","inc hosp",0
2025-10-25,"US","50-64","inc hosp",62.879749
2025-11-01,"US","50-64","inc hosp",62.879749
2025-11-08,"US","50-64","inc hosp",188.639247
2025-11-15,"US","50-64","inc hosp",62.879749
2025-11-22,"US","50-64","inc hosp",125.759498
2025-11-29,"US","50-64","inc hosp",251.518996
2025-12-06,"US","50-64","inc hosp",377.278494
2025-12-13,"US","50-64","inc hosp",440.158243
2025-12-20,"US","50-64","inc hosp",503.037992
2025-12-27,"US","50-64","inc hosp",628.79749
2026-01-03,"US","50-64","inc hosp",817.436737
2026-01-10,"US","50-64","inc hosp",880.316486
2026-01-17,"US","50-64","inc hosp",880.316486
2026-01-24,"US","50-64","inc hosp",754.556988
2026-01-31,"US","50-64","inc hosp",943.196235
2026-02-07,"US","50-64","inc hosp",1257.59498
2026-02-14,"US","50-64","inc hosp",1194.715231
2026-02-21,"US","50-64","inc hosp",1194.715231
2026-02-28,"US","50-64","inc hosp",1131.835482
2026-03-07,"US","50-64","inc hosp",1131.835482
2026-03-14,"US","50-64","inc hosp",1068.955733
2026-03-21,"US","50-64","inc hosp",1006.075984
2026-03-28,"US","50-64","inc hosp",817.436737
2026-04-04,"US","50-64","inc hosp",691.677239
2026-04-11,"US","50-64","inc hosp",565.917741
2026-04-18,"US","50-64","inc hosp",565.917741
2026-04-25,"US","50-64","inc hosp",314.398745
2026-05-02,"US","50-64","inc hosp",188.639247
2026-05-09,"US","50-64","inc hosp",188.639247
2026-05-16,"US","50-64","inc hosp",188.639247
2026-05-23,"US","50-64","inc hosp",125.759498
2026-05-30,"US","50-64","inc hosp",125.759498
2026-06-06,"US","50-64","inc hosp",0
2026-06-13,"US","50-64","inc hosp",62.879749
2026-06-20,"US","50-64","inc hosp",62.879749
2026-06-27,"US","50-64","inc hosp",62.879749
2026-07-04,"US","50-64","inc hosp",0
2026-07-11,"US","50-64","inc hosp",0
2026-07-18,"US","50-64","inc hosp",0
2026-07-25,"US","50-64","inc hosp",0
2026-08-01,"US","50-64","inc hosp",0
2026-08-08,"US","50-64","inc hosp",0
2026-08-15,"US","50-64","inc hosp",0
2026-08-22,"US","50-64","inc hosp",0
2018-10-06,"US","65-130","inc hosp",0
2018-10-13,"US","65-130","inc hosp",52.354605
2018-10-20,"US","65-130","inc hosp",104.70921
2018-10-27,"US","65-130","inc hosp",157.063815
2018-11-03,"US","65-130","inc hosp",104.70921
2018-11-10,"US","65-130","inc hosp",157.063815
2018-11-17,"US","65-130","inc hosp",157.063815
2018-11-24,"US","65-130","inc hosp",209.41842
2018-12-01,"US","65-130","inc hosp",628.25526
2018-12-08,"US","65-130","inc hosp",418.83684
2018-12-15,"US","65-130","inc hosp",575.900655
2018-12-22,"US","65-130","inc hosp",890.028285
2018-12-29,"US","65-130","inc hosp",1308.865125
2019-01-05,"US","65-130","inc hosp",1837.24899
2019-01-12,"US","65-130","inc hosp",1729.17552
2019-01-19,"US","65-130","inc hosp",1242.844905
2019-01-26,"US","65-130","inc hosp",1242.844905
2019-02-02,"US","65-130","inc hosp",1188.80817
2019-02-09,"US","65-130","inc hosp",1188.80817
2019-02-16,"US","65-130","inc hosp",1350.918375
2019-02-23,"US","65-130","inc hosp",1188.80817
2019-03-02,"US","65-130","inc hosp",1188.80817
2019-03-09,"US","65-130","inc hosp",810.551025
2019-03-16,"US","65-130","inc hosp",756.51429
2019-03-23,"US","65-130","inc hosp",864.58776
2019-03-30,"US","65-130","inc hosp",648.44082
2019-04-06,"US","65-130","inc hosp",540.36735
2019-04-13,"US","65-130","inc hosp",324.22041
2019-04-20,"US","65-130","inc hosp",270.183675
2019-04-27,"US","65-130","inc hosp",108.07347
2019-05-04,"US","65-130","inc hosp",54.036735
2019-10-05,"US","65-130","inc hosp",54.036735
2019-10-12,"US","65-130","inc hosp",108.07347
2019-10-19,"US","65-130","inc hosp",108.07347
2019-10-26,"US","65-130","inc hosp",108.07347
2019-11-02,"US","65-130","inc hosp",162.110205
2019-11-09,"US","65-130","inc hosp",162.110205
2019-11-16,"US","65-130","inc hosp",324.22041
2019-11-23,"US","65-130","inc hosp",378.257145
2019-11-30,"US","65-130","inc hosp",486.330615
2019-12-07,"US","65-130","inc hosp",972.66123
2019-12-14,"US","65-130","inc hosp",1080.7347
2019-12-21,"US","65-130","inc hosp",1134.771435
2019-12-28,"US","65-130","inc hosp",1783.212255
2020-01-04,"US","65-130","inc hosp",2467.193535
2020-01-11,"US","65-130","inc hosp",2302.713966
2020-01-18,"US","65-130","inc hosp",1809.275259
2020-01-25,"US","65-130","inc hosp",1644.79569
2020-02-01,"US","65-130","inc hosp",1535.142644
2020-02-08,"US","65-130","inc hosp",1370.663075
2020-02-15,"US","65-130","inc hosp",1425.489598
2020-02-22,"US","65-130","inc hosp",1315.836552
2020-02-29,"US","65-130","inc hosp",1151.356983
2020-03-07,"US","65-130","inc hosp",1151.356983
2020-03-14,"US","65-130","inc hosp",1096.53046
2020-03-21,"US","65-130","inc hosp",603.091753
2020-03-28,"US","65-130","inc hosp",328.959138
2020-04-04,"US","65-130","inc hosp",164.479569
2020-04-11,"US","65-130","inc hosp",54.826523
2020-04-18,"US","65-130","inc hosp",0
2020-04-25,"US","65-130","inc hosp",0
2020-05-02,"US","65-130","inc hosp",0
2020-10-03,"US","65-130","inc hosp",0
2020-10-10,"US","65-130","inc hosp",0
2020-10-17,"US","65-130","inc hosp",0
2020-10-24,"US","65-130","inc hosp",0
2020-10-31,"US","65-130","inc hosp",0
2020-11-07,"US","65-130","inc hosp",0
2020-11-14,"US","65-130","inc hosp",0
2020-11-21,"US","65-130","inc hosp",0
2020-11-28,"US","65-130","inc hosp",0
2020-12-05,"US","65-130","inc hosp",0
2020-12-12,"US","65-130","inc hosp",0
2020-12-19,"US","65-130","inc hosp",0
2020-12-26,"US","65-130","inc hosp",0
2021-01-02,"US","65-130","inc hosp",0
2021-01-09,"US","65-130","inc hosp",0
2021-01-16,"US","65-130","inc hosp",0
2021-01-23,"US","65-130","inc hosp",0
2021-01-30,"US","65-130","inc hosp",0
2021-02-06,"US","65-130","inc hosp",0
2021-02-13,"US","65-130","inc hosp",0
2021-02-20,"US","65-130","inc hosp",0
2021-02-27,"US","65-130","inc hosp",0
2021-03-06,"US","65-130","inc hosp",0
2021-03-13,"US","65-130","inc hosp",0
2021-03-20,"US","65-130","inc hosp",0
2021-03-27,"US","65-130","inc hosp",0
2021-04-03,"US","65-130","inc hosp",0
2021-04-10,"US","65-130","inc hosp",0
2021-04-17,"US","65-130","inc hosp",0
2021-04-24,"US","65-130","inc hosp",0
2021-05-01,"US","65-130","inc hosp",0
2021-05-08,"US","65-130","inc hosp",0
2021-05-15,"US","65-130","inc hosp",56.229126
2021-05-22,"US","65-130","inc hosp",56.229126
2021-05-29,"US","65-130","inc hosp",56.229126
2021-06-05,"US","65-130","inc hosp",56.229126
2021-06-12,"US","65-130","inc hosp",56.229126
2021-06-19,"US","65-130","inc hosp",56.229126
2021-06-26,"US","65-130","inc hosp",112.458252
2021-07-03,"US","65-130","inc hosp",112.458252
2021-07-10,"US","65-130","inc hosp",112.458252
2021-07-17,"US","65-130","inc hosp",168.687378
2021-07-24,"US","65-130","inc hosp",224.916504
2021-07-31,"US","65-130","inc hosp",281.14563
2021-08-07,"US","65-130","inc hosp",337.374756
2021-08-14,"US","65-130","inc hosp",224.916504
2021-08-21,"US","65-130","inc hosp",224.916504
2021-08-28,"US","65-130","inc hosp",281.14563
2021-09-04,"US","65-130","inc hosp",224.916504
2021-09-11,"US","65-130","inc hosp",281.14563
2021-09-18,"US","65-130","inc hosp",281.14563
2021-09-25,"US","65-130","inc hosp",224.916504
2021-10-02,"US","65-130","inc hosp",393.603882
2021-10-09,"US","65-130","inc hosp",393.603882
2021-10-16,"US","65-130","inc hosp",562.29126
2021-10-23,"US","65-130","inc hosp",562.29126
2021-10-30,"US","65-130","inc hosp",506.062134
2021-11-06,"US","65-130","inc hosp",562.29126
2021-11-13,"US","65-130","inc hosp",787.207764
2021-11-20,"US","65-130","inc hosp",618.520386
2021-11-27,"US","65-130","inc hosp",562.29126
2021-12-04,"US","65-130","inc hosp",1012.124268
2021-12-11,"US","65-130","inc hosp",1293.269898
2021-12-18,"US","65-130","inc hosp",955.895142
2021-12-25,"US","65-130","inc hosp",1012.124268
2022-01-01,"US","65-130","inc hosp",955.895142
2022-01-08,"US","65-130","inc hosp",982.512484
2022-01-15,"US","65-130","inc hosp",462.358816
2022-01-22,"US","65-130","inc hosp",404.563964
2022-01-29,"US","65-130","inc hosp",173.384556
2022-02-05,"US","65-130","inc hosp",231.179408
2022-02-12,"US","65-130","inc hosp",115.589704
2022-02-19,"US","65-130","inc hosp",173.384556
2022-02-26,"US","65-130","inc hosp",115.589704
2022-03-05,"US","65-130","inc hosp",115.589704
2022-03-12,"US","65-130","inc hosp",173.384556
2022-03-19,"US","65-130","inc hosp",173.384556
2022-03-26,"US","65-130","inc hosp",115.589704
2022-04-02,"US","65-130","inc hosp",115.589704
2022-04-09,"US","65-130","inc hosp",231.179408
2022-04-16,"US","65-130","inc hosp",173.384556
2022-04-23,"US","65-130","inc hosp",173.384556
2022-04-30,"US","65-130","inc hosp",231.179408
2022-05-07,"US","65-130","inc hosp",115.589704
2022-05-14,"US","65-130","inc hosp",115.589704
2022-05-21,"US","65-130","inc hosp",115.589704
2022-05-28,"US","65-130","inc hosp",115.589704
2022-06-04,"US","65-130","inc hosp",115.589704
2022-06-11,"US","65-130","inc hosp",57.794852
2022-06-18,"US","65-130","inc hosp",115.589704
2022-06-25,"US","65-130","inc hosp",173.384556
2022-07-02,"US","65-130","inc hosp",115.589704
2022-07-09,"US","65-130","inc hosp",231.179408
2022-07-16,"US","65-130","inc hosp",231.179408
2022-07-23,"US","65-130","inc hosp",115.589704
2022-07-30,"US","65-130","inc hosp",231.179408
2022-08-06,"US","65-130","inc hosp",115.589704
2022-08-13,"US","65-130","inc hosp",173.384556
2022-08-20,"US","65-130","inc hosp",173.384556
2022-08-27,"US","65-130","inc hosp",231.179408
2022-09-03,"US","65-130","inc hosp",231.179408
2022-09-10,"US","65-130","inc hosp",173.384556
2022-09-17,"US","65-130","inc hosp",404.563964
2022-09-24,"US","65-130","inc hosp",346.769112
2022-10-01,"US","65-130","inc hosp",520.153668
2022-10-08,"US","65-130","inc hosp",577.94852
2022-10-15,"US","65-130","inc hosp",809.127928
2022-10-22,"US","65-130","inc hosp",924.717632
2022-10-29,"US","65-130","inc hosp",1329.281596
2022-11-05,"US","65-130","inc hosp",1676.050708
2022-11-12,"US","65-130","inc hosp",2022.81982
2022-11-19,"US","65-130","inc hosp",2253.999228
2022-11-26,"US","65-130","inc hosp",2600.76834
2022-12-03,"US","65-130","inc hosp",3583.280824
2022-12-10,"US","65-130","inc hosp",3178.71686
2022-12-17,"US","65-130","inc hosp",2716.358044
2022-12-24,"US","65-130","inc hosp",1965.024968
2022-12-31,"US","65-130","inc hosp",1907.230116
2023-01-07,"US","65-130","inc hosp",2138.409524
2023-01-14,"US","65-130","inc hosp",1733.84556
2023-01-21,"US","65-130","inc hosp",1155.89704
2023-01-28,"US","65-130","inc hosp",1040.307336
2023-02-04,"US","65-130","inc hosp",751.333076
2023-02-11,"US","65-130","inc hosp",693.538224
2023-02-18,"US","65-130","inc hosp",809.127928
2023-02-25,"US","65-130","inc hosp",462.358816
2023-03-04,"US","65-130","inc hosp",462.358816
2023-03-11,"US","65-130","inc hosp",462.358816
2023-03-18,"US","65-130","inc hosp",404.563964
2023-03-25,"US","65-130","inc hosp",231.179408
2023-04-01,"US","65-130","inc hosp",288.97426
2023-04-08,"US","65-130","inc hosp",173.384556
2023-04-15,"US","65-130","inc hosp",115.589704
2023-04-22,"US","65-130","inc hosp",173.384556
2023-04-29,"US","65-130","inc hosp",57.794852
2023-05-06,"US","65-130","inc hosp",115.589704
2023-05-13,"US","65-130","inc hosp",57.794852
2023-05-20,"US","65-130","inc hosp",57.794852
2023-05-27,"US","65-130","inc hosp",57.794852
2023-06-03,"US","65-130","inc hosp",0
2023-06-10,"US","65-130","inc hosp",57.794852
2023-06-17,"US","65-130","inc hosp",0
2023-06-24,"US","65-130","inc hosp",0
2023-07-01,"US","65-130","inc hosp",57.794852
2023-07-08,"US","65-130","inc hosp",57.794852
2023-07-15,"US","65-130","inc hosp",57.794852
2023-07-22,"US","65-130","inc hosp",115.589704
2023-07-29,"US","65-130","inc hosp",57.794852
2023-08-05,"US","65-130","inc hosp",57.794852
2023-08-12,"US","65-130","inc hosp",115.589704
2023-08-19,"US","65-130","inc hosp",115.589704
2023-08-26,"US","65-130","inc hosp",115.589704
2023-09-02,"US","65-130","inc hosp",173.384556
2023-09-09,"US","65-130","inc hosp",288.97426
2023-09-16,"US","65-130","inc hosp",231.179408
2023-09-23,"US","65-130","inc hosp",346.769112
2023-09-30,"US","65-130","inc hosp",288.97426
2023-10-07,"US","65-130","inc hosp",288.97426
2023-10-14,"US","65-130","inc hosp",635.743372
2023-10-21,"US","65-130","inc hosp",751.333076
2023-10-28,"US","65-130","inc hosp",809.127928
2023-11-04,"US","65-130","inc hosp",1098.102188
2023-11-11,"US","65-130","inc hosp",1502.666152
2023-11-18,"US","65-130","inc hosp",2369.588932
2023-11-25,"US","65-130","inc hosp",2311.79408
2023-12-02,"US","65-130","inc hosp",3352.101416
2023-12-09,"US","65-130","inc hosp",4103.434492
2023-12-16,"US","65-130","inc hosp",4219.024196
2023-12-23,"US","65-130","inc hosp",4219.024196
2023-12-30,"US","65-130","inc hosp",5490.51094
2024-01-06,"US","65-130","inc hosp",5085.946976
2024-01-13,"US","65-130","inc hosp",4103.434492
2024-01-20,"US","65-130","inc hosp",3756.66538
2024-01-27,"US","65-130","inc hosp",3005.332304
2024-02-03,"US","65-130","inc hosp",2369.588932
2024-02-10,"US","65-130","inc hosp",1965.024968
2024-02-17,"US","65-130","inc hosp",2022.81982
2024-02-24,"US","65-130","inc hosp",1733.84556
2024-03-02,"US","65-130","inc hosp",1098.102188
2024-03-09,"US","65-130","inc hosp",924.717632
2024-03-16,"US","65-130","inc hosp",982.512484
2024-03-23,"US","65-130","inc hosp",751.333076
2024-03-30,"US","65-130","inc hosp",520.153668
2024-04-06,"US","65-130","inc hosp",404.563964
2024-04-13,"US","65-130","inc hosp",462.358816
2024-04-20,"US","65-130","inc hosp",231.179408
2024-04-27,"US","65-130","inc hosp",288.97426
2024-05-04,"US","65-130","inc hosp",115.589704
2024-05-11,"US","65-130","inc hosp",288.97426
2024-05-18,"US","65-130","inc hosp",173.384556
2024-05-25,"US","65-130","inc hosp",115.589704
2024-06-01,"US","65-130","inc hosp",57.794852
2024-06-08,"US","65-130","inc hosp",57.794852
2024-06-15,"US","65-130","inc hosp",57.794852
2024-06-22,"US","65-130","inc hosp",0
2024-06-29,"US","65-130","inc hosp",0
2024-07-06,"US","65-130","inc hosp",57.794852
2024-07-13,"US","65-130","inc hosp",57.794852
2024-07-20,"US","65-130","inc hosp",0
2024-07-27,"US","65-130","inc hosp",0
2024-08-03,"US","65-130","inc hosp",0
2024-08-10,"US","65-130","inc hosp",57.794852
2024-08-17,"US","65-130","inc hosp",57.794852
2024-08-24,"US","65-130","inc hosp",0
2024-08-31,"US","65-130","inc hosp",0
2024-09-07,"US","65-130","inc hosp",0
2024-09-14,"US","65-130","inc hosp",57.794852
2024-09-21,"US","65-130","inc hosp",57.794852
2024-09-28,"US","65-130","inc hosp",57.794852
2024-10-05,"US","65-130","inc hosp",173.384556
2024-10-12,"US","65-130","inc hosp",173.384556
2024-10-19,"US","65-130","inc hosp",173.384556
2024-10-26,"US","65-130","inc hosp",173.384556
2024-11-02,"US","65-130","inc hosp",288.97426
2024-11-09,"US","65-130","inc hosp",404.563964
2024-11-16,"US","65-130","inc hosp",635.743372
2024-11-23,"US","65-130","inc hosp",982.512484
2024-11-30,"US","65-130","inc hosp",924.717632
2024-12-07,"US","65-130","inc hosp",1560.461004
2024-12-14,"US","65-130","inc hosp",2196.204376
2024-12-21,"US","65-130","inc hosp",2831.947748
2024-12-28,"US","65-130","inc hosp",3352.101416
2025-01-04,"US","65-130","inc hosp",5085.946976
2025-01-11,"US","65-130","inc hosp",4970.357272
2025-01-18,"US","65-130","inc hosp",3756.66538
2025-01-25,"US","65-130","inc hosp",2889.7426
2025-02-01,"US","65-130","inc hosp",3178.71686
2025-02-08,"US","65-130","inc hosp",3236.511712
2025-02-15,"US","65-130","inc hosp",3120.922008
2025-02-22,"US","65-130","inc hosp",2774.152896
2025-03-01,"US","65-130","inc hosp",2485.178636
2025-03-08,"US","65-130","inc hosp",2369.588932
2025-03-15,"US","65-130","inc hosp",2196.204376
2025-03-22,"US","65-130","inc hosp",1733.84556
2025-03-29,"US","65-130","inc hosp",1560.461004
2025-04-05,"US","65-130","inc hosp",1155.89704
2025-04-12,"US","65-130","inc hosp",809.127928
2025-04-19,"US","65-130","inc hosp",751.333076
2025-04-26,"US","65-130","inc hosp",404.563964
2025-05-03,"US","65-130","inc hosp",404.563964
2025-05-10,"US","65-130","inc hosp",346.769112
2025-05-17,"US","65-130","inc hosp",231.179408
2025-05-24,"US","65-130","inc hosp",173.384556
2025-05-31,"US","65-130","inc hosp",115.589704
2025-06-07,"US","65-130","inc hosp",115.589704
2025-06-14,"US","65-130","inc hosp",115.589704
2025-06-21,"US","65-130","inc hosp",57.794852
2025-06-28,"US","65-130","inc hosp",57.794852
2025-07-05,"US","65-130","inc hosp",57.794852
2025-07-12,"US","65-130","inc hosp",57.794852
2025-07-19,"US","65-130","inc hosp",57.794852
2025-07-26,"US","65-130","inc hosp",0
2025-08-02,"US","65-130","inc hosp",57.794852
2025-08-09,"US","65-130","inc hosp",0
2025-08-16,"US","65-130","inc hosp",57.794852
2025-08-23,"US","65-130","inc hosp",0
2025-08-30,"US","65-130","inc hosp",57.794852
2025-09-06,"US","65-130","inc hosp",115.589704
2025-09-13,"US","65-130","inc hosp",115.589704
2025-09-20,"US","65-130","inc hosp",0
2025-09-27,"US","65-130","inc hosp",57.794852
2025-10-04,"US","65-130","inc hosp",57.794852
2025-10-11,"US","65-130","inc hosp",57.794852
2025-10-18,"US","65-130","inc hosp",57.794852
2025-10-25,"US","65-130","inc hosp",57.794852
2025-11-01,"US","65-130","inc hosp",173.384556
2025-11-08,"US","65-130","inc hosp",288.97426
2025-11-15,"US","65-130","inc hosp",346.769112
2025-11-22,"US","65-130","inc hosp",346.769112
2025-11-29,"US","65-130","inc hosp",404.563964
2025-12-06,"US","65-130","inc hosp",751.333076
2025-12-13,"US","65-130","inc hosp",1040.307336
2025-12-20,"US","65-130","inc hosp",1329.281596
2025-12-27,"US","65-130","inc hosp",1618.255856
2026-01-03,"US","65-130","inc hosp",2831.947748
2026-01-10,"US","65-130","inc hosp",3005.332304
2026-01-17,"US","65-130","inc hosp",2600.76834
2026-01-24,"US","65-130","inc hosp",2427.383784
2026-01-31,"US","65-130","inc hosp",2774.152896
2026-02-07,"US","65-130","inc hosp",2658.563192
2026-02-14,"US","65-130","inc hosp",3120.922008
2026-02-21,"US","65-130","inc hosp",3641.075676
2026-02-28,"US","65-130","inc hosp",3525.485972
2026-03-07,"US","65-130","inc hosp",3063.127156
2026-03-14,"US","65-130","inc hosp",2889.7426
2026-03-21,"US","65-130","inc hosp",2947.537452
2026-03-28,"US","65-130","inc hosp",2542.973488
2026-04-04,"US","65-130","inc hosp",2080.614672
2026-04-11,"US","65-130","inc hosp",2138.409524
2026-04-18,"US","65-130","inc hosp",1676.050708
2026-04-25,"US","65-130","inc hosp",1155.89704
2026-05-02,"US","65-130","inc hosp",982.512484
2026-05-09,"US","65-130","inc hosp",751.333076
2026-05-16,"US","65-130","inc hosp",520.153668
2026-05-23,"US","65-130","inc hosp",346.769112
2026-05-30,"US","65-130","inc hosp",404.563964
2026-06-06,"US","65-130","inc hosp",346.769112
2026-06-13,"US","65-130","inc hosp",173.384556
2026-06-20,"US","65-130","inc hosp",115.589704
2026-06-27,"US","65-130","inc hosp",115.589704
2026-07-04,"US","65-130","inc hosp",115.589704
2026-07-11,"US","65-130","inc hosp",115.589704
2026-07-18,"US","65-130","inc hosp",57.794852
2026-07-25,"US","65-130","inc hosp",57.794852
2026-08-01,"US","65-130","inc hosp",57.794852
2026-08-08,"US","65-130","inc hosp",57.794852
2026-08-15,"US","65-130","inc hosp",57.794852
2026-08-22,"US","65-130","inc hosp",0
2018-10-06,"US","65-74","inc hosp",0
2018-10-13,"US","65-74","inc hosp",0
2018-10-20,"US","65-74","inc hosp",60.890012
2018-10-27,"US","65-74","inc hosp",60.890012
2018-11-03,"US","65-74","inc hosp",0
2018-11-10,"US","65-74","inc hosp",91.335018
2018-11-17,"US","65-74","inc hosp",60.890012
2018-11-24,"US","65-74","inc hosp",91.335018
2018-12-01,"US","65-74","inc hosp",213.115042
2018-12-08,"US","65-74","inc hosp",152.22503
2018-12-15,"US","65-74","inc hosp",274.005054
2018-12-22,"US","65-74","inc hosp",365.340072
2018-12-29,"US","65-74","inc hosp",487.120096
2019-01-05,"US","65-74","inc hosp",566.484192
2019-01-12,"US","65-74","inc hosp",503.541504
2019-01-19,"US","65-74","inc hosp",503.541504
2019-01-26,"US","65-74","inc hosp",377.656128
2019-02-02,"US","65-74","inc hosp",377.656128
2019-02-09,"US","65-74","inc hosp",440.598816
2019-02-16,"US","65-74","inc hosp",566.484192
2019-02-23,"US","65-74","inc hosp",377.656128
2019-03-02,"US","65-74","inc hosp",440.598816
2019-03-09,"US","65-74","inc hosp",283.242096
2019-03-16,"US","65-74","inc hosp",251.770752
2019-03-23,"US","65-74","inc hosp",283.242096
2019-03-30,"US","65-74","inc hosp",125.885376
2019-04-06,"US","65-74","inc hosp",157.35672
2019-04-13,"US","65-74","inc hosp",157.35672
2019-04-20,"US","65-74","inc hosp",62.942688
2019-04-27,"US","65-74","inc hosp",31.471344
2019-05-04,"US","65-74","inc hosp",0
2019-10-05,"US","65-74","inc hosp",0
2019-10-12,"US","65-74","inc hosp",31.471344
2019-10-19,"US","65-74","inc hosp",31.471344
2019-10-26,"US","65-74","inc hosp",62.942688
2019-11-02,"US","65-74","inc hosp",94.414032
2019-11-09,"US","65-74","inc hosp",62.942688
2019-11-16,"US","65-74","inc hosp",125.885376
2019-11-23,"US","65-74","inc hosp",188.828064
2019-11-30,"US","65-74","inc hosp",220.299408
2019-12-07,"US","65-74","inc hosp",377.656128
2019-12-14,"US","65-74","inc hosp",440.598816
2019-12-21,"US","65-74","inc hosp",346.184784
2019-12-28,"US","65-74","inc hosp",692.369568
2020-01-04,"US","65-74","inc hosp",744.546984
2020-01-11,"US","65-74","inc hosp",841.661808
2020-01-18,"US","65-74","inc hosp",550.317336
2020-01-25,"US","65-74","inc hosp",550.317336
2020-02-01,"US","65-74","inc hosp",485.57412
2020-02-08,"US","65-74","inc hosp",420.830904
2020-02-15,"US","65-74","inc hosp",582.688944
2020-02-22,"US","65-74","inc hosp",323.71608
2020-02-29,"US","65-74","inc hosp",485.57412
2020-03-07,"US","65-74","inc hosp",323.71608
2020-03-14,"US","65-74","inc hosp",388.459296
2020-03-21,"US","65-74","inc hosp",194.229648
2020-03-28,"US","65-74","inc hosp",161.85804
2020-04-04,"US","65-74","inc hosp",64.743216
2020-04-11,"US","65-74","inc hosp",32.371608
2020-04-18,"US","65-74","inc hosp",0
2020-04-25,"US","65-74","inc hosp",0
2020-05-02,"US","65-74","inc hosp",0
2020-10-03,"US","65-74","inc hosp",0
2020-10-10,"US","65-74","inc hosp",0
2020-10-17,"US","65-74","inc hosp",0
2020-10-24,"US","65-74","inc hosp",0
2020-10-31,"US","65-74","inc hosp",0
2020-11-07,"US","65-74","inc hosp",0
2020-11-14,"US","65-74","inc hosp",0
2020-11-21,"US","65-74","inc hosp",0
2020-11-28,"US","65-74","inc hosp",0
2020-12-05,"US","65-74","inc hosp",0
2020-12-12,"US","65-74","inc hosp",0
2020-12-19,"US","65-74","inc hosp",0
2020-12-26,"US","65-74","inc hosp",0
2021-01-02,"US","65-74","inc hosp",0
2021-01-09,"US","65-74","inc hosp",0
2021-01-16,"US","65-74","inc hosp",0
2021-01-23,"US","65-74","inc hosp",0
2021-01-30,"US","65-74","inc hosp",0
2021-02-06,"US","65-74","inc hosp",0
2021-02-13,"US","65-74","inc hosp",0
2021-02-20,"US","65-74","inc hosp",0
2021-02-27,"US","65-74","inc hosp",0
2021-03-06,"US","65-74","inc hosp",0
2021-03-13,"US","65-74","inc hosp",0
2021-03-20,"US","65-74","inc hosp",0
2021-03-27,"US","65-74","inc hosp",0
2021-04-03,"US","65-74","inc hosp",0
2021-04-10,"US","65-74","inc hosp",0
2021-04-17,"US","65-74","inc hosp",33.422673
2021-04-24,"US","65-74","inc hosp",33.422673
2021-05-01,"US","65-74","inc hosp",0
2021-05-08,"US","65-74","inc hosp",0
2021-05-15,"US","65-74","inc hosp",33.422673
2021-05-22,"US","65-74","inc hosp",33.422673
2021-05-29,"US","65-74","inc hosp",33.422673
2021-06-05,"US","65-74","inc hosp",0
2021-06-12,"US","65-74","inc hosp",0
2021-06-19,"US","65-74","inc hosp",33.422673
2021-06-26,"US","65-74","inc hosp",66.845346
2021-07-03,"US","65-74","inc hosp",66.845346
2021-07-10,"US","65-74","inc hosp",33.422673
2021-07-17,"US","65-74","inc hosp",66.845346
2021-07-24,"US","65-74","inc hosp",66.845346
2021-07-31,"US","65-74","inc hosp",133.690692
2021-08-07,"US","65-74","inc hosp",200.536038
2021-08-14,"US","65-74","inc hosp",167.113365
2021-08-21,"US","65-74","inc hosp",100.268019
2021-08-28,"US","65-74","inc hosp",167.113365
2021-09-04,"US","65-74","inc hosp",100.268019
2021-09-11,"US","65-74","inc hosp",100.268019
2021-09-18,"US","65-74","inc hosp",133.690692
2021-09-25,"US","65-74","inc hosp",133.690692
2021-10-02,"US","65-74","inc hosp",167.113365
2021-10-09,"US","65-74","inc hosp",200.536038
2021-10-16,"US","65-74","inc hosp",267.381384
2021-10-23,"US","65-74","inc hosp",267.381384
2021-10-30,"US","65-74","inc hosp",233.958711
2021-11-06,"US","65-74","inc hosp",267.381384
2021-11-13,"US","65-74","inc hosp",233.958711
2021-11-20,"US","65-74","inc hosp",233.958711
2021-11-27,"US","65-74","inc hosp",233.958711
2021-12-04,"US","65-74","inc hosp",367.649403
2021-12-11,"US","65-74","inc hosp",434.494749
2021-12-18,"US","65-74","inc hosp",300.804057
2021-12-25,"US","65-74","inc hosp",434.494749
2022-01-01,"US","65-74","inc hosp",334.22673
2022-01-08,"US","65-74","inc hosp",270.307512
2022-01-15,"US","65-74","inc hosp",135.153756
2022-01-22,"US","65-74","inc hosp",135.153756
2022-01-29,"US","65-74","inc hosp",33.788439
2022-02-05,"US","65-74","inc hosp",67.576878
2022-02-12,"US","65-74","inc hosp",33.788439
2022-02-19,"US","65-74","inc hosp",67.576878
2022-02-26,"US","65-74","inc hosp",33.788439
2022-03-05,"US","65-74","inc hosp",33.788439
2022-03-12,"US","65-74","inc hosp",33.788439
2022-03-19,"US","65-74","inc hosp",33.788439
2022-03-26,"US","65-74","inc hosp",67.576878
2022-04-02,"US","65-74","inc hosp",0
2022-04-09,"US","65-74","inc hosp",101.365317
2022-04-16,"US","65-74","inc hosp",33.788439
2022-04-23,"US","65-74","inc hosp",33.788439
2022-04-30,"US","65-74","inc hosp",101.365317
2022-05-07,"US","65-74","inc hosp",0
2022-05-14,"US","65-74","inc hosp",33.788439
2022-05-21,"US","65-74","inc hosp",33.788439
2022-05-28,"US","65-74","inc hosp",33.788439
2022-06-04,"US","65-74","inc hosp",33.788439
2022-06-11,"US","65-74","inc hosp",0
2022-06-18,"US","65-74","inc hosp",0
2022-06-25,"US","65-74","inc hosp",101.365317
2022-07-02,"US","65-74","inc hosp",0
2022-07-09,"US","65-74","inc hosp",67.576878
2022-07-16,"US","65-74","inc hosp",101.365317
2022-07-23,"US","65-74","inc hosp",33.788439
2022-07-30,"US","65-74","inc hosp",67.576878
2022-08-06,"US","65-74","inc hosp",33.788439
2022-08-13,"US","65-74","inc hosp",33.788439
2022-08-20,"US","65-74","inc hosp",67.576878
2022-08-27,"US","65-74","inc hosp",135.153756
2022-09-03,"US","65-74","inc hosp",101.365317
2022-09-10,"US","65-74","inc hosp",101.365317
2022-09-17,"US","65-74","inc hosp",168.942195
2022-09-24,"US","65-74","inc hosp",135.153756
2022-10-01,"US","65-74","inc hosp",202.730634
2022-10-08,"US","65-74","inc hosp",0
2022-10-15,"US","65-74","inc hosp",0
2022-10-22,"US","65-74","inc hosp",0
2022-10-29,"US","65-74","inc hosp",0
2022-11-05,"US","65-74","inc hosp",0
2022-11-12,"US","65-74","inc hosp",0
2022-11-19,"US","65-74","inc hosp",0
2022-11-26,"US","65-74","inc hosp",0
2022-12-03,"US","65-74","inc hosp",0
2022-12-10,"US","65-74","inc hosp",0
2022-12-17,"US","65-74","inc hosp",0
2022-12-24,"US","65-74","inc hosp",0
2022-12-31,"US","65-74","inc hosp",0
2023-01-07,"US","65-74","inc hosp",0
2023-01-14,"US","65-74","inc hosp",0
2023-01-21,"US","65-74","inc hosp",0
2023-01-28,"US","65-74","inc hosp",0
2023-02-04,"US","65-74","inc hosp",0
2023-02-11,"US","65-74","inc hosp",0
2023-02-18,"US","65-74","inc hosp",0
2023-02-25,"US","65-74","inc hosp",0
2023-03-04,"US","65-74","inc hosp",0
2023-03-11,"US","65-74","inc hosp",0
2023-03-18,"US","65-74","inc hosp",0
2023-03-25,"US","65-74","inc hosp",0
2023-04-01,"US","65-74","inc hosp",0
2023-04-08,"US","65-74","inc hosp",0
2023-04-15,"US","65-74","inc hosp",0
2023-04-22,"US","65-74","inc hosp",0
2023-04-29,"US","65-74","inc hosp",0
2023-05-06,"US","65-74","inc hosp",0
2023-05-13,"US","65-74","inc hosp",0
2023-05-20,"US","65-74","inc hosp",0
2023-05-27,"US","65-74","inc hosp",0
2023-06-03,"US","65-74","inc hosp",0
2023-06-10,"US","65-74","inc hosp",0
2023-06-17,"US","65-74","inc hosp",0
2023-06-24,"US","65-74","inc hosp",0
2023-07-01,"US","65-74","inc hosp",0
2023-07-08,"US","65-74","inc hosp",0
2023-07-15,"US","65-74","inc hosp",0
2023-07-22,"US","65-74","inc hosp",0
2023-07-29,"US","65-74","inc hosp",0
2023-08-05,"US","65-74","inc hosp",0
2023-08-12,"US","65-74","inc hosp",0
2023-08-19,"US","65-74","inc hosp",0
2023-08-26,"US","65-74","inc hosp",0
2023-09-02,"US","65-74","inc hosp",0
2023-09-09,"US","65-74","inc hosp",0
2023-09-16,"US","65-74","inc hosp",0
2023-09-23,"US","65-74","inc hosp",0
2023-09-30,"US","65-74","inc hosp",0
2023-10-07,"US","65-74","inc hosp",0
2023-10-14,"US","65-74","inc hosp",0
2023-10-21,"US","65-74","inc hosp",0
2023-10-28,"US","65-74","inc hosp",0
2023-11-04,"US","65-74","inc hosp",0
2023-11-11,"US","65-74","inc hosp",0
2023-11-18,"US","65-74","inc hosp",0
2023-11-25,"US","65-74","inc hosp",0
2023-12-02,"US","65-74","inc hosp",0
2023-12-09,"US","65-74","inc hosp",0
2023-12-16,"US","65-74","inc hosp",0
2023-12-23,"US","65-74","inc hosp",0
2023-12-30,"US","65-74","inc hosp",0
2024-01-06,"US","65-74","inc hosp",0
2024-01-13,"US","65-74","inc hosp",0
2024-01-20,"US","65-74","inc hosp",0
2024-01-27,"US","65-74","inc hosp",0
2024-02-03,"US","65-74","inc hosp",0
2024-02-10,"US","65-74","inc hosp",0
2024-02-17,"US","65-74","inc hosp",0
2024-02-24,"US","65-74","inc hosp",0
2024-03-02,"US","65-74","inc hosp",0
2024-03-09,"US","65-74","inc hosp",0
2024-03-16,"US","65-74","inc hosp",0
2024-03-23,"US","65-74","inc hosp",0
2024-03-30,"US","65-74","inc hosp",0
2024-04-06,"US","65-74","inc hosp",0
2024-04-13,"US","65-74","inc hosp",0
2024-04-20,"US","65-74","inc hosp",0
2024-04-27,"US","65-74","inc hosp",0
2024-05-04,"US","65-74","inc hosp",0
2024-05-11,"US","65-74","inc hosp",0
2024-05-18,"US","65-74","inc hosp",0
2024-05-25,"US","65-74","inc hosp",0
2024-06-01,"US","65-74","inc hosp",0
2024-06-08,"US","65-74","inc hosp",0
2024-06-15,"US","65-74","inc hosp",0
2024-06-22,"US","65-74","inc hosp",0
2024-06-29,"US","65-74","inc hosp",0
2024-07-06,"US","65-74","inc hosp",0
2024-07-13,"US","65-74","inc hosp",0
2024-07-20,"US","65-74","inc hosp",0
2024-07-27,"US","65-74","inc hosp",0
2024-08-03,"US","65-74","inc hosp",0
2024-08-10,"US","65-74","inc hosp",0
2024-08-17,"US","65-74","inc hosp",0
2024-08-24,"US","65-74","inc hosp",0
2024-08-31,"US","65-74","inc hosp",0
2024-09-07,"US","65-74","inc hosp",0
2024-09-14,"US","65-74","inc hosp",0
2024-09-21,"US","65-74","inc hosp",0
2024-09-28,"US","65-74","inc hosp",0
2024-10-05,"US","65-74","inc hosp",0
2024-10-12,"US","65-74","inc hosp",0
2024-10-19,"US","65-74","inc hosp",0
2024-10-26,"US","65-74","inc hosp",0
2024-11-02,"US","65-74","inc hosp",0
2024-11-09,"US","65-74","inc hosp",0
2024-11-16,"US","65-74","inc hosp",0
2024-11-23,"US","65-74","inc hosp",0
2024-11-30,"US","65-74","inc hosp",0
2024-12-07,"US","65-74","inc hosp",0
2024-12-14,"US","65-74","inc hosp",0
2024-12-21,"US","65-74","inc hosp",0
2024-12-28,"US","65-74","inc hosp",0
2025-01-04,"US","65-74","inc hosp",0
2025-01-11,"US","65-74","inc hosp",0
2025-01-18,"US","65-74","inc hosp",0
2025-01-25,"US","65-74","inc hosp",0
2025-02-01,"US","65-74","inc hosp",0
2025-02-08,"US","65-74","inc hosp",0
2025-02-15,"US","65-74","inc hosp",0
2025-02-22,"US","65-74","inc hosp",0
2025-03-01,"US","65-74","inc hosp",0
2025-03-08,"US","65-74","inc hosp",0
2025-03-15,"US","65-74","inc hosp",0
2025-03-22,"US","65-74","inc hosp",0
2025-03-29,"US","65-74","inc hosp",0
2025-04-05,"US","65-74","inc hosp",0
2025-04-12,"US","65-74","inc hosp",0
2025-04-19,"US","65-74","inc hosp",0
2025-04-26,"US","65-74","inc hosp",0
2025-05-03,"US","65-74","inc hosp",0
2025-05-10,"US","65-74","inc hosp",0
2025-05-17,"US","65-74","inc hosp",0
2025-05-24,"US","65-74","inc hosp",0
2025-05-31,"US","65-74","inc hosp",0
2025-06-07,"US","65-74","inc hosp",0
2025-06-14,"US","65-74","inc hosp",0
2025-06-21,"US","65-74","inc hosp",0
2025-06-28,"US","65-74","inc hosp",0
2025-07-05,"US","65-74","inc hosp",0
2025-07-12,"US","65-74","inc hosp",0
2025-07-19,"US","65-74","inc hosp",0
2025-07-26,"US","65-74","inc hosp",0
2025-08-02,"US","65-74","inc hosp",0
2025-08-09,"US","65-74","inc hosp",0
2025-08-16,"US","65-74","inc hosp",0
2025-08-23,"US","65-74","inc hosp",0
2025-08-30,"US","65-74","inc hosp",0
2025-09-06,"US","65-74","inc hosp",0
2025-09-13,"US","65-74","inc hosp",0
2025-09-20,"US","65-74","inc hosp",0
2025-09-27,"US","65-74","inc hosp",0
2025-10-04,"US","65-74","inc hosp",0
2025-10-11,"US","65-74","inc hosp",0
2025-10-18,"US","65-74","inc hosp",0
2025-10-25,"US","65-74","inc hosp",0
2025-11-01,"US","65-74","inc hosp",0
2025-11-08,"US","65-74","inc hosp",0
2025-11-15,"US","65-74","inc hosp",0
2025-11-22,"US","65-74","inc hosp",0
2025-11-29,"US","65-74","inc hosp",0
2025-12-06,"US","65-74","inc hosp",0
2025-12-13,"US","65-74","inc hosp",0
2025-12-20,"US","65-74","inc hosp",0
2025-12-27,"US","65-74","inc hosp",0
2026-01-03,"US","65-74","inc hosp",0
2026-01-10,"US","65-74","inc hosp",0
2026-01-17,"US","65-74","inc hosp",0
2026-01-24,"US","65-74","inc hosp",0
2026-01-31,"US","65-74","inc hosp",0
2026-02-07,"US","65-74","inc hosp",0
2026-02-14,"US","65-74","inc hosp",0
2026-02-21,"US","65-74","inc hosp",0
2026-02-28,"US","65-74","inc hosp",0
2026-03-07,"US","65-74","inc hosp",0
2026-03-14,"US","65-74","inc hosp",0
2026-03-21,"US","65-74","inc hosp",0
2026-03-28,"US","65-74","inc hosp",0
2026-04-04,"US","65-74","inc hosp",0
2026-04-11,"US","65-74","inc hosp",0
2026-04-18,"US","65-74","inc hosp",0
2026-04-25,"US","65-74","inc hosp",0
2026-05-02,"US","65-74","inc hosp",0
2026-05-09,"US","65-74","inc hosp",0
2026-05-16,"US","65-74","inc hosp",0
2026-05-23,"US","65-74","inc hosp",0
2026-05-30,"US","65-74","inc hosp",0
2026-06-06,"US","65-74","inc hosp",0
2026-06-13,"US","65-74","inc hosp",0
2026-06-20,"US","65-74","inc hosp",0
2026-06-27,"US","65-74","inc hosp",0
2026-07-04,"US","65-74","inc hosp",0
2026-07-11,"US","65-74","inc hosp",0
2026-07-18,"US","65-74","inc hosp",0
2026-07-25,"US","65-74","inc hosp",0
2026-08-01,"US","65-74","inc hosp",0
2026-08-08,"US","65-74","inc hosp",0
2026-08-15,"US","65-74","inc hosp",0
2026-08-22,"US","65-74","inc hosp",0
2018-10-06,"US","0-0.99","inc hosp",99.499608
2018-10-13,"US","0-0.99","inc hosp",122.461056
2018-10-20,"US","0-0.99","inc hosp",176.037768
2018-10-27,"US","0-0.99","inc hosp",198.999216
2018-11-03,"US","0-0.99","inc hosp",164.557044
2018-11-10,"US","0-0.99","inc hosp",317.633364
2018-11-17,"US","0-0.99","inc hosp",422.873334
2018-11-24,"US","0-0.99","inc hosp",375.036984
2018-12-01,"US","0-0.99","inc hosp",729.025974
2018-12-08,"US","0-0.99","inc hosp",646.747452
2018-12-15,"US","0-0.99","inc hosp",874.448478
2018-12-22,"US","0-0.99","inc hosp",973.948086
2018-12-29,"US","0-0.99","inc hosp",1127.024406
2019-01-05,"US","0-0.99","inc hosp",1096.6891705
2019-01-12,"US","0-0.99","inc hosp",1032.7313115
2019-01-19,"US","0-0.99","inc hosp",739.2776055
2019-01-26,"US","0-0.99","inc hosp",727.9909245
2019-02-02,"US","0-0.99","inc hosp",951.843431
2019-02-09,"US","0-0.99","inc hosp",773.1376485
2019-02-16,"US","0-0.99","inc hosp",652.7463845
2019-02-23,"US","0-0.99","inc hosp",622.6485685
2019-03-02,"US","0-0.99","inc hosp",560.571823
2019-03-09,"US","0-0.99","inc hosp",449.5861265
2019-03-16,"US","0-0.99","inc hosp",323.551522
2019-03-23,"US","0-0.99","inc hosp",410.082743
2019-03-30,"US","0-0.99","inc hosp",225.73362
2019-04-06,"US","0-0.99","inc hosp",248.306982
2019-04-13,"US","0-0.99","inc hosp",201.2791445
2019-04-20,"US","0-0.99","inc hosp",120.391264
2019-04-27,"US","0-0.99","inc hosp",75.24454
2019-05-04,"US","0-0.99","inc hosp",52.671178
2019-10-05,"US","0-0.99","inc hosp",97.817902
2019-10-12,"US","0-0.99","inc hosp",103.4612425
2019-10-19,"US","0-0.99","inc hosp",212.5658255
2019-10-26,"US","0-0.99","inc hosp",270.880344
2019-11-02,"US","0-0.99","inc hosp",287.8103655
2019-11-09,"US","0-0.99","inc hosp",477.802829
2019-11-16,"US","0-0.99","inc hosp",517.3062125
2019-11-23,"US","0-0.99","inc hosp",541.760688
2019-11-30,"US","0-0.99","inc hosp",823.927713
2019-12-07,"US","0-0.99","inc hosp",1265.9893855
2019-12-14,"US","0-0.99","inc hosp",1168.1714835
2019-12-21,"US","0-0.99","inc hosp",1296.0872015
2019-12-28,"US","0-0.99","inc hosp",1422.121806
2020-01-04,"US","0-0.99","inc hosp",1700.9815005
2020-01-11,"US","0-0.99","inc hosp",1313.810954
2020-01-18,"US","0-0.99","inc hosp",1060.590407
2020-01-25,"US","0-0.99","inc hosp",1044.0760235
2020-02-01,"US","0-0.99","inc hosp",1106.4636945
2020-02-08,"US","0-0.99","inc hosp",831.2239695
2020-02-15,"US","0-0.99","inc hosp",779.8458875
2020-02-22,"US","0-0.99","inc hosp",656.905477
2020-02-29,"US","0-0.99","inc hosp",550.47945
2020-03-07,"US","0-0.99","inc hosp",517.450683
2020-03-14,"US","0-0.99","inc hosp",332.1226015
2020-03-21,"US","0-0.99","inc hosp",229.3664375
2020-03-28,"US","0-0.99","inc hosp",174.3184925
2020-04-04,"US","0-0.99","inc hosp",67.8924655
2020-04-11,"US","0-0.99","inc hosp",33.028767
2020-04-18,"US","0-0.99","inc hosp",5.5047945
2020-04-25,"US","0-0.99","inc hosp",0
2020-05-02,"US","0-0.99","inc hosp",0
2020-10-03,"US","0-0.99","inc hosp",0
2020-10-10,"US","0-0.99","inc hosp",0
2020-10-17,"US","0-0.99","inc hosp",0
2020-10-24,"US","0-0.99","inc hosp",0
2020-10-31,"US","0-0.99","inc hosp",0
2020-11-07,"US","0-0.99","inc hosp",0
2020-11-14,"US","0-0.99","inc hosp",5.5047945
2020-11-21,"US","0-0.99","inc hosp",0
2020-11-28,"US","0-0.99","inc hosp",5.5047945
2020-12-05,"US","0-0.99","inc hosp",5.5047945
2020-12-12,"US","0-0.99","inc hosp",5.5047945
2020-12-19,"US","0-0.99","inc hosp",0
2020-12-26,"US","0-0.99","inc hosp",0
2021-01-02,"US","0-0.99","inc hosp",0
2021-01-09,"US","0-0.99","inc hosp",10.710393
2021-01-16,"US","0-0.99","inc hosp",0
2021-01-23,"US","0-0.99","inc hosp",10.710393
2021-01-30,"US","0-0.99","inc hosp",5.3551965
2021-02-06,"US","0-0.99","inc hosp",0
2021-02-13,"US","0-0.99","inc hosp",0
2021-02-20,"US","0-0.99","inc hosp",10.710393
2021-02-27,"US","0-0.99","inc hosp",10.710393
2021-03-06,"US","0-0.99","inc hosp",0
2021-03-13,"US","0-0.99","inc hosp",10.710393
2021-03-20,"US","0-0.99","inc hosp",5.3551965
2021-03-27,"US","0-0.99","inc hosp",16.0655895
2021-04-03,"US","0-0.99","inc hosp",16.0655895
2021-04-10,"US","0-0.99","inc hosp",66.0474235
2021-04-17,"US","0-0.99","inc hosp",16.0655895
2021-04-24,"US","0-0.99","inc hosp",26.7759825
2021-05-01,"US","0-0.99","inc hosp",37.4863755
2021-05-08,"US","0-0.99","inc hosp",66.0474235
2021-05-15,"US","0-0.99","inc hosp",98.1786025
2021-05-22,"US","0-0.99","inc hosp",114.244192
2021-05-29,"US","0-0.99","inc hosp",142.80524
2021-06-05,"US","0-0.99","inc hosp",185.646812
2021-06-12,"US","0-0.99","inc hosp",196.357205
2021-06-19,"US","0-0.99","inc hosp",223.1331875
2021-06-26,"US","0-0.99","inc hosp",240.9838425
2021-07-03,"US","0-0.99","inc hosp",310.601397
2021-07-10,"US","0-0.99","inc hosp",283.8254145
2021-07-17,"US","0-0.99","inc hosp",398.0696065
2021-07-24,"US","0-0.99","inc hosp",596.211877
2021-07-31,"US","0-0.99","inc hosp",453.406637
2021-08-07,"US","0-0.99","inc hosp",562.2956325
2021-08-14,"US","0-0.99","inc hosp",649.763842
2021-08-21,"US","0-0.99","inc hosp",546.230043
2021-08-28,"US","0-0.99","inc hosp",617.632663
2021-09-04,"US","0-0.99","inc hosp",583.7164185
2021-09-11,"US","0-0.99","inc hosp",671.184628
2021-09-18,"US","0-0.99","inc hosp",596.211877
2021-09-25,"US","0-0.99","inc hosp",633.6982525
2021-10-02,"US","0-0.99","inc hosp",671.184628
2021-10-09,"US","0-0.99","inc hosp",708.6710035
2021-10-16,"US","0-0.99","inc hosp",674.754759
2021-10-23,"US","0-0.99","inc hosp",624.772925
2021-10-30,"US","0-0.99","inc hosp",556.940436
2021-11-06,"US","0-0.99","inc hosp",747.9424445
2021-11-13,"US","0-0.99","inc hosp",724.736593
2021-11-20,"US","0-0.99","inc hosp",719.3813965
2021-11-27,"US","0-0.99","inc hosp",669.3995625
2021-12-04,"US","0-0.99","inc hosp",776.5034925
2021-12-11,"US","0-0.99","inc hosp",730.0917895
2021-12-18,"US","0-0.99","inc hosp",664.044366
2021-12-25,"US","0-0.99","inc hosp",556.940436
2022-01-01,"US","0-0.99","inc hosp",656.904104
2022-01-08,"US","0-0.99","inc hosp",464.072238
2022-01-15,"US","0-0.99","inc hosp",261.501023
2022-01-22,"US","0-0.99","inc hosp",220.98678
2022-01-29,"US","0-0.99","inc hosp",81.028486
2022-02-05,"US","0-0.99","inc hosp",139.958294
2022-02-12,"US","0-0.99","inc hosp",75.5038165
2022-02-19,"US","0-0.99","inc hosp",104.9687205
2022-02-26,"US","0-0.99","inc hosp",121.542729
2022-03-05,"US","0-0.99","inc hosp",104.9687205
2022-03-12,"US","0-0.99","inc hosp",116.0180595
2022-03-19,"US","0-0.99","inc hosp",86.5531555
2022-03-26,"US","0-0.99","inc hosp",99.444051
2022-04-02,"US","0-0.99","inc hosp",121.542729
2022-04-09,"US","0-0.99","inc hosp",116.0180595
2022-04-16,"US","0-0.99","inc hosp",116.0180595
2022-04-23,"US","0-0.99","inc hosp",145.4829635
2022-04-30,"US","0-0.99","inc hosp",127.0673985
2022-05-07,"US","0-0.99","inc hosp",99.444051
2022-05-14,"US","0-0.99","inc hosp",151.007633
2022-05-21,"US","0-0.99","inc hosp",110.49339
2022-05-28,"US","0-0.99","inc hosp",139.958294
2022-06-04,"US","0-0.99","inc hosp",215.4621105
2022-06-11,"US","0-0.99","inc hosp",180.472537
2022-06-18,"US","0-0.99","inc hosp",278.0750315
2022-06-25,"US","0-0.99","inc hosp",261.501023
2022-07-02,"US","0-0.99","inc hosp",185.9972065
2022-07-09,"US","0-0.99","inc hosp",191.521876
2022-07-16,"US","0-0.99","inc hosp",267.0256925
2022-07-23,"US","0-0.99","inc hosp",296.4905965
2022-07-30,"US","0-0.99","inc hosp",261.501023
2022-08-06,"US","0-0.99","inc hosp",353.578848
2022-08-13,"US","0-0.99","inc hosp",202.571215
2022-08-20,"US","0-0.99","inc hosp",278.0750315
2022-08-27,"US","0-0.99","inc hosp",342.529509
2022-09-03,"US","0-0.99","inc hosp",377.5190825
2022-09-10,"US","0-0.99","inc hosp",423.557995
2022-09-17,"US","0-0.99","inc hosp",545.100724
2022-09-24,"US","0-0.99","inc hosp",609.5552015
2022-10-01,"US","0-0.99","inc hosp",747.671939
2022-10-08,"US","0-0.99","inc hosp",0
2022-10-15,"US","0-0.99","inc hosp",0
2022-10-22,"US","0-0.99","inc hosp",0
2022-10-29,"US","0-0.99","inc hosp",0
2022-11-05,"US","0-0.99","inc hosp",0
2022-11-12,"US","0-0.99","inc hosp",0
2022-11-19,"US","0-0.99","inc hosp",0
2022-11-26,"US","0-0.99","inc hosp",0
2022-12-03,"US","0-0.99","inc hosp",0
2022-12-10,"US","0-0.99","inc hosp",0
2022-12-17,"US","0-0.99","inc hosp",0
2022-12-24,"US","0-0.99","inc hosp",0
2022-12-31,"US","0-0.99","inc hosp",0
2023-01-07,"US","0-0.99","inc hosp",0
2023-01-14,"US","0-0.99","inc hosp",0
2023-01-21,"US","0-0.99","inc hosp",0
2023-01-28,"US","0-0.99","inc hosp",0
2023-02-04,"US","0-0.99","inc hosp",0
2023-02-11,"US","0-0.99","inc hosp",0
2023-02-18,"US","0-0.99","inc hosp",0
2023-02-25,"US","0-0.99","inc hosp",0
2023-03-04,"US","0-0.99","inc hosp",0
2023-03-11,"US","0-0.99","inc hosp",0
2023-03-18,"US","0-0.99","inc hosp",0
2023-03-25,"US","0-0.99","inc hosp",0
2023-04-01,"US","0-0.99","inc hosp",0
2023-04-08,"US","0-0.99","inc hosp",0
2023-04-15,"US","0-0.99","inc hosp",0
2023-04-22,"US","0-0.99","inc hosp",0
2023-04-29,"US","0-0.99","inc hosp",0
2023-05-06,"US","0-0.99","inc hosp",0
2023-05-13,"US","0-0.99","inc hosp",0
2023-05-20,"US","0-0.99","inc hosp",0
2023-05-27,"US","0-0.99","inc hosp",0
2023-06-03,"US","0-0.99","inc hosp",0
2023-06-10,"US","0-0.99","inc hosp",0
2023-06-17,"US","0-0.99","inc hosp",0
2023-06-24,"US","0-0.99","inc hosp",0
2023-07-01,"US","0-0.99","inc hosp",0
2023-07-08,"US","0-0.99","inc hosp",0
2023-07-15,"US","0-0.99","inc hosp",0
2023-07-22,"US","0-0.99","inc hosp",0
2023-07-29,"US","0-0.99","inc hosp",0
2023-08-05,"US","0-0.99","inc hosp",0
2023-08-12,"US","0-0.99","inc hosp",0
2023-08-19,"US","0-0.99","inc hosp",0
2023-08-26,"US","0-0.99","inc hosp",0
2023-09-02,"US","0-0.99","inc hosp",0
2023-09-09,"US","0-0.99","inc hosp",0
2023-09-16,"US","0-0.99","inc hosp",0
2023-09-23,"US","0-0.99","inc hosp",0
2023-09-30,"US","0-0.99","inc hosp",0
2023-10-07,"US","0-0.99","inc hosp",246.768571
2023-10-14,"US","0-0.99","inc hosp",355.4204045
2023-10-21,"US","0-0.99","inc hosp",462.2306815
2023-10-28,"US","0-0.99","inc hosp",550.6253935
2023-11-04,"US","0-0.99","inc hosp",469.5969075
2023-11-11,"US","0-0.99","inc hosp",690.5836875
2023-11-18,"US","0-0.99","inc hosp",830.5419815
2023-11-25,"US","0-0.99","inc hosp",1069.9443265
2023-12-02,"US","0-0.99","inc hosp",1324.0791235
2023-12-09,"US","0-0.99","inc hosp",1381.167375
2023-12-16,"US","0-0.99","inc hosp",1230.159742
2023-12-23,"US","0-0.99","inc hosp",1425.364731
2023-12-30,"US","0-0.99","inc hosp",1679.499528
2024-01-06,"US","0-0.99","inc hosp",1394.0582705
2024-01-13,"US","0-0.99","inc hosp",861.848442
2024-01-20,"US","0-0.99","inc hosp",760.5628345
2024-01-27,"US","0-0.99","inc hosp",589.29808
2024-02-03,"US","0-0.99","inc hosp",545.100724
2024-02-10,"US","0-0.99","inc hosp",506.4280375
2024-02-17,"US","0-0.99","inc hosp",480.6462465
2024-02-24,"US","0-0.99","inc hosp",379.360639
2024-03-02,"US","0-0.99","inc hosp",278.0750315
2024-03-09,"US","0-0.99","inc hosp",311.2230485
2024-03-16,"US","0-0.99","inc hosp",184.15565
2024-03-23,"US","0-0.99","inc hosp",197.0465455
2024-03-30,"US","0-0.99","inc hosp",197.0465455
2024-04-06,"US","0-0.99","inc hosp",132.592068
2024-04-13,"US","0-0.99","inc hosp",62.612921
2024-04-20,"US","0-0.99","inc hosp",88.394712
2024-04-27,"US","0-0.99","inc hosp",69.979147
2024-05-04,"US","0-0.99","inc hosp",25.781791
2024-05-11,"US","0-0.99","inc hosp",0
2024-05-18,"US","0-0.99","inc hosp",0
2024-05-25,"US","0-0.99","inc hosp",0
2024-06-01,"US","0-0.99","inc hosp",0
2024-06-08,"US","0-0.99","inc hosp",0
2024-06-15,"US","0-0.99","inc hosp",0
2024-06-22,"US","0-0.99","inc hosp",0
2024-06-29,"US","0-0.99","inc hosp",0
2024-07-06,"US","0-0.99","inc hosp",0
2024-07-13,"US","0-0.99","inc hosp",0
2024-07-20,"US","0-0.99","inc hosp",0
2024-07-27,"US","0-0.99","inc hosp",0
2024-08-03,"US","0-0.99","inc hosp",0
2024-08-10,"US","0-0.99","inc hosp",0
2024-08-17,"US","0-0.99","inc hosp",0
2024-08-24,"US","0-0.99","inc hosp",0
2024-08-31,"US","0-0.99","inc hosp",0
2024-09-07,"US","0-0.99","inc hosp",0
2024-09-14,"US","0-0.99","inc hosp",0
2024-09-21,"US","0-0.99","inc hosp",0
2024-09-28,"US","0-0.99","inc hosp",0
2024-10-05,"US","0-0.99","inc hosp",57.0882515
2024-10-12,"US","0-0.99","inc hosp",106.810277
2024-10-19,"US","0-0.99","inc hosp",139.958294
2024-10-26,"US","0-0.99","inc hosp",298.332153
2024-11-02,"US","0-0.99","inc hosp",252.2932405
2024-11-09,"US","0-0.99","inc hosp",235.719232
2024-11-16,"US","0-0.99","inc hosp",353.578848
2024-11-23,"US","0-0.99","inc hosp",438.290447
2024-11-30,"US","0-0.99","inc hosp",454.8644555
2024-12-07,"US","0-0.99","inc hosp",476.9631335
2024-12-14,"US","0-0.99","inc hosp",465.9137945
2024-12-21,"US","0-0.99","inc hosp",685.059018
2024-12-28,"US","0-0.99","inc hosp",876.580894
2025-01-04,"US","0-0.99","inc hosp",843.432877
2025-01-11,"US","0-0.99","inc hosp",618.762984
2025-01-18,"US","0-0.99","inc hosp",460.389125
2025-01-25,"US","0-0.99","inc hosp",506.4280375
2025-02-01,"US","0-0.99","inc hosp",594.8227495
2025-02-08,"US","0-0.99","inc hosp",561.6747325
2025-02-15,"US","0-0.99","inc hosp",556.150063
2025-02-22,"US","0-0.99","inc hosp",572.7240715
2025-03-01,"US","0-0.99","inc hosp",482.487803
2025-03-08,"US","0-0.99","inc hosp",370.1528565
2025-03-15,"US","0-0.99","inc hosp",337.0048395
2025-03-22,"US","0-0.99","inc hosp",292.8074835
2025-03-29,"US","0-0.99","inc hosp",224.669893
2025-04-05,"US","0-0.99","inc hosp",257.81791
2025-04-12,"US","0-0.99","inc hosp",151.007633
2025-04-19,"US","0-0.99","inc hosp",134.4336245
2025-04-26,"US","0-0.99","inc hosp",90.2362685
2025-05-03,"US","0-0.99","inc hosp",33.148017
2025-05-10,"US","0-0.99","inc hosp",0
2025-05-17,"US","0-0.99","inc hosp",0
2025-05-24,"US","0-0.99","inc hosp",0
2025-05-31,"US","0-0.99","inc hosp",0
2025-06-07,"US","0-0.99","inc hosp",0
2025-06-14,"US","0-0.99","inc hosp",0
2025-06-21,"US","0-0.99","inc hosp",0
2025-06-28,"US","0-0.99","inc hosp",0
2025-07-05,"US","0-0.99","inc hosp",0
2025-07-12,"US","0-0.99","inc hosp",0
2025-07-19,"US","0-0.99","inc hosp",0
2025-07-26,"US","0-0.99","inc hosp",0
2025-08-02,"US","0-0.99","inc hosp",0
2025-08-09,"US","0-0.99","inc hosp",0
2025-08-16,"US","0-0.99","inc hosp",0
2025-08-23,"US","0-0.99","inc hosp",0
2025-08-30,"US","0-0.99","inc hosp",0
2025-09-06,"US","0-0.99","inc hosp",0
2025-09-13,"US","0-0.99","inc hosp",0
2025-09-20,"US","0-0.99","inc hosp",0
2025-09-27,"US","0-0.99","inc hosp",0
2025-10-04,"US","0-0.99","inc hosp",23.9402345
2025-10-11,"US","0-0.99","inc hosp",84.711599
2025-10-18,"US","0-0.99","inc hosp",84.711599
2025-10-25,"US","0-0.99","inc hosp",99.444051
2025-11-01,"US","0-0.99","inc hosp",75.5038165
2025-11-08,"US","0-0.99","inc hosp",99.444051
2025-11-15,"US","0-0.99","inc hosp",141.7998505
2025-11-22,"US","0-0.99","inc hosp",171.2647545
2025-11-29,"US","0-0.99","inc hosp",156.5323025
2025-12-06,"US","0-0.99","inc hosp",232.036119
2025-12-13,"US","0-0.99","inc hosp",213.620554
2025-12-20,"US","0-0.99","inc hosp",333.3217265
2025-12-27,"US","0-0.99","inc hosp",327.797057
2026-01-03,"US","0-0.99","inc hosp",423.557995
2026-01-10,"US","0-0.99","inc hosp",337.0048395
2026-01-17,"US","0-0.99","inc hosp",379.360639
2026-01-24,"US","0-0.99","inc hosp",366.4697435
2026-01-31,"US","0-0.99","inc hosp",408.825543
2026-02-07,"US","0-0.99","inc hosp",418.0333255
2026-02-14,"US","0-0.99","inc hosp",451.1813425
2026-02-21,"US","0-0.99","inc hosp",640.861662
2026-02-28,"US","0-0.99","inc hosp",565.3578455
2026-03-07,"US","0-0.99","inc hosp",493.537142
2026-03-14,"US","0-0.99","inc hosp",441.97356
2026-03-21,"US","0-0.99","inc hosp",399.6177605
2026-03-28,"US","0-0.99","inc hosp",375.677526
2026-04-04,"US","0-0.99","inc hosp",337.0048395
2026-04-11,"US","0-0.99","inc hosp",219.1452235
2026-04-18,"US","0-0.99","inc hosp",185.9972065
2026-04-25,"US","0-0.99","inc hosp",195.204989
2026-05-02,"US","0-0.99","inc hosp",156.5323025
2026-05-09,"US","0-0.99","inc hosp",0
2026-05-16,"US","0-0.99","inc hosp",0
2026-05-23,"US","0-0.99","inc hosp",0
2026-05-30,"US","0-0.99","inc hosp",0
2026-06-06,"US","0-0.99","inc hosp",0
2026-06-13,"US","0-0.99","inc hosp",0
2026-06-20,"US","0-0.99","inc hosp",0
2026-06-27,"US","0-0.99","inc hosp",0
2026-07-04,"US","0-0.99","inc hosp",0
2026-07-11,"US","0-0.99","inc hosp",0
2026-07-18,"US","0-0.99","inc hosp",0
2026-07-25,"US","0-0.99","inc hosp",0
2026-08-01,"US","0-0.99","inc hosp",0
2026-08-08,"US","0-0.99","inc hosp",0
2026-08-15,"US","0-0.99","inc hosp",0
2026-08-22,"US","0-0.99","inc hosp",0
2018-10-06,"US","1-4","inc hosp",95.709714
2018-10-13,"US","1-4","inc hosp",207.371047
2018-10-20,"US","1-4","inc hosp",207.371047
2018-10-27,"US","1-4","inc hosp",350.935618
2018-11-03,"US","1-4","inc hosp",350.935618
2018-11-10,"US","1-4","inc hosp",542.355046
2018-11-17,"US","1-4","inc hosp",526.403427
2018-11-24,"US","1-4","inc hosp",574.258284
2018-12-01,"US","1-4","inc hosp",717.822855
2018-12-08,"US","1-4","inc hosp",781.629331
2018-12-15,"US","1-4","inc hosp",1100.661711
2018-12-22,"US","1-4","inc hosp",1116.61333
2018-12-29,"US","1-4","inc hosp",1355.887615
2019-01-05,"US","1-4","inc hosp",1043.401392
2019-01-12,"US","1-4","inc hosp",1027.59228
2019-01-19,"US","1-4","inc hosp",1122.446952
2019-01-26,"US","1-4","inc hosp",1106.63784
2019-02-02,"US","1-4","inc hosp",1011.783168
2019-02-09,"US","1-4","inc hosp",1185.6834
2019-02-16,"US","1-4","inc hosp",806.264712
2019-02-23,"US","1-4","inc hosp",916.928496
2019-03-02,"US","1-4","inc hosp",663.982704
2019-03-09,"US","1-4","inc hosp",474.27336
2019-03-16,"US","1-4","inc hosp",537.509808
2019-03-23,"US","1-4","inc hosp",379.418688
2019-03-30,"US","1-4","inc hosp",300.373128
2019-04-06,"US","1-4","inc hosp",237.13668
2019-04-13,"US","1-4","inc hosp",158.09112
2019-04-20,"US","1-4","inc hosp",221.327568
2019-04-27,"US","1-4","inc hosp",79.04556
2019-05-04,"US","1-4","inc hosp",47.427336
2019-10-05,"US","1-4","inc hosp",126.472896
2019-10-12,"US","1-4","inc hosp",158.09112
2019-10-19,"US","1-4","inc hosp",379.418688
2019-10-26,"US","1-4","inc hosp",442.655136
2019-11-02,"US","1-4","inc hosp",553.31892
2019-11-09,"US","1-4","inc hosp",584.937144
2019-11-16,"US","1-4","inc hosp",853.692048
2019-11-23,"US","1-4","inc hosp",1027.59228
2019-11-30,"US","1-4","inc hosp",1185.6834
2019-12-07,"US","1-4","inc hosp",1881.284328
2019-12-14,"US","1-4","inc hosp",1565.102088
2019-12-21,"US","1-4","inc hosp",1644.147648
2019-12-28,"US","1-4","inc hosp",1865.475216
2020-01-04,"US","1-4","inc hosp",1617.017535
2020-01-11,"US","1-4","inc hosp",1139.612358
2020-01-18,"US","1-4","inc hosp",1416.815364
2020-01-25,"US","1-4","inc hosp",1339.814529
2020-02-01,"US","1-4","inc hosp",1185.812859
2020-02-08,"US","1-4","inc hosp",1293.614028
2020-02-15,"US","1-4","inc hosp",1016.411022
2020-02-22,"US","1-4","inc hosp",847.009185
2020-02-29,"US","1-4","inc hosp",693.007515
2020-03-07,"US","1-4","inc hosp",739.208016
2020-03-14,"US","1-4","inc hosp",569.806179
2020-03-21,"US","1-4","inc hosp",477.405177
2020-03-28,"US","1-4","inc hosp",246.402672
2020-04-04,"US","1-4","inc hosp",107.801169
2020-04-11,"US","1-4","inc hosp",30.800334
2020-04-18,"US","1-4","inc hosp",15.400167
2020-04-25,"US","1-4","inc hosp",15.400167
2020-05-02,"US","1-4","inc hosp",15.400167
2020-10-03,"US","1-4","inc hosp",0
2020-10-10,"US","1-4","inc hosp",0
2020-10-17,"US","1-4","inc hosp",0
2020-10-24,"US","1-4","inc hosp",15.400167
2020-10-31,"US","1-4","inc hosp",0
2020-11-07,"US","1-4","inc hosp",0
2020-11-14,"US","1-4","inc hosp",0
2020-11-21,"US","1-4","inc hosp",15.400167
2020-11-28,"US","1-4","inc hosp",0
2020-12-05,"US","1-4","inc hosp",0
2020-12-12,"US","1-4","inc hosp",0
2020-12-19,"US","1-4","inc hosp",0
2020-12-26,"US","1-4","inc hosp",0
2021-01-02,"US","1-4","inc hosp",15.400167
2021-01-09,"US","1-4","inc hosp",15.106098
2021-01-16,"US","1-4","inc hosp",0
2021-01-23,"US","1-4","inc hosp",0
2021-01-30,"US","1-4","inc hosp",0
2021-02-06,"US","1-4","inc hosp",15.106098
2021-02-13,"US","1-4","inc hosp",0
2021-02-20,"US","1-4","inc hosp",30.212196
2021-02-27,"US","1-4","inc hosp",15.106098
2021-03-06,"US","1-4","inc hosp",15.106098
2021-03-13,"US","1-4","inc hosp",15.106098
2021-03-20,"US","1-4","inc hosp",0
2021-03-27,"US","1-4","inc hosp",60.424392
2021-04-03,"US","1-4","inc hosp",15.106098
2021-04-10,"US","1-4","inc hosp",15.106098
2021-04-17,"US","1-4","inc hosp",75.53049
2021-04-24,"US","1-4","inc hosp",45.318294
2021-05-01,"US","1-4","inc hosp",75.53049
2021-05-08,"US","1-4","inc hosp",226.59147
2021-05-15,"US","1-4","inc hosp",181.273176
2021-05-22,"US","1-4","inc hosp",196.379274
2021-05-29,"US","1-4","inc hosp",151.06098
2021-06-05,"US","1-4","inc hosp",241.697568
2021-06-12,"US","1-4","inc hosp",317.228058
2021-06-19,"US","1-4","inc hosp",332.334156
2021-06-26,"US","1-4","inc hosp",347.440254
2021-07-03,"US","1-4","inc hosp",468.289038
2021-07-10,"US","1-4","inc hosp",422.970744
2021-07-17,"US","1-4","inc hosp",604.24392
2021-07-24,"US","1-4","inc hosp",891.259782
2021-07-31,"US","1-4","inc hosp",997.002468
2021-08-07,"US","1-4","inc hosp",1027.214664
2021-08-14,"US","1-4","inc hosp",1072.532958
2021-08-21,"US","1-4","inc hosp",1072.532958
2021-08-28,"US","1-4","inc hosp",1072.532958
2021-09-04,"US","1-4","inc hosp",1163.169546
2021-09-11,"US","1-4","inc hosp",1057.42686
2021-09-18,"US","1-4","inc hosp",951.684174
2021-09-25,"US","1-4","inc hosp",845.941488
2021-10-02,"US","1-4","inc hosp",891.259782
2021-10-09,"US","1-4","inc hosp",740.198802
2021-10-16,"US","1-4","inc hosp",1012.108566
2021-10-23,"US","1-4","inc hosp",981.89637
2021-10-30,"US","1-4","inc hosp",1072.532958
2021-11-06,"US","1-4","inc hosp",921.471978
2021-11-13,"US","1-4","inc hosp",876.153684
2021-11-20,"US","1-4","inc hosp",1057.42686
2021-11-27,"US","1-4","inc hosp",981.89637
2021-12-04,"US","1-4","inc hosp",921.471978
2021-12-11,"US","1-4","inc hosp",1117.851252
2021-12-18,"US","1-4","inc hosp",1027.214664
2021-12-25,"US","1-4","inc hosp",664.668312
2022-01-01,"US","1-4","inc hosp",876.153684
2022-01-08,"US","1-4","inc hosp",505.07816
2022-01-15,"US","1-4","inc hosp",267.39432
2022-01-22,"US","1-4","inc hosp",222.8286
2022-01-29,"US","1-4","inc hosp",148.5524
2022-02-05,"US","1-4","inc hosp",148.5524
2022-02-12,"US","1-4","inc hosp",44.56572
2022-02-19,"US","1-4","inc hosp",103.98668
2022-02-26,"US","1-4","inc hosp",118.84192
2022-03-05,"US","1-4","inc hosp",103.98668
2022-03-12,"US","1-4","inc hosp",148.5524
2022-03-19,"US","1-4","inc hosp",148.5524
2022-03-26,"US","1-4","inc hosp",103.98668
2022-04-02,"US","1-4","inc hosp",133.69716
2022-04-09,"US","1-4","inc hosp",103.98668
2022-04-16,"US","1-4","inc hosp",148.5524
2022-04-23,"US","1-4","inc hosp",103.98668
2022-04-30,"US","1-4","inc hosp",267.39432
2022-05-07,"US","1-4","inc hosp",118.84192
2022-05-14,"US","1-4","inc hosp",222.8286
2022-05-21,"US","1-4","inc hosp",193.11812
2022-05-28,"US","1-4","inc hosp",282.24956
2022-06-04,"US","1-4","inc hosp",282.24956
2022-06-11,"US","1-4","inc hosp",356.52576
2022-06-18,"US","1-4","inc hosp",430.80196
2022-06-25,"US","1-4","inc hosp",341.67052
2022-07-02,"US","1-4","inc hosp",222.8286
2022-07-09,"US","1-4","inc hosp",401.09148
2022-07-16,"US","1-4","inc hosp",445.6572
2022-07-23,"US","1-4","inc hosp",609.06484
2022-07-30,"US","1-4","inc hosp",475.36768
2022-08-06,"US","1-4","inc hosp",505.07816
2022-08-13,"US","1-4","inc hosp",579.35436
2022-08-20,"US","1-4","inc hosp",519.9334
2022-08-27,"US","1-4","inc hosp",638.77532
2022-09-03,"US","1-4","inc hosp",534.78864
2022-09-10,"US","1-4","inc hosp",683.34104
2022-09-17,"US","1-4","inc hosp",1025.01156
2022-09-24,"US","1-4","inc hosp",1426.10304
2022-10-01,"US","1-4","inc hosp",1470.66876
2022-10-08,"US","1-4","inc hosp",0
2022-10-15,"US","1-4","inc hosp",0
2022-10-22,"US","1-4","inc hosp",0
2022-10-29,"US","1-4","inc hosp",0
2022-11-05,"US","1-4","inc hosp",0
2022-11-12,"US","1-4","inc hosp",0
2022-11-19,"US","1-4","inc hosp",0
2022-11-26,"US","1-4","inc hosp",0
2022-12-03,"US","1-4","inc hosp",0
2022-12-10,"US","1-4","inc hosp",0
2022-12-17,"US","1-4","inc hosp",0
2022-12-24,"US","1-4","inc hosp",0
2022-12-31,"US","1-4","inc hosp",0
2023-01-07,"US","1-4","inc hosp",0
2023-01-14,"US","1-4","inc hosp",0
2023-01-21,"US","1-4","inc hosp",0
2023-01-28,"US","1-4","inc hosp",0
2023-02-04,"US","1-4","inc hosp",0
2023-02-11,"US","1-4","inc hosp",0
2023-02-18,"US","1-4","inc hosp",0
2023-02-25,"US","1-4","inc hosp",0
2023-03-04,"US","1-4","inc hosp",0
2023-03-11,"US","1-4","inc hosp",0
2023-03-18,"US","1-4","inc hosp",0
2023-03-25,"US","1-4","inc hosp",0
2023-04-01,"US","1-4","inc hosp",0
2023-04-08,"US","1-4","inc hosp",0
2023-04-15,"US","1-4","inc hosp",0
2023-04-22,"US","1-4","inc hosp",0
2023-04-29,"US","1-4","inc hosp",0
2023-05-06,"US","1-4","inc hosp",0
2023-05-13,"US","1-4","inc hosp",0
2023-05-20,"US","1-4","inc hosp",0
2023-05-27,"US","1-4","inc hosp",0
2023-06-03,"US","1-4","inc hosp",0
2023-06-10,"US","1-4","inc hosp",0
2023-06-17,"US","1-4","inc hosp",0
2023-06-24,"US","1-4","inc hosp",0
2023-07-01,"US","1-4","inc hosp",0
2023-07-08,"US","1-4","inc hosp",0
2023-07-15,"US","1-4","inc hosp",0
2023-07-22,"US","1-4","inc hosp",0
2023-07-29,"US","1-4","inc hosp",0
2023-08-05,"US","1-4","inc hosp",0
2023-08-12,"US","1-4","inc hosp",0
2023-08-19,"US","1-4","inc hosp",0
2023-08-26,"US","1-4","inc hosp",0
2023-09-02,"US","1-4","inc hosp",0
2023-09-09,"US","1-4","inc hosp",0
2023-09-16,"US","1-4","inc hosp",0
2023-09-23,"US","1-4","inc hosp",0
2023-09-30,"US","1-4","inc hosp",0
2023-10-07,"US","1-4","inc hosp",0
2023-10-14,"US","1-4","inc hosp",0
2023-10-21,"US","1-4","inc hosp",0
2023-10-28,"US","1-4","inc hosp",0
2023-11-04,"US","1-4","inc hosp",0
2023-11-11,"US","1-4","inc hosp",0
2023-11-18,"US","1-4","inc hosp",0
2023-11-25,"US","1-4","inc hosp",0
2023-12-02,"US","1-4","inc hosp",0
2023-12-09,"US","1-4","inc hosp",0
2023-12-16,"US","1-4","inc hosp",0
2023-12-23,"US","1-4","inc hosp",0
2023-12-30,"US","1-4","inc hosp",0
2024-01-06,"US","1-4","inc hosp",0
2024-01-13,"US","1-4","inc hosp",0
2024-01-20,"US","1-4","inc hosp",0
2024-01-27,"US","1-4","inc hosp",0
2024-02-03,"US","1-4","inc hosp",0
2024-02-10,"US","1-4","inc hosp",0
2024-02-17,"US","1-4","inc hosp",0
2024-02-24,"US","1-4","inc hosp",0
2024-03-02,"US","1-4","inc hosp",0
2024-03-09,"US","1-4","inc hosp",0
2024-03-16,"US","1-4","inc hosp",0
2024-03-23,"US","1-4","inc hosp",0
2024-03-30,"US","1-4","inc hosp",0
2024-04-06,"US","1-4","inc hosp",0
2024-04-13,"US","1-4","inc hosp",0
2024-04-20,"US","1-4","inc hosp",0
2024-04-27,"US","1-4","inc hosp",0
2024-05-04,"US","1-4","inc hosp",0
2024-05-11,"US","1-4","inc hosp",0
2024-05-18,"US","1-4","inc hosp",0
2024-05-25,"US","1-4","inc hosp",0
2024-06-01,"US","1-4","inc hosp",0
2024-06-08,"US","1-4","inc hosp",0
2024-06-15,"US","1-4","inc hosp",0
2024-06-22,"US","1-4","inc hosp",0
2024-06-29,"US","1-4","inc hosp",0
2024-07-06,"US","1-4","inc hosp",0
2024-07-13,"US","1-4","inc hosp",0
2024-07-20,"US","1-4","inc hosp",0
2024-07-27,"US","1-4","inc hosp",0
2024-08-03,"US","1-4","inc hosp",0
2024-08-10,"US","1-4","inc hosp",0
2024-08-17,"US","1-4","inc hosp",0
2024-08-24,"US","1-4","inc hosp",0
2024-08-31,"US","1-4","inc hosp",0
2024-09-07,"US","1-4","inc hosp",0
2024-09-14,"US","1-4","inc hosp",0
2024-09-21,"US","1-4","inc hosp",0
2024-09-28,"US","1-4","inc hosp",0
2024-10-05,"US","1-4","inc hosp",0
2024-10-12,"US","1-4","inc hosp",0
2024-10-19,"US","1-4","inc hosp",0
2024-10-26,"US","1-4","inc hosp",0
2024-11-02,"US","1-4","inc hosp",0
2024-11-09,"US","1-4","inc hosp",0
2024-11-16,"US","1-4","inc hosp",0
2024-11-23,"US","1-4","inc hosp",0
2024-11-30,"US","1-4","inc hosp",0
2024-12-07,"US","1-4","inc hosp",0
2024-12-14,"US","1-4","inc hosp",0
2024-12-21,"US","1-4","inc hosp",0
2024-12-28,"US","1-4","inc hosp",0
2025-01-04,"US","1-4","inc hosp",0
2025-01-11,"US","1-4","inc hosp",0
2025-01-18,"US","1-4","inc hosp",0
2025-01-25,"US","1-4","inc hosp",0
2025-02-01,"US","1-4","inc hosp",0
2025-02-08,"US","1-4","inc hosp",0
2025-02-15,"US","1-4","inc hosp",0
2025-02-22,"US","1-4","inc hosp",0
2025-03-01,"US","1-4","inc hosp",0
2025-03-08,"US","1-4","inc hosp",0
2025-03-15,"US","1-4","inc hosp",0
2025-03-22,"US","1-4","inc hosp",0
2025-03-29,"US","1-4","inc hosp",0
2025-04-05,"US","1-4","inc hosp",0
2025-04-12,"US","1-4","inc hosp",0
2025-04-19,"US","1-4","inc hosp",0
2025-04-26,"US","1-4","inc hosp",0
2025-05-03,"US","1-4","inc hosp",0
2025-05-10,"US","1-4","inc hosp",0
2025-05-17,"US","1-4","inc hosp",0
2025-05-24,"US","1-4","inc hosp",0
2025-05-31,"US","1-4","inc hosp",0
2025-06-07,"US","1-4","inc hosp",0
2025-06-14,"US","1-4","inc hosp",0
2025-06-21,"US","1-4","inc hosp",0
2025-06-28,"US","1-4","inc hosp",0
2025-07-05,"US","1-4","inc hosp",0
2025-07-12,"US","1-4","inc hosp",0
2025-07-19,"US","1-4","inc hosp",0
2025-07-26,"US","1-4","inc hosp",0
2025-08-02,"US","1-4","inc hosp",0
2025-08-09,"US","1-4","inc hosp",0
2025-08-16,"US","1-4","inc hosp",0
2025-08-23,"US","1-4","inc hosp",0
2025-08-30,"US","1-4","inc hosp",0
2025-09-06,"US","1-4","inc hosp",0
2025-09-13,"US","1-4","inc hosp",0
2025-09-20,"US","1-4","inc hosp",0
2025-09-27,"US","1-4","inc hosp",0
2025-10-04,"US","1-4","inc hosp",0
2025-10-11,"US","1-4","inc hosp",0
2025-10-18,"US","1-4","inc hosp",0
2025-10-25,"US","1-4","inc hosp",0
2025-11-01,"US","1-4","inc hosp",0
2025-11-08,"US","1-4","inc hosp",0
2025-11-15,"US","1-4","inc hosp",0
2025-11-22,"US","1-4","inc hosp",0
2025-11-29,"US","1-4","inc hosp",0
2025-12-06,"US","1-4","inc hosp",0
2025-12-13,"US","1-4","inc hosp",0
2025-12-20,"US","1-4","inc hosp",0
2025-12-27,"US","1-4","inc hosp",0
2026-01-03,"US","1-4","inc hosp",0
2026-01-10,"US","1-4","inc hosp",0
2026-01-17,"US","1-4","inc hosp",0
2026-01-24,"US","1-4","inc hosp",0
2026-01-31,"US","1-4","inc hosp",0
2026-02-07,"US","1-4","inc hosp",0
2026-02-14,"US","1-4","inc hosp",0
2026-02-21,"US","1-4","inc hosp",0
2026-02-28,"US","1-4","inc hosp",0
2026-03-07,"US","1-4","inc hosp",0
2026-03-14,"US","1-4","inc hosp",0
2026-03-21,"US","1-4","inc hosp",0
2026-03-28,"US","1-4","inc hosp",0
2026-04-04,"US","1-4","inc hosp",0
2026-04-11,"US","1-4","inc hosp",0
2026-04-18,"US","1-4","inc hosp",0
2026-04-25,"US","1-4","inc hosp",0
2026-05-02,"US","1-4","inc hosp",0
2026-05-09,"US","1-4","inc hosp",0
2026-05-16,"US","1-4","inc hosp",0
2026-05-23,"US","1-4","inc hosp",0
2026-05-30,"US","1-4","inc hosp",0
2026-06-06,"US","1-4","inc hosp",0
2026-06-13,"US","1-4","inc hosp",0
2026-06-20,"US","1-4","inc hosp",0
2026-06-27,"US","1-4","inc hosp",0
2026-07-04,"US","1-4","inc hosp",0
2026-07-11,"US","1-4","inc hosp",0
2026-07-18,"US","1-4","inc hosp",0
2026-07-25,"US","1-4","inc hosp",0
2026-08-01,"US","1-4","inc hosp",0
2026-08-08,"US","1-4","inc hosp",0
2026-08-15,"US","1-4","inc hosp",0
2026-08-22,"US","1-4","inc hosp",0
2018-10-06,"US","75-130","inc hosp",0
2018-10-13,"US","75-130","inc hosp",43.819198
2018-10-20,"US","75-130","inc hosp",43.819198
2018-10-27,"US","75-130","inc hosp",65.728797
2018-11-03,"US","75-130","inc hosp",131.457594
2018-11-10,"US","75-130","inc hosp",43.819198
2018-11-17,"US","75-130","inc hosp",109.547995
2018-11-24,"US","75-130","inc hosp",131.457594
2018-12-01,"US","75-130","inc hosp",416.282381
2018-12-08,"US","75-130","inc hosp",262.915188
2018-12-15,"US","75-130","inc hosp",328.643985
2018-12-22,"US","75-130","inc hosp",569.649574
2018-12-29,"US","75-130","inc hosp",810.655163
2019-01-05,"US","75-130","inc hosp",1308.792678
2019-01-12,"US","75-130","inc hosp",1218.531114
2019-01-19,"US","75-130","inc hosp",744.657903
2019-01-26,"US","75-130","inc hosp",857.484858
2019-02-02,"US","75-130","inc hosp",834.919467
2019-02-09,"US","75-130","inc hosp",789.788685
2019-02-16,"US","75-130","inc hosp",834.919467
2019-02-23,"US","75-130","inc hosp",834.919467
2019-03-02,"US","75-130","inc hosp",789.788685
2019-03-09,"US","75-130","inc hosp",564.134775
2019-03-16,"US","75-130","inc hosp",496.438602
2019-03-23,"US","75-130","inc hosp",609.265557
2019-03-30,"US","75-130","inc hosp",519.003993
2019-04-06,"US","75-130","inc hosp",406.177038
2019-04-13,"US","75-130","inc hosp",203.088519
2019-04-20,"US","75-130","inc hosp",203.088519
2019-04-27,"US","75-130","inc hosp",90.261564
2019-05-04,"US","75-130","inc hosp",45.130782
2019-10-05,"US","75-130","inc hosp",45.130782
2019-10-12,"US","75-130","inc hosp",67.696173
2019-10-19,"US","75-130","inc hosp",45.130782
2019-10-26,"US","75-130","inc hosp",67.696173
2019-11-02,"US","75-130","inc hosp",45.130782
2019-11-09,"US","75-130","inc hosp",90.261564
2019-11-16,"US","75-130","inc hosp",225.65391
2019-11-23,"US","75-130","inc hosp",203.088519
2019-11-30,"US","75-130","inc hosp",315.915474
2019-12-07,"US","75-130","inc hosp",609.265557
2019-12-14,"US","75-130","inc hosp",654.396339
2019-12-21,"US","75-130","inc hosp",834.919467
2019-12-28,"US","75-130","inc hosp",1105.704159
2020-01-04,"US","75-130","inc hosp",1751.48337
2020-01-11,"US","75-130","inc hosp",1482.02439
2020-01-18,"US","75-130","inc hosp",1235.020325
2020-01-25,"US","75-130","inc hosp",1100.290835
2020-02-01,"US","75-130","inc hosp",1055.381005
2020-02-08,"US","75-130","inc hosp",943.10643
2020-02-15,"US","75-130","inc hosp",853.28677
2020-02-22,"US","75-130","inc hosp",965.561345
2020-02-29,"US","75-130","inc hosp",628.73762
2020-03-07,"US","75-130","inc hosp",808.37694
2020-03-14,"US","75-130","inc hosp",741.012195
2020-03-21,"US","75-130","inc hosp",426.643385
2020-03-28,"US","75-130","inc hosp",157.184405
2020-04-04,"US","75-130","inc hosp",134.72949
2020-04-11,"US","75-130","inc hosp",22.454915
2020-04-18,"US","75-130","inc hosp",0
2020-04-25,"US","75-130","inc hosp",22.454915
2020-05-02,"US","75-130","inc hosp",0
2020-10-03,"US","75-130","inc hosp",0
2020-10-10,"US","75-130","inc hosp",0
2020-10-17,"US","75-130","inc hosp",0
2020-10-24,"US","75-130","inc hosp",0
2020-10-31,"US","75-130","inc hosp",22.454915
2020-11-07,"US","75-130","inc hosp",0
2020-11-14,"US","75-130","inc hosp",0
2020-11-21,"US","75-130","inc hosp",0
2020-11-28,"US","75-130","inc hosp",0
2020-12-05,"US","75-130","inc hosp",0
2020-12-12,"US","75-130","inc hosp",0
2020-12-19,"US","75-130","inc hosp",0
2020-12-26,"US","75-130","inc hosp",0
2021-01-02,"US","75-130","inc hosp",0
2021-01-09,"US","75-130","inc hosp",22.806453
2021-01-16,"US","75-130","inc hosp",0
2021-01-23,"US","75-130","inc hosp",22.806453
2021-01-30,"US","75-130","inc hosp",0
2021-02-06,"US","75-130","inc hosp",0
2021-02-13,"US","75-130","inc hosp",0
2021-02-20,"US","75-130","inc hosp",0
2021-02-27,"US","75-130","inc hosp",22.806453
2021-03-06,"US","75-130","inc hosp",0
2021-03-13,"US","75-130","inc hosp",0
2021-03-20,"US","75-130","inc hosp",0
2021-03-27,"US","75-130","inc hosp",0
2021-04-03,"US","75-130","inc hosp",0
2021-04-10,"US","75-130","inc hosp",22.806453
2021-04-17,"US","75-130","inc hosp",0
2021-04-24,"US","75-130","inc hosp",0
2021-05-01,"US","75-130","inc hosp",0
2021-05-08,"US","75-130","inc hosp",0
2021-05-15,"US","75-130","inc hosp",22.806453
2021-05-22,"US","75-130","inc hosp",45.612906
2021-05-29,"US","75-130","inc hosp",22.806453
2021-06-05,"US","75-130","inc hosp",45.612906
2021-06-12,"US","75-130","inc hosp",22.806453
2021-06-19,"US","75-130","inc hosp",22.806453
2021-06-26,"US","75-130","inc hosp",45.612906
2021-07-03,"US","75-130","inc hosp",45.612906
2021-07-10,"US","75-130","inc hosp",68.419359
2021-07-17,"US","75-130","inc hosp",68.419359
2021-07-24,"US","75-130","inc hosp",136.838718
2021-07-31,"US","75-130","inc hosp",136.838718
2021-08-07,"US","75-130","inc hosp",114.032265
2021-08-14,"US","75-130","inc hosp",45.612906
2021-08-21,"US","75-130","inc hosp",136.838718
2021-08-28,"US","75-130","inc hosp",136.838718
2021-09-04,"US","75-130","inc hosp",136.838718
2021-09-11,"US","75-130","inc hosp",136.838718
2021-09-18,"US","75-130","inc hosp",114.032265
2021-09-25,"US","75-130","inc hosp",68.419359
2021-10-02,"US","75-130","inc hosp",205.258077
2021-10-09,"US","75-130","inc hosp",228.06453
2021-10-16,"US","75-130","inc hosp",296.483889
2021-10-23,"US","75-130","inc hosp",319.290342
2021-10-30,"US","75-130","inc hosp",319.290342
2021-11-06,"US","75-130","inc hosp",319.290342
2021-11-13,"US","75-130","inc hosp",592.967778
2021-11-20,"US","75-130","inc hosp",410.516154
2021-11-27,"US","75-130","inc hosp",342.096795
2021-12-04,"US","75-130","inc hosp",661.387137
2021-12-11,"US","75-130","inc hosp",866.645214
2021-12-18,"US","75-130","inc hosp",707.000043
2021-12-25,"US","75-130","inc hosp",570.161325
2022-01-01,"US","75-130","inc hosp",638.580684
2022-01-08,"US","75-130","inc hosp",768.205216
2022-01-15,"US","75-130","inc hosp",336.089782
2022-01-22,"US","75-130","inc hosp",288.076956
2022-01-29,"US","75-130","inc hosp",120.032065
2022-02-05,"US","75-130","inc hosp",216.057717
2022-02-12,"US","75-130","inc hosp",72.019239
2022-02-19,"US","75-130","inc hosp",96.025652
2022-02-26,"US","75-130","inc hosp",48.012826
2022-03-05,"US","75-130","inc hosp",96.025652
2022-03-12,"US","75-130","inc hosp",144.038478
2022-03-19,"US","75-130","inc hosp",120.032065
2022-03-26,"US","75-130","inc hosp",72.019239
2022-04-02,"US","75-130","inc hosp",120.032065
2022-04-09,"US","75-130","inc hosp",120.032065
2022-04-16,"US","75-130","inc hosp",120.032065
2022-04-23,"US","75-130","inc hosp",144.038478
2022-04-30,"US","75-130","inc hosp",144.038478
2022-05-07,"US","75-130","inc hosp",96.025652
2022-05-14,"US","75-130","inc hosp",96.025652
2022-05-21,"US","75-130","inc hosp",48.012826
2022-05-28,"US","75-130","inc hosp",72.019239
2022-06-04,"US","75-130","inc hosp",48.012826
2022-06-11,"US","75-130","inc hosp",48.012826
2022-06-18,"US","75-130","inc hosp",120.032065
2022-06-25,"US","75-130","inc hosp",48.012826
2022-07-02,"US","75-130","inc hosp",120.032065
2022-07-09,"US","75-130","inc hosp",192.051304
2022-07-16,"US","75-130","inc hosp",96.025652
2022-07-23,"US","75-130","inc hosp",48.012826
2022-07-30,"US","75-130","inc hosp",144.038478
2022-08-06,"US","75-130","inc hosp",72.019239
2022-08-13,"US","75-130","inc hosp",144.038478
2022-08-20,"US","75-130","inc hosp",120.032065
2022-08-27,"US","75-130","inc hosp",96.025652
2022-09-03,"US","75-130","inc hosp",120.032065
2022-09-10,"US","75-130","inc hosp",72.019239
2022-09-17,"US","75-130","inc hosp",216.057717
2022-09-24,"US","75-130","inc hosp",216.057717
2022-10-01,"US","75-130","inc hosp",312.083369
2022-10-08,"US","75-130","inc hosp",0
2022-10-15,"US","75-130","inc hosp",0
2022-10-22,"US","75-130","inc hosp",0
2022-10-29,"US","75-130","inc hosp",0
2022-11-05,"US","75-130","inc hosp",0
2022-11-12,"US","75-130","inc hosp",0
2022-11-19,"US","75-130","inc hosp",0
2022-11-26,"US","75-130","inc hosp",0
2022-12-03,"US","75-130","inc hosp",0
2022-12-10,"US","75-130","inc hosp",0
2022-12-17,"US","75-130","inc hosp",0
2022-12-24,"US","75-130","inc hosp",0
2022-12-31,"US","75-130","inc hosp",0
2023-01-07,"US","75-130","inc hosp",0
2023-01-14,"US","75-130","inc hosp",0
2023-01-21,"US","75-130","inc hosp",0
2023-01-28,"US","75-130","inc hosp",0
2023-02-04,"US","75-130","inc hosp",0
2023-02-11,"US","75-130","inc hosp",0
2023-02-18,"US","75-130","inc hosp",0
2023-02-25,"US","75-130","inc hosp",0
2023-03-04,"US","75-130","inc hosp",0
2023-03-11,"US","75-130","inc hosp",0
2023-03-18,"US","75-130","inc hosp",0
2023-03-25,"US","75-130","inc hosp",0
2023-04-01,"US","75-130","inc hosp",0
2023-04-08,"US","75-130","inc hosp",0
2023-04-15,"US","75-130","inc hosp",0
2023-04-22,"US","75-130","inc hosp",0
2023-04-29,"US","75-130","inc hosp",0
2023-05-06,"US","75-130","inc hosp",0
2023-05-13,"US","75-130","inc hosp",0
2023-05-20,"US","75-130","inc hosp",0
2023-05-27,"US","75-130","inc hosp",0
2023-06-03,"US","75-130","inc hosp",0
2023-06-10,"US","75-130","inc hosp",0
2023-06-17,"US","75-130","inc hosp",0
2023-06-24,"US","75-130","inc hosp",0
2023-07-01,"US","75-130","inc hosp",0
2023-07-08,"US","75-130","inc hosp",0
2023-07-15,"US","75-130","inc hosp",0
2023-07-22,"US","75-130","inc hosp",0
2023-07-29,"US","75-130","inc hosp",0
2023-08-05,"US","75-130","inc hosp",0
2023-08-12,"US","75-130","inc hosp",0
2023-08-19,"US","75-130","inc hosp",0
2023-08-26,"US","75-130","inc hosp",0
2023-09-02,"US","75-130","inc hosp",0
2023-09-09,"US","75-130","inc hosp",0
2023-09-16,"US","75-130","inc hosp",0
2023-09-23,"US","75-130","inc hosp",0
2023-09-30,"US","75-130","inc hosp",0
2023-10-07,"US","75-130","inc hosp",0
2023-10-14,"US","75-130","inc hosp",0
2023-10-21,"US","75-130","inc hosp",0
2023-10-28,"US","75-130","inc hosp",0
2023-11-04,"US","75-130","inc hosp",0
2023-11-11,"US","75-130","inc hosp",0
2023-11-18,"US","75-130","inc hosp",0
2023-11-25,"US","75-130","inc hosp",0
2023-12-02,"US","75-130","inc hosp",0
2023-12-09,"US","75-130","inc hosp",0
2023-12-16,"US","75-130","inc hosp",0
2023-12-23,"US","75-130","inc hosp",0
2023-12-30,"US","75-130","inc hosp",0
2024-01-06,"US","75-130","inc hosp",0
2024-01-13,"US","75-130","inc hosp",0
2024-01-20,"US","75-130","inc hosp",0
2024-01-27,"US","75-130","inc hosp",0
2024-02-03,"US","75-130","inc hosp",0
2024-02-10,"US","75-130","inc hosp",0
2024-02-17,"US","75-130","inc hosp",0
2024-02-24,"US","75-130","inc hosp",0
2024-03-02,"US","75-130","inc hosp",0
2024-03-09,"US","75-130","inc hosp",0
2024-03-16,"US","75-130","inc hosp",0
2024-03-23,"US","75-130","inc hosp",0
2024-03-30,"US","75-130","inc hosp",0
2024-04-06,"US","75-130","inc hosp",0
2024-04-13,"US","75-130","inc hosp",0
2024-04-20,"US","75-130","inc hosp",0
2024-04-27,"US","75-130","inc hosp",0
2024-05-04,"US","75-130","inc hosp",0
2024-05-11,"US","75-130","inc hosp",0
2024-05-18,"US","75-130","inc hosp",0
2024-05-25,"US","75-130","inc hosp",0
2024-06-01,"US","75-130","inc hosp",0
2024-06-08,"US","75-130","inc hosp",0
2024-06-15,"US","75-130","inc hosp",0
2024-06-22,"US","75-130","inc hosp",0
2024-06-29,"US","75-130","inc hosp",0
2024-07-06,"US","75-130","inc hosp",0
2024-07-13,"US","75-130","inc hosp",0
2024-07-20,"US","75-130","inc hosp",0
2024-07-27,"US","75-130","inc hosp",0
2024-08-03,"US","75-130","inc hosp",0
2024-08-10,"US","75-130","inc hosp",0
2024-08-17,"US","75-130","inc hosp",0
2024-08-24,"US","75-130","inc hosp",0
2024-08-31,"US","75-130","inc hosp",0
2024-09-07,"US","75-130","inc hosp",0
2024-09-14,"US","75-130","inc hosp",0
2024-09-21,"US","75-130","inc hosp",0
2024-09-28,"US","75-130","inc hosp",0
2024-10-05,"US","75-130","inc hosp",0
2024-10-12,"US","75-130","inc hosp",0
2024-10-19,"US","75-130","inc hosp",0
2024-10-26,"US","75-130","inc hosp",0
2024-11-02,"US","75-130","inc hosp",0
2024-11-09,"US","75-130","inc hosp",0
2024-11-16,"US","75-130","inc hosp",0
2024-11-23,"US","75-130","inc hosp",0
2024-11-30,"US","75-130","inc hosp",0
2024-12-07,"US","75-130","inc hosp",0
2024-12-14,"US","75-130","inc hosp",0
2024-12-21,"US","75-130","inc hosp",0
2024-12-28,"US","75-130","inc hosp",0
2025-01-04,"US","75-130","inc hosp",0
2025-01-11,"US","75-130","inc hosp",0
2025-01-18,"US","75-130","inc hosp",0
2025-01-25,"US","75-130","inc hosp",0
2025-02-01,"US","75-130","inc hosp",0
2025-02-08,"US","75-130","inc hosp",0
2025-02-15,"US","75-130","inc hosp",0
2025-02-22,"US","75-130","inc hosp",0
2025-03-01,"US","75-130","inc hosp",0
2025-03-08,"US","75-130","inc hosp",0
2025-03-15,"US","75-130","inc hosp",0
2025-03-22,"US","75-130","inc hosp",0
2025-03-29,"US","75-130","inc hosp",0
2025-04-05,"US","75-130","inc hosp",0
2025-04-12,"US","75-130","inc hosp",0
2025-04-19,"US","75-130","inc hosp",0
2025-04-26,"US","75-130","inc hosp",0
2025-05-03,"US","75-130","inc hosp",0
2025-05-10,"US","75-130","inc hosp",0
2025-05-17,"US","75-130","inc hosp",0
2025-05-24,"US","75-130","inc hosp",0
2025-05-31,"US","75-130","inc hosp",0
2025-06-07,"US","75-130","inc hosp",0
2025-06-14,"US","75-130","inc hosp",0
2025-06-21,"US","75-130","inc hosp",0
2025-06-28,"US","75-130","inc hosp",0
2025-07-05,"US","75-130","inc hosp",0
2025-07-12,"US","75-130","inc hosp",0
2025-07-19,"US","75-130","inc hosp",0
2025-07-26,"US","75-130","inc hosp",0
2025-08-02,"US","75-130","inc hosp",0
2025-08-09,"US","75-130","inc hosp",0
2025-08-16,"US","75-130","inc hosp",0
2025-08-23,"US","75-130","inc hosp",0
2025-08-30,"US","75-130","inc hosp",0
2025-09-06,"US","75-130","inc hosp",0
2025-09-13,"US","75-130","inc hosp",0
2025-09-20,"US","75-130","inc hosp",0
2025-09-27,"US","75-130","inc hosp",0
2025-10-04,"US","75-130","inc hosp",0
2025-10-11,"US","75-130","inc hosp",0
2025-10-18,"US","75-130","inc hosp",0
2025-10-25,"US","75-130","inc hosp",0
2025-11-01,"US","75-130","inc hosp",0
2025-11-08,"US","75-130","inc hosp",0
2025-11-15,"US","75-130","inc hosp",0
2025-11-22,"US","75-130","inc hosp",0
2025-11-29,"US","75-130","inc hosp",0
2025-12-06,"US","75-130","inc hosp",0
2025-12-13,"US","75-130","inc hosp",0
2025-12-20,"US","75-130","inc hosp",0
2025-12-27,"US","75-130","inc hosp",0
2026-01-03,"US","75-130","inc hosp",0
2026-01-10,"US","75-130","inc hosp",0
2026-01-17,"US","75-130","inc hosp",0
2026-01-24,"US","75-130","inc hosp",0
2026-01-31,"US","75-130","inc hosp",0
2026-02-07,"US","75-130","inc hosp",0
2026-02-14,"US","75-130","inc hosp",0
2026-02-21,"US","75-130","inc hosp",0
2026-02-28,"US","75-130","inc hosp",0
2026-03-07,"US","75-130","inc hosp",0
2026-03-14,"US","75-130","inc hosp",0
2026-03-21,"US","75-130","inc hosp",0
2026-03-28,"US","75-130","inc hosp",0
2026-04-04,"US","75-130","inc hosp",0
2026-04-11,"US","75-130","inc hosp",0
2026-04-18,"US","75-130","inc hosp",0
2026-04-25,"US","75-130","inc hosp",0
2026-05-02,"US","75-130","inc hosp",0
2026-05-09,"US","75-130","inc hosp",0
2026-05-16,"US","75-130","inc hosp",0
2026-05-23,"US","75-130","inc hosp",0
2026-05-30,"US","75-130","inc hosp",0
2026-06-06,"US","75-130","inc hosp",0
2026-06-13,"US","75-130","inc hosp",0
2026-06-20,"US","75-130","inc hosp",0
2026-06-27,"US","75-130","inc hosp",0
2026-07-04,"US","75-130","inc hosp",0
2026-07-11,"US","75-130","inc hosp",0
2026-07-18,"US","75-130","inc hosp",0
2026-07-25,"US","75-130","inc hosp",0
2026-08-01,"US","75-130","inc hosp",0
2026-08-08,"US","75-130","inc hosp",0
2026-08-15,"US","75-130","inc hosp",0
2026-08-22,"US","75-130","inc hosp",0
2018-10-06,"US","18-130","inc hosp",0
2018-10-13,"US","18-130","inc hosp",0
2018-10-20,"US","18-130","inc hosp",252.267
2018-10-27,"US","18-130","inc hosp",252.267
2018-11-03,"US","18-130","inc hosp",252.267
2018-11-10,"US","18-130","inc hosp",252.267
2018-11-17,"US","18-130","inc hosp",252.267
2018-11-24,"US","18-130","inc hosp",252.267
2018-12-01,"US","18-130","inc hosp",756.801
2018-12-08,"US","18-130","inc hosp",756.801
2018-12-15,"US","18-130","inc hosp",756.801
2018-12-22,"US","18-130","inc hosp",1261.335
2018-12-29,"US","18-130","inc hosp",1765.869
2019-01-05,"US","18-130","inc hosp",2540.5558
2019-01-12,"US","18-130","inc hosp",2540.5558
2019-01-19,"US","18-130","inc hosp",1778.38906
2019-01-26,"US","18-130","inc hosp",1524.33348
2019-02-02,"US","18-130","inc hosp",1778.38906
2019-02-09,"US","18-130","inc hosp",1524.33348
2019-02-16,"US","18-130","inc hosp",1778.38906
2019-02-23,"US","18-130","inc hosp",1778.38906
2019-03-02,"US","18-130","inc hosp",1524.33348
2019-03-09,"US","18-130","inc hosp",1270.2779
2019-03-16,"US","18-130","inc hosp",1016.22232
2019-03-23,"US","18-130","inc hosp",1016.22232
2019-03-30,"US","18-130","inc hosp",762.16674
2019-04-06,"US","18-130","inc hosp",762.16674
2019-04-13,"US","18-130","inc hosp",508.11116
2019-04-20,"US","18-130","inc hosp",254.05558
2019-04-27,"US","18-130","inc hosp",254.05558
2019-05-04,"US","18-130","inc hosp",0
2019-10-05,"US","18-130","inc hosp",0
2019-10-12,"US","18-130","inc hosp",254.05558
2019-10-19,"US","18-130","inc hosp",0
2019-10-26,"US","18-130","inc hosp",254.05558
2019-11-02,"US","18-130","inc hosp",254.05558
2019-11-09,"US","18-130","inc hosp",254.05558
2019-11-16,"US","18-130","inc hosp",508.11116
2019-11-23,"US","18-130","inc hosp",508.11116
2019-11-30,"US","18-130","inc hosp",762.16674
2019-12-07,"US","18-130","inc hosp",1524.33348
2019-12-14,"US","18-130","inc hosp",1778.38906
2019-12-21,"US","18-130","inc hosp",2032.44464
2019-12-28,"US","18-130","inc hosp",2540.5558
2020-01-04,"US","18-130","inc hosp",3854.735295
2020-01-11,"US","18-130","inc hosp",3083.788236
2020-01-18,"US","18-130","inc hosp",2312.841177
2020-01-25,"US","18-130","inc hosp",2312.841177
2020-02-01,"US","18-130","inc hosp",2312.841177
2020-02-08,"US","18-130","inc hosp",1798.876471
2020-02-15,"US","18-130","inc hosp",2055.858824
2020-02-22,"US","18-130","inc hosp",1798.876471
2020-02-29,"US","18-130","inc hosp",1541.894118
2020-03-07,"US","18-130","inc hosp",1541.894118
2020-03-14,"US","18-130","inc hosp",1541.894118
2020-03-21,"US","18-130","inc hosp",1027.929412
2020-03-28,"US","18-130","inc hosp",513.964706
2020-04-04,"US","18-130","inc hosp",256.982353
2020-04-11,"US","18-130","inc hosp",0
2020-04-18,"US","18-130","inc hosp",0
2020-04-25,"US","18-130","inc hosp",0
2020-05-02,"US","18-130","inc hosp",0
2020-10-03,"US","18-130","inc hosp",0
2020-10-10,"US","18-130","inc hosp",0
2020-10-17,"US","18-130","inc hosp",0
2020-10-24,"US","18-130","inc hosp",0
2020-10-31,"US","18-130","inc hosp",0
2020-11-07,"US","18-130","inc hosp",0
2020-11-14,"US","18-130","inc hosp",0
2020-11-21,"US","18-130","inc hosp",0
2020-11-28,"US","18-130","inc hosp",0
2020-12-05,"US","18-130","inc hosp",0
2020-12-12,"US","18-130","inc hosp",0
2020-12-19,"US","18-130","inc hosp",0
2020-12-26,"US","18-130","inc hosp",0
2021-01-02,"US","18-130","inc hosp",0
2021-01-09,"US","18-130","inc hosp",0
2021-01-16,"US","18-130","inc hosp",0
2021-01-23,"US","18-130","inc hosp",0
2021-01-30,"US","18-130","inc hosp",0
2021-02-06,"US","18-130","inc hosp",0
2021-02-13,"US","18-130","inc hosp",0
2021-02-20,"US","18-130","inc hosp",0
2021-02-27,"US","18-130","inc hosp",0
2021-03-06,"US","18-130","inc hosp",0
2021-03-13,"US","18-130","inc hosp",0
2021-03-20,"US","18-130","inc hosp",0
2021-03-27,"US","18-130","inc hosp",0
2021-04-03,"US","18-130","inc hosp",0
2021-04-10,"US","18-130","inc hosp",0
2021-04-17,"US","18-130","inc hosp",0
2021-04-24,"US","18-130","inc hosp",0
2021-05-01,"US","18-130","inc hosp",0
2021-05-08,"US","18-130","inc hosp",0
2021-05-15,"US","18-130","inc hosp",0
2021-05-22,"US","18-130","inc hosp",0
2021-05-29,"US","18-130","inc hosp",0
2021-06-05,"US","18-130","inc hosp",0
2021-06-12,"US","18-130","inc hosp",0
2021-06-19,"US","18-130","inc hosp",0
2021-06-26,"US","18-130","inc hosp",258.091544
2021-07-03,"US","18-130","inc hosp",258.091544
2021-07-10,"US","18-130","inc hosp",258.091544
2021-07-17,"US","18-130","inc hosp",258.091544
2021-07-24,"US","18-130","inc hosp",516.183088
2021-07-31,"US","18-130","inc hosp",516.183088
2021-08-07,"US","18-130","inc hosp",516.183088
2021-08-14,"US","18-130","inc hosp",516.183088
2021-08-21,"US","18-130","inc hosp",258.091544
2021-08-28,"US","18-130","inc hosp",516.183088
2021-09-04,"US","18-130","inc hosp",516.183088
2021-09-11,"US","18-130","inc hosp",516.183088
2021-09-18,"US","18-130","inc hosp",516.183088
2021-09-25,"US","18-130","inc hosp",516.183088
2021-10-02,"US","18-130","inc hosp",774.274632
2021-10-09,"US","18-130","inc hosp",774.274632
2021-10-16,"US","18-130","inc hosp",774.274632
2021-10-23,"US","18-130","inc hosp",1032.366176
2021-10-30,"US","18-130","inc hosp",1032.366176
2021-11-06,"US","18-130","inc hosp",1032.366176
2021-11-13,"US","18-130","inc hosp",1290.45772
2021-11-20,"US","18-130","inc hosp",1032.366176
2021-11-27,"US","18-130","inc hosp",1032.366176
2021-12-04,"US","18-130","inc hosp",1548.549264
2021-12-11,"US","18-130","inc hosp",1806.640808
2021-12-18,"US","18-130","inc hosp",1548.549264
2021-12-25,"US","18-130","inc hosp",1548.549264
2022-01-01,"US","18-130","inc hosp",1548.549264
2022-01-08,"US","18-130","inc hosp",1298.755855
2022-01-15,"US","18-130","inc hosp",779.253513
2022-01-22,"US","18-130","inc hosp",519.502342
2022-01-29,"US","18-130","inc hosp",259.751171
2022-02-05,"US","18-130","inc hosp",259.751171
2022-02-12,"US","18-130","inc hosp",259.751171
2022-02-19,"US","18-130","inc hosp",259.751171
2022-02-26,"US","18-130","inc hosp",259.751171
2022-03-05,"US","18-130","inc hosp",259.751171
2022-03-12,"US","18-130","inc hosp",259.751171
2022-03-19,"US","18-130","inc hosp",259.751171
2022-03-26,"US","18-130","inc hosp",259.751171
2022-04-02,"US","18-130","inc hosp",259.751171
2022-04-09,"US","18-130","inc hosp",259.751171
2022-04-16,"US","18-130","inc hosp",259.751171
2022-04-23,"US","18-130","inc hosp",259.751171
2022-04-30,"US","18-130","inc hosp",259.751171
2022-05-07,"US","18-130","inc hosp",0
2022-05-14,"US","18-130","inc hosp",259.751171
2022-05-21,"US","18-130","inc hosp",0
2022-05-28,"US","18-130","inc hosp",259.751171
2022-06-04,"US","18-130","inc hosp",0
2022-06-11,"US","18-130","inc hosp",259.751171
2022-06-18,"US","18-130","inc hosp",259.751171
2022-06-25,"US","18-130","inc hosp",259.751171
2022-07-02,"US","18-130","inc hosp",259.751171
2022-07-09,"US","18-130","inc hosp",259.751171
2022-07-16,"US","18-130","inc hosp",259.751171
2022-07-23,"US","18-130","inc hosp",259.751171
2022-07-30,"US","18-130","inc hosp",259.751171
2022-08-06,"US","18-130","inc hosp",259.751171
2022-08-13,"US","18-130","inc hosp",259.751171
2022-08-20,"US","18-130","inc hosp",259.751171
2022-08-27,"US","18-130","inc hosp",259.751171
2022-09-03,"US","18-130","inc hosp",519.502342
2022-09-10,"US","18-130","inc hosp",519.502342
2022-09-17,"US","18-130","inc hosp",779.253513
2022-09-24,"US","18-130","inc hosp",519.502342
2022-10-01,"US","18-130","inc hosp",779.253513
2022-10-08,"US","18-130","inc hosp",0
2022-10-15,"US","18-130","inc hosp",0
2022-10-22,"US","18-130","inc hosp",0
2022-10-29,"US","18-130","inc hosp",0
2022-11-05,"US","18-130","inc hosp",0
2022-11-12,"US","18-130","inc hosp",0
2022-11-19,"US","18-130","inc hosp",0
2022-11-26,"US","18-130","inc hosp",0
2022-12-03,"US","18-130","inc hosp",0
2022-12-10,"US","18-130","inc hosp",0
2022-12-17,"US","18-130","inc hosp",0
2022-12-24,"US","18-130","inc hosp",0
2022-12-31,"US","18-130","inc hosp",0
2023-01-07,"US","18-130","inc hosp",0
2023-01-14,"US","18-130","inc hosp",0
2023-01-21,"US","18-130","inc hosp",0
2023-01-28,"US","18-130","inc hosp",0
2023-02-04,"US","18-130","inc hosp",0
2023-02-11,"US","18-130","inc hosp",0
2023-02-18,"US","18-130","inc hosp",0
2023-02-25,"US","18-130","inc hosp",0
2023-03-04,"US","18-130","inc hosp",0
2023-03-11,"US","18-130","inc hosp",0
2023-03-18,"US","18-130","inc hosp",0
2023-03-25,"US","18-130","inc hosp",0
2023-04-01,"US","18-130","inc hosp",0
2023-04-08,"US","18-130","inc hosp",0
2023-04-15,"US","18-130","inc hosp",0
2023-04-22,"US","18-130","inc hosp",0
2023-04-29,"US","18-130","inc hosp",0
2023-05-06,"US","18-130","inc hosp",0
2023-05-13,"US","18-130","inc hosp",0
2023-05-20,"US","18-130","inc hosp",0
2023-05-27,"US","18-130","inc hosp",0
2023-06-03,"US","18-130","inc hosp",0
2023-06-10,"US","18-130","inc hosp",0
2023-06-17,"US","18-130","inc hosp",0
2023-06-24,"US","18-130","inc hosp",0
2023-07-01,"US","18-130","inc hosp",0
2023-07-08,"US","18-130","inc hosp",0
2023-07-15,"US","18-130","inc hosp",0
2023-07-22,"US","18-130","inc hosp",0
2023-07-29,"US","18-130","inc hosp",0
2023-08-05,"US","18-130","inc hosp",0
2023-08-12,"US","18-130","inc hosp",0
2023-08-19,"US","18-130","inc hosp",0
2023-08-26,"US","18-130","inc hosp",0
2023-09-02,"US","18-130","inc hosp",0
2023-09-09,"US","18-130","inc hosp",0
2023-09-16,"US","18-130","inc hosp",0
2023-09-23,"US","18-130","inc hosp",0
2023-09-30,"US","18-130","inc hosp",0
2023-10-07,"US","18-130","inc hosp",0
2023-10-14,"US","18-130","inc hosp",0
2023-10-21,"US","18-130","inc hosp",0
2023-10-28,"US","18-130","inc hosp",0
2023-11-04,"US","18-130","inc hosp",0
2023-11-11,"US","18-130","inc hosp",0
2023-11-18,"US","18-130","inc hosp",0
2023-11-25,"US","18-130","inc hosp",0
2023-12-02,"US","18-130","inc hosp",0
2023-12-09,"US","18-130","inc hosp",0
2023-12-16,"US","18-130","inc hosp",0
2023-12-23,"US","18-130","inc hosp",0
2023-12-30,"US","18-130","inc hosp",0
2024-01-06,"US","18-130","inc hosp",0
2024-01-13,"US","18-130","inc hosp",0
2024-01-20,"US","18-130","inc hosp",0
2024-01-27,"US","18-130","inc hosp",0
2024-02-03,"US","18-130","inc hosp",0
2024-02-10,"US","18-130","inc hosp",0
2024-02-17,"US","18-130","inc hosp",0
2024-02-24,"US","18-130","inc hosp",0
2024-03-02,"US","18-130","inc hosp",0
2024-03-09,"US","18-130","inc hosp",0
2024-03-16,"US","18-130","inc hosp",0
2024-03-23,"US","18-130","inc hosp",0
2024-03-30,"US","18-130","inc hosp",0
2024-04-06,"US","18-130","inc hosp",0
2024-04-13,"US","18-130","inc hosp",0
2024-04-20,"US","18-130","inc hosp",0
2024-04-27,"US","18-130","inc hosp",0
2024-05-04,"US","18-130","inc hosp",0
2024-05-11,"US","18-130","inc hosp",0
2024-05-18,"US","18-130","inc hosp",0
2024-05-25,"US","18-130","inc hosp",0
2024-06-01,"US","18-130","inc hosp",0
2024-06-08,"US","18-130","inc hosp",0
2024-06-15,"US","18-130","inc hosp",0
2024-06-22,"US","18-130","inc hosp",0
2024-06-29,"US","18-130","inc hosp",0
2024-07-06,"US","18-130","inc hosp",0
2024-07-13,"US","18-130","inc hosp",0
2024-07-20,"US","18-130","inc hosp",0
2024-07-27,"US","18-130","inc hosp",0
2024-08-03,"US","18-130","inc hosp",0
2024-08-10,"US","18-130","inc hosp",0
2024-08-17,"US","18-130","inc hosp",0
2024-08-24,"US","18-130","inc hosp",0
2024-08-31,"US","18-130","inc hosp",0
2024-09-07,"US","18-130","inc hosp",0
2024-09-14,"US","18-130","inc hosp",0
2024-09-21,"US","18-130","inc hosp",0
2024-09-28,"US","18-130","inc hosp",0
2024-10-05,"US","18-130","inc hosp",0
2024-10-12,"US","18-130","inc hosp",0
2024-10-19,"US","18-130","inc hosp",0
2024-10-26,"US","18-130","inc hosp",0
2024-11-02,"US","18-130","inc hosp",0
2024-11-09,"US","18-130","inc hosp",0
2024-11-16,"US","18-130","inc hosp",0
2024-11-23,"US","18-130","inc hosp",0
2024-11-30,"US","18-130","inc hosp",0
2024-12-07,"US","18-130","inc hosp",0
2024-12-14,"US","18-130","inc hosp",0
2024-12-21,"US","18-130","inc hosp",0
2024-12-28,"US","18-130","inc hosp",0
2025-01-04,"US","18-130","inc hosp",0
2025-01-11,"US","18-130","inc hosp",0
2025-01-18,"US","18-130","inc hosp",0
2025-01-25,"US","18-130","inc hosp",0
2025-02-01,"US","18-130","inc hosp",0
2025-02-08,"US","18-130","inc hosp",0
2025-02-15,"US","18-130","inc hosp",0
2025-02-22,"US","18-130","inc hosp",0
2025-03-01,"US","18-130","inc hosp",0
2025-03-08,"US","18-130","inc hosp",0
2025-03-15,"US","18-130","inc hosp",0
2025-03-22,"US","18-130","inc hosp",0
2025-03-29,"US","18-130","inc hosp",0
2025-04-05,"US","18-130","inc hosp",0
2025-04-12,"US","18-130","inc hosp",0
2025-04-19,"US","18-130","inc hosp",0
2025-04-26,"US","18-130","inc hosp",0
2025-05-03,"US","18-130","inc hosp",0
2025-05-10,"US","18-130","inc hosp",0
2025-05-17,"US","18-130","inc hosp",0
2025-05-24,"US","18-130","inc hosp",0
2025-05-31,"US","18-130","inc hosp",0
2025-06-07,"US","18-130","inc hosp",0
2025-06-14,"US","18-130","inc hosp",0
2025-06-21,"US","18-130","inc hosp",0
2025-06-28,"US","18-130","inc hosp",0
2025-07-05,"US","18-130","inc hosp",0
2025-07-12,"US","18-130","inc hosp",0
2025-07-19,"US","18-130","inc hosp",0
2025-07-26,"US","18-130","inc hosp",0
2025-08-02,"US","18-130","inc hosp",0
2025-08-09,"US","18-130","inc hosp",0
2025-08-16,"US","18-130","inc hosp",0
2025-08-23,"US","18-130","inc hosp",0
2025-08-30,"US","18-130","inc hosp",0
2025-09-06,"US","18-130","inc hosp",0
2025-09-13,"US","18-130","inc hosp",0
2025-09-20,"US","18-130","inc hosp",0
2025-09-27,"US","18-130","inc hosp",0
2025-10-04,"US","18-130","inc hosp",0
2025-10-11,"US","18-130","inc hosp",0
2025-10-18,"US","18-130","inc hosp",0
2025-10-25,"US","18-130","inc hosp",0
2025-11-01,"US","18-130","inc hosp",0
2025-11-08,"US","18-130","inc hosp",0
2025-11-15,"US","18-130","inc hosp",0
2025-11-22,"US","18-130","inc hosp",0
2025-11-29,"US","18-130","inc hosp",0
2025-12-06,"US","18-130","inc hosp",0
2025-12-13,"US","18-130","inc hosp",0
2025-12-20,"US","18-130","inc hosp",0
2025-12-27,"US","18-130","inc hosp",0
2026-01-03,"US","18-130","inc hosp",0
2026-01-10,"US","18-130","inc hosp",0
2026-01-17,"US","18-130","inc hosp",0
2026-01-24,"US","18-130","inc hosp",0
2026-01-31,"US","18-130","inc hosp",0
2026-02-07,"US","18-130","inc hosp",0
2026-02-14,"US","18-130","inc hosp",0
2026-02-21,"US","18-130","inc hosp",0
2026-02-28,"US","18-130","inc hosp",0
2026-03-07,"US","18-130","inc hosp",0
2026-03-14,"US","18-130","inc hosp",0
2026-03-21,"US","18-130","inc hosp",0
2026-03-28,"US","18-130","inc hosp",0
2026-04-04,"US","18-130","inc hosp",0
2026-04-11,"US","18-130","inc hosp",0
2026-04-18,"US","18-130","inc hosp",0
2026-04-25,"US","18-130","inc hosp",0
2026-05-02,"US","18-130","inc hosp",0
2026-05-09,"US","18-130","inc hosp",0
2026-05-16,"US","18-130","inc hosp",0
2026-05-23,"US","18-130","inc hosp",0
2026-05-30,"US","18-130","inc hosp",0
2026-06-06,"US","18-130","inc hosp",0
2026-06-13,"US","18-130","inc hosp",0
2026-06-20,"US","18-130","inc hosp",0
2026-06-27,"US","18-130","inc hosp",0
2026-07-04,"US","18-130","inc hosp",0
2026-07-11,"US","18-130","inc hosp",0
2026-07-18,"US","18-130","inc hosp",0
2026-07-25,"US","18-130","inc hosp",0
2026-08-01,"US","18-130","inc hosp",0
2026-08-08,"US","18-130","inc hosp",0
2026-08-15,"US","18-130","inc hosp",0
2026-08-22,"US","18-130","inc hosp",0
2018-10-06,"06","0-130","inc hosp",0
2018-10-13,"06","0-130","inc hosp",39.281374
2018-10-20,"06","0-130","inc hosp",39.281374
2018-10-27,"06","0-130","inc hosp",78.562748
2018-11-03,"06","0-130","inc hosp",78.562748
2018-11-10,"06","0-130","inc hosp",78.562748
2018-11-17,"06","0-130","inc hosp",78.562748
2018-11-24,"06","0-130","inc hosp",39.281374
2018-12-01,"06","0-130","inc hosp",157.125496
2018-12-08,"06","0-130","inc hosp",274.969618
2018-12-15,"06","0-130","inc hosp",235.688244
2018-12-22,"06","0-130","inc hosp",353.532366
2018-12-29,"06","0-130","inc hosp",510.657862
2019-01-05,"06","0-130","inc hosp",549.941518
2019-01-12,"06","0-130","inc hosp",549.941518
2019-01-19,"06","0-130","inc hosp",471.378444
2019-01-26,"06","0-130","inc hosp",667.786129
2019-02-02,"06","0-130","inc hosp",707.067666
2019-02-09,"06","0-130","inc hosp",707.067666
2019-02-16,"06","0-130","inc hosp",510.659981
2019-02-23,"06","0-130","inc hosp",746.349203
2019-03-02,"06","0-130","inc hosp",667.786129
2019-03-09,"06","0-130","inc hosp",549.941518
2019-03-16,"06","0-130","inc hosp",392.81537
2019-03-23,"06","0-130","inc hosp",392.81537
2019-03-30,"06","0-130","inc hosp",314.252296
2019-04-06,"06","0-130","inc hosp",274.970759
2019-04-13,"06","0-130","inc hosp",157.126148
2019-04-20,"06","0-130","inc hosp",157.126148
2019-04-27,"06","0-130","inc hosp",39.281537
2019-05-04,"06","0-130","inc hosp",39.281537
2018-10-06,"08","0-130","inc hosp",0
2018-10-13,"08","0-130","inc hosp",0
2018-10-20,"08","0-130","inc hosp",0
2018-10-27,"08","0-130","inc hosp",0
2018-11-03,"08","0-130","inc hosp",0
2018-11-10,"08","0-130","inc hosp",0
2018-11-17,"08","0-130","inc hosp",5.661221
2018-11-24,"08","0-130","inc hosp",5.661221
2018-12-01,"08","0-130","inc hosp",11.322442
2018-12-08,"08","0-130","inc hosp",11.322442
2018-12-15,"08","0-130","inc hosp",22.644884
2018-12-22,"08","0-130","inc hosp",16.983663
2018-12-29,"08","0-130","inc hosp",28.306105
2019-01-05,"08","0-130","inc hosp",34.335318
2019-01-12,"08","0-130","inc hosp",51.502977
2019-01-19,"08","0-130","inc hosp",62.948083
2019-01-26,"08","0-130","inc hosp",68.670636
2019-02-02,"08","0-130","inc hosp",68.670636
2019-02-09,"08","0-130","inc hosp",91.560848
2019-02-16,"08","0-130","inc hosp",97.283401
2019-02-23,"08","0-130","inc hosp",80.115742
2019-03-02,"08","0-130","inc hosp",85.838295
2019-03-09,"08","0-130","inc hosp",62.948083
2019-03-16,"08","0-130","inc hosp",51.502977
2019-03-23,"08","0-130","inc hosp",40.057871
2019-03-30,"08","0-130","inc hosp",5.722553
2019-04-06,"08","0-130","inc hosp",17.167659
2019-04-13,"08","0-130","inc hosp",17.167659
2019-04-20,"08","0-130","inc hosp",11.445106
2019-04-27,"08","0-130","inc hosp",0
2019-05-04,"08","0-130","inc hosp",0
2018-10-06,"09","0-130","inc hosp",0
2018-10-13,"09","0-130","inc hosp",7.135298
2018-10-20,"09","0-130","inc hosp",14.270596
2018-10-27,"09","0-130","inc hosp",7.135298
2018-11-03,"09","0-130","inc hosp",7.135298
2018-11-10,"09","0-130","inc hosp",14.270596
2018-11-17,"09","0-130","inc hosp",14.270596
2018-11-24,"09","0-130","inc hosp",21.405894
2018-12-01,"09","0-130","inc hosp",39.244139
2018-12-08,"09","0-130","inc hosp",24.973543
2018-12-15,"09","0-130","inc hosp",24.973543
2018-12-22,"09","0-130","inc hosp",78.488278
2018-12-29,"09","0-130","inc hosp",156.976556
2019-01-05,"09","0-130","inc hosp",117.450696
2019-01-12,"09","0-130","inc hosp",121.009808
2019-01-19,"09","0-130","inc hosp",64.064016
2019-01-26,"09","0-130","inc hosp",53.38668
2019-02-02,"09","0-130","inc hosp",96.096024
2019-02-09,"09","0-130","inc hosp",32.032008
2019-02-16,"09","0-130","inc hosp",42.709344
2019-02-23,"09","0-130","inc hosp",49.827568
2019-03-02,"09","0-130","inc hosp",14.236448
2019-03-09,"09","0-130","inc hosp",17.79556
2019-03-16,"09","0-130","inc hosp",32.032008
2019-03-23,"09","0-130","inc hosp",14.236448
2019-03-30,"09","0-130","inc hosp",7.118224
2019-04-06,"09","0-130","inc hosp",7.118224
2019-04-13,"09","0-130","inc hosp",7.118224
2019-04-20,"09","0-130","inc hosp",0
2019-04-27,"09","0-130","inc hosp",7.118224
2019-05-04,"09","0-130","inc hosp",0
2018-10-06,"13","0-130","inc hosp",41.826136
2018-10-13,"13","0-130","inc hosp",62.739204
2018-10-20,"13","0-130","inc hosp",73.195738
2018-10-27,"13","0-130","inc hosp",83.652272
2018-11-03,"13","0-130","inc hosp",62.739204
2018-11-10,"13","0-130","inc hosp",115.021874
2018-11-17,"13","0-130","inc hosp",135.934942
2018-11-24,"13","0-130","inc hosp",104.56534
2018-12-01,"13","0-130","inc hosp",167.304544
2018-12-08,"13","0-130","inc hosp",94.108806
2018-12-15,"13","0-130","inc hosp",115.021874
2018-12-22,"13","0-130","inc hosp",146.391476
2018-12-29,"13","0-130","inc hosp",115.021874
2019-01-05,"13","0-130","inc hosp",95.086485
2019-01-12,"13","0-130","inc hosp",73.956155
2019-01-19,"13","0-130","inc hosp",63.39099
2019-01-26,"13","0-130","inc hosp",31.695495
2019-02-02,"13","0-130","inc hosp",52.825825
2019-02-09,"13","0-130","inc hosp",42.26066
2019-02-16,"13","0-130","inc hosp",42.26066
2019-02-23,"13","0-130","inc hosp",21.13033
2019-03-02,"13","0-130","inc hosp",42.26066
2019-03-09,"13","0-130","inc hosp",31.695495
2019-03-16,"13","0-130","inc hosp",21.13033
2019-03-23,"13","0-130","inc hosp",21.13033
2019-03-30,"13","0-130","inc hosp",21.13033
2019-04-06,"13","0-130","inc hosp",21.13033
2019-04-13,"13","0-130","inc hosp",10.565165
2019-04-20,"13","0-130","inc hosp",21.13033
2019-04-27,"13","0-130","inc hosp",0
2019-05-04,"13","0-130","inc hosp",10.565165
2018-10-06,"24","0-130","inc hosp",6.006597
2018-10-13,"24","0-130","inc hosp",6.006597
2018-10-20,"24","0-130","inc hosp",6.006597
2018-10-27,"24","0-130","inc hosp",12.013194
2018-11-03,"24","0-130","inc hosp",12.013194
2018-11-10,"24","0-130","inc hosp",24.026388
2018-11-17,"24","0-130","inc hosp",24.026388
2018-11-24,"24","0-130","inc hosp",24.026388
2018-12-01,"24","0-130","inc hosp",48.052776
2018-12-08,"24","0-130","inc hosp",42.046179
2018-12-15,"24","0-130","inc hosp",60.06597
2018-12-22,"24","0-130","inc hosp",66.072567
2018-12-29,"24","0-130","inc hosp",84.092358
2019-01-05,"24","0-130","inc hosp",108.349164
2019-01-12,"24","0-130","inc hosp",96.310368
2019-01-19,"24","0-130","inc hosp",72.232776
2019-01-26,"24","0-130","inc hosp",66.213378
2019-02-02,"24","0-130","inc hosp",60.19398
2019-02-09,"24","0-130","inc hosp",66.213378
2019-02-16,"24","0-130","inc hosp",60.19398
2019-02-23,"24","0-130","inc hosp",48.155184
2019-03-02,"24","0-130","inc hosp",30.09699
2019-03-09,"24","0-130","inc hosp",30.09699
2019-03-16,"24","0-130","inc hosp",12.038796
2019-03-23,"24","0-130","inc hosp",24.077592
2019-03-30,"24","0-130","inc hosp",18.058194
2019-04-06,"24","0-130","inc hosp",24.077592
2019-04-13,"24","0-130","inc hosp",12.038796
2019-04-20,"24","0-130","inc hosp",6.019398
2019-04-27,"24","0-130","inc hosp",6.019398
2019-05-04,"24","0-130","inc hosp",0
2018-10-06,"26","0-130","inc hosp",39.934308
2018-10-13,"26","0-130","inc hosp",0
2018-10-20,"26","0-130","inc hosp",9.983577
2018-10-27,"26","0-130","inc hosp",0
2018-11-03,"26","0-130","inc hosp",59.901462
2018-11-10,"26","0-130","inc hosp",79.868616
2018-11-17,"26","0-130","inc hosp",59.901462
2018-11-24,"26","0-130","inc hosp",89.852193
2018-12-01,"26","0-130","inc hosp",89.852193
2018-12-08,"26","0-130","inc hosp",179.704386
2018-12-15,"26","0-130","inc hosp",249.589425
2018-12-22,"26","0-130","inc hosp",399.34308
2018-12-29,"26","0-130","inc hosp",399.34308
2019-01-05,"26","0-130","inc hosp",319.394752
2019-01-12,"26","0-130","inc hosp",389.262354
2019-01-19,"26","0-130","inc hosp",269.489322
2019-01-26,"26","0-130","inc hosp",139.735204
2019-02-02,"26","0-130","inc hosp",209.602806
2019-02-09,"26","0-130","inc hosp",89.829774
2019-02-16,"26","0-130","inc hosp",49.90543
2019-02-23,"26","0-130","inc hosp",79.848688
2019-03-02,"26","0-130","inc hosp",59.886516
2019-03-09,"26","0-130","inc hosp",49.90543
2019-03-16,"26","0-130","inc hosp",39.924344
2019-03-23,"26","0-130","inc hosp",79.848688
2019-03-30,"26","0-130","inc hosp",49.90543
2019-04-06,"26","0-130","inc hosp",29.943258
2019-04-13,"26","0-130","inc hosp",29.943258
2019-04-20,"26","0-130","inc hosp",29.943258
2019-04-27,"26","0-130","inc hosp",9.981086
2019-05-04,"26","0-130","inc hosp",0
2018-10-06,"27","0-130","inc hosp",5.606626
2018-10-13,"27","0-130","inc hosp",11.213252
2018-10-20,"27","0-130","inc hosp",22.426504
2018-10-27,"27","0-130","inc hosp",16.819878
2018-11-03,"27","0-130","inc hosp",22.426504
2018-11-10,"27","0-130","inc hosp",33.639756
2018-11-17,"27","0-130","inc hosp",39.246382
2018-11-24,"27","0-130","inc hosp",50.459634
2018-12-01,"27","0-130","inc hosp",78.492764
2018-12-08,"27","0-130","inc hosp",89.706016
2018-12-15,"27","0-130","inc hosp",123.345772
2018-12-22,"27","0-130","inc hosp",106.525894
2018-12-29,"27","0-130","inc hosp",112.13252
2019-01-05,"27","0-130","inc hosp",124.034174
2019-01-12,"27","0-130","inc hosp",107.120423
2019-01-19,"27","0-130","inc hosp",67.655004
2019-01-26,"27","0-130","inc hosp",56.37917
2019-02-02,"27","0-130","inc hosp",50.741253
2019-02-09,"27","0-130","inc hosp",39.465419
2019-02-16,"27","0-130","inc hosp",16.913751
2019-02-23,"27","0-130","inc hosp",28.189585
2019-03-02,"27","0-130","inc hosp",22.551668
2019-03-09,"27","0-130","inc hosp",16.913751
2019-03-16,"27","0-130","inc hosp",11.275834
2019-03-23,"27","0-130","inc hosp",22.551668
2019-03-30,"27","0-130","inc hosp",0
2019-04-06,"27","0-130","inc hosp",11.275834
2019-04-13,"27","0-130","inc hosp",5.637917
2019-04-20,"27","0-130","inc hosp",5.637917
2019-04-27,"27","0-130","inc hosp",5.637917
2019-05-04,"27","0-130","inc hosp",5.637917
2018-10-06,"35","0-130","inc hosp",0
2018-10-13,"35","0-130","inc hosp",0
2018-10-20,"35","0-130","inc hosp",2.082103
2018-10-27,"35","0-130","inc hosp",0
2018-11-03,"35","0-130","inc hosp",0
2018-11-10,"35","0-130","inc hosp",0
2018-11-17,"35","0-130","inc hosp",2.082103
2018-11-24,"35","0-130","inc hosp",2.082103
2018-12-01,"35","0-130","inc hosp",6.246309
2018-12-08,"35","0-130","inc hosp",6.246309
2018-12-15,"35","0-130","inc hosp",2.082103
2018-12-22,"35","0-130","inc hosp",12.492618
2018-12-29,"35","0-130","inc hosp",27.067339
2019-01-05,"35","0-130","inc hosp",31.319685
2019-01-12,"35","0-130","inc hosp",50.111496
2019-01-19,"35","0-130","inc hosp",56.375433
2019-01-26,"35","0-130","inc hosp",64.727349
2019-02-02,"35","0-130","inc hosp",108.574908
2019-02-09,"35","0-130","inc hosp",98.135013
2019-02-16,"35","0-130","inc hosp",85.607139
2019-02-23,"35","0-130","inc hosp",85.607139
2019-03-02,"35","0-130","inc hosp",91.871076
2019-03-09,"35","0-130","inc hosp",85.607139
2019-03-16,"35","0-130","inc hosp",58.463412
2019-03-23,"35","0-130","inc hosp",60.551391
2019-03-30,"35","0-130","inc hosp",39.671601
2019-04-06,"35","0-130","inc hosp",31.319685
2019-04-13,"35","0-130","inc hosp",45.935538
2019-04-20,"35","0-130","inc hosp",25.055748
2019-04-27,"35","0-130","inc hosp",12.527874
2019-05-04,"35","0-130","inc hosp",2.087979
2018-10-06,"36","0-130","inc hosp",0
2018-10-13,"36","0-130","inc hosp",0
2018-10-20,"36","0-130","inc hosp",19.519158
2018-10-27,"36","0-130","inc hosp",0
2018-11-03,"36","0-130","inc hosp",58.557474
2018-11-10,"36","0-130","inc hosp",156.153264
2018-11-17,"36","0-130","inc hosp",58.557474
2018-11-24,"36","0-130","inc hosp",117.114948
2018-12-01,"36","0-130","inc hosp",312.306528
2018-12-08,"36","0-130","inc hosp",409.902318
2018-12-15,"36","0-130","inc hosp",448.940634
2018-12-22,"36","0-130","inc hosp",975.9579
2018-12-29,"36","0-130","inc hosp",975.9579
2019-01-05,"36","0-130","inc hosp",1127.415078
2019-01-12,"36","0-130","inc hosp",971.90955
2019-01-19,"36","0-130","inc hosp",602.583921
2019-01-26,"36","0-130","inc hosp",680.336685
2019-02-02,"36","0-130","inc hosp",680.336685
2019-02-09,"36","0-130","inc hosp",544.269348
2019-02-16,"36","0-130","inc hosp",583.14573
2019-02-23,"36","0-130","inc hosp",272.134674
2019-03-02,"36","0-130","inc hosp",388.76382
2019-03-09,"36","0-130","inc hosp",155.505528
2019-03-16,"36","0-130","inc hosp",194.38191
2019-03-23,"36","0-130","inc hosp",194.38191
2019-03-30,"36","0-130","inc hosp",58.314573
2019-04-06,"36","0-130","inc hosp",116.629146
2019-04-13,"36","0-130","inc hosp",194.38191
2019-04-20,"36","0-130","inc hosp",116.629146
2019-04-27,"36","0-130","inc hosp",116.629146
2019-05-04,"36","0-130","inc hosp",19.438191
2018-10-06,"41","0-130","inc hosp",0
2018-10-13,"41","0-130","inc hosp",4.180959
2018-10-20,"41","0-130","inc hosp",4.180959
2018-10-27,"41","0-130","inc hosp",4.180959
2018-11-03,"41","0-130","inc hosp",4.180959
2018-11-10,"41","0-130","inc hosp",8.361918
2018-11-17,"41","0-130","inc hosp",4.180959
2018-11-24,"41","0-130","inc hosp",12.542877
2018-12-01,"41","0-130","inc hosp",4.180959
2018-12-08,"41","0-130","inc hosp",20.904795
2018-12-15,"41","0-130","inc hosp",29.266713
2018-12-22,"41","0-130","inc hosp",20.904795
2018-12-29,"41","0-130","inc hosp",29.266713
2019-01-05,"41","0-130","inc hosp",21.067685
2019-01-12,"41","0-130","inc hosp",42.13537
2019-01-19,"41","0-130","inc hosp",58.989518
2019-01-26,"41","0-130","inc hosp",42.13537
2019-02-02,"41","0-130","inc hosp",42.13537
2019-02-09,"41","0-130","inc hosp",58.989518
2019-02-16,"41","0-130","inc hosp",96.911351
2019-02-23,"41","0-130","inc hosp",67.416592
2019-03-02,"41","0-130","inc hosp",63.203055
2019-03-09,"41","0-130","inc hosp",63.203055
2019-03-16,"41","0-130","inc hosp",71.630129
2019-03-23,"41","0-130","inc hosp",84.27074
2019-03-30,"41","0-130","inc hosp",63.203055
2019-04-06,"41","0-130","inc hosp",37.921833
2019-04-13,"41","0-130","inc hosp",42.13537
2019-04-20,"41","0-130","inc hosp",12.640611
2019-04-27,"41","0-130","inc hosp",12.640611
2019-05-04,"41","0-130","inc hosp",12.640611
2018-10-06,"US","0-130","inc hosp",325.651278
2018-10-13,"US","0-130","inc hosp",651.302556
2018-10-20,"US","0-130","inc hosp",651.302556
2018-10-27,"US","0-130","inc hosp",976.953834
2018-11-03,"US","0-130","inc hosp",976.953834
2018-11-10,"US","0-130","inc hosp",1628.25639
2018-11-17,"US","0-130","inc hosp",1628.25639
2018-11-24,"US","0-130","inc hosp",1628.25639
2018-12-01,"US","0-130","inc hosp",2930.861502
2018-12-08,"US","0-130","inc hosp",2930.861502
2018-12-15,"US","0-130","inc hosp",3582.164058
2018-12-22,"US","0-130","inc hosp",4559.117892
2018-12-29,"US","0-130","inc hosp",5536.071726
2019-01-05,"US","0-130","inc hosp",5888.574576
2019-01-12,"US","0-130","inc hosp",5888.574576
2019-01-19,"US","0-130","inc hosp",4580.002448
2019-01-26,"US","0-130","inc hosp",4252.859416
2019-02-02,"US","0-130","inc hosp",4907.14548
2019-02-09,"US","0-130","inc hosp",4580.002448
2019-02-16,"US","0-130","inc hosp",3925.716384
2019-02-23,"US","0-130","inc hosp",3925.716384
2019-03-02,"US","0-130","inc hosp",3598.573352
2019-03-09,"US","0-130","inc hosp",2617.144256
2019-03-16,"US","0-130","inc hosp",2290.001224
2019-03-23,"US","0-130","inc hosp",2290.001224
2019-03-30,"US","0-130","inc hosp",1635.71516
2019-04-06,"US","0-130","inc hosp",1308.572128
2019-04-13,"US","0-130","inc hosp",981.429096
2019-04-20,"US","0-130","inc hosp",981.429096
2019-04-27,"US","0-130","inc hosp",327.143032
2019-05-04,"US","0-130","inc hosp",327.143032
2018-10-06,"47","0-130","inc hosp",6.757828
2018-10-13,"47","0-130","inc hosp",33.78914
2018-10-20,"47","0-130","inc hosp",47.304796
2018-10-27,"47","0-130","inc hosp",47.304796
2018-11-03,"47","0-130","inc hosp",40.546968
2018-11-10,"47","0-130","inc hosp",67.57828
2018-11-17,"47","0-130","inc hosp",74.336108
2018-11-24,"47","0-130","inc hosp",94.609592
2018-12-01,"47","0-130","inc hosp",148.672216
2018-12-08,"47","0-130","inc hosp",148.672216
2018-12-15,"47","0-130","inc hosp",141.914388
2018-12-22,"47","0-130","inc hosp",155.430044
2018-12-29,"47","0-130","inc hosp",175.703528
2019-01-05,"47","0-130","inc hosp",238.34909
2019-01-12,"47","0-130","inc hosp",156.629402
2019-01-19,"47","0-130","inc hosp",88.529662
2019-01-26,"47","0-130","inc hosp",68.09974
2019-02-02,"47","0-130","inc hosp",54.479792
2019-02-09,"47","0-130","inc hosp",40.859844
2019-02-16,"47","0-130","inc hosp",34.04987
2019-02-23,"47","0-130","inc hosp",61.289766
2019-03-02,"47","0-130","inc hosp",34.04987
2019-03-09,"47","0-130","inc hosp",20.429922
2019-03-16,"47","0-130","inc hosp",34.04987
2019-03-23,"47","0-130","inc hosp",34.04987
2019-03-30,"47","0-130","inc hosp",13.619948
2019-04-06,"47","0-130","inc hosp",13.619948
2019-04-13,"47","0-130","inc hosp",13.619948
2019-04-20,"47","0-130","inc hosp",13.619948
2019-04-27,"47","0-130","inc hosp",6.809974
2019-05-04,"47","0-130","inc hosp",0
2018-10-06,"49","0-130","inc hosp",3.150318
2018-10-13,"49","0-130","inc hosp",0
2018-10-20,"49","0-130","inc hosp",0
2018-10-27,"49","0-130","inc hosp",3.150318
2018-11-03,"49","0-130","inc hosp",0
2018-11-10,"49","0-130","inc hosp",3.150318
2018-11-17,"49","0-130","inc hosp",6.300636
2018-11-24,"49","0-130","inc hosp",3.150318
2018-12-01,"49","0-130","inc hosp",25.202544
2018-12-08,"49","0-130","inc hosp",6.300636
2018-12-15,"49","0-130","inc hosp",28.352862
2018-12-22,"49","0-130","inc hosp",37.803816
2018-12-29,"49","0-130","inc hosp",88.208904
2019-01-05,"49","0-130","inc hosp",63.97094
2019-01-12,"49","0-130","inc hosp",131.140427
2019-01-19,"49","0-130","inc hosp",95.95641
2019-01-26,"49","0-130","inc hosp",111.949145
2019-02-02,"49","0-130","inc hosp",159.92735
2019-02-09,"49","0-130","inc hosp",172.721538
2019-02-16,"49","0-130","inc hosp",99.154957
2019-02-23,"49","0-130","inc hosp",127.94188
2019-03-02,"49","0-130","inc hosp",111.949145
2019-03-09,"49","0-130","inc hosp",51.176752
2019-03-16,"49","0-130","inc hosp",51.176752
2019-03-23,"49","0-130","inc hosp",28.786923
2019-03-30,"49","0-130","inc hosp",31.98547
2019-04-06,"49","0-130","inc hosp",28.786923
2019-04-13,"49","0-130","inc hosp",15.992735
2019-04-20,"49","0-130","inc hosp",25.588376
2019-04-27,"49","0-130","inc hosp",3.198547
2019-05-04,"49","0-130","inc hosp",3.198547
2019-10-05,"06","0-130","inc hosp",0
2019-10-12,"06","0-130","inc hosp",0
2019-10-19,"06","0-130","inc hosp",39.281537
2019-10-26,"06","0-130","inc hosp",78.563074
2019-11-02,"06","0-130","inc hosp",39.281537
2019-11-09,"06","0-130","inc hosp",117.844611
2019-11-16,"06","0-130","inc hosp",117.844611
2019-11-23,"06","0-130","inc hosp",157.126148
2019-11-30,"06","0-130","inc hosp",157.126148
2019-12-07,"06","0-130","inc hosp",314.252296
2019-12-14,"06","0-130","inc hosp",314.252296
2019-12-21,"06","0-130","inc hosp",353.533833
2019-12-28,"06","0-130","inc hosp",432.096907
2020-01-04,"06","0-130","inc hosp",708.407406
2020-01-11,"06","0-130","inc hosp",669.051439
2020-01-18,"06","0-130","inc hosp",590.339505
2020-01-25,"06","0-130","inc hosp",669.051439
2020-02-01,"06","0-130","inc hosp",669.051439
2020-02-08,"06","0-130","inc hosp",629.695472
2020-02-15,"06","0-130","inc hosp",629.695472
2020-02-22,"06","0-130","inc hosp",629.695472
2020-02-29,"06","0-130","inc hosp",629.695472
2020-03-07,"06","0-130","inc hosp",393.55967
2020-03-14,"06","0-130","inc hosp",314.847736
2020-03-21,"06","0-130","inc hosp",157.423868
2020-03-28,"06","0-130","inc hosp",118.067901
2020-04-04,"06","0-130","inc hosp",39.355967
2020-04-11,"06","0-130","inc hosp",39.355967
2020-04-18,"06","0-130","inc hosp",0
2020-04-25,"06","0-130","inc hosp",0
2020-05-02,"06","0-130","inc hosp",0
2019-10-05,"08","0-130","inc hosp",0
2019-10-12,"08","0-130","inc hosp",0
2019-10-19,"08","0-130","inc hosp",0
2019-10-26,"08","0-130","inc hosp",0
2019-11-02,"08","0-130","inc hosp",5.722553
2019-11-09,"08","0-130","inc hosp",11.445106
2019-11-16,"08","0-130","inc hosp",17.167659
2019-11-23,"08","0-130","inc hosp",17.167659
2019-11-30,"08","0-130","inc hosp",28.612765
2019-12-07,"08","0-130","inc hosp",57.22553
2019-12-14,"08","0-130","inc hosp",40.057871
2019-12-21,"08","0-130","inc hosp",91.560848
2019-12-28,"08","0-130","inc hosp",143.063825
2020-01-04,"08","0-130","inc hosp",132.192937
2020-01-11,"08","0-130","inc hosp",137.940456
2020-01-18,"08","0-130","inc hosp",149.435494
2020-01-25,"08","0-130","inc hosp",160.930532
2020-02-01,"08","0-130","inc hosp",149.435494
2020-02-08,"08","0-130","inc hosp",120.697899
2020-02-15,"08","0-130","inc hosp",132.192937
2020-02-22,"08","0-130","inc hosp",80.465266
2020-02-29,"08","0-130","inc hosp",114.95038
2020-03-07,"08","0-130","inc hosp",132.192937
2020-03-14,"08","0-130","inc hosp",109.202861
2020-03-21,"08","0-130","inc hosp",91.960304
2020-03-28,"08","0-130","inc hosp",51.727671
2020-04-04,"08","0-130","inc hosp",17.242557
2020-04-11,"08","0-130","inc hosp",11.495038
2020-04-18,"08","0-130","inc hosp",5.747519
2020-04-25,"08","0-130","inc hosp",0
2020-05-02,"08","0-130","inc hosp",0
2019-10-05,"09","0-130","inc hosp",3.559112
2019-10-12,"09","0-130","inc hosp",14.236448
2019-10-19,"09","0-130","inc hosp",3.559112
2019-10-26,"09","0-130","inc hosp",14.236448
2019-11-02,"09","0-130","inc hosp",17.79556
2019-11-09,"09","0-130","inc hosp",14.236448
2019-11-16,"09","0-130","inc hosp",14.236448
2019-11-23,"09","0-130","inc hosp",28.472896
2019-11-30,"09","0-130","inc hosp",21.354672
2019-12-07,"09","0-130","inc hosp",39.150232
2019-12-14,"09","0-130","inc hosp",113.891584
2019-12-21,"09","0-130","inc hosp",103.214248
2019-12-28,"09","0-130","inc hosp",117.450696
2020-01-04,"09","0-130","inc hosp",129.330756
2020-01-11,"09","0-130","inc hosp",82.627983
2020-01-18,"09","0-130","inc hosp",75.442941
2020-01-25,"09","0-130","inc hosp",53.887815
2020-02-01,"09","0-130","inc hosp",57.480336
2020-02-08,"09","0-130","inc hosp",25.147647
2020-02-15,"09","0-130","inc hosp",64.665378
2020-02-22,"09","0-130","inc hosp",25.147647
2020-02-29,"09","0-130","inc hosp",32.332689
2020-03-07,"09","0-130","inc hosp",28.740168
2020-03-14,"09","0-130","inc hosp",32.332689
2020-03-21,"09","0-130","inc hosp",25.147647
2020-03-28,"09","0-130","inc hosp",14.370084
2020-04-04,"09","0-130","inc hosp",0
2020-04-11,"09","0-130","inc hosp",0
2020-04-18,"09","0-130","inc hosp",0
2020-04-25,"09","0-130","inc hosp",0
2020-05-02,"09","0-130","inc hosp",0
2019-10-05,"13","0-130","inc hosp",52.825825
2019-10-12,"13","0-130","inc hosp",52.825825
2019-10-19,"13","0-130","inc hosp",105.65165
2019-10-26,"13","0-130","inc hosp",126.78198
2019-11-02,"13","0-130","inc hosp",169.04264
2019-11-09,"13","0-130","inc hosp",147.91231
2019-11-16,"13","0-130","inc hosp",190.17297
2019-11-23,"13","0-130","inc hosp",211.3033
2019-11-30,"13","0-130","inc hosp",147.91231
2019-12-07,"13","0-130","inc hosp",221.868465
2019-12-14,"13","0-130","inc hosp",158.477475
2019-12-21,"13","0-130","inc hosp",137.347145
2019-12-28,"13","0-130","inc hosp",116.216815
2020-01-04,"13","0-130","inc hosp",138.677318
2020-01-11,"13","0-130","inc hosp",85.339888
2020-01-18,"13","0-130","inc hosp",64.004916
2020-01-25,"13","0-130","inc hosp",42.669944
2020-02-01,"13","0-130","inc hosp",53.33743
2020-02-08,"13","0-130","inc hosp",53.33743
2020-02-15,"13","0-130","inc hosp",42.669944
2020-02-22,"13","0-130","inc hosp",32.002458
2020-02-29,"13","0-130","inc hosp",32.002458
2020-03-07,"13","0-130","inc hosp",21.334972
2020-03-14,"13","0-130","inc hosp",42.669944
2020-03-21,"13","0-130","inc hosp",10.667486
2020-03-28,"13","0-130","inc hosp",0
2020-04-04,"13","0-130","inc hosp",10.667486
2020-04-11,"13","0-130","inc hosp",0
2020-04-18,"13","0-130","inc hosp",0
2020-04-25,"13","0-130","inc hosp",0
2020-05-02,"13","0-130","inc hosp",0
2019-10-05,"24","0-130","inc hosp",6.019398
2019-10-12,"24","0-130","inc hosp",6.019398
2019-10-19,"24","0-130","inc hosp",12.038796
2019-10-26,"24","0-130","inc hosp",18.058194
2019-11-02,"24","0-130","inc hosp",24.077592
2019-11-09,"24","0-130","inc hosp",42.135786
2019-11-16,"24","0-130","inc hosp",54.174582
2019-11-23,"24","0-130","inc hosp",60.19398
2019-11-30,"24","0-130","inc hosp",96.310368
2019-12-07,"24","0-130","inc hosp",138.446154
2019-12-14,"24","0-130","inc hosp",108.349164
2019-12-21,"24","0-130","inc hosp",102.329766
2019-12-28,"24","0-130","inc hosp",126.407358
2020-01-04,"24","0-130","inc hosp",153.535325
2020-01-11,"24","0-130","inc hosp",128.969673
2020-01-18,"24","0-130","inc hosp",73.696956
2020-01-25,"24","0-130","inc hosp",79.838369
2020-02-01,"24","0-130","inc hosp",67.555543
2020-02-08,"24","0-130","inc hosp",42.989891
2020-02-15,"24","0-130","inc hosp",49.131304
2020-02-22,"24","0-130","inc hosp",30.707065
2020-02-29,"24","0-130","inc hosp",24.565652
2020-03-07,"24","0-130","inc hosp",24.565652
2020-03-14,"24","0-130","inc hosp",30.707065
2020-03-21,"24","0-130","inc hosp",12.282826
2020-03-28,"24","0-130","inc hosp",0
2020-04-04,"24","0-130","inc hosp",0
2020-04-11,"24","0-130","inc hosp",6.141413
2020-04-18,"24","0-130","inc hosp",0
2020-04-25,"24","0-130","inc hosp",0
2020-05-02,"24","0-130","inc hosp",0
2019-10-05,"26","0-130","inc hosp",0
2019-10-12,"26","0-130","inc hosp",9.981086
2019-10-19,"26","0-130","inc hosp",29.943258
2019-10-26,"26","0-130","inc hosp",29.943258
2019-11-02,"26","0-130","inc hosp",9.981086
2019-11-09,"26","0-130","inc hosp",9.981086
2019-11-16,"26","0-130","inc hosp",49.90543
2019-11-23,"26","0-130","inc hosp",169.678462
2019-11-30,"26","0-130","inc hosp",209.602806
2019-12-07,"26","0-130","inc hosp",249.52715
2019-12-14,"26","0-130","inc hosp",399.24344
2019-12-21,"26","0-130","inc hosp",409.224526
2019-12-28,"26","0-130","inc hosp",509.035386
2020-01-04,"26","0-130","inc hosp",664.449852
2020-01-11,"26","0-130","inc hosp",392.629458
2020-01-18,"26","0-130","inc hosp",312.090082
2020-01-25,"26","0-130","inc hosp",251.68555
2020-02-01,"26","0-130","inc hosp",221.483284
2020-02-08,"26","0-130","inc hosp",161.078752
2020-02-15,"26","0-130","inc hosp",191.281018
2020-02-22,"26","0-130","inc hosp",191.281018
2020-02-29,"26","0-130","inc hosp",80.539376
2020-03-07,"26","0-130","inc hosp",130.876486
2020-03-14,"26","0-130","inc hosp",40.269688
2020-03-21,"26","0-130","inc hosp",30.202266
2020-03-28,"26","0-130","inc hosp",40.269688
2020-04-04,"26","0-130","inc hosp",0
2020-04-11,"26","0-130","inc hosp",0
2020-04-18,"26","0-130","inc hosp",10.067422
2020-04-25,"26","0-130","inc hosp",0
2020-05-02,"26","0-130","inc hosp",10.067422
2019-10-05,"27","0-130","inc hosp",5.637917
2019-10-12,"27","0-130","inc hosp",11.275834
2019-10-19,"27","0-130","inc hosp",22.551668
2019-10-26,"27","0-130","inc hosp",16.913751
2019-11-02,"27","0-130","inc hosp",11.275834
2019-11-09,"27","0-130","inc hosp",33.827502
2019-11-16,"27","0-130","inc hosp",45.103336
2019-11-23,"27","0-130","inc hosp",16.913751
2019-11-30,"27","0-130","inc hosp",67.655004
2019-12-07,"27","0-130","inc hosp",101.482506
2019-12-14,"27","0-130","inc hosp",95.844589
2019-12-21,"27","0-130","inc hosp",90.206672
2019-12-28,"27","0-130","inc hosp",135.310008
2020-01-04,"27","0-130","inc hosp",108.473983
2020-01-11,"27","0-130","inc hosp",102.764826
2020-01-18,"27","0-130","inc hosp",79.928198
2020-01-25,"27","0-130","inc hosp",79.928198
2020-02-01,"27","0-130","inc hosp",62.800727
2020-02-08,"27","0-130","inc hosp",57.09157
2020-02-15,"27","0-130","inc hosp",45.673256
2020-02-22,"27","0-130","inc hosp",39.964099
2020-02-29,"27","0-130","inc hosp",22.836628
2020-03-07,"27","0-130","inc hosp",39.964099
2020-03-14,"27","0-130","inc hosp",45.673256
2020-03-21,"27","0-130","inc hosp",34.254942
2020-03-28,"27","0-130","inc hosp",17.127471
2020-04-04,"27","0-130","inc hosp",11.418314
2020-04-11,"27","0-130","inc hosp",0
2020-04-18,"27","0-130","inc hosp",0
2020-04-25,"27","0-130","inc hosp",0
2020-05-02,"27","0-130","inc hosp",0
2019-10-05,"35","0-130","inc hosp",0
2019-10-12,"35","0-130","inc hosp",0
2019-10-19,"35","0-130","inc hosp",0
2019-10-26,"35","0-130","inc hosp",2.087979
2019-11-02,"35","0-130","inc hosp",2.087979
2019-11-09,"35","0-130","inc hosp",6.263937
2019-11-16,"35","0-130","inc hosp",12.527874
2019-11-23,"35","0-130","inc hosp",14.615853
2019-11-30,"35","0-130","inc hosp",14.615853
2019-12-07,"35","0-130","inc hosp",31.319685
2019-12-14,"35","0-130","inc hosp",60.551391
2019-12-21,"35","0-130","inc hosp",48.023517
2019-12-28,"35","0-130","inc hosp",85.607139
2020-01-04,"35","0-130","inc hosp",101.062416
2020-01-11,"35","0-130","inc hosp",101.062416
2020-01-18,"35","0-130","inc hosp",136.855355
2020-01-25,"35","0-130","inc hosp",136.855355
2020-02-01,"35","0-130","inc hosp",147.38269
2020-02-08,"35","0-130","inc hosp",183.175629
2020-02-15,"35","0-130","inc hosp",176.859228
2020-02-22,"35","0-130","inc hosp",164.226426
2020-02-29,"35","0-130","inc hosp",117.906152
2020-03-07,"35","0-130","inc hosp",124.222553
2020-03-14,"35","0-130","inc hosp",65.269477
2020-03-21,"35","0-130","inc hosp",33.687472
2020-03-28,"35","0-130","inc hosp",31.582005
2020-04-04,"35","0-130","inc hosp",6.316401
2020-04-11,"35","0-130","inc hosp",0
2020-04-18,"35","0-130","inc hosp",0
2020-04-25,"35","0-130","inc hosp",0
2020-05-02,"35","0-130","inc hosp",0
2019-10-05,"36","0-130","inc hosp",19.438191
2019-10-12,"36","0-130","inc hosp",58.314573
2019-10-19,"36","0-130","inc hosp",19.438191
2019-10-26,"36","0-130","inc hosp",38.876382
2019-11-02,"36","0-130","inc hosp",116.629146
2019-11-09,"36","0-130","inc hosp",116.629146
2019-11-16,"36","0-130","inc hosp",136.067337
2019-11-23,"36","0-130","inc hosp",194.38191
2019-11-30,"36","0-130","inc hosp",330.449247
2019-12-07,"36","0-130","inc hosp",583.14573
2019-12-14,"36","0-130","inc hosp",583.14573
2019-12-21,"36","0-130","inc hosp",719.213067
2019-12-28,"36","0-130","inc hosp",933.033168
2020-01-04,"36","0-130","inc hosp",1265.554206
2020-01-11,"36","0-130","inc hosp",662.909346
2020-01-18,"36","0-130","inc hosp",662.909346
2020-01-25,"36","0-130","inc hosp",662.909346
2020-02-01,"36","0-130","inc hosp",582.556698
2020-02-08,"36","0-130","inc hosp",381.675078
2020-02-15,"36","0-130","inc hosp",421.851402
2020-02-22,"36","0-130","inc hosp",381.675078
2020-02-29,"36","0-130","inc hosp",241.057944
2020-03-07,"36","0-130","inc hosp",160.705296
2020-03-14,"36","0-130","inc hosp",140.617134
2020-03-21,"36","0-130","inc hosp",100.44081
2020-03-28,"36","0-130","inc hosp",60.264486
2020-04-04,"36","0-130","inc hosp",60.264486
2020-04-11,"36","0-130","inc hosp",20.088162
2020-04-18,"36","0-130","inc hosp",0
2020-04-25,"36","0-130","inc hosp",0
2020-05-02,"36","0-130","inc hosp",0
2019-10-05,"41","0-130","inc hosp",4.213537
2019-10-12,"41","0-130","inc hosp",0
2019-10-19,"41","0-130","inc hosp",4.213537
2019-10-26,"41","0-130","inc hosp",4.213537
2019-11-02,"41","0-130","inc hosp",8.427074
2019-11-09,"41","0-130","inc hosp",8.427074
2019-11-16,"41","0-130","inc hosp",16.854148
2019-11-23,"41","0-130","inc hosp",21.067685
2019-11-30,"41","0-130","inc hosp",42.13537
2019-12-07,"41","0-130","inc hosp",50.562444
2019-12-14,"41","0-130","inc hosp",84.27074
2019-12-21,"41","0-130","inc hosp",75.843666
2019-12-28,"41","0-130","inc hosp",84.27074
2020-01-04,"41","0-130","inc hosp",144.273288
2020-01-11,"41","0-130","inc hosp",84.86664
2020-01-18,"41","0-130","inc hosp",114.569964
2020-01-25,"41","0-130","inc hosp",84.86664
2020-02-01,"41","0-130","inc hosp",93.353304
2020-02-08,"41","0-130","inc hosp",67.893312
2020-02-15,"41","0-130","inc hosp",80.623308
2020-02-22,"41","0-130","inc hosp",67.893312
2020-02-29,"41","0-130","inc hosp",46.676652
2020-03-07,"41","0-130","inc hosp",72.136644
2020-03-14,"41","0-130","inc hosp",46.676652
2020-03-21,"41","0-130","inc hosp",46.676652
2020-03-28,"41","0-130","inc hosp",21.21666
2020-04-04,"41","0-130","inc hosp",8.486664
2020-04-11,"41","0-130","inc hosp",4.243332
2020-04-18,"41","0-130","inc hosp",4.243332
2020-04-25,"41","0-130","inc hosp",0
2020-05-02,"41","0-130","inc hosp",4.243332
2019-10-05,"US","0-130","inc hosp",327.143032
2019-10-12,"US","0-130","inc hosp",654.286064
2019-10-19,"US","0-130","inc hosp",981.429096
2019-10-26,"US","0-130","inc hosp",981.429096
2019-11-02,"US","0-130","inc hosp",1308.572128
2019-11-09,"US","0-130","inc hosp",1962.858192
2019-11-16,"US","0-130","inc hosp",2617.144256
2019-11-23,"US","0-130","inc hosp",2944.287288
2019-11-30,"US","0-130","inc hosp",3925.716384
2019-12-07,"US","0-130","inc hosp",5888.574576
2019-12-14,"US","0-130","inc hosp",5888.574576
2019-12-21,"US","0-130","inc hosp",6215.717608
2019-12-28,"US","0-130","inc hosp",7524.289736
2020-01-04,"US","0-130","inc hosp",9251.111436
2020-01-11,"US","0-130","inc hosp",6938.333577
2020-01-18,"US","0-130","inc hosp",6277.539903
2020-01-25,"US","0-130","inc hosp",5947.143066
2020-02-01,"US","0-130","inc hosp",5947.143066
2020-02-08,"US","0-130","inc hosp",4955.952555
2020-02-15,"US","0-130","inc hosp",4955.952555
2020-02-22,"US","0-130","inc hosp",4295.158881
2020-02-29,"US","0-130","inc hosp",3303.96837
2020-03-07,"US","0-130","inc hosp",3634.365207
2020-03-14,"US","0-130","inc hosp",2973.571533
2020-03-21,"US","0-130","inc hosp",1982.381022
2020-03-28,"US","0-130","inc hosp",991.190511
2020-04-04,"US","0-130","inc hosp",660.793674
2020-04-11,"US","0-130","inc hosp",330.396837
2020-04-18,"US","0-130","inc hosp",0
2020-04-25,"US","0-130","inc hosp",0
2020-05-02,"US","0-130","inc hosp",0
2019-10-05,"47","0-130","inc hosp",6.809974
2019-10-12,"47","0-130","inc hosp",6.809974
2019-10-19,"47","0-130","inc hosp",6.809974
2019-10-26,"47","0-130","inc hosp",6.809974
2019-11-02,"47","0-130","inc hosp",13.619948
2019-11-09,"47","0-130","inc hosp",27.239896
2019-11-16,"47","0-130","inc hosp",54.479792
2019-11-23,"47","0-130","inc hosp",95.339636
2019-11-30,"47","0-130","inc hosp",149.819428
2019-12-07,"47","0-130","inc hosp",238.34909
2019-12-14,"47","0-130","inc hosp",231.539116
2019-12-21,"47","0-130","inc hosp",347.308674
2019-12-28,"47","0-130","inc hosp",245.159064
2020-01-04,"47","0-130","inc hosp",290.020794
2020-01-11,"47","0-130","inc hosp",193.347196
2020-01-18,"47","0-130","inc hosp",145.010397
2020-01-25,"47","0-130","inc hosp",117.389369
2020-02-01,"47","0-130","inc hosp",117.389369
2020-02-08,"47","0-130","inc hosp",96.673598
2020-02-15,"47","0-130","inc hosp",69.05257
2020-02-22,"47","0-130","inc hosp",55.242056
2020-02-29,"47","0-130","inc hosp",48.336799
2020-03-07,"47","0-130","inc hosp",48.336799
2020-03-14,"47","0-130","inc hosp",27.621028
2020-03-21,"47","0-130","inc hosp",27.621028
2020-03-28,"47","0-130","inc hosp",13.810514
2020-04-04,"47","0-130","inc hosp",6.905257
2020-04-11,"47","0-130","inc hosp",6.905257
2020-04-18,"47","0-130","inc hosp",0
2020-04-25,"47","0-130","inc hosp",0
2020-05-02,"47","0-130","inc hosp",6.905257
2019-10-05,"49","0-130","inc hosp",0
2019-10-12,"49","0-130","inc hosp",0
2019-10-19,"49","0-130","inc hosp",0
2019-10-26,"49","0-130","inc hosp",0
2019-11-02,"49","0-130","inc hosp",0
2019-11-09,"49","0-130","inc hosp",6.397094
2019-11-16,"49","0-130","inc hosp",6.397094
2019-11-23,"49","0-130","inc hosp",6.397094
2019-11-30,"49","0-130","inc hosp",3.198547
2019-12-07,"49","0-130","inc hosp",9.595641
2019-12-14,"49","0-130","inc hosp",22.389829
2019-12-21,"49","0-130","inc hosp",22.389829
2019-12-28,"49","0-130","inc hosp",67.169487
2020-01-04,"49","0-130","inc hosp",91.81326
2020-01-11,"49","0-130","inc hosp",88.534215
2020-01-18,"49","0-130","inc hosp",101.650395
2020-01-25,"49","0-130","inc hosp",114.766575
2020-02-01,"49","0-130","inc hosp",131.1618
2020-02-08,"49","0-130","inc hosp",160.673205
2020-02-15,"49","0-130","inc hosp",88.534215
2020-02-22,"49","0-130","inc hosp",124.60371
2020-02-29,"49","0-130","inc hosp",78.69708
2020-03-07,"49","0-130","inc hosp",81.976125
2020-03-14,"49","0-130","inc hosp",52.46472
2020-03-21,"49","0-130","inc hosp",55.743765
2020-03-28,"49","0-130","inc hosp",26.23236
2020-04-04,"49","0-130","inc hosp",16.395225
2020-04-11,"49","0-130","inc hosp",6.55809
2020-04-18,"49","0-130","inc hosp",0
2020-04-25,"49","0-130","inc hosp",0
2020-05-02,"49","0-130","inc hosp",0
2020-10-03,"06","0-130","inc hosp",0
2020-10-10,"06","0-130","inc hosp",0
2020-10-17,"06","0-130","inc hosp",0
2020-10-24,"06","0-130","inc hosp",0
2020-10-31,"06","0-130","inc hosp",0
2020-11-07,"06","0-130","inc hosp",0
2020-11-14,"06","0-130","inc hosp",0
2020-11-21,"06","0-130","inc hosp",0
2020-11-28,"06","0-130","inc hosp",0
2020-12-05,"06","0-130","inc hosp",0
2020-12-12,"06","0-130","inc hosp",0
2020-12-19,"06","0-130","inc hosp",0
2020-12-26,"06","0-130","inc hosp",0
2021-01-02,"06","0-130","inc hosp",0
2021-01-09,"06","0-130","inc hosp",0
2021-01-16,"06","0-130","inc hosp",0
2021-01-23,"06","0-130","inc hosp",0
2021-01-30,"06","0-130","inc hosp",0
2021-02-06,"06","0-130","inc hosp",0
2021-02-13,"06","0-130","inc hosp",0
2021-02-20,"06","0-130","inc hosp",0
2021-02-27,"06","0-130","inc hosp",0
2021-03-06,"06","0-130","inc hosp",0
2021-03-13,"06","0-130","inc hosp",0
2021-03-20,"06","0-130","inc hosp",0
2021-03-27,"06","0-130","inc hosp",0
2021-04-03,"06","0-130","inc hosp",0
2021-04-10,"06","0-130","inc hosp",0
2021-04-17,"06","0-130","inc hosp",0
2021-04-24,"06","0-130","inc hosp",0
2021-05-01,"06","0-130","inc hosp",0
2021-05-08,"06","0-130","inc hosp",0
2021-05-15,"06","0-130","inc hosp",0
2021-05-22,"06","0-130","inc hosp",0
2021-05-29,"06","0-130","inc hosp",0
2021-06-05,"06","0-130","inc hosp",0
2021-06-12,"06","0-130","inc hosp",0
2021-06-19,"06","0-130","inc hosp",0
2021-06-26,"06","0-130","inc hosp",0
2021-07-03,"06","0-130","inc hosp",0
2021-07-10,"06","0-130","inc hosp",0
2021-07-17,"06","0-130","inc hosp",0
2021-07-24,"06","0-130","inc hosp",0
2021-07-31,"06","0-130","inc hosp",38.996431
2021-08-07,"06","0-130","inc hosp",38.996431
2021-08-14,"06","0-130","inc hosp",77.992862
2021-08-21,"06","0-130","inc hosp",38.996431
2021-08-28,"06","0-130","inc hosp",38.996431
2021-09-04,"06","0-130","inc hosp",38.996431
2021-09-11,"06","0-130","inc hosp",77.992862
2021-09-18,"06","0-130","inc hosp",38.996431
2021-09-25,"06","0-130","inc hosp",38.996431
2021-10-02,"06","0-130","inc hosp",77.992862
2020-10-03,"08","0-130","inc hosp",0
2020-10-10,"08","0-130","inc hosp",0
2020-10-17,"08","0-130","inc hosp",0
2020-10-24,"08","0-130","inc hosp",0
2020-10-31,"08","0-130","inc hosp",0
2020-11-07,"08","0-130","inc hosp",0
2020-11-14,"08","0-130","inc hosp",0
2020-11-21,"08","0-130","inc hosp",0
2020-11-28,"08","0-130","inc hosp",0
2020-12-05,"08","0-130","inc hosp",0
2020-12-12,"08","0-130","inc hosp",0
2020-12-19,"08","0-130","inc hosp",0
2020-12-26,"08","0-130","inc hosp",0
2021-01-02,"08","0-130","inc hosp",0
2021-01-09,"08","0-130","inc hosp",0
2021-01-16,"08","0-130","inc hosp",0
2021-01-23,"08","0-130","inc hosp",0
2021-01-30,"08","0-130","inc hosp",0
2021-02-06,"08","0-130","inc hosp",0
2021-02-13,"08","0-130","inc hosp",0
2021-02-20,"08","0-130","inc hosp",0
2021-02-27,"08","0-130","inc hosp",0
2021-03-06,"08","0-130","inc hosp",0
2021-03-13,"08","0-130","inc hosp",0
2021-03-20,"08","0-130","inc hosp",0
2021-03-27,"08","0-130","inc hosp",0
2021-04-03,"08","0-130","inc hosp",0
2021-04-10,"08","0-130","inc hosp",0
2021-04-17,"08","0-130","inc hosp",0
2021-04-24,"08","0-130","inc hosp",0
2021-05-01,"08","0-130","inc hosp",0
2021-05-08,"08","0-130","inc hosp",5.772964
2021-05-15,"08","0-130","inc hosp",5.772964
2021-05-22,"08","0-130","inc hosp",5.772964
2021-05-29,"08","0-130","inc hosp",0
2021-06-05,"08","0-130","inc hosp",0
2021-06-12,"08","0-130","inc hosp",5.772964
2021-06-19,"08","0-130","inc hosp",5.772964
2021-06-26,"08","0-130","inc hosp",5.772964
2021-07-03,"08","0-130","inc hosp",5.772964
2021-07-10,"08","0-130","inc hosp",11.545928
2021-07-17,"08","0-130","inc hosp",17.318892
2021-07-24,"08","0-130","inc hosp",40.410748
2021-07-31,"08","0-130","inc hosp",28.86482
2021-08-07,"08","0-130","inc hosp",34.637784
2021-08-14,"08","0-130","inc hosp",40.410748
2021-08-21,"08","0-130","inc hosp",57.72964
2021-08-28,"08","0-130","inc hosp",63.502604
2021-09-04,"08","0-130","inc hosp",51.956676
2021-09-11,"08","0-130","inc hosp",40.410748
2021-09-18,"08","0-130","inc hosp",51.956676
2021-09-25,"08","0-130","inc hosp",34.637784
2021-10-02,"08","0-130","inc hosp",40.410748
2020-10-03,"09","0-130","inc hosp",0
2020-10-10,"09","0-130","inc hosp",0
2020-10-17,"09","0-130","inc hosp",0
2020-10-24,"09","0-130","inc hosp",0
2020-10-31,"09","0-130","inc hosp",0
2020-11-07,"09","0-130","inc hosp",0
2020-11-14,"09","0-130","inc hosp",0
2020-11-21,"09","0-130","inc hosp",0
2020-11-28,"09","0-130","inc hosp",0
2020-12-05,"09","0-130","inc hosp",0
2020-12-12,"09","0-130","inc hosp",0
2020-12-19,"09","0-130","inc hosp",0
2020-12-26,"09","0-130","inc hosp",0
2021-01-02,"09","0-130","inc hosp",0
2021-01-09,"09","0-130","inc hosp",0
2021-01-16,"09","0-130","inc hosp",0
2021-01-23,"09","0-130","inc hosp",0
2021-01-30,"09","0-130","inc hosp",0
2021-02-06,"09","0-130","inc hosp",0
2021-02-13,"09","0-130","inc hosp",0
2021-02-20,"09","0-130","inc hosp",0
2021-02-27,"09","0-130","inc hosp",0
2021-03-06,"09","0-130","inc hosp",0
2021-03-13,"09","0-130","inc hosp",0
2021-03-20,"09","0-130","inc hosp",0
2021-03-27,"09","0-130","inc hosp",3.617955
2021-04-03,"09","0-130","inc hosp",0
2021-04-10,"09","0-130","inc hosp",0
2021-04-17,"09","0-130","inc hosp",3.617955
2021-04-24,"09","0-130","inc hosp",0
2021-05-01,"09","0-130","inc hosp",0
2021-05-08,"09","0-130","inc hosp",3.617955
2021-05-15,"09","0-130","inc hosp",0
2021-05-22,"09","0-130","inc hosp",7.23591
2021-05-29,"09","0-130","inc hosp",0
2021-06-05,"09","0-130","inc hosp",0
2021-06-12,"09","0-130","inc hosp",14.47182
2021-06-19,"09","0-130","inc hosp",3.617955
2021-06-26,"09","0-130","inc hosp",14.47182
2021-07-03,"09","0-130","inc hosp",3.617955
2021-07-10,"09","0-130","inc hosp",21.70773
2021-07-17,"09","0-130","inc hosp",39.797505
2021-07-24,"09","0-130","inc hosp",28.94364
2021-07-31,"09","0-130","inc hosp",43.41546
2021-08-07,"09","0-130","inc hosp",54.269325
2021-08-14,"09","0-130","inc hosp",39.797505
2021-08-21,"09","0-130","inc hosp",65.12319
2021-08-28,"09","0-130","inc hosp",54.269325
2021-09-04,"09","0-130","inc hosp",57.88728
2021-09-11,"09","0-130","inc hosp",47.033415
2021-09-18,"09","0-130","inc hosp",50.65137
2021-09-25,"09","0-130","inc hosp",72.3591
2021-10-02,"09","0-130","inc hosp",28.94364
2020-10-03,"13","0-130","inc hosp",0
2020-10-10,"13","0-130","inc hosp",0
2020-10-17,"13","0-130","inc hosp",0
2020-10-24,"13","0-130","inc hosp",0
2020-10-31,"13","0-130","inc hosp",0
2020-11-07,"13","0-130","inc hosp",0
2020-11-14,"13","0-130","inc hosp",0
2020-11-21,"13","0-130","inc hosp",0
2020-11-28,"13","0-130","inc hosp",0
2020-12-05,"13","0-130","inc hosp",0
2020-12-12,"13","0-130","inc hosp",0
2020-12-19,"13","0-130","inc hosp",0
2020-12-26,"13","0-130","inc hosp",0
2021-01-02,"13","0-130","inc hosp",0
2021-01-09,"13","0-130","inc hosp",0
2021-01-16,"13","0-130","inc hosp",0
2021-01-23,"13","0-130","inc hosp",0
2021-01-30,"13","0-130","inc hosp",0
2021-02-06,"13","0-130","inc hosp",0
2021-02-13,"13","0-130","inc hosp",0
2021-02-20,"13","0-130","inc hosp",10.72522
2021-02-27,"13","0-130","inc hosp",0
2021-03-06,"13","0-130","inc hosp",0
2021-03-13,"13","0-130","inc hosp",10.72522
2021-03-20,"13","0-130","inc hosp",0
2021-03-27,"13","0-130","inc hosp",21.45044
2021-04-03,"13","0-130","inc hosp",10.72522
2021-04-10,"13","0-130","inc hosp",32.17566
2021-04-17,"13","0-130","inc hosp",21.45044
2021-04-24,"13","0-130","inc hosp",21.45044
2021-05-01,"13","0-130","inc hosp",21.45044
2021-05-08,"13","0-130","inc hosp",53.6261
2021-05-15,"13","0-130","inc hosp",64.35132
2021-05-22,"13","0-130","inc hosp",64.35132
2021-05-29,"13","0-130","inc hosp",64.35132
2021-06-05,"13","0-130","inc hosp",85.80176
2021-06-12,"13","0-130","inc hosp",75.07654
2021-06-19,"13","0-130","inc hosp",96.52698
2021-06-26,"13","0-130","inc hosp",75.07654
2021-07-03,"13","0-130","inc hosp",75.07654
2021-07-10,"13","0-130","inc hosp",85.80176
2021-07-17,"13","0-130","inc hosp",128.70264
2021-07-24,"13","0-130","inc hosp",150.15308
2021-07-31,"13","0-130","inc hosp",139.42786
2021-08-07,"13","0-130","inc hosp",150.15308
2021-08-14,"13","0-130","inc hosp",160.8783
2021-08-21,"13","0-130","inc hosp",150.15308
2021-08-28,"13","0-130","inc hosp",107.2522
2021-09-04,"13","0-130","inc hosp",128.70264
2021-09-11,"13","0-130","inc hosp",139.42786
2021-09-18,"13","0-130","inc hosp",107.2522
2021-09-25,"13","0-130","inc hosp",85.80176
2021-10-02,"13","0-130","inc hosp",150.15308
2020-10-03,"24","0-130","inc hosp",0
2020-10-10,"24","0-130","inc hosp",0
2020-10-17,"24","0-130","inc hosp",0
2020-10-24,"24","0-130","inc hosp",0
2020-10-31,"24","0-130","inc hosp",0
2020-11-07,"24","0-130","inc hosp",0
2020-11-14,"24","0-130","inc hosp",0
2020-11-21,"24","0-130","inc hosp",0
2020-11-28,"24","0-130","inc hosp",0
2020-12-05,"24","0-130","inc hosp",0
2020-12-12,"24","0-130","inc hosp",0
2020-12-19,"24","0-130","inc hosp",0
2020-12-26,"24","0-130","inc hosp",0
2021-01-02,"24","0-130","inc hosp",0
2021-01-09,"24","0-130","inc hosp",0
2021-01-16,"24","0-130","inc hosp",0
2021-01-23,"24","0-130","inc hosp",0
2021-01-30,"24","0-130","inc hosp",0
2021-02-06,"24","0-130","inc hosp",0
2021-02-13,"24","0-130","inc hosp",0
2021-02-20,"24","0-130","inc hosp",0
2021-02-27,"24","0-130","inc hosp",0
2021-03-06,"24","0-130","inc hosp",0
2021-03-13,"24","0-130","inc hosp",0
2021-03-20,"24","0-130","inc hosp",0
2021-03-27,"24","0-130","inc hosp",0
2021-04-03,"24","0-130","inc hosp",0
2021-04-10,"24","0-130","inc hosp",0
2021-04-17,"24","0-130","inc hosp",0
2021-04-24,"24","0-130","inc hosp",0
2021-05-01,"24","0-130","inc hosp",0
2021-05-08,"24","0-130","inc hosp",0
2021-05-15,"24","0-130","inc hosp",0
2021-05-22,"24","0-130","inc hosp",0
2021-05-29,"24","0-130","inc hosp",6.142162
2021-06-05,"24","0-130","inc hosp",6.142162
2021-06-12,"24","0-130","inc hosp",6.142162
2021-06-19,"24","0-130","inc hosp",12.284324
2021-06-26,"24","0-130","inc hosp",12.284324
2021-07-03,"24","0-130","inc hosp",24.568648
2021-07-10,"24","0-130","inc hosp",12.284324
2021-07-17,"24","0-130","inc hosp",18.426486
2021-07-24,"24","0-130","inc hosp",42.995134
2021-07-31,"24","0-130","inc hosp",49.137296
2021-08-07,"24","0-130","inc hosp",36.852972
2021-08-14,"24","0-130","inc hosp",42.995134
2021-08-21,"24","0-130","inc hosp",42.995134
2021-08-28,"24","0-130","inc hosp",49.137296
2021-09-04,"24","0-130","inc hosp",36.852972
2021-09-11,"24","0-130","inc hosp",42.995134
2021-09-18,"24","0-130","inc hosp",49.137296
2021-09-25,"24","0-130","inc hosp",61.42162
2021-10-02,"24","0-130","inc hosp",67.563782
2020-10-03,"26","0-130","inc hosp",0
2020-10-10,"26","0-130","inc hosp",0
2020-10-17,"26","0-130","inc hosp",0
2020-10-24,"26","0-130","inc hosp",0
2020-10-31,"26","0-130","inc hosp",0
2020-11-07,"26","0-130","inc hosp",0
2020-11-14,"26","0-130","inc hosp",0
2020-11-21,"26","0-130","inc hosp",0
2020-11-28,"26","0-130","inc hosp",0
2020-12-05,"26","0-130","inc hosp",0
2020-12-12,"26","0-130","inc hosp",0
2020-12-19,"26","0-130","inc hosp",0
2020-12-26,"26","0-130","inc hosp",0
2021-01-02,"26","0-130","inc hosp",0
2021-01-09,"26","0-130","inc hosp",0
2021-01-16,"26","0-130","inc hosp",0
2021-01-23,"26","0-130","inc hosp",0
2021-01-30,"26","0-130","inc hosp",0
2021-02-06,"26","0-130","inc hosp",0
2021-02-13,"26","0-130","inc hosp",0
2021-02-20,"26","0-130","inc hosp",0
2021-02-27,"26","0-130","inc hosp",0
2021-03-06,"26","0-130","inc hosp",0
2021-03-13,"26","0-130","inc hosp",0
2021-03-20,"26","0-130","inc hosp",0
2021-03-27,"26","0-130","inc hosp",0
2021-04-03,"26","0-130","inc hosp",0
2021-04-10,"26","0-130","inc hosp",10.035356
2021-04-17,"26","0-130","inc hosp",0
2021-04-24,"26","0-130","inc hosp",0
2021-05-01,"26","0-130","inc hosp",0
2021-05-08,"26","0-130","inc hosp",0
2021-05-15,"26","0-130","inc hosp",0
2021-05-22,"26","0-130","inc hosp",0
2021-05-29,"26","0-130","inc hosp",0
2021-06-05,"26","0-130","inc hosp",10.035356
2021-06-12,"26","0-130","inc hosp",40.141424
2021-06-19,"26","0-130","inc hosp",0
2021-06-26,"26","0-130","inc hosp",30.106068
2021-07-03,"26","0-130","inc hosp",10.035356
2021-07-10,"26","0-130","inc hosp",40.141424
2021-07-17,"26","0-130","inc hosp",40.141424
2021-07-24,"26","0-130","inc hosp",60.212136
2021-07-31,"26","0-130","inc hosp",40.141424
2021-08-07,"26","0-130","inc hosp",170.601052
2021-08-14,"26","0-130","inc hosp",40.141424
2021-08-21,"26","0-130","inc hosp",60.212136
2021-08-28,"26","0-130","inc hosp",80.282848
2021-09-04,"26","0-130","inc hosp",100.35356
2021-09-11,"26","0-130","inc hosp",100.35356
2021-09-18,"26","0-130","inc hosp",90.318204
2021-09-25,"26","0-130","inc hosp",120.424272
2021-10-02,"26","0-130","inc hosp",170.601052
2020-10-03,"27","0-130","inc hosp",0
2020-10-10,"27","0-130","inc hosp",0
2020-10-17,"27","0-130","inc hosp",0
2020-10-24,"27","0-130","inc hosp",0
2020-10-31,"27","0-130","inc hosp",0
2020-11-07,"27","0-130","inc hosp",0
2020-11-14,"27","0-130","inc hosp",0
2020-11-21,"27","0-130","inc hosp",0
2020-11-28,"27","0-130","inc hosp",0
2020-12-05,"27","0-130","inc hosp",0
2020-12-12,"27","0-130","inc hosp",0
2020-12-19,"27","0-130","inc hosp",0
2020-12-26,"27","0-130","inc hosp",0
2021-01-02,"27","0-130","inc hosp",0
2021-01-09,"27","0-130","inc hosp",0
2021-01-16,"27","0-130","inc hosp",0
2021-01-23,"27","0-130","inc hosp",0
2021-01-30,"27","0-130","inc hosp",0
2021-02-06,"27","0-130","inc hosp",0
2021-02-13,"27","0-130","inc hosp",0
2021-02-20,"27","0-130","inc hosp",0
2021-02-27,"27","0-130","inc hosp",5.710777
2021-03-06,"27","0-130","inc hosp",0
2021-03-13,"27","0-130","inc hosp",0
2021-03-20,"27","0-130","inc hosp",0
2021-03-27,"27","0-130","inc hosp",0
2021-04-03,"27","0-130","inc hosp",0
2021-04-10,"27","0-130","inc hosp",0
2021-04-17,"27","0-130","inc hosp",0
2021-04-24,"27","0-130","inc hosp",0
2021-05-01,"27","0-130","inc hosp",0
2021-05-08,"27","0-130","inc hosp",5.710777
2021-05-15,"27","0-130","inc hosp",5.710777
2021-05-22,"27","0-130","inc hosp",5.710777
2021-05-29,"27","0-130","inc hosp",5.710777
2021-06-05,"27","0-130","inc hosp",17.132331
2021-06-12,"27","0-130","inc hosp",17.132331
2021-06-19,"27","0-130","inc hosp",22.843108
2021-06-26,"27","0-130","inc hosp",22.843108
2021-07-03,"27","0-130","inc hosp",39.975439
2021-07-10,"27","0-130","inc hosp",34.264662
2021-07-17,"27","0-130","inc hosp",62.818547
2021-07-24,"27","0-130","inc hosp",74.240101
2021-07-31,"27","0-130","inc hosp",74.240101
2021-08-07,"27","0-130","inc hosp",102.793986
2021-08-14,"27","0-130","inc hosp",114.21554
2021-08-21,"27","0-130","inc hosp",91.372432
2021-08-28,"27","0-130","inc hosp",91.372432
2021-09-04,"27","0-130","inc hosp",108.504763
2021-09-11,"27","0-130","inc hosp",108.504763
2021-09-18,"27","0-130","inc hosp",85.661655
2021-09-25,"27","0-130","inc hosp",79.950878
2021-10-02,"27","0-130","inc hosp",68.529324
2020-10-03,"35","0-130","inc hosp",0
2020-10-10,"35","0-130","inc hosp",0
2020-10-17,"35","0-130","inc hosp",0
2020-10-24,"35","0-130","inc hosp",0
2020-10-31,"35","0-130","inc hosp",2.105467
2020-11-07,"35","0-130","inc hosp",2.105467
2020-11-14,"35","0-130","inc hosp",2.105467
2020-11-21,"35","0-130","inc hosp",0
2020-11-28,"35","0-130","inc hosp",0
2020-12-05,"35","0-130","inc hosp",0
2020-12-12,"35","0-130","inc hosp",0
2020-12-19,"35","0-130","inc hosp",0
2020-12-26,"35","0-130","inc hosp",0
2021-01-02,"35","0-130","inc hosp",0
2021-01-09,"35","0-130","inc hosp",2.103749
2021-01-16,"35","0-130","inc hosp",0
2021-01-23,"35","0-130","inc hosp",0
2021-01-30,"35","0-130","inc hosp",0
2021-02-06,"35","0-130","inc hosp",0
2021-02-13,"35","0-130","inc hosp",0
2021-02-20,"35","0-130","inc hosp",0
2021-02-27,"35","0-130","inc hosp",0
2021-03-06,"35","0-130","inc hosp",0
2021-03-13,"35","0-130","inc hosp",0
2021-03-20,"35","0-130","inc hosp",0
2021-03-27,"35","0-130","inc hosp",0
2021-04-03,"35","0-130","inc hosp",0
2021-04-10,"35","0-130","inc hosp",0
2021-04-17,"35","0-130","inc hosp",0
2021-04-24,"35","0-130","inc hosp",0
2021-05-01,"35","0-130","inc hosp",0
2021-05-08,"35","0-130","inc hosp",2.103749
2021-05-15,"35","0-130","inc hosp",0
2021-05-22,"35","0-130","inc hosp",0
2021-05-29,"35","0-130","inc hosp",0
2021-06-05,"35","0-130","inc hosp",0
2021-06-12,"35","0-130","inc hosp",0
2021-06-19,"35","0-130","inc hosp",2.103749
2021-06-26,"35","0-130","inc hosp",0
2021-07-03,"35","0-130","inc hosp",6.311247
2021-07-10,"35","0-130","inc hosp",6.311247
2021-07-17,"35","0-130","inc hosp",6.311247
2021-07-24,"35","0-130","inc hosp",6.311247
2021-07-31,"35","0-130","inc hosp",6.311247
2021-08-07,"35","0-130","inc hosp",12.622494
2021-08-14,"35","0-130","inc hosp",8.414996
2021-08-21,"35","0-130","inc hosp",6.311247
2021-08-28,"35","0-130","inc hosp",8.414996
2021-09-04,"35","0-130","inc hosp",14.726243
2021-09-11,"35","0-130","inc hosp",8.414996
2021-09-18,"35","0-130","inc hosp",18.933741
2021-09-25,"35","0-130","inc hosp",6.311247
2021-10-02,"35","0-130","inc hosp",14.726243
2020-10-03,"36","0-130","inc hosp",0
2020-10-10,"36","0-130","inc hosp",0
2020-10-17,"36","0-130","inc hosp",0
2020-10-24,"36","0-130","inc hosp",0
2020-10-31,"36","0-130","inc hosp",0
2020-11-07,"36","0-130","inc hosp",0
2020-11-14,"36","0-130","inc hosp",0
2020-11-21,"36","0-130","inc hosp",0
2020-11-28,"36","0-130","inc hosp",0
2020-12-05,"36","0-130","inc hosp",0
2020-12-12,"36","0-130","inc hosp",0
2020-12-19,"36","0-130","inc hosp",0
2020-12-26,"36","0-130","inc hosp",0
2021-01-02,"36","0-130","inc hosp",0
2021-01-09,"36","0-130","inc hosp",0
2021-01-16,"36","0-130","inc hosp",0
2021-01-23,"36","0-130","inc hosp",0
2021-01-30,"36","0-130","inc hosp",0
2021-02-06,"36","0-130","inc hosp",0
2021-02-13,"36","0-130","inc hosp",0
2021-02-20,"36","0-130","inc hosp",0
2021-02-27,"36","0-130","inc hosp",0
2021-03-06,"36","0-130","inc hosp",0
2021-03-13,"36","0-130","inc hosp",0
2021-03-20,"36","0-130","inc hosp",0
2021-03-27,"36","0-130","inc hosp",0
2021-04-03,"36","0-130","inc hosp",0
2021-04-10,"36","0-130","inc hosp",0
2021-04-17,"36","0-130","inc hosp",0
2021-04-24,"36","0-130","inc hosp",0
2021-05-01,"36","0-130","inc hosp",0
2021-05-08,"36","0-130","inc hosp",0
2021-05-15,"36","0-130","inc hosp",19.836566
2021-05-22,"36","0-130","inc hosp",19.836566
2021-05-29,"36","0-130","inc hosp",19.836566
2021-06-05,"36","0-130","inc hosp",39.673132
2021-06-12,"36","0-130","inc hosp",19.836566
2021-06-19,"36","0-130","inc hosp",0
2021-06-26,"36","0-130","inc hosp",19.836566
2021-07-03,"36","0-130","inc hosp",39.673132
2021-07-10,"36","0-130","inc hosp",19.836566
2021-07-17,"36","0-130","inc hosp",99.18283
2021-07-24,"36","0-130","inc hosp",138.855962
2021-07-31,"36","0-130","inc hosp",178.529094
2021-08-07,"36","0-130","inc hosp",218.202226
2021-08-14,"36","0-130","inc hosp",178.529094
2021-08-21,"36","0-130","inc hosp",119.019396
2021-08-28,"36","0-130","inc hosp",238.038792
2021-09-04,"36","0-130","inc hosp",436.404452
2021-09-11,"36","0-130","inc hosp",317.385056
2021-09-18,"36","0-130","inc hosp",277.711924
2021-09-25,"36","0-130","inc hosp",396.73132
2021-10-02,"36","0-130","inc hosp",317.385056
2020-10-03,"41","0-130","inc hosp",0
2020-10-10,"41","0-130","inc hosp",0
2020-10-17,"41","0-130","inc hosp",0
2020-10-24,"41","0-130","inc hosp",0
2020-10-31,"41","0-130","inc hosp",0
2020-11-07,"41","0-130","inc hosp",0
2020-11-14,"41","0-130","inc hosp",0
2020-11-21,"41","0-130","inc hosp",0
2020-11-28,"41","0-130","inc hosp",0
2020-12-05,"41","0-130","inc hosp",0
2020-12-12,"41","0-130","inc hosp",0
2020-12-19,"41","0-130","inc hosp",0
2020-12-26,"41","0-130","inc hosp",0
2021-01-02,"41","0-130","inc hosp",0
2021-01-09,"41","0-130","inc hosp",4.254814
2021-01-16,"41","0-130","inc hosp",0
2021-01-23,"41","0-130","inc hosp",0
2021-01-30,"41","0-130","inc hosp",0
2021-02-06,"41","0-130","inc hosp",0
2021-02-13,"41","0-130","inc hosp",0
2021-02-20,"41","0-130","inc hosp",0
2021-02-27,"41","0-130","inc hosp",0
2021-03-06,"41","0-130","inc hosp",0
2021-03-13,"41","0-130","inc hosp",0
2021-03-20,"41","0-130","inc hosp",0
2021-03-27,"41","0-130","inc hosp",0
2021-04-03,"41","0-130","inc hosp",0
2021-04-10,"41","0-130","inc hosp",0
2021-04-17,"41","0-130","inc hosp",0
2021-04-24,"41","0-130","inc hosp",0
2021-05-01,"41","0-130","inc hosp",0
2021-05-08,"41","0-130","inc hosp",0
2021-05-15,"41","0-130","inc hosp",0
2021-05-22,"41","0-130","inc hosp",0
2021-05-29,"41","0-130","inc hosp",0
2021-06-05,"41","0-130","inc hosp",0
2021-06-12,"41","0-130","inc hosp",0
2021-06-19,"41","0-130","inc hosp",0
2021-06-26,"41","0-130","inc hosp",0
2021-07-03,"41","0-130","inc hosp",0
2021-07-10,"41","0-130","inc hosp",0
2021-07-17,"41","0-130","inc hosp",0
2021-07-24,"41","0-130","inc hosp",4.254814
2021-07-31,"41","0-130","inc hosp",0
2021-08-07,"41","0-130","inc hosp",4.254814
2021-08-14,"41","0-130","inc hosp",0
2021-08-21,"41","0-130","inc hosp",4.254814
2021-08-28,"41","0-130","inc hosp",8.509628
2021-09-04,"41","0-130","inc hosp",4.254814
2021-09-11,"41","0-130","inc hosp",0
2021-09-18,"41","0-130","inc hosp",12.764442
2021-09-25,"41","0-130","inc hosp",4.254814
2021-10-02,"41","0-130","inc hosp",0
2020-10-03,"US","0-130","inc hosp",0
2020-10-10,"US","0-130","inc hosp",0
2020-10-17,"US","0-130","inc hosp",0
2020-10-24,"US","0-130","inc hosp",0
2020-10-31,"US","0-130","inc hosp",0
2020-11-07,"US","0-130","inc hosp",0
2020-11-14,"US","0-130","inc hosp",0
2020-11-21,"US","0-130","inc hosp",0
2020-11-28,"US","0-130","inc hosp",0
2020-12-05,"US","0-130","inc hosp",0
2020-12-12,"US","0-130","inc hosp",0
2020-12-19,"US","0-130","inc hosp",0
2020-12-26,"US","0-130","inc hosp",0
2021-01-02,"US","0-130","inc hosp",0
2021-01-09,"US","0-130","inc hosp",0
2021-01-16,"US","0-130","inc hosp",0
2021-01-23,"US","0-130","inc hosp",0
2021-01-30,"US","0-130","inc hosp",0
2021-02-06,"US","0-130","inc hosp",0
2021-02-13,"US","0-130","inc hosp",0
2021-02-20,"US","0-130","inc hosp",0
2021-02-27,"US","0-130","inc hosp",0
2021-03-06,"US","0-130","inc hosp",0
2021-03-13,"US","0-130","inc hosp",0
2021-03-20,"US","0-130","inc hosp",0
2021-03-27,"US","0-130","inc hosp",0
2021-04-03,"US","0-130","inc hosp",0
2021-04-10,"US","0-130","inc hosp",330.901569
2021-04-17,"US","0-130","inc hosp",0
2021-04-24,"US","0-130","inc hosp",0
2021-05-01,"US","0-130","inc hosp",330.901569
2021-05-08,"US","0-130","inc hosp",330.901569
2021-05-15,"US","0-130","inc hosp",661.803138
2021-05-22,"US","0-130","inc hosp",661.803138
2021-05-29,"US","0-130","inc hosp",661.803138
2021-06-05,"US","0-130","inc hosp",661.803138
2021-06-12,"US","0-130","inc hosp",661.803138
2021-06-19,"US","0-130","inc hosp",992.704707
2021-06-26,"US","0-130","inc hosp",992.704707
2021-07-03,"US","0-130","inc hosp",1323.606276
2021-07-10,"US","0-130","inc hosp",1323.606276
2021-07-17,"US","0-130","inc hosp",1985.409414
2021-07-24,"US","0-130","inc hosp",2647.212552
2021-07-31,"US","0-130","inc hosp",2647.212552
2021-08-07,"US","0-130","inc hosp",2978.114121
2021-08-14,"US","0-130","inc hosp",2978.114121
2021-08-21,"US","0-130","inc hosp",2647.212552
2021-08-28,"US","0-130","inc hosp",2978.114121
2021-09-04,"US","0-130","inc hosp",2978.114121
2021-09-11,"US","0-130","inc hosp",2978.114121
2021-09-18,"US","0-130","inc hosp",2647.212552
2021-09-25,"US","0-130","inc hosp",2647.212552
2021-10-02,"US","0-130","inc hosp",3309.01569
2020-10-03,"47","0-130","inc hosp",0
2020-10-10,"47","0-130","inc hosp",0
2020-10-17,"47","0-130","inc hosp",0
2020-10-24,"47","0-130","inc hosp",0
2020-10-31,"47","0-130","inc hosp",0
2020-11-07,"47","0-130","inc hosp",0
2020-11-14,"47","0-130","inc hosp",0
2020-11-21,"47","0-130","inc hosp",0
2020-11-28,"47","0-130","inc hosp",0
2020-12-05,"47","0-130","inc hosp",0
2020-12-12,"47","0-130","inc hosp",0
2020-12-19,"47","0-130","inc hosp",0
2020-12-26,"47","0-130","inc hosp",0
2021-01-02,"47","0-130","inc hosp",0
2021-01-09,"47","0-130","inc hosp",0
2021-01-16,"47","0-130","inc hosp",0
2021-01-23,"47","0-130","inc hosp",0
2021-01-30,"47","0-130","inc hosp",0
2021-02-06,"47","0-130","inc hosp",0
2021-02-13,"47","0-130","inc hosp",0
2021-02-20,"47","0-130","inc hosp",0
2021-02-27,"47","0-130","inc hosp",0
2021-03-06,"47","0-130","inc hosp",0
2021-03-13,"47","0-130","inc hosp",0
2021-03-20,"47","0-130","inc hosp",0
2021-03-27,"47","0-130","inc hosp",0
2021-04-03,"47","0-130","inc hosp",0
2021-04-10,"47","0-130","inc hosp",0
2021-04-17,"47","0-130","inc hosp",13.894758
2021-04-24,"47","0-130","inc hosp",13.894758
2021-05-01,"47","0-130","inc hosp",20.842137
2021-05-08,"47","0-130","inc hosp",27.789516
2021-05-15,"47","0-130","inc hosp",27.789516
2021-05-22,"47","0-130","inc hosp",41.684274
2021-05-29,"47","0-130","inc hosp",41.684274
2021-06-05,"47","0-130","inc hosp",55.579032
2021-06-12,"47","0-130","inc hosp",48.631653
2021-06-19,"47","0-130","inc hosp",69.47379
2021-06-26,"47","0-130","inc hosp",83.368548
2021-07-03,"47","0-130","inc hosp",111.158064
2021-07-10,"47","0-130","inc hosp",90.315927
2021-07-17,"47","0-130","inc hosp",111.158064
2021-07-24,"47","0-130","inc hosp",166.737096
2021-07-31,"47","0-130","inc hosp",104.210685
2021-08-07,"47","0-130","inc hosp",90.315927
2021-08-14,"47","0-130","inc hosp",76.421169
2021-08-21,"47","0-130","inc hosp",62.526411
2021-08-28,"47","0-130","inc hosp",104.210685
2021-09-04,"47","0-130","inc hosp",83.368548
2021-09-11,"47","0-130","inc hosp",62.526411
2021-09-18,"47","0-130","inc hosp",62.526411
2021-09-25,"47","0-130","inc hosp",34.736895
2021-10-02,"47","0-130","inc hosp",83.368548
2020-10-03,"49","0-130","inc hosp",0
2020-10-10,"49","0-130","inc hosp",0
2020-10-17,"49","0-130","inc hosp",0
2020-10-24,"49","0-130","inc hosp",0
2020-10-31,"49","0-130","inc hosp",0
2020-11-07,"49","0-130","inc hosp",0
2020-11-14,"49","0-130","inc hosp",0
2020-11-21,"49","0-130","inc hosp",0
2020-11-28,"49","0-130","inc hosp",0
2020-12-05,"49","0-130","inc hosp",0
2020-12-12,"49","0-130","inc hosp",0
2020-12-19,"49","0-130","inc hosp",0
2020-12-26,"49","0-130","inc hosp",0
2021-01-02,"49","0-130","inc hosp",0
2021-01-09,"49","0-130","inc hosp",0
2021-01-16,"49","0-130","inc hosp",0
2021-01-23,"49","0-130","inc hosp",0
2021-01-30,"49","0-130","inc hosp",0
2021-02-06,"49","0-130","inc hosp",0
2021-02-13,"49","0-130","inc hosp",0
2021-02-20,"49","0-130","inc hosp",0
2021-02-27,"49","0-130","inc hosp",0
2021-03-06,"49","0-130","inc hosp",0
2021-03-13,"49","0-130","inc hosp",0
2021-03-20,"49","0-130","inc hosp",0
2021-03-27,"49","0-130","inc hosp",0
2021-04-03,"49","0-130","inc hosp",0
2021-04-10,"49","0-130","inc hosp",0
2021-04-17,"49","0-130","inc hosp",0
2021-04-24,"49","0-130","inc hosp",0
2021-05-01,"49","0-130","inc hosp",0
2021-05-08,"49","0-130","inc hosp",0
2021-05-15,"49","0-130","inc hosp",10.003239
2021-05-22,"49","0-130","inc hosp",10.003239
2021-05-29,"49","0-130","inc hosp",3.334413
2021-06-05,"49","0-130","inc hosp",0
2021-06-12,"49","0-130","inc hosp",0
2021-06-19,"49","0-130","inc hosp",3.334413
2021-06-26,"49","0-130","inc hosp",6.668826
2021-07-03,"49","0-130","inc hosp",6.668826
2021-07-10,"49","0-130","inc hosp",6.668826
2021-07-17,"49","0-130","inc hosp",3.334413
2021-07-24,"49","0-130","inc hosp",13.337652
2021-07-31,"49","0-130","inc hosp",10.003239
2021-08-07,"49","0-130","inc hosp",16.672065
2021-08-14,"49","0-130","inc hosp",30.009717
2021-08-21,"49","0-130","inc hosp",16.672065
2021-08-28,"49","0-130","inc hosp",40.012956
2021-09-04,"49","0-130","inc hosp",20.006478
2021-09-11,"49","0-130","inc hosp",43.347369
2021-09-18,"49","0-130","inc hosp",20.006478
2021-09-25,"49","0-130","inc hosp",30.009717
2021-10-02,"49","0-130","inc hosp",43.347369
2021-10-09,"06","0-130","inc hosp",38.996431
2021-10-16,"06","0-130","inc hosp",77.992862
2021-10-23,"06","0-130","inc hosp",155.985724
2021-10-30,"06","0-130","inc hosp",155.985724
2021-11-06,"06","0-130","inc hosp",77.992862
2021-11-13,"06","0-130","inc hosp",233.978586
2021-11-20,"06","0-130","inc hosp",194.982155
2021-11-27,"06","0-130","inc hosp",272.975017
2021-12-04,"06","0-130","inc hosp",467.957172
2021-12-11,"06","0-130","inc hosp",428.960741
2021-12-18,"06","0-130","inc hosp",584.946465
2021-12-25,"06","0-130","inc hosp",545.950034
2022-01-01,"06","0-130","inc hosp",623.942896
2022-01-08,"06","0-130","inc hosp",622.184816
2022-01-15,"06","0-130","inc hosp",427.752061
2022-01-22,"06","0-130","inc hosp",272.205857
2022-01-29,"06","0-130","inc hosp",116.659653
2022-02-05,"06","0-130","inc hosp",116.659653
2022-02-12,"06","0-130","inc hosp",77.773102
2022-02-19,"06","0-130","inc hosp",116.659653
2022-02-26,"06","0-130","inc hosp",38.886551
2022-03-05,"06","0-130","inc hosp",77.773102
2022-03-12,"06","0-130","inc hosp",77.773102
2022-03-19,"06","0-130","inc hosp",38.886551
2022-03-26,"06","0-130","inc hosp",77.773102
2022-04-02,"06","0-130","inc hosp",38.886551
2022-04-09,"06","0-130","inc hosp",77.773102
2022-04-16,"06","0-130","inc hosp",0
2022-04-23,"06","0-130","inc hosp",38.886551
2022-04-30,"06","0-130","inc hosp",38.886551
2022-05-07,"06","0-130","inc hosp",0
2022-05-14,"06","0-130","inc hosp",38.886551
2022-05-21,"06","0-130","inc hosp",0
2022-05-28,"06","0-130","inc hosp",38.886551
2022-06-04,"06","0-130","inc hosp",0
2022-06-11,"06","0-130","inc hosp",38.886551
2022-06-18,"06","0-130","inc hosp",38.886551
2022-06-25,"06","0-130","inc hosp",0
2022-07-02,"06","0-130","inc hosp",38.886551
2022-07-09,"06","0-130","inc hosp",38.886551
2022-07-16,"06","0-130","inc hosp",0
2022-07-23,"06","0-130","inc hosp",38.886551
2022-07-30,"06","0-130","inc hosp",38.886551
2022-08-06,"06","0-130","inc hosp",77.773102
2022-08-13,"06","0-130","inc hosp",38.886551
2022-08-20,"06","0-130","inc hosp",38.886551
2022-08-27,"06","0-130","inc hosp",77.773102
2022-09-03,"06","0-130","inc hosp",38.886551
2022-09-10,"06","0-130","inc hosp",77.773102
2022-09-17,"06","0-130","inc hosp",77.773102
2022-09-24,"06","0-130","inc hosp",116.659653
2022-10-01,"06","0-130","inc hosp",233.319306
2021-10-09,"08","0-130","inc hosp",57.72964
2021-10-16,"08","0-130","inc hosp",46.183712
2021-10-23,"08","0-130","inc hosp",63.502604
2021-10-30,"08","0-130","inc hosp",69.275568
2021-11-06,"08","0-130","inc hosp",75.048532
2021-11-13,"08","0-130","inc hosp",98.140388
2021-11-20,"08","0-130","inc hosp",138.551136
2021-11-27,"08","0-130","inc hosp",98.140388
2021-12-04,"08","0-130","inc hosp",167.415956
2021-12-11,"08","0-130","inc hosp",207.826704
2021-12-18,"08","0-130","inc hosp",167.415956
2021-12-25,"08","0-130","inc hosp",138.551136
2022-01-01,"08","0-130","inc hosp",167.415956
2022-01-08,"08","0-130","inc hosp",127.682456
2022-01-15,"08","0-130","inc hosp",46.429984
2022-01-22,"08","0-130","inc hosp",46.429984
2022-01-29,"08","0-130","inc hosp",23.214992
2022-02-05,"08","0-130","inc hosp",29.01874
2022-02-12,"08","0-130","inc hosp",11.607496
2022-02-19,"08","0-130","inc hosp",11.607496
2022-02-26,"08","0-130","inc hosp",17.411244
2022-03-05,"08","0-130","inc hosp",23.214992
2022-03-12,"08","0-130","inc hosp",34.822488
2022-03-19,"08","0-130","inc hosp",40.626236
2022-03-26,"08","0-130","inc hosp",23.214992
2022-04-02,"08","0-130","inc hosp",23.214992
2022-04-09,"08","0-130","inc hosp",23.214992
2022-04-16,"08","0-130","inc hosp",11.607496
2022-04-23,"08","0-130","inc hosp",23.214992
2022-04-30,"08","0-130","inc hosp",11.607496
2022-05-07,"08","0-130","inc hosp",11.607496
2022-05-14,"08","0-130","inc hosp",11.607496
2022-05-21,"08","0-130","inc hosp",17.411244
2022-05-28,"08","0-130","inc hosp",5.803748
2022-06-04,"08","0-130","inc hosp",17.411244
2022-06-11,"08","0-130","inc hosp",17.411244
2022-06-18,"08","0-130","inc hosp",5.803748
2022-06-25,"08","0-130","inc hosp",17.411244
2022-07-02,"08","0-130","inc hosp",5.803748
2022-07-09,"08","0-130","inc hosp",5.803748
2022-07-16,"08","0-130","inc hosp",11.607496
2022-07-23,"08","0-130","inc hosp",11.607496
2022-07-30,"08","0-130","inc hosp",11.607496
2022-08-06,"08","0-130","inc hosp",17.411244
2022-08-13,"08","0-130","inc hosp",17.411244
2022-08-20,"08","0-130","inc hosp",17.411244
2022-08-27,"08","0-130","inc hosp",5.803748
2022-09-03,"08","0-130","inc hosp",11.607496
2022-09-10,"08","0-130","inc hosp",11.607496
2022-09-17,"08","0-130","inc hosp",29.01874
2022-09-24,"08","0-130","inc hosp",46.429984
2022-10-01,"08","0-130","inc hosp",52.233732
2021-10-09,"09","0-130","inc hosp",65.12319
2021-10-16,"09","0-130","inc hosp",39.797505
2021-10-23,"09","0-130","inc hosp",39.797505
2021-10-30,"09","0-130","inc hosp",50.65137
2021-11-06,"09","0-130","inc hosp",43.41546
2021-11-13,"09","0-130","inc hosp",47.033415
2021-11-20,"09","0-130","inc hosp",57.88728
2021-11-27,"09","0-130","inc hosp",47.033415
2021-12-04,"09","0-130","inc hosp",25.325685
2021-12-11,"09","0-130","inc hosp",32.561595
2021-12-18,"09","0-130","inc hosp",36.17955
2021-12-25,"09","0-130","inc hosp",39.797505
2022-01-01,"09","0-130","inc hosp",21.70773
2022-01-08,"09","0-130","inc hosp",39.831979
2022-01-15,"09","0-130","inc hosp",21.726534
2022-01-22,"09","0-130","inc hosp",21.726534
2022-01-29,"09","0-130","inc hosp",7.242178
2022-02-05,"09","0-130","inc hosp",7.242178
2022-02-12,"09","0-130","inc hosp",3.621089
2022-02-19,"09","0-130","inc hosp",10.863267
2022-02-26,"09","0-130","inc hosp",7.242178
2022-03-05,"09","0-130","inc hosp",0
2022-03-12,"09","0-130","inc hosp",0
2022-03-19,"09","0-130","inc hosp",0
2022-03-26,"09","0-130","inc hosp",10.863267
2022-04-02,"09","0-130","inc hosp",0
2022-04-09,"09","0-130","inc hosp",0
2022-04-16,"09","0-130","inc hosp",3.621089
2022-04-23,"09","0-130","inc hosp",14.484356
2022-04-30,"09","0-130","inc hosp",21.726534
2022-05-07,"09","0-130","inc hosp",7.242178
2022-05-14,"09","0-130","inc hosp",10.863267
2022-05-21,"09","0-130","inc hosp",0
2022-05-28,"09","0-130","inc hosp",3.621089
2022-06-04,"09","0-130","inc hosp",10.863267
2022-06-11,"09","0-130","inc hosp",10.863267
2022-06-18,"09","0-130","inc hosp",14.484356
2022-06-25,"09","0-130","inc hosp",14.484356
2022-07-02,"09","0-130","inc hosp",10.863267
2022-07-09,"09","0-130","inc hosp",3.621089
2022-07-16,"09","0-130","inc hosp",14.484356
2022-07-23,"09","0-130","inc hosp",32.589801
2022-07-30,"09","0-130","inc hosp",21.726534
2022-08-06,"09","0-130","inc hosp",36.21089
2022-08-13,"09","0-130","inc hosp",18.105445
2022-08-20,"09","0-130","inc hosp",21.726534
2022-08-27,"09","0-130","inc hosp",28.968712
2022-09-03,"09","0-130","inc hosp",32.589801
2022-09-10,"09","0-130","inc hosp",21.726534
2022-09-17,"09","0-130","inc hosp",14.484356
2022-09-24,"09","0-130","inc hosp",47.074157
2022-10-01,"09","0-130","inc hosp",36.21089
2021-10-09,"13","0-130","inc hosp",96.52698
2021-10-16,"13","0-130","inc hosp",85.80176
2021-10-23,"13","0-130","inc hosp",53.6261
2021-10-30,"13","0-130","inc hosp",53.6261
2021-11-06,"13","0-130","inc hosp",64.35132
2021-11-13,"13","0-130","inc hosp",53.6261
2021-11-20,"13","0-130","inc hosp",85.80176
2021-11-27,"13","0-130","inc hosp",42.90088
2021-12-04,"13","0-130","inc hosp",64.35132
2021-12-11,"13","0-130","inc hosp",53.6261
2021-12-18,"13","0-130","inc hosp",42.90088
2021-12-25,"13","0-130","inc hosp",42.90088
2022-01-01,"13","0-130","inc hosp",42.90088
2022-01-08,"13","0-130","inc hosp",21.710908
2022-01-15,"13","0-130","inc hosp",10.855454
2022-01-22,"13","0-130","inc hosp",10.855454
2022-01-29,"13","0-130","inc hosp",10.855454
2022-02-05,"13","0-130","inc hosp",21.710908
2022-02-12,"13","0-130","inc hosp",10.855454
2022-02-19,"13","0-130","inc hosp",10.855454
2022-02-26,"13","0-130","inc hosp",0
2022-03-05,"13","0-130","inc hosp",10.855454
2022-03-12,"13","0-130","inc hosp",10.855454
2022-03-19,"13","0-130","inc hosp",0
2022-03-26,"13","0-130","inc hosp",10.855454
2022-04-02,"13","0-130","inc hosp",10.855454
2022-04-09,"13","0-130","inc hosp",10.855454
2022-04-16,"13","0-130","inc hosp",0
2022-04-23,"13","0-130","inc hosp",21.710908
2022-04-30,"13","0-130","inc hosp",43.421816
2022-05-07,"13","0-130","inc hosp",32.566362
2022-05-14,"13","0-130","inc hosp",54.27727
2022-05-21,"13","0-130","inc hosp",65.132724
2022-05-28,"13","0-130","inc hosp",97.699086
2022-06-04,"13","0-130","inc hosp",86.843632
2022-06-11,"13","0-130","inc hosp",97.699086
2022-06-18,"13","0-130","inc hosp",162.83181
2022-06-25,"13","0-130","inc hosp",130.265448
2022-07-02,"13","0-130","inc hosp",97.699086
2022-07-09,"13","0-130","inc hosp",119.409994
2022-07-16,"13","0-130","inc hosp",151.976356
2022-07-23,"13","0-130","inc hosp",130.265448
2022-07-30,"13","0-130","inc hosp",141.120902
2022-08-06,"13","0-130","inc hosp",119.409994
2022-08-13,"13","0-130","inc hosp",130.265448
2022-08-20,"13","0-130","inc hosp",141.120902
2022-08-27,"13","0-130","inc hosp",184.542718
2022-09-03,"13","0-130","inc hosp",206.253626
2022-09-10,"13","0-130","inc hosp",227.964534
2022-09-17,"13","0-130","inc hosp",336.519074
2022-09-24,"13","0-130","inc hosp",282.241804
2022-10-01,"13","0-130","inc hosp",293.097258
2021-10-09,"24","0-130","inc hosp",49.137296
2021-10-16,"24","0-130","inc hosp",79.848106
2021-10-23,"24","0-130","inc hosp",55.279458
2021-10-30,"24","0-130","inc hosp",55.279458
2021-11-06,"24","0-130","inc hosp",49.137296
2021-11-13,"24","0-130","inc hosp",42.995134
2021-11-20,"24","0-130","inc hosp",42.995134
2021-11-27,"24","0-130","inc hosp",36.852972
2021-12-04,"24","0-130","inc hosp",42.995134
2021-12-11,"24","0-130","inc hosp",49.137296
2021-12-18,"24","0-130","inc hosp",36.852972
2021-12-25,"24","0-130","inc hosp",36.852972
2022-01-01,"24","0-130","inc hosp",24.568648
2022-01-08,"24","0-130","inc hosp",18.39939
2022-01-15,"24","0-130","inc hosp",6.13313
2022-01-22,"24","0-130","inc hosp",6.13313
2022-01-29,"24","0-130","inc hosp",6.13313
2022-02-05,"24","0-130","inc hosp",6.13313
2022-02-12,"24","0-130","inc hosp",6.13313
2022-02-19,"24","0-130","inc hosp",0
2022-02-26,"24","0-130","inc hosp",6.13313
2022-03-05,"24","0-130","inc hosp",0
2022-03-12,"24","0-130","inc hosp",6.13313
2022-03-19,"24","0-130","inc hosp",6.13313
2022-03-26,"24","0-130","inc hosp",0
2022-04-02,"24","0-130","inc hosp",0
2022-04-09,"24","0-130","inc hosp",0
2022-04-16,"24","0-130","inc hosp",6.13313
2022-04-23,"24","0-130","inc hosp",6.13313
2022-04-30,"24","0-130","inc hosp",6.13313
2022-05-07,"24","0-130","inc hosp",6.13313
2022-05-14,"24","0-130","inc hosp",6.13313
2022-05-21,"24","0-130","inc hosp",6.13313
2022-05-28,"24","0-130","inc hosp",6.13313
2022-06-04,"24","0-130","inc hosp",6.13313
2022-06-11,"24","0-130","inc hosp",6.13313
2022-06-18,"24","0-130","inc hosp",12.26626
2022-06-25,"24","0-130","inc hosp",12.26626
2022-07-02,"24","0-130","inc hosp",12.26626
2022-07-09,"24","0-130","inc hosp",18.39939
2022-07-16,"24","0-130","inc hosp",18.39939
2022-07-23,"24","0-130","inc hosp",24.53252
2022-07-30,"24","0-130","inc hosp",18.39939
2022-08-06,"24","0-130","inc hosp",18.39939
2022-08-13,"24","0-130","inc hosp",18.39939
2022-08-20,"24","0-130","inc hosp",24.53252
2022-08-27,"24","0-130","inc hosp",24.53252
2022-09-03,"24","0-130","inc hosp",18.39939
2022-09-10,"24","0-130","inc hosp",24.53252
2022-09-17,"24","0-130","inc hosp",36.79878
2022-09-24,"24","0-130","inc hosp",36.79878
2022-10-01,"24","0-130","inc hosp",49.06504
2021-10-09,"26","0-130","inc hosp",180.636408
2021-10-16,"26","0-130","inc hosp",200.70712
2021-10-23,"26","0-130","inc hosp",180.636408
2021-10-30,"26","0-130","inc hosp",210.742476
2021-11-06,"26","0-130","inc hosp",240.848544
2021-11-13,"26","0-130","inc hosp",280.989968
2021-11-20,"26","0-130","inc hosp",140.494984
2021-11-27,"26","0-130","inc hosp",160.565696
2021-12-04,"26","0-130","inc hosp",140.494984
2021-12-11,"26","0-130","inc hosp",140.494984
2021-12-18,"26","0-130","inc hosp",50.17678
2021-12-25,"26","0-130","inc hosp",100.35356
2022-01-01,"26","0-130","inc hosp",50.17678
2022-01-08,"26","0-130","inc hosp",70.224525
2022-01-15,"26","0-130","inc hosp",30.096225
2022-01-22,"26","0-130","inc hosp",30.096225
2022-01-29,"26","0-130","inc hosp",0
2022-02-05,"26","0-130","inc hosp",10.032075
2022-02-12,"26","0-130","inc hosp",20.06415
2022-02-19,"26","0-130","inc hosp",20.06415
2022-02-26,"26","0-130","inc hosp",20.06415
2022-03-05,"26","0-130","inc hosp",10.032075
2022-03-12,"26","0-130","inc hosp",40.1283
2022-03-19,"26","0-130","inc hosp",10.032075
2022-03-26,"26","0-130","inc hosp",0
2022-04-02,"26","0-130","inc hosp",30.096225
2022-04-09,"26","0-130","inc hosp",40.1283
2022-04-16,"26","0-130","inc hosp",20.06415
2022-04-23,"26","0-130","inc hosp",10.032075
2022-04-30,"26","0-130","inc hosp",20.06415
2022-05-07,"26","0-130","inc hosp",0
2022-05-14,"26","0-130","inc hosp",0
2022-05-21,"26","0-130","inc hosp",0
2022-05-28,"26","0-130","inc hosp",0
2022-06-04,"26","0-130","inc hosp",0
2022-06-11,"26","0-130","inc hosp",0
2022-06-18,"26","0-130","inc hosp",0
2022-06-25,"26","0-130","inc hosp",0
2022-07-02,"26","0-130","inc hosp",0
2022-07-09,"26","0-130","inc hosp",20.06415
2022-07-16,"26","0-130","inc hosp",20.06415
2022-07-23,"26","0-130","inc hosp",10.032075
2022-07-30,"26","0-130","inc hosp",20.06415
2022-08-06,"26","0-130","inc hosp",10.032075
2022-08-13,"26","0-130","inc hosp",20.06415
2022-08-20,"26","0-130","inc hosp",20.06415
2022-08-27,"26","0-130","inc hosp",20.06415
2022-09-03,"26","0-130","inc hosp",10.032075
2022-09-10,"26","0-130","inc hosp",40.1283
2022-09-17,"26","0-130","inc hosp",40.1283
2022-09-24,"26","0-130","inc hosp",100.32075
2022-10-01,"26","0-130","inc hosp",170.545275
2021-10-09,"27","0-130","inc hosp",79.950878
2021-10-16,"27","0-130","inc hosp",57.10777
2021-10-23,"27","0-130","inc hosp",62.818547
2021-10-30,"27","0-130","inc hosp",62.818547
2021-11-06,"27","0-130","inc hosp",62.818547
2021-11-13,"27","0-130","inc hosp",79.950878
2021-11-20,"27","0-130","inc hosp",62.818547
2021-11-27,"27","0-130","inc hosp",57.10777
2021-12-04,"27","0-130","inc hosp",62.818547
2021-12-11,"27","0-130","inc hosp",57.10777
2021-12-18,"27","0-130","inc hosp",45.686216
2021-12-25,"27","0-130","inc hosp",28.553885
2022-01-01,"27","0-130","inc hosp",45.686216
2022-01-08,"27","0-130","inc hosp",40.015836
2022-01-15,"27","0-130","inc hosp",17.149644
2022-01-22,"27","0-130","inc hosp",22.866192
2022-01-29,"27","0-130","inc hosp",11.433096
2022-02-05,"27","0-130","inc hosp",5.716548
2022-02-12,"27","0-130","inc hosp",5.716548
2022-02-19,"27","0-130","inc hosp",11.433096
2022-02-26,"27","0-130","inc hosp",17.149644
2022-03-05,"27","0-130","inc hosp",17.149644
2022-03-12,"27","0-130","inc hosp",17.149644
2022-03-19,"27","0-130","inc hosp",17.149644
2022-03-26,"27","0-130","inc hosp",17.149644
2022-04-02,"27","0-130","inc hosp",22.866192
2022-04-09,"27","0-130","inc hosp",17.149644
2022-04-16,"27","0-130","inc hosp",34.299288
2022-04-23,"27","0-130","inc hosp",28.58274
2022-04-30,"27","0-130","inc hosp",34.299288
2022-05-07,"27","0-130","inc hosp",22.866192
2022-05-14,"27","0-130","inc hosp",40.015836
2022-05-21,"27","0-130","inc hosp",11.433096
2022-05-28,"27","0-130","inc hosp",17.149644
2022-06-04,"27","0-130","inc hosp",28.58274
2022-06-11,"27","0-130","inc hosp",22.866192
2022-06-18,"27","0-130","inc hosp",34.299288
2022-06-25,"27","0-130","inc hosp",40.015836
2022-07-02,"27","0-130","inc hosp",17.149644
2022-07-09,"27","0-130","inc hosp",22.866192
2022-07-16,"27","0-130","inc hosp",11.433096
2022-07-23,"27","0-130","inc hosp",28.58274
2022-07-30,"27","0-130","inc hosp",17.149644
2022-08-06,"27","0-130","inc hosp",22.866192
2022-08-13,"27","0-130","inc hosp",11.433096
2022-08-20,"27","0-130","inc hosp",17.149644
2022-08-27,"27","0-130","inc hosp",22.866192
2022-09-03,"27","0-130","inc hosp",28.58274
2022-09-10,"27","0-130","inc hosp",22.866192
2022-09-17,"27","0-130","inc hosp",62.882028
2022-09-24,"27","0-130","inc hosp",80.031672
2022-10-01,"27","0-130","inc hosp",91.464768
2021-10-09,"35","0-130","inc hosp",18.933741
2021-10-16,"35","0-130","inc hosp",12.622494
2021-10-23,"35","0-130","inc hosp",25.244988
2021-10-30,"35","0-130","inc hosp",27.348737
2021-11-06,"35","0-130","inc hosp",50.489976
2021-11-13,"35","0-130","inc hosp",52.593725
2021-11-20,"35","0-130","inc hosp",84.14996
2021-11-27,"35","0-130","inc hosp",75.734964
2021-12-04,"35","0-130","inc hosp",69.423717
2021-12-11,"35","0-130","inc hosp",69.423717
2021-12-18,"35","0-130","inc hosp",82.046211
2021-12-25,"35","0-130","inc hosp",58.904972
2022-01-01,"35","0-130","inc hosp",88.357458
2022-01-08,"35","0-130","inc hosp",52.501975
2022-01-15,"35","0-130","inc hosp",37.801422
2022-01-22,"35","0-130","inc hosp",12.600474
2022-01-29,"35","0-130","inc hosp",8.400316
2022-02-05,"35","0-130","inc hosp",12.600474
2022-02-12,"35","0-130","inc hosp",8.400316
2022-02-19,"35","0-130","inc hosp",27.301027
2022-02-26,"35","0-130","inc hosp",8.400316
2022-03-05,"35","0-130","inc hosp",12.600474
2022-03-12,"35","0-130","inc hosp",12.600474
2022-03-19,"35","0-130","inc hosp",14.700553
2022-03-26,"35","0-130","inc hosp",6.300237
2022-04-02,"35","0-130","inc hosp",12.600474
2022-04-09,"35","0-130","inc hosp",21.00079
2022-04-16,"35","0-130","inc hosp",8.400316
2022-04-23,"35","0-130","inc hosp",2.100079
2022-04-30,"35","0-130","inc hosp",6.300237
2022-05-07,"35","0-130","inc hosp",0
2022-05-14,"35","0-130","inc hosp",0
2022-05-21,"35","0-130","inc hosp",0
2022-05-28,"35","0-130","inc hosp",0
2022-06-04,"35","0-130","inc hosp",0
2022-06-11,"35","0-130","inc hosp",0
2022-06-18,"35","0-130","inc hosp",0
2022-06-25,"35","0-130","inc hosp",0
2022-07-02,"35","0-130","inc hosp",0
2022-07-09,"35","0-130","inc hosp",0
2022-07-16,"35","0-130","inc hosp",2.100079
2022-07-23,"35","0-130","inc hosp",2.100079
2022-07-30,"35","0-130","inc hosp",2.100079
2022-08-06,"35","0-130","inc hosp",2.100079
2022-08-13,"35","0-130","inc hosp",8.400316
2022-08-20,"35","0-130","inc hosp",14.700553
2022-08-27,"35","0-130","inc hosp",6.300237
2022-09-03,"35","0-130","inc hosp",8.400316
2022-09-10,"35","0-130","inc hosp",14.700553
2022-09-17,"35","0-130","inc hosp",6.300237
2022-09-24,"35","0-130","inc hosp",14.700553
2022-10-01,"35","0-130","inc hosp",14.700553
2021-10-09,"36","0-130","inc hosp",357.058188
2021-10-16,"36","0-130","inc hosp",456.241018
2021-10-23,"36","0-130","inc hosp",535.587282
2021-10-30,"36","0-130","inc hosp",575.260414
2021-11-06,"36","0-130","inc hosp",495.91415
2021-11-13,"36","0-130","inc hosp",357.058188
2021-11-20,"36","0-130","inc hosp",238.038792
2021-11-27,"36","0-130","inc hosp",198.36566
2021-12-04,"36","0-130","inc hosp",297.54849
2021-12-11,"36","0-130","inc hosp",198.36566
2021-12-18,"36","0-130","inc hosp",218.202226
2021-12-25,"36","0-130","inc hosp",138.855962
2022-01-01,"36","0-130","inc hosp",218.202226
2022-01-08,"36","0-130","inc hosp",78.62876
2022-01-15,"36","0-130","inc hosp",117.94314
2022-01-22,"36","0-130","inc hosp",58.97157
2022-01-29,"36","0-130","inc hosp",19.65719
2022-02-05,"36","0-130","inc hosp",78.62876
2022-02-12,"36","0-130","inc hosp",19.65719
2022-02-19,"36","0-130","inc hosp",0
2022-02-26,"36","0-130","inc hosp",19.65719
2022-03-05,"36","0-130","inc hosp",0
2022-03-12,"36","0-130","inc hosp",19.65719
2022-03-19,"36","0-130","inc hosp",19.65719
2022-03-26,"36","0-130","inc hosp",0
2022-04-02,"36","0-130","inc hosp",19.65719
2022-04-09,"36","0-130","inc hosp",39.31438
2022-04-16,"36","0-130","inc hosp",58.97157
2022-04-23,"36","0-130","inc hosp",19.65719
2022-04-30,"36","0-130","inc hosp",19.65719
2022-05-07,"36","0-130","inc hosp",19.65719
2022-05-14,"36","0-130","inc hosp",19.65719
2022-05-21,"36","0-130","inc hosp",19.65719
2022-05-28,"36","0-130","inc hosp",19.65719
2022-06-04,"36","0-130","inc hosp",78.62876
2022-06-11,"36","0-130","inc hosp",39.31438
2022-06-18,"36","0-130","inc hosp",39.31438
2022-06-25,"36","0-130","inc hosp",39.31438
2022-07-02,"36","0-130","inc hosp",39.31438
2022-07-09,"36","0-130","inc hosp",39.31438
2022-07-16,"36","0-130","inc hosp",19.65719
2022-07-23,"36","0-130","inc hosp",39.31438
2022-07-30,"36","0-130","inc hosp",58.97157
2022-08-06,"36","0-130","inc hosp",58.97157
2022-08-13,"36","0-130","inc hosp",19.65719
2022-08-20,"36","0-130","inc hosp",19.65719
2022-08-27,"36","0-130","inc hosp",98.28595
2022-09-03,"36","0-130","inc hosp",78.62876
2022-09-10,"36","0-130","inc hosp",78.62876
2022-09-17,"36","0-130","inc hosp",117.94314
2022-09-24,"36","0-130","inc hosp",157.25752
2022-10-01,"36","0-130","inc hosp",275.20066
2021-10-09,"41","0-130","inc hosp",21.27407
2021-10-16,"41","0-130","inc hosp",17.019256
2021-10-23,"41","0-130","inc hosp",25.528884
2021-10-30,"41","0-130","inc hosp",12.764442
2021-11-06,"41","0-130","inc hosp",29.783698
2021-11-13,"41","0-130","inc hosp",38.293326
2021-11-20,"41","0-130","inc hosp",38.293326
2021-11-27,"41","0-130","inc hosp",34.038512
2021-12-04,"41","0-130","inc hosp",17.019256
2021-12-11,"41","0-130","inc hosp",38.293326
2021-12-18,"41","0-130","inc hosp",68.077024
2021-12-25,"41","0-130","inc hosp",63.82221
2022-01-01,"41","0-130","inc hosp",68.077024
2022-01-08,"41","0-130","inc hosp",33.90932
2022-01-15,"41","0-130","inc hosp",12.715995
2022-01-22,"41","0-130","inc hosp",8.47733
2022-01-29,"41","0-130","inc hosp",4.238665
2022-02-05,"41","0-130","inc hosp",12.715995
2022-02-12,"41","0-130","inc hosp",8.47733
2022-02-19,"41","0-130","inc hosp",8.47733
2022-02-26,"41","0-130","inc hosp",0
2022-03-05,"41","0-130","inc hosp",4.238665
2022-03-12,"41","0-130","inc hosp",8.47733
2022-03-19,"41","0-130","inc hosp",8.47733
2022-03-26,"41","0-130","inc hosp",0
2022-04-02,"41","0-130","inc hosp",4.238665
2022-04-09,"41","0-130","inc hosp",0
2022-04-16,"41","0-130","inc hosp",12.715995
2022-04-23,"41","0-130","inc hosp",8.47733
2022-04-30,"41","0-130","inc hosp",12.715995
2022-05-07,"41","0-130","inc hosp",8.47733
2022-05-14,"41","0-130","inc hosp",0
2022-05-21,"41","0-130","inc hosp",0
2022-05-28,"41","0-130","inc hosp",0
2022-06-04,"41","0-130","inc hosp",0
2022-06-11,"41","0-130","inc hosp",0
2022-06-18,"41","0-130","inc hosp",0
2022-06-25,"41","0-130","inc hosp",0
2022-07-02,"41","0-130","inc hosp",4.238665
2022-07-09,"41","0-130","inc hosp",12.715995
2022-07-16,"41","0-130","inc hosp",4.238665
2022-07-23,"41","0-130","inc hosp",12.715995
2022-07-30,"41","0-130","inc hosp",0
2022-08-06,"41","0-130","inc hosp",4.238665
2022-08-13,"41","0-130","inc hosp",4.238665
2022-08-20,"41","0-130","inc hosp",4.238665
2022-08-27,"41","0-130","inc hosp",8.47733
2022-09-03,"41","0-130","inc hosp",4.238665
2022-09-10,"41","0-130","inc hosp",4.238665
2022-09-17,"41","0-130","inc hosp",4.238665
2022-09-24,"41","0-130","inc hosp",8.47733
2022-10-01,"41","0-130","inc hosp",0
2021-10-09,"US","0-130","inc hosp",2978.114121
2021-10-16,"US","0-130","inc hosp",3309.01569
2021-10-23,"US","0-130","inc hosp",3309.01569
2021-10-30,"US","0-130","inc hosp",3309.01569
2021-11-06,"US","0-130","inc hosp",3639.917259
2021-11-13,"US","0-130","inc hosp",3639.917259
2021-11-20,"US","0-130","inc hosp",3970.818828
2021-11-27,"US","0-130","inc hosp",3639.917259
2021-12-04,"US","0-130","inc hosp",4301.720397
2021-12-11,"US","0-130","inc hosp",4301.720397
2021-12-18,"US","0-130","inc hosp",3970.818828
2021-12-25,"US","0-130","inc hosp",3639.917259
2022-01-01,"US","0-130","inc hosp",3639.917259
2022-01-08,"US","0-130","inc hosp",2989.800594
2022-01-15,"US","0-130","inc hosp",1661.00033
2022-01-22,"US","0-130","inc hosp",1328.800264
2022-01-29,"US","0-130","inc hosp",664.400132
2022-02-05,"US","0-130","inc hosp",664.400132
2022-02-12,"US","0-130","inc hosp",332.200066
2022-02-19,"US","0-130","inc hosp",664.400132
2022-02-26,"US","0-130","inc hosp",664.400132
2022-03-05,"US","0-130","inc hosp",332.200066
2022-03-12,"US","0-130","inc hosp",664.400132
2022-03-19,"US","0-130","inc hosp",664.400132
2022-03-26,"US","0-130","inc hosp",332.200066
2022-04-02,"US","0-130","inc hosp",664.400132
2022-04-09,"US","0-130","inc hosp",664.400132
2022-04-16,"US","0-130","inc hosp",664.400132
2022-04-23,"US","0-130","inc hosp",664.400132
2022-04-30,"US","0-130","inc hosp",664.400132
2022-05-07,"US","0-130","inc hosp",332.200066
2022-05-14,"US","0-130","inc hosp",664.400132
2022-05-21,"US","0-130","inc hosp",664.400132
2022-05-28,"US","0-130","inc hosp",664.400132
2022-06-04,"US","0-130","inc hosp",996.600198
2022-06-11,"US","0-130","inc hosp",996.600198
2022-06-18,"US","0-130","inc hosp",1328.800264
2022-06-25,"US","0-130","inc hosp",996.600198
2022-07-02,"US","0-130","inc hosp",664.400132
2022-07-09,"US","0-130","inc hosp",996.600198
2022-07-16,"US","0-130","inc hosp",1328.800264
2022-07-23,"US","0-130","inc hosp",1328.800264
2022-07-30,"US","0-130","inc hosp",1328.800264
2022-08-06,"US","0-130","inc hosp",1328.800264
2022-08-13,"US","0-130","inc hosp",1328.800264
2022-08-20,"US","0-130","inc hosp",1328.800264
2022-08-27,"US","0-130","inc hosp",1661.00033
2022-09-03,"US","0-130","inc hosp",1661.00033
2022-09-10,"US","0-130","inc hosp",1993.200396
2022-09-17,"US","0-130","inc hosp",2989.800594
2022-09-24,"US","0-130","inc hosp",3322.00066
2022-10-01,"US","0-130","inc hosp",3986.400792
2021-10-09,"47","0-130","inc hosp",34.736895
2021-10-16,"47","0-130","inc hosp",62.526411
2021-10-23,"47","0-130","inc hosp",34.736895
2021-10-30,"47","0-130","inc hosp",34.736895
2021-11-06,"47","0-130","inc hosp",27.789516
2021-11-13,"47","0-130","inc hosp",27.789516
2021-11-20,"47","0-130","inc hosp",48.631653
2021-11-27,"47","0-130","inc hosp",48.631653
2021-12-04,"47","0-130","inc hosp",41.684274
2021-12-11,"47","0-130","inc hosp",41.684274
2021-12-18,"47","0-130","inc hosp",34.736895
2021-12-25,"47","0-130","inc hosp",48.631653
2022-01-01,"47","0-130","inc hosp",34.736895
2022-01-08,"47","0-130","inc hosp",7.030607
2022-01-15,"47","0-130","inc hosp",14.061214
2022-01-22,"47","0-130","inc hosp",0
2022-01-29,"47","0-130","inc hosp",21.091821
2022-02-05,"47","0-130","inc hosp",0
2022-02-12,"47","0-130","inc hosp",7.030607
2022-02-19,"47","0-130","inc hosp",7.030607
2022-02-26,"47","0-130","inc hosp",7.030607
2022-03-05,"47","0-130","inc hosp",7.030607
2022-03-12,"47","0-130","inc hosp",7.030607
2022-03-19,"47","0-130","inc hosp",14.061214
2022-03-26,"47","0-130","inc hosp",7.030607
2022-04-02,"47","0-130","inc hosp",0
2022-04-09,"47","0-130","inc hosp",14.061214
2022-04-16,"47","0-130","inc hosp",7.030607
2022-04-23,"47","0-130","inc hosp",21.091821
2022-04-30,"47","0-130","inc hosp",14.061214
2022-05-07,"47","0-130","inc hosp",0
2022-05-14,"47","0-130","inc hosp",0
2022-05-21,"47","0-130","inc hosp",0
2022-05-28,"47","0-130","inc hosp",0
2022-06-04,"47","0-130","inc hosp",0
2022-06-11,"47","0-130","inc hosp",0
2022-06-18,"47","0-130","inc hosp",7.030607
2022-06-25,"47","0-130","inc hosp",0
2022-07-02,"47","0-130","inc hosp",7.030607
2022-07-09,"47","0-130","inc hosp",14.061214
2022-07-16,"47","0-130","inc hosp",49.214249
2022-07-23,"47","0-130","inc hosp",49.214249
2022-07-30,"47","0-130","inc hosp",21.091821
2022-08-06,"47","0-130","inc hosp",42.183642
2022-08-13,"47","0-130","inc hosp",35.153035
2022-08-20,"47","0-130","inc hosp",42.183642
2022-08-27,"47","0-130","inc hosp",49.214249
2022-09-03,"47","0-130","inc hosp",35.153035
2022-09-10,"47","0-130","inc hosp",63.275463
2022-09-17,"47","0-130","inc hosp",56.244856
2022-09-24,"47","0-130","inc hosp",84.367284
2022-10-01,"47","0-130","inc hosp",77.336677
2021-10-09,"49","0-130","inc hosp",36.678543
2021-10-16,"49","0-130","inc hosp",73.357086
2021-10-23,"49","0-130","inc hosp",110.035629
2021-10-30,"49","0-130","inc hosp",73.357086
2021-11-06,"49","0-130","inc hosp",146.714172
2021-11-13,"49","0-130","inc hosp",113.370042
2021-11-20,"49","0-130","inc hosp",100.03239
2021-11-27,"49","0-130","inc hosp",140.045346
2021-12-04,"49","0-130","inc hosp",166.72065
2021-12-11,"49","0-130","inc hosp",156.717411
2021-12-18,"49","0-130","inc hosp",150.048585
2021-12-25,"49","0-130","inc hosp",90.029151
2022-01-01,"49","0-130","inc hosp",100.03239
2022-01-08,"49","0-130","inc hosp",77.653474
2022-01-15,"49","0-130","inc hosp",43.891094
2022-01-22,"49","0-130","inc hosp",50.64357
2022-01-29,"49","0-130","inc hosp",16.88119
2022-02-05,"49","0-130","inc hosp",23.633666
2022-02-12,"49","0-130","inc hosp",6.752476
2022-02-19,"49","0-130","inc hosp",10.128714
2022-02-26,"49","0-130","inc hosp",13.504952
2022-03-05,"49","0-130","inc hosp",13.504952
2022-03-12,"49","0-130","inc hosp",3.376238
2022-03-19,"49","0-130","inc hosp",6.752476
2022-03-26,"49","0-130","inc hosp",6.752476
2022-04-02,"49","0-130","inc hosp",6.752476
2022-04-09,"49","0-130","inc hosp",10.128714
2022-04-16,"49","0-130","inc hosp",10.128714
2022-04-23,"49","0-130","inc hosp",0
2022-04-30,"49","0-130","inc hosp",3.376238
2022-05-07,"49","0-130","inc hosp",10.128714
2022-05-14,"49","0-130","inc hosp",6.752476
2022-05-21,"49","0-130","inc hosp",10.128714
2022-05-28,"49","0-130","inc hosp",0
2022-06-04,"49","0-130","inc hosp",0
2022-06-11,"49","0-130","inc hosp",0
2022-06-18,"49","0-130","inc hosp",3.376238
2022-06-25,"49","0-130","inc hosp",3.376238
2022-07-02,"49","0-130","inc hosp",0
2022-07-09,"49","0-130","inc hosp",0
2022-07-16,"49","0-130","inc hosp",3.376238
2022-07-23,"49","0-130","inc hosp",3.376238
2022-07-30,"49","0-130","inc hosp",10.128714
2022-08-06,"49","0-130","inc hosp",6.752476
2022-08-13,"49","0-130","inc hosp",6.752476
2022-08-20,"49","0-130","inc hosp",16.88119
2022-08-27,"49","0-130","inc hosp",0
2022-09-03,"49","0-130","inc hosp",6.752476
2022-09-10,"49","0-130","inc hosp",0
2022-09-17,"49","0-130","inc hosp",10.128714
2022-09-24,"49","0-130","inc hosp",16.88119
2022-10-01,"49","0-130","inc hosp",23.633666
2022-10-08,"06","0-130","inc hosp",155.546204
2022-10-15,"06","0-130","inc hosp",349.978959
2022-10-22,"06","0-130","inc hosp",544.411714
2022-10-29,"06","0-130","inc hosp",466.638612
2022-11-05,"06","0-130","inc hosp",661.071367
2022-11-12,"06","0-130","inc hosp",1322.142734
2022-11-19,"06","0-130","inc hosp",1127.709979
2022-11-26,"06","0-130","inc hosp",1088.823428
2022-12-03,"06","0-130","inc hosp",1244.369632
2022-12-10,"06","0-130","inc hosp",1127.709979
2022-12-17,"06","0-130","inc hosp",972.163775
2022-12-24,"06","0-130","inc hosp",855.504122
2022-12-31,"06","0-130","inc hosp",777.73102
2023-01-07,"06","0-130","inc hosp",661.071367
2023-01-14,"06","0-130","inc hosp",583.298265
2023-01-21,"06","0-130","inc hosp",311.092408
2023-01-28,"06","0-130","inc hosp",466.638612
2023-02-04,"06","0-130","inc hosp",272.205857
2023-02-11,"06","0-130","inc hosp",349.978959
2023-02-18,"06","0-130","inc hosp",311.092408
2023-02-25,"06","0-130","inc hosp",155.546204
2023-03-04,"06","0-130","inc hosp",116.659653
2023-03-11,"06","0-130","inc hosp",116.659653
2023-03-18,"06","0-130","inc hosp",194.432755
2023-03-25,"06","0-130","inc hosp",116.659653
2023-04-01,"06","0-130","inc hosp",77.773102
2023-04-08,"06","0-130","inc hosp",38.886551
2023-04-15,"06","0-130","inc hosp",38.886551
2023-04-22,"06","0-130","inc hosp",0
2023-04-29,"06","0-130","inc hosp",0
2023-05-06,"06","0-130","inc hosp",38.886551
2023-05-13,"06","0-130","inc hosp",0
2023-05-20,"06","0-130","inc hosp",38.886551
2023-05-27,"06","0-130","inc hosp",38.886551
2023-06-03,"06","0-130","inc hosp",38.886551
2023-06-10,"06","0-130","inc hosp",38.886551
2023-06-17,"06","0-130","inc hosp",0
2023-06-24,"06","0-130","inc hosp",38.886551
2023-07-01,"06","0-130","inc hosp",38.886551
2023-07-08,"06","0-130","inc hosp",38.886551
2023-07-15,"06","0-130","inc hosp",0
2023-07-22,"06","0-130","inc hosp",38.886551
2023-07-29,"06","0-130","inc hosp",38.886551
2023-08-05,"06","0-130","inc hosp",38.886551
2023-08-12,"06","0-130","inc hosp",38.886551
2023-08-19,"06","0-130","inc hosp",0
2023-08-26,"06","0-130","inc hosp",38.886551
2023-09-02,"06","0-130","inc hosp",0
2023-09-09,"06","0-130","inc hosp",116.659653
2023-09-16,"06","0-130","inc hosp",116.659653
2023-09-23,"06","0-130","inc hosp",77.773102
2023-09-30,"06","0-130","inc hosp",116.659653
2022-10-08,"08","0-130","inc hosp",98.663716
2022-10-15,"08","0-130","inc hosp",139.289952
2022-10-22,"08","0-130","inc hosp",243.757416
2022-10-29,"08","0-130","inc hosp",266.972408
2022-11-05,"08","0-130","inc hosp",400.458612
2022-11-12,"08","0-130","inc hosp",673.234768
2022-11-19,"08","0-130","inc hosp",591.982296
2022-11-26,"08","0-130","inc hosp",597.786044
2022-12-03,"08","0-130","inc hosp",516.533572
2022-12-10,"08","0-130","inc hosp",377.24362
2022-12-17,"08","0-130","inc hosp",295.991148
2022-12-24,"08","0-130","inc hosp",185.719936
2022-12-31,"08","0-130","inc hosp",179.916188
2023-01-07,"08","0-130","inc hosp",162.504944
2023-01-14,"08","0-130","inc hosp",104.467464
2023-01-21,"08","0-130","inc hosp",116.07496
2023-01-28,"08","0-130","inc hosp",87.05622
2023-02-04,"08","0-130","inc hosp",63.841228
2023-02-11,"08","0-130","inc hosp",63.841228
2023-02-18,"08","0-130","inc hosp",58.03748
2023-02-25,"08","0-130","inc hosp",46.429984
2023-03-04,"08","0-130","inc hosp",23.214992
2023-03-11,"08","0-130","inc hosp",29.01874
2023-03-18,"08","0-130","inc hosp",11.607496
2023-03-25,"08","0-130","inc hosp",23.214992
2023-04-01,"08","0-130","inc hosp",17.411244
2023-04-08,"08","0-130","inc hosp",17.411244
2023-04-15,"08","0-130","inc hosp",11.607496
2023-04-22,"08","0-130","inc hosp",5.803748
2023-04-29,"08","0-130","inc hosp",5.803748
2023-05-06,"08","0-130","inc hosp",5.803748
2023-05-13,"08","0-130","inc hosp",5.803748
2023-05-20,"08","0-130","inc hosp",0
2023-05-27,"08","0-130","inc hosp",5.803748
2023-06-03,"08","0-130","inc hosp",0
2023-06-10,"08","0-130","inc hosp",0
2023-06-17,"08","0-130","inc hosp",0
2023-06-24,"08","0-130","inc hosp",0
2023-07-01,"08","0-130","inc hosp",0
2023-07-08,"08","0-130","inc hosp",0
2023-07-15,"08","0-130","inc hosp",0
2023-07-22,"08","0-130","inc hosp",5.803748
2023-07-29,"08","0-130","inc hosp",5.803748
2023-08-05,"08","0-130","inc hosp",5.803748
2023-08-12,"08","0-130","inc hosp",5.803748
2023-08-19,"08","0-130","inc hosp",0
2023-08-26,"08","0-130","inc hosp",0
2023-09-02,"08","0-130","inc hosp",0
2023-09-09,"08","0-130","inc hosp",5.803748
2023-09-16,"08","0-130","inc hosp",11.607496
2023-09-23,"08","0-130","inc hosp",5.803748
2023-09-30,"08","0-130","inc hosp",11.607496
2022-10-08,"09","0-130","inc hosp",76.042869
2022-10-15,"09","0-130","inc hosp",148.464649
2022-10-22,"09","0-130","inc hosp",144.84356
2022-10-29,"09","0-130","inc hosp",191.917717
2022-11-05,"09","0-130","inc hosp",184.675539
2022-11-12,"09","0-130","inc hosp",199.159895
2022-11-19,"09","0-130","inc hosp",123.117026
2022-11-26,"09","0-130","inc hosp",144.84356
2022-12-03,"09","0-130","inc hosp",119.495937
2022-12-10,"09","0-130","inc hosp",97.769403
2022-12-17,"09","0-130","inc hosp",76.042869
2022-12-24,"09","0-130","inc hosp",36.21089
2022-12-31,"09","0-130","inc hosp",57.937424
2023-01-07,"09","0-130","inc hosp",43.453068
2023-01-14,"09","0-130","inc hosp",32.589801
2023-01-21,"09","0-130","inc hosp",43.453068
2023-01-28,"09","0-130","inc hosp",21.726534
2023-02-04,"09","0-130","inc hosp",14.484356
2023-02-11,"09","0-130","inc hosp",3.621089
2023-02-18,"09","0-130","inc hosp",43.453068
2023-02-25,"09","0-130","inc hosp",7.242178
2023-03-04,"09","0-130","inc hosp",25.347623
2023-03-11,"09","0-130","inc hosp",25.347623
2023-03-18,"09","0-130","inc hosp",18.105445
2023-03-25,"09","0-130","inc hosp",3.621089
2023-04-01,"09","0-130","inc hosp",0
2023-04-08,"09","0-130","inc hosp",10.863267
2023-04-15,"09","0-130","inc hosp",0
2023-04-22,"09","0-130","inc hosp",3.621089
2023-04-29,"09","0-130","inc hosp",3.621089
2023-05-06,"09","0-130","inc hosp",7.242178
2023-05-13,"09","0-130","inc hosp",3.621089
2023-05-20,"09","0-130","inc hosp",0
2023-05-27,"09","0-130","inc hosp",0
2023-06-03,"09","0-130","inc hosp",0
2023-06-10,"09","0-130","inc hosp",0
2023-06-17,"09","0-130","inc hosp",0
2023-06-24,"09","0-130","inc hosp",0
2023-07-01,"09","0-130","inc hosp",0
2023-07-08,"09","0-130","inc hosp",0
2023-07-15,"09","0-130","inc hosp",0
2023-07-22,"09","0-130","inc hosp",3.621089
2023-07-29,"09","0-130","inc hosp",3.621089
2023-08-05,"09","0-130","inc hosp",3.621089
2023-08-12,"09","0-130","inc hosp",0
2023-08-19,"09","0-130","inc hosp",0
2023-08-26,"09","0-130","inc hosp",7.242178
2023-09-02,"09","0-130","inc hosp",7.242178
2023-09-09,"09","0-130","inc hosp",7.242178
2023-09-16,"09","0-130","inc hosp",3.621089
2023-09-23,"09","0-130","inc hosp",14.484356
2023-09-30,"09","0-130","inc hosp",14.484356
2022-10-08,"13","0-130","inc hosp",260.530896
2022-10-15,"13","0-130","inc hosp",293.097258
2022-10-22,"13","0-130","inc hosp",206.253626
2022-10-29,"13","0-130","inc hosp",206.253626
2022-11-05,"13","0-130","inc hosp",184.542718
2022-11-12,"13","0-130","inc hosp",130.265448
2022-11-19,"13","0-130","inc hosp",86.843632
2022-11-26,"13","0-130","inc hosp",86.843632
2022-12-03,"13","0-130","inc hosp",130.265448
2022-12-10,"13","0-130","inc hosp",173.687264
2022-12-17,"13","0-130","inc hosp",119.409994
2022-12-24,"13","0-130","inc hosp",75.988178
2022-12-31,"13","0-130","inc hosp",43.421816
2023-01-07,"13","0-130","inc hosp",86.843632
2023-01-14,"13","0-130","inc hosp",86.843632
2023-01-21,"13","0-130","inc hosp",75.988178
2023-01-28,"13","0-130","inc hosp",65.132724
2023-02-04,"13","0-130","inc hosp",43.421816
2023-02-11,"13","0-130","inc hosp",65.132724
2023-02-18,"13","0-130","inc hosp",32.566362
2023-02-25,"13","0-130","inc hosp",21.710908
2023-03-04,"13","0-130","inc hosp",43.421816
2023-03-11,"13","0-130","inc hosp",43.421816
2023-03-18,"13","0-130","inc hosp",32.566362
2023-03-25,"13","0-130","inc hosp",21.710908
2023-04-01,"13","0-130","inc hosp",21.710908
2023-04-08,"13","0-130","inc hosp",21.710908
2023-04-15,"13","0-130","inc hosp",21.710908
2023-04-22,"13","0-130","inc hosp",10.855454
2023-04-29,"13","0-130","inc hosp",10.855454
2023-05-06,"13","0-130","inc hosp",10.855454
2023-05-13,"13","0-130","inc hosp",21.710908
2023-05-20,"13","0-130","inc hosp",21.710908
2023-05-27,"13","0-130","inc hosp",10.855454
2023-06-03,"13","0-130","inc hosp",10.855454
2023-06-10,"13","0-130","inc hosp",10.855454
2023-06-17,"13","0-130","inc hosp",21.710908
2023-06-24,"13","0-130","inc hosp",21.710908
2023-07-01,"13","0-130","inc hosp",21.710908
2023-07-08,"13","0-130","inc hosp",10.855454
2023-07-15,"13","0-130","inc hosp",21.710908
2023-07-22,"13","0-130","inc hosp",21.710908
2023-07-29,"13","0-130","inc hosp",43.421816
2023-08-05,"13","0-130","inc hosp",32.566362
2023-08-12,"13","0-130","inc hosp",54.27727
2023-08-19,"13","0-130","inc hosp",75.988178
2023-08-26,"13","0-130","inc hosp",75.988178
2023-09-02,"13","0-130","inc hosp",141.120902
2023-09-09,"13","0-130","inc hosp",151.976356
2023-09-16,"13","0-130","inc hosp",195.398172
2023-09-23,"13","0-130","inc hosp",271.38635
2023-09-30,"13","0-130","inc hosp",314.808166
2022-10-08,"24","0-130","inc hosp",91.99695
2022-10-15,"24","0-130","inc hosp",226.92581
2022-10-22,"24","0-130","inc hosp",233.05894
2022-10-29,"24","0-130","inc hosp",306.6565
2022-11-05,"24","0-130","inc hosp",318.92276
2022-11-12,"24","0-130","inc hosp",282.12398
2022-11-19,"24","0-130","inc hosp",251.45833
2022-11-26,"24","0-130","inc hosp",196.26016
2022-12-03,"24","0-130","inc hosp",177.86077
2022-12-10,"24","0-130","inc hosp",147.19512
2022-12-17,"24","0-130","inc hosp",116.52947
2022-12-24,"24","0-130","inc hosp",61.3313
2022-12-31,"24","0-130","inc hosp",49.06504
2023-01-07,"24","0-130","inc hosp",67.46443
2023-01-14,"24","0-130","inc hosp",30.66565
2023-01-21,"24","0-130","inc hosp",30.66565
2023-01-28,"24","0-130","inc hosp",36.79878
2023-02-04,"24","0-130","inc hosp",36.79878
2023-02-11,"24","0-130","inc hosp",24.53252
2023-02-18,"24","0-130","inc hosp",6.13313
2023-02-25,"24","0-130","inc hosp",18.39939
2023-03-04,"24","0-130","inc hosp",12.26626
2023-03-11,"24","0-130","inc hosp",18.39939
2023-03-18,"24","0-130","inc hosp",6.13313
2023-03-25,"24","0-130","inc hosp",18.39939
2023-04-01,"24","0-130","inc hosp",12.26626
2023-04-08,"24","0-130","inc hosp",6.13313
2023-04-15,"24","0-130","inc hosp",6.13313
2023-04-22,"24","0-130","inc hosp",0
2023-04-29,"24","0-130","inc hosp",6.13313
2023-05-06,"24","0-130","inc hosp",6.13313
2023-05-13,"24","0-130","inc hosp",0
2023-05-20,"24","0-130","inc hosp",0
2023-05-27,"24","0-130","inc hosp",0
2023-06-03,"24","0-130","inc hosp",0
2023-06-10,"24","0-130","inc hosp",0
2023-06-17,"24","0-130","inc hosp",0
2023-06-24,"24","0-130","inc hosp",0
2023-07-01,"24","0-130","inc hosp",0
2023-07-08,"24","0-130","inc hosp",0
2023-07-15,"24","0-130","inc hosp",0
2023-07-22,"24","0-130","inc hosp",6.13313
2023-07-29,"24","0-130","inc hosp",6.13313
2023-08-05,"24","0-130","inc hosp",0
2023-08-12,"24","0-130","inc hosp",0
2023-08-19,"24","0-130","inc hosp",6.13313
2023-08-26,"24","0-130","inc hosp",6.13313
2023-09-02,"24","0-130","inc hosp",0
2023-09-09,"24","0-130","inc hosp",6.13313
2023-09-16,"24","0-130","inc hosp",18.39939
2023-09-23,"24","0-130","inc hosp",6.13313
2023-09-30,"24","0-130","inc hosp",18.39939
2022-10-08,"26","0-130","inc hosp",230.737725
2022-10-15,"26","0-130","inc hosp",381.21885
2022-10-22,"26","0-130","inc hosp",411.315075
2022-10-29,"26","0-130","inc hosp",662.11695
2022-11-05,"26","0-130","inc hosp",973.111275
2022-11-12,"26","0-130","inc hosp",792.533925
2022-11-19,"26","0-130","inc hosp",782.50185
2022-11-26,"26","0-130","inc hosp",471.507525
2022-12-03,"26","0-130","inc hosp",521.6679
2022-12-10,"26","0-130","inc hosp",341.09055
2022-12-17,"26","0-130","inc hosp",310.994325
2022-12-24,"26","0-130","inc hosp",220.70565
2022-12-31,"26","0-130","inc hosp",160.5132
2023-01-07,"26","0-130","inc hosp",140.44905
2023-01-14,"26","0-130","inc hosp",150.481125
2023-01-21,"26","0-130","inc hosp",40.1283
2023-01-28,"26","0-130","inc hosp",50.160375
2023-02-04,"26","0-130","inc hosp",50.160375
2023-02-11,"26","0-130","inc hosp",30.096225
2023-02-18,"26","0-130","inc hosp",20.06415
2023-02-25,"26","0-130","inc hosp",20.06415
2023-03-04,"26","0-130","inc hosp",20.06415
2023-03-11,"26","0-130","inc hosp",20.06415
2023-03-18,"26","0-130","inc hosp",60.19245
2023-03-25,"26","0-130","inc hosp",20.06415
2023-04-01,"26","0-130","inc hosp",30.096225
2023-04-08,"26","0-130","inc hosp",20.06415
2023-04-15,"26","0-130","inc hosp",0
2023-04-22,"26","0-130","inc hosp",10.032075
2023-04-29,"26","0-130","inc hosp",0
2023-05-06,"26","0-130","inc hosp",0
2023-05-13,"26","0-130","inc hosp",0
2023-05-20,"26","0-130","inc hosp",10.032075
2023-05-27,"26","0-130","inc hosp",0
2023-06-03,"26","0-130","inc hosp",0
2023-06-10,"26","0-130","inc hosp",0
2023-06-17,"26","0-130","inc hosp",0
2023-06-24,"26","0-130","inc hosp",0
2023-07-01,"26","0-130","inc hosp",0
2023-07-08,"26","0-130","inc hosp",0
2023-07-15,"26","0-130","inc hosp",0
2023-07-22,"26","0-130","inc hosp",0
2023-07-29,"26","0-130","inc hosp",0
2023-08-05,"26","0-130","inc hosp",0
2023-08-12,"26","0-130","inc hosp",0
2023-08-19,"26","0-130","inc hosp",0
2023-08-26,"26","0-130","inc hosp",0
2023-09-02,"26","0-130","inc hosp",0
2023-09-09,"26","0-130","inc hosp",10.032075
2023-09-16,"26","0-130","inc hosp",0
2023-09-23,"26","0-130","inc hosp",10.032075
2023-09-30,"26","0-130","inc hosp",0
2022-10-08,"27","0-130","inc hosp",120.047508
2022-10-15,"27","0-130","inc hosp",200.07918
2022-10-22,"27","0-130","inc hosp",217.228824
2022-10-29,"27","0-130","inc hosp",314.41014
2022-11-05,"27","0-130","inc hosp",314.41014
2022-11-12,"27","0-130","inc hosp",331.559784
2022-11-19,"27","0-130","inc hosp",280.110852
2022-11-26,"27","0-130","inc hosp",217.228824
2022-12-03,"27","0-130","inc hosp",228.66192
2022-12-10,"27","0-130","inc hosp",188.646084
2022-12-17,"27","0-130","inc hosp",177.212988
2022-12-24,"27","0-130","inc hosp",114.33096
2022-12-31,"27","0-130","inc hosp",120.047508
2023-01-07,"27","0-130","inc hosp",80.031672
2023-01-14,"27","0-130","inc hosp",68.598576
2023-01-21,"27","0-130","inc hosp",51.448932
2023-01-28,"27","0-130","inc hosp",51.448932
2023-02-04,"27","0-130","inc hosp",17.149644
2023-02-11,"27","0-130","inc hosp",22.866192
2023-02-18,"27","0-130","inc hosp",28.58274
2023-02-25,"27","0-130","inc hosp",34.299288
2023-03-04,"27","0-130","inc hosp",22.866192
2023-03-11,"27","0-130","inc hosp",11.433096
2023-03-18,"27","0-130","inc hosp",11.433096
2023-03-25,"27","0-130","inc hosp",11.433096
2023-04-01,"27","0-130","inc hosp",5.716548
2023-04-08,"27","0-130","inc hosp",5.716548
2023-04-15,"27","0-130","inc hosp",5.716548
2023-04-22,"27","0-130","inc hosp",5.716548
2023-04-29,"27","0-130","inc hosp",0
2023-05-06,"27","0-130","inc hosp",0
2023-05-13,"27","0-130","inc hosp",5.716548
2023-05-20,"27","0-130","inc hosp",0
2023-05-27,"27","0-130","inc hosp",0
2023-06-03,"27","0-130","inc hosp",0
2023-06-10,"27","0-130","inc hosp",0
2023-06-17,"27","0-130","inc hosp",0
2023-06-24,"27","0-130","inc hosp",0
2023-07-01,"27","0-130","inc hosp",0
2023-07-08,"27","0-130","inc hosp",0
2023-07-15,"27","0-130","inc hosp",0
2023-07-22,"27","0-130","inc hosp",0
2023-07-29,"27","0-130","inc hosp",0
2023-08-05,"27","0-130","inc hosp",0
2023-08-12,"27","0-130","inc hosp",0
2023-08-19,"27","0-130","inc hosp",0
2023-08-26,"27","0-130","inc hosp",5.716548
2023-09-02,"27","0-130","inc hosp",5.716548
2023-09-09,"27","0-130","inc hosp",5.716548
2023-09-16,"27","0-130","inc hosp",5.716548
2023-09-23,"27","0-130","inc hosp",5.716548
2023-09-30,"27","0-130","inc hosp",5.716548
2022-10-08,"35","0-130","inc hosp",33.601264
2022-10-15,"35","0-130","inc hosp",56.702133
2022-10-22,"35","0-130","inc hosp",88.203318
2022-10-29,"35","0-130","inc hosp",165.906241
2022-11-05,"35","0-130","inc hosp",270.910191
2022-11-12,"35","0-130","inc hosp",306.611534
2022-11-19,"35","0-130","inc hosp",346.513035
2022-11-26,"35","0-130","inc hosp",264.609954
2022-12-03,"35","0-130","inc hosp",237.308927
2022-12-10,"35","0-130","inc hosp",147.00553
2022-12-17,"35","0-130","inc hosp",69.302607
2022-12-24,"35","0-130","inc hosp",50.401896
2022-12-31,"35","0-130","inc hosp",44.101659
2023-01-07,"35","0-130","inc hosp",50.401896
2023-01-14,"35","0-130","inc hosp",37.801422
2023-01-21,"35","0-130","inc hosp",25.200948
2023-01-28,"35","0-130","inc hosp",21.00079
2023-02-04,"35","0-130","inc hosp",12.600474
2023-02-11,"35","0-130","inc hosp",12.600474
2023-02-18,"35","0-130","inc hosp",18.900711
2023-02-25,"35","0-130","inc hosp",6.300237
2023-03-04,"35","0-130","inc hosp",8.400316
2023-03-11,"35","0-130","inc hosp",2.100079
2023-03-18,"35","0-130","inc hosp",2.100079
2023-03-25,"35","0-130","inc hosp",2.100079
2023-04-01,"35","0-130","inc hosp",6.300237
2023-04-08,"35","0-130","inc hosp",2.100079
2023-04-15,"35","0-130","inc hosp",2.100079
2023-04-22,"35","0-130","inc hosp",2.100079
2023-04-29,"35","0-130","inc hosp",2.100079
2023-05-06,"35","0-130","inc hosp",2.100079
2023-05-13,"35","0-130","inc hosp",0
2023-05-20,"35","0-130","inc hosp",0
2023-05-27,"35","0-130","inc hosp",0
2023-06-03,"35","0-130","inc hosp",0
2023-06-10,"35","0-130","inc hosp",2.100079
2023-06-17,"35","0-130","inc hosp",0
2023-06-24,"35","0-130","inc hosp",0
2023-07-01,"35","0-130","inc hosp",0
2023-07-08,"35","0-130","inc hosp",0
2023-07-15,"35","0-130","inc hosp",0
2023-07-22,"35","0-130","inc hosp",0
2023-07-29,"35","0-130","inc hosp",0
2023-08-05,"35","0-130","inc hosp",2.100079
2023-08-12,"35","0-130","inc hosp",0
2023-08-19,"35","0-130","inc hosp",0
2023-08-26,"35","0-130","inc hosp",0
2023-09-02,"35","0-130","inc hosp",0
2023-09-09,"35","0-130","inc hosp",2.100079
2023-09-16,"35","0-130","inc hosp",0
2023-09-23,"35","0-130","inc hosp",6.300237
2023-09-30,"35","0-130","inc hosp",0
2022-10-08,"36","0-130","inc hosp",353.82942
2022-10-15,"36","0-130","inc hosp",727.31603
2022-10-22,"36","0-130","inc hosp",766.63041
2022-10-29,"36","0-130","inc hosp",1179.4314
2022-11-05,"36","0-130","inc hosp",1611.88958
2022-11-12,"36","0-130","inc hosp",1592.23239
2022-11-19,"36","0-130","inc hosp",1336.68892
2022-11-26,"36","0-130","inc hosp",766.63041
2022-12-03,"36","0-130","inc hosp",1022.17388
2022-12-10,"36","0-130","inc hosp",766.63041
2022-12-17,"36","0-130","inc hosp",511.08694
2022-12-24,"36","0-130","inc hosp",353.82942
2022-12-31,"36","0-130","inc hosp",373.48661
2023-01-07,"36","0-130","inc hosp",334.17223
2023-01-14,"36","0-130","inc hosp",255.54347
2023-01-21,"36","0-130","inc hosp",137.60033
2023-01-28,"36","0-130","inc hosp",117.94314
2023-02-04,"36","0-130","inc hosp",137.60033
2023-02-11,"36","0-130","inc hosp",117.94314
2023-02-18,"36","0-130","inc hosp",117.94314
2023-02-25,"36","0-130","inc hosp",39.31438
2023-03-04,"36","0-130","inc hosp",117.94314
2023-03-11,"36","0-130","inc hosp",137.60033
2023-03-18,"36","0-130","inc hosp",117.94314
2023-03-25,"36","0-130","inc hosp",58.97157
2023-04-01,"36","0-130","inc hosp",39.31438
2023-04-08,"36","0-130","inc hosp",78.62876
2023-04-15,"36","0-130","inc hosp",58.97157
2023-04-22,"36","0-130","inc hosp",78.62876
2023-04-29,"36","0-130","inc hosp",39.31438
2023-05-06,"36","0-130","inc hosp",39.31438
2023-05-13,"36","0-130","inc hosp",0
2023-05-20,"36","0-130","inc hosp",19.65719
2023-05-27,"36","0-130","inc hosp",19.65719
2023-06-03,"36","0-130","inc hosp",19.65719
2023-06-10,"36","0-130","inc hosp",0
2023-06-17,"36","0-130","inc hosp",0
2023-06-24,"36","0-130","inc hosp",0
2023-07-01,"36","0-130","inc hosp",0
2023-07-08,"36","0-130","inc hosp",0
2023-07-15,"36","0-130","inc hosp",19.65719
2023-07-22,"36","0-130","inc hosp",0
2023-07-29,"36","0-130","inc hosp",0
2023-08-05,"36","0-130","inc hosp",19.65719
2023-08-12,"36","0-130","inc hosp",19.65719
2023-08-19,"36","0-130","inc hosp",19.65719
2023-08-26,"36","0-130","inc hosp",0
2023-09-02,"36","0-130","inc hosp",39.31438
2023-09-09,"36","0-130","inc hosp",39.31438
2023-09-16,"36","0-130","inc hosp",19.65719
2023-09-23,"36","0-130","inc hosp",19.65719
2023-09-30,"36","0-130","inc hosp",39.31438
2022-10-08,"41","0-130","inc hosp",12.715995
2022-10-15,"41","0-130","inc hosp",21.193325
2022-10-22,"41","0-130","inc hosp",29.670655
2022-10-29,"41","0-130","inc hosp",29.670655
2022-11-05,"41","0-130","inc hosp",97.489295
2022-11-12,"41","0-130","inc hosp",76.29597
2022-11-19,"41","0-130","inc hosp",148.353275
2022-11-26,"41","0-130","inc hosp",135.63728
2022-12-03,"41","0-130","inc hosp",207.694585
2022-12-10,"41","0-130","inc hosp",156.830605
2022-12-17,"41","0-130","inc hosp",122.921285
2022-12-24,"41","0-130","inc hosp",97.489295
2022-12-31,"41","0-130","inc hosp",101.72796
2023-01-07,"41","0-130","inc hosp",76.29597
2023-01-14,"41","0-130","inc hosp",46.625315
2023-01-21,"41","0-130","inc hosp",50.86398
2023-01-28,"41","0-130","inc hosp",29.670655
2023-02-04,"41","0-130","inc hosp",29.670655
2023-02-11,"41","0-130","inc hosp",16.95466
2023-02-18,"41","0-130","inc hosp",25.43199
2023-02-25,"41","0-130","inc hosp",12.715995
2023-03-04,"41","0-130","inc hosp",8.47733
2023-03-11,"41","0-130","inc hosp",8.47733
2023-03-18,"41","0-130","inc hosp",12.715995
2023-03-25,"41","0-130","inc hosp",4.238665
2023-04-01,"41","0-130","inc hosp",4.238665
2023-04-08,"41","0-130","inc hosp",4.238665
2023-04-15,"41","0-130","inc hosp",8.47733
2023-04-22,"41","0-130","inc hosp",4.238665
2023-04-29,"41","0-130","inc hosp",0
2023-05-06,"41","0-130","inc hosp",4.238665
2023-05-13,"41","0-130","inc hosp",0
2023-05-20,"41","0-130","inc hosp",0
2023-05-27,"41","0-130","inc hosp",0
2023-06-03,"41","0-130","inc hosp",0
2023-06-10,"41","0-130","inc hosp",4.238665
2023-06-17,"41","0-130","inc hosp",0
2023-06-24,"41","0-130","inc hosp",4.238665
2023-07-01,"41","0-130","inc hosp",0
2023-07-08,"41","0-130","inc hosp",0
2023-07-15,"41","0-130","inc hosp",0
2023-07-22,"41","0-130","inc hosp",4.238665
2023-07-29,"41","0-130","inc hosp",0
2023-08-05,"41","0-130","inc hosp",4.238665
2023-08-12,"41","0-130","inc hosp",4.238665
2023-08-19,"41","0-130","inc hosp",0
2023-08-26,"41","0-130","inc hosp",4.238665
2023-09-02,"41","0-130","inc hosp",0
2023-09-09,"41","0-130","inc hosp",4.238665
2023-09-16,"41","0-130","inc hosp",4.238665
2023-09-23,"41","0-130","inc hosp",8.47733
2023-09-30,"41","0-130","inc hosp",0
2022-10-08,"US","0-130","inc hosp",5315.201056
2022-10-15,"US","0-130","inc hosp",8305.00165
2022-10-22,"US","0-130","inc hosp",9301.601848
2022-10-29,"US","0-130","inc hosp",11959.202376
2022-11-05,"US","0-130","inc hosp",14949.00297
2022-11-12,"US","0-130","inc hosp",17274.403432
2022-11-19,"US","0-130","inc hosp",15613.403102
2022-11-26,"US","0-130","inc hosp",13620.202706
2022-12-03,"US","0-130","inc hosp",14284.602838
2022-12-10,"US","0-130","inc hosp",11294.802244
2022-12-17,"US","0-130","inc hosp",8637.201716
2022-12-24,"US","0-130","inc hosp",5979.601188
2022-12-31,"US","0-130","inc hosp",5979.601188
2023-01-07,"US","0-130","inc hosp",4983.00099
2023-01-14,"US","0-130","inc hosp",3986.400792
2023-01-21,"US","0-130","inc hosp",2989.800594
2023-01-28,"US","0-130","inc hosp",2657.600528
2023-02-04,"US","0-130","inc hosp",1993.200396
2023-02-11,"US","0-130","inc hosp",1993.200396
2023-02-18,"US","0-130","inc hosp",1993.200396
2023-02-25,"US","0-130","inc hosp",1328.800264
2023-03-04,"US","0-130","inc hosp",996.600198
2023-03-11,"US","0-130","inc hosp",996.600198
2023-03-18,"US","0-130","inc hosp",996.600198
2023-03-25,"US","0-130","inc hosp",664.400132
2023-04-01,"US","0-130","inc hosp",664.400132
2023-04-08,"US","0-130","inc hosp",664.400132
2023-04-15,"US","0-130","inc hosp",332.200066
2023-04-22,"US","0-130","inc hosp",332.200066
2023-04-29,"US","0-130","inc hosp",332.200066
2023-05-06,"US","0-130","inc hosp",332.200066
2023-05-13,"US","0-130","inc hosp",332.200066
2023-05-20,"US","0-130","inc hosp",332.200066
2023-05-27,"US","0-130","inc hosp",332.200066
2023-06-03,"US","0-130","inc hosp",0
2023-06-10,"US","0-130","inc hosp",332.200066
2023-06-17,"US","0-130","inc hosp",0
2023-06-24,"US","0-130","inc hosp",332.200066
2023-07-01,"US","0-130","inc hosp",332.200066
2023-07-08,"US","0-130","inc hosp",0
2023-07-15,"US","0-130","inc hosp",0
2023-07-22,"US","0-130","inc hosp",332.200066
2023-07-29,"US","0-130","inc hosp",332.200066
2023-08-05,"US","0-130","inc hosp",332.200066
2023-08-12,"US","0-130","inc hosp",332.200066
2023-08-19,"US","0-130","inc hosp",664.400132
2023-08-26,"US","0-130","inc hosp",664.400132
2023-09-02,"US","0-130","inc hosp",996.600198
2023-09-09,"US","0-130","inc hosp",1328.800264
2023-09-16,"US","0-130","inc hosp",1328.800264
2023-09-23,"US","0-130","inc hosp",1993.200396
2023-09-30,"US","0-130","inc hosp",2325.400462
2022-10-08,"47","0-130","inc hosp",84.367284
2022-10-15,"47","0-130","inc hosp",168.734568
2022-10-22,"47","0-130","inc hosp",140.61214
2022-10-29,"47","0-130","inc hosp",140.61214
2022-11-05,"47","0-130","inc hosp",126.550926
2022-11-12,"47","0-130","inc hosp",91.397891
2022-11-19,"47","0-130","inc hosp",70.30607
2022-11-26,"47","0-130","inc hosp",49.214249
2022-12-03,"47","0-130","inc hosp",70.30607
2022-12-10,"47","0-130","inc hosp",56.244856
2022-12-17,"47","0-130","inc hosp",42.183642
2022-12-24,"47","0-130","inc hosp",42.183642
2022-12-31,"47","0-130","inc hosp",56.244856
2023-01-07,"47","0-130","inc hosp",56.244856
2023-01-14,"47","0-130","inc hosp",42.183642
2023-01-21,"47","0-130","inc hosp",21.091821
2023-01-28,"47","0-130","inc hosp",14.061214
2023-02-04,"47","0-130","inc hosp",14.061214
2023-02-11,"47","0-130","inc hosp",14.061214
2023-02-18,"47","0-130","inc hosp",7.030607
2023-02-25,"47","0-130","inc hosp",0
2023-03-04,"47","0-130","inc hosp",21.091821
2023-03-11,"47","0-130","inc hosp",0
2023-03-18,"47","0-130","inc hosp",7.030607
2023-03-25,"47","0-130","inc hosp",7.030607
2023-04-01,"47","0-130","inc hosp",7.030607
2023-04-08,"47","0-130","inc hosp",7.030607
2023-04-15,"47","0-130","inc hosp",7.030607
2023-04-22,"47","0-130","inc hosp",14.061214
2023-04-29,"47","0-130","inc hosp",7.030607
2023-05-06,"47","0-130","inc hosp",7.030607
2023-05-13,"47","0-130","inc hosp",7.030607
2023-05-20,"47","0-130","inc hosp",0
2023-05-27,"47","0-130","inc hosp",0
2023-06-03,"47","0-130","inc hosp",7.030607
2023-06-10,"47","0-130","inc hosp",14.061214
2023-06-17,"47","0-130","inc hosp",7.030607
2023-06-24,"47","0-130","inc hosp",7.030607
2023-07-01,"47","0-130","inc hosp",0
2023-07-08,"47","0-130","inc hosp",0
2023-07-15,"47","0-130","inc hosp",0
2023-07-22,"47","0-130","inc hosp",7.030607
2023-07-29,"47","0-130","inc hosp",7.030607
2023-08-05,"47","0-130","inc hosp",7.030607
2023-08-12,"47","0-130","inc hosp",14.061214
2023-08-19,"47","0-130","inc hosp",14.061214
2023-08-26,"47","0-130","inc hosp",14.061214
2023-09-02,"47","0-130","inc hosp",21.091821
2023-09-09,"47","0-130","inc hosp",35.153035
2023-09-16,"47","0-130","inc hosp",14.061214
2023-09-23,"47","0-130","inc hosp",49.214249
2023-09-30,"47","0-130","inc hosp",49.214249
2022-10-08,"49","0-130","inc hosp",27.009904
2022-10-15,"49","0-130","inc hosp",33.76238
2022-10-22,"49","0-130","inc hosp",57.396046
2022-10-29,"49","0-130","inc hosp",108.039616
2022-11-05,"49","0-130","inc hosp",175.564376
2022-11-12,"49","0-130","inc hosp",236.33666
2022-11-19,"49","0-130","inc hosp",232.960422
2022-11-26,"49","0-130","inc hosp",327.495086
2022-12-03,"49","0-130","inc hosp",324.118848
2022-12-10,"49","0-130","inc hosp",256.594088
2022-12-17,"49","0-130","inc hosp",185.69309
2022-12-24,"49","0-130","inc hosp",124.920806
2022-12-31,"49","0-130","inc hosp",155.306948
2023-01-07,"49","0-130","inc hosp",81.029712
2023-01-14,"49","0-130","inc hosp",74.277236
2023-01-21,"49","0-130","inc hosp",40.514856
2023-01-28,"49","0-130","inc hosp",40.514856
2023-02-04,"49","0-130","inc hosp",13.504952
2023-02-11,"49","0-130","inc hosp",30.386142
2023-02-18,"49","0-130","inc hosp",43.891094
2023-02-25,"49","0-130","inc hosp",16.88119
2023-03-04,"49","0-130","inc hosp",6.752476
2023-03-11,"49","0-130","inc hosp",6.752476
2023-03-18,"49","0-130","inc hosp",10.128714
2023-03-25,"49","0-130","inc hosp",10.128714
2023-04-01,"49","0-130","inc hosp",6.752476
2023-04-08,"49","0-130","inc hosp",0
2023-04-15,"49","0-130","inc hosp",0
2023-04-22,"49","0-130","inc hosp",10.128714
2023-04-29,"49","0-130","inc hosp",0
2023-05-06,"49","0-130","inc hosp",0
2023-05-13,"49","0-130","inc hosp",3.376238
2023-05-20,"49","0-130","inc hosp",0
2023-05-27,"49","0-130","inc hosp",3.376238
2023-06-03,"49","0-130","inc hosp",3.376238
2023-06-10,"49","0-130","inc hosp",0
2023-06-17,"49","0-130","inc hosp",3.376238
2023-06-24,"49","0-130","inc hosp",0
2023-07-01,"49","0-130","inc hosp",0
2023-07-08,"49","0-130","inc hosp",0
2023-07-15,"49","0-130","inc hosp",0
2023-07-22,"49","0-130","inc hosp",0
2023-07-29,"49","0-130","inc hosp",0
2023-08-05,"49","0-130","inc hosp",0
2023-08-12,"49","0-130","inc hosp",0
2023-08-19,"49","0-130","inc hosp",3.376238
2023-08-26,"49","0-130","inc hosp",0
2023-09-02,"49","0-130","inc hosp",3.376238
2023-09-09,"49","0-130","inc hosp",3.376238
2023-09-16,"49","0-130","inc hosp",3.376238
2023-09-23,"49","0-130","inc hosp",0
2023-09-30,"49","0-130","inc hosp",3.376238
2023-10-07,"06","0-130","inc hosp",194.432755
2023-10-14,"06","0-130","inc hosp",311.092408
2023-10-21,"06","0-130","inc hosp",388.86551
2023-10-28,"06","0-130","inc hosp",272.205857
2023-11-04,"06","0-130","inc hosp",544.411714
2023-11-11,"06","0-130","inc hosp",738.844469
2023-11-18,"06","0-130","inc hosp",1011.050326
2023-11-25,"06","0-130","inc hosp",933.277224
2023-12-02,"06","0-130","inc hosp",933.277224
2023-12-09,"06","0-130","inc hosp",1205.483081
2023-12-16,"06","0-130","inc hosp",1049.936877
2023-12-23,"06","0-130","inc hosp",933.277224
2023-12-30,"06","0-130","inc hosp",894.390673
2024-01-06,"06","0-130","inc hosp",1244.369632
2024-01-13,"06","0-130","inc hosp",816.617571
2024-01-20,"06","0-130","inc hosp",583.298265
2024-01-27,"06","0-130","inc hosp",583.298265
2024-02-03,"06","0-130","inc hosp",388.86551
2024-02-10,"06","0-130","inc hosp",466.638612
2024-02-17,"06","0-130","inc hosp",233.319306
2024-02-24,"06","0-130","inc hosp",349.978959
2024-03-02,"06","0-130","inc hosp",194.432755
2024-03-09,"06","0-130","inc hosp",77.773102
2024-03-16,"06","0-130","inc hosp",77.773102
2024-03-23,"06","0-130","inc hosp",77.773102
2024-03-30,"06","0-130","inc hosp",38.886551
2024-04-06,"06","0-130","inc hosp",38.886551
2024-04-13,"06","0-130","inc hosp",38.886551
2024-04-20,"06","0-130","inc hosp",38.886551
2024-04-27,"06","0-130","inc hosp",38.886551
2024-05-04,"06","0-130","inc hosp",38.886551
2024-05-11,"06","0-130","inc hosp",0
2024-05-18,"06","0-130","inc hosp",38.886551
2024-05-25,"06","0-130","inc hosp",0
2024-06-01,"06","0-130","inc hosp",38.886551
2024-06-08,"06","0-130","inc hosp",0
2024-06-15,"06","0-130","inc hosp",0
2024-06-22,"06","0-130","inc hosp",0
2024-06-29,"06","0-130","inc hosp",0
2024-07-06,"06","0-130","inc hosp",38.886551
2024-07-13,"06","0-130","inc hosp",0
2024-07-20,"06","0-130","inc hosp",0
2024-07-27,"06","0-130","inc hosp",0
2024-08-03,"06","0-130","inc hosp",0
2024-08-10,"06","0-130","inc hosp",0
2024-08-17,"06","0-130","inc hosp",0
2024-08-24,"06","0-130","inc hosp",0
2024-08-31,"06","0-130","inc hosp",0
2024-09-07,"06","0-130","inc hosp",0
2024-09-14,"06","0-130","inc hosp",38.886551
2024-09-21,"06","0-130","inc hosp",0
2024-09-28,"06","0-130","inc hosp",0
2023-10-07,"08","0-130","inc hosp",17.411244
2023-10-14,"08","0-130","inc hosp",34.822488
2023-10-21,"08","0-130","inc hosp",46.429984
2023-10-28,"08","0-130","inc hosp",46.429984
2023-11-04,"08","0-130","inc hosp",58.03748
2023-11-11,"08","0-130","inc hosp",127.682456
2023-11-18,"08","0-130","inc hosp",127.682456
2023-11-25,"08","0-130","inc hosp",179.916188
2023-12-02,"08","0-130","inc hosp",220.542424
2023-12-09,"08","0-130","inc hosp",278.579904
2023-12-16,"08","0-130","inc hosp",319.20614
2023-12-23,"08","0-130","inc hosp",406.26236
2023-12-30,"08","0-130","inc hosp",452.692344
2024-01-06,"08","0-130","inc hosp",365.636124
2024-01-13,"08","0-130","inc hosp",295.991148
2024-01-20,"08","0-130","inc hosp",266.972408
2024-01-27,"08","0-130","inc hosp",249.561164
2024-02-03,"08","0-130","inc hosp",208.934928
2024-02-10,"08","0-130","inc hosp",208.934928
2024-02-17,"08","0-130","inc hosp",203.13118
2024-02-24,"08","0-130","inc hosp",185.719936
2024-03-02,"08","0-130","inc hosp",121.878708
2024-03-09,"08","0-130","inc hosp",98.663716
2024-03-16,"08","0-130","inc hosp",92.859968
2024-03-23,"08","0-130","inc hosp",69.644976
2024-03-30,"08","0-130","inc hosp",87.05622
2024-04-06,"08","0-130","inc hosp",40.626236
2024-04-13,"08","0-130","inc hosp",29.01874
2024-04-20,"08","0-130","inc hosp",23.214992
2024-04-27,"08","0-130","inc hosp",23.214992
2024-05-04,"08","0-130","inc hosp",17.411244
2024-05-11,"08","0-130","inc hosp",5.803748
2024-05-18,"08","0-130","inc hosp",17.411244
2024-05-25,"08","0-130","inc hosp",5.803748
2024-06-01,"08","0-130","inc hosp",11.607496
2024-06-08,"08","0-130","inc hosp",0
2024-06-15,"08","0-130","inc hosp",5.803748
2024-06-22,"08","0-130","inc hosp",5.803748
2024-06-29,"08","0-130","inc hosp",0
2024-07-06,"08","0-130","inc hosp",5.803748
2024-07-13,"08","0-130","inc hosp",0
2024-07-20,"08","0-130","inc hosp",0
2024-07-27,"08","0-130","inc hosp",0
2024-08-03,"08","0-130","inc hosp",0
2024-08-10,"08","0-130","inc hosp",0
2024-08-17,"08","0-130","inc hosp",0
2024-08-24,"08","0-130","inc hosp",0
2024-08-31,"08","0-130","inc hosp",5.803748
2024-09-07,"08","0-130","inc hosp",0
2024-09-14,"08","0-130","inc hosp",0
2024-09-21,"08","0-130","inc hosp",0
2024-09-28,"08","0-130","inc hosp",0
2023-10-07,"09","0-130","inc hosp",25.347623
2023-10-14,"09","0-130","inc hosp",61.558513
2023-10-21,"09","0-130","inc hosp",47.074157
2023-10-28,"09","0-130","inc hosp",79.663958
2023-11-04,"09","0-130","inc hosp",105.011581
2023-11-11,"09","0-130","inc hosp",112.253759
2023-11-18,"09","0-130","inc hosp",152.085738
2023-11-25,"09","0-130","inc hosp",188.296628
2023-12-02,"09","0-130","inc hosp",202.780984
2023-12-09,"09","0-130","inc hosp",217.26534
2023-12-16,"09","0-130","inc hosp",173.812272
2023-12-23,"09","0-130","inc hosp",177.433361
2023-12-30,"09","0-130","inc hosp",242.612963
2024-01-06,"09","0-130","inc hosp",238.991874
2024-01-13,"09","0-130","inc hosp",137.601382
2024-01-20,"09","0-130","inc hosp",119.495937
2024-01-27,"09","0-130","inc hosp",112.253759
2024-02-03,"09","0-130","inc hosp",90.527225
2024-02-10,"09","0-130","inc hosp",47.074157
2024-02-17,"09","0-130","inc hosp",90.527225
2024-02-24,"09","0-130","inc hosp",43.453068
2024-03-02,"09","0-130","inc hosp",36.21089
2024-03-09,"09","0-130","inc hosp",21.726534
2024-03-16,"09","0-130","inc hosp",25.347623
2024-03-23,"09","0-130","inc hosp",21.726534
2024-03-30,"09","0-130","inc hosp",3.621089
2024-04-06,"09","0-130","inc hosp",7.242178
2024-04-13,"09","0-130","inc hosp",10.863267
2024-04-20,"09","0-130","inc hosp",21.726534
2024-04-27,"09","0-130","inc hosp",10.863267
2024-05-04,"09","0-130","inc hosp",0
2024-05-11,"09","0-130","inc hosp",10.863267
2024-05-18,"09","0-130","inc hosp",0
2024-05-25,"09","0-130","inc hosp",0
2024-06-01,"09","0-130","inc hosp",3.621089
2024-06-08,"09","0-130","inc hosp",7.242178
2024-06-15,"09","0-130","inc hosp",3.621089
2024-06-22,"09","0-130","inc hosp",3.621089
2024-06-29,"09","0-130","inc hosp",3.621089
2024-07-06,"09","0-130","inc hosp",0
2024-07-13,"09","0-130","inc hosp",0
2024-07-20,"09","0-130","inc hosp",0
2024-07-27,"09","0-130","inc hosp",10.863267
2024-08-03,"09","0-130","inc hosp",3.621089
2024-08-10,"09","0-130","inc hosp",7.242178
2024-08-17,"09","0-130","inc hosp",0
2024-08-24,"09","0-130","inc hosp",0
2024-08-31,"09","0-130","inc hosp",0
2024-09-07,"09","0-130","inc hosp",0
2024-09-14,"09","0-130","inc hosp",0
2024-09-21,"09","0-130","inc hosp",0
2024-09-28,"09","0-130","inc hosp",7.242178
2023-10-07,"13","0-130","inc hosp",325.66362
2023-10-14,"13","0-130","inc hosp",347.374528
2023-10-21,"13","0-130","inc hosp",336.519074
2023-10-28,"13","0-130","inc hosp",358.229982
2023-11-04,"13","0-130","inc hosp",336.519074
2023-11-11,"13","0-130","inc hosp",336.519074
2023-11-18,"13","0-130","inc hosp",347.374528
2023-11-25,"13","0-130","inc hosp",282.241804
2023-12-02,"13","0-130","inc hosp",314.808166
2023-12-09,"13","0-130","inc hosp",282.241804
2023-12-16,"13","0-130","inc hosp",271.38635
2023-12-23,"13","0-130","inc hosp",217.10908
2023-12-30,"13","0-130","inc hosp",271.38635
2024-01-06,"13","0-130","inc hosp",206.253626
2024-01-13,"13","0-130","inc hosp",151.976356
2024-01-20,"13","0-130","inc hosp",151.976356
2024-01-27,"13","0-130","inc hosp",151.976356
2024-02-03,"13","0-130","inc hosp",141.120902
2024-02-10,"13","0-130","inc hosp",108.55454
2024-02-17,"13","0-130","inc hosp",97.699086
2024-02-24,"13","0-130","inc hosp",54.27727
2024-03-02,"13","0-130","inc hosp",97.699086
2024-03-09,"13","0-130","inc hosp",75.988178
2024-03-16,"13","0-130","inc hosp",65.132724
2024-03-23,"13","0-130","inc hosp",43.421816
2024-03-30,"13","0-130","inc hosp",32.566362
2024-04-06,"13","0-130","inc hosp",43.421816
2024-04-13,"13","0-130","inc hosp",32.566362
2024-04-20,"13","0-130","inc hosp",43.421816
2024-04-27,"13","0-130","inc hosp",32.566362
2024-05-04,"13","0-130","inc hosp",21.710908
2024-05-11,"13","0-130","inc hosp",43.421816
2024-05-18,"13","0-130","inc hosp",10.855454
2024-05-25,"13","0-130","inc hosp",10.855454
2024-06-01,"13","0-130","inc hosp",10.855454
2024-06-08,"13","0-130","inc hosp",10.855454
2024-06-15,"13","0-130","inc hosp",10.855454
2024-06-22,"13","0-130","inc hosp",0
2024-06-29,"13","0-130","inc hosp",0
2024-07-06,"13","0-130","inc hosp",10.855454
2024-07-13,"13","0-130","inc hosp",0
2024-07-20,"13","0-130","inc hosp",10.855454
2024-07-27,"13","0-130","inc hosp",10.855454
2024-08-03,"13","0-130","inc hosp",10.855454
2024-08-10,"13","0-130","inc hosp",10.855454
2024-08-17,"13","0-130","inc hosp",21.710908
2024-08-24,"13","0-130","inc hosp",21.710908
2024-08-31,"13","0-130","inc hosp",32.566362
2024-09-07,"13","0-130","inc hosp",32.566362
2024-09-14,"13","0-130","inc hosp",43.421816
2024-09-21,"13","0-130","inc hosp",65.132724
2024-09-28,"13","0-130","inc hosp",75.988178
2023-10-07,"24","0-130","inc hosp",55.19817
2023-10-14,"24","0-130","inc hosp",55.19817
2023-10-21,"24","0-130","inc hosp",91.99695
2023-10-28,"24","0-130","inc hosp",116.52947
2023-11-04,"24","0-130","inc hosp",165.59451
2023-11-11,"24","0-130","inc hosp",190.12703
2023-11-18,"24","0-130","inc hosp",233.05894
2023-11-25,"24","0-130","inc hosp",233.05894
2023-12-02,"24","0-130","inc hosp",312.78963
2023-12-09,"24","0-130","inc hosp",288.25711
2023-12-16,"24","0-130","inc hosp",300.52337
2023-12-23,"24","0-130","inc hosp",257.59146
2023-12-30,"24","0-130","inc hosp",263.72459
2024-01-06,"24","0-130","inc hosp",208.52642
2024-01-13,"24","0-130","inc hosp",128.79573
2024-01-20,"24","0-130","inc hosp",98.13008
2024-01-27,"24","0-130","inc hosp",91.99695
2024-02-03,"24","0-130","inc hosp",61.3313
2024-02-10,"24","0-130","inc hosp",55.19817
2024-02-17,"24","0-130","inc hosp",67.46443
2024-02-24,"24","0-130","inc hosp",36.79878
2024-03-02,"24","0-130","inc hosp",30.66565
2024-03-09,"24","0-130","inc hosp",36.79878
2024-03-16,"24","0-130","inc hosp",30.66565
2024-03-23,"24","0-130","inc hosp",18.39939
2024-03-30,"24","0-130","inc hosp",12.26626
2024-04-06,"24","0-130","inc hosp",6.13313
2024-04-13,"24","0-130","inc hosp",12.26626
2024-04-20,"24","0-130","inc hosp",6.13313
2024-04-27,"24","0-130","inc hosp",12.26626
2024-05-04,"24","0-130","inc hosp",0
2024-05-11,"24","0-130","inc hosp",12.26626
2024-05-18,"24","0-130","inc hosp",6.13313
2024-05-25,"24","0-130","inc hosp",6.13313
2024-06-01,"24","0-130","inc hosp",6.13313
2024-06-08,"24","0-130","inc hosp",6.13313
2024-06-15,"24","0-130","inc hosp",0
2024-06-22,"24","0-130","inc hosp",6.13313
2024-06-29,"24","0-130","inc hosp",6.13313
2024-07-06,"24","0-130","inc hosp",0
2024-07-13,"24","0-130","inc hosp",6.13313
2024-07-20,"24","0-130","inc hosp",0
2024-07-27,"24","0-130","inc hosp",6.13313
2024-08-03,"24","0-130","inc hosp",0
2024-08-10,"24","0-130","inc hosp",6.13313
2024-08-17,"24","0-130","inc hosp",0
2024-08-24,"24","0-130","inc hosp",6.13313
2024-08-31,"24","0-130","inc hosp",0
2024-09-07,"24","0-130","inc hosp",12.26626
2024-09-14,"24","0-130","inc hosp",0
2024-09-21,"24","0-130","inc hosp",0
2024-09-28,"24","0-130","inc hosp",6.13313
2023-10-07,"26","0-130","inc hosp",10.032075
2023-10-14,"26","0-130","inc hosp",20.06415
2023-10-21,"26","0-130","inc hosp",70.224525
2023-10-28,"26","0-130","inc hosp",40.1283
2023-11-04,"26","0-130","inc hosp",70.224525
2023-11-11,"26","0-130","inc hosp",150.481125
2023-11-18,"26","0-130","inc hosp",210.673575
2023-11-25,"26","0-130","inc hosp",321.0264
2023-12-02,"26","0-130","inc hosp",401.283
2023-12-09,"26","0-130","inc hosp",310.994325
2023-12-16,"26","0-130","inc hosp",521.6679
2023-12-23,"26","0-130","inc hosp",431.379225
2023-12-30,"26","0-130","inc hosp",471.507525
2024-01-06,"26","0-130","inc hosp",501.60375
2024-01-13,"26","0-130","inc hosp",321.0264
2024-01-20,"26","0-130","inc hosp",290.930175
2024-01-27,"26","0-130","inc hosp",180.57735
2024-02-03,"26","0-130","inc hosp",110.352825
2024-02-10,"26","0-130","inc hosp",140.44905
2024-02-17,"26","0-130","inc hosp",100.32075
2024-02-24,"26","0-130","inc hosp",110.352825
2024-03-02,"26","0-130","inc hosp",60.19245
2024-03-09,"26","0-130","inc hosp",70.224525
2024-03-16,"26","0-130","inc hosp",30.096225
2024-03-23,"26","0-130","inc hosp",100.32075
2024-03-30,"26","0-130","inc hosp",50.160375
2024-04-06,"26","0-130","inc hosp",40.1283
2024-04-13,"26","0-130","inc hosp",30.096225
2024-04-20,"26","0-130","inc hosp",20.06415
2024-04-27,"26","0-130","inc hosp",10.032075
2024-05-04,"26","0-130","inc hosp",0
2024-05-11,"26","0-130","inc hosp",10.032075
2024-05-18,"26","0-130","inc hosp",10.032075
2024-05-25,"26","0-130","inc hosp",0
2024-06-01,"26","0-130","inc hosp",20.06415
2024-06-08,"26","0-130","inc hosp",0
2024-06-15,"26","0-130","inc hosp",0
2024-06-22,"26","0-130","inc hosp",0
2024-06-29,"26","0-130","inc hosp",0
2024-07-06,"26","0-130","inc hosp",0
2024-07-13,"26","0-130","inc hosp",0
2024-07-20,"26","0-130","inc hosp",0
2024-07-27,"26","0-130","inc hosp",0
2024-08-03,"26","0-130","inc hosp",0
2024-08-10,"26","0-130","inc hosp",0
2024-08-17,"26","0-130","inc hosp",10.032075
2024-08-24,"26","0-130","inc hosp",10.032075
2024-08-31,"26","0-130","inc hosp",0
2024-09-07,"26","0-130","inc hosp",0
2024-09-14,"26","0-130","inc hosp",0
2024-09-21,"26","0-130","inc hosp",0
2024-09-28,"26","0-130","inc hosp",10.032075
2023-10-07,"27","0-130","inc hosp",17.149644
2023-10-14,"27","0-130","inc hosp",34.299288
2023-10-21,"27","0-130","inc hosp",40.015836
2023-10-28,"27","0-130","inc hosp",74.315124
2023-11-04,"27","0-130","inc hosp",62.882028
2023-11-11,"27","0-130","inc hosp",125.764056
2023-11-18,"27","0-130","inc hosp",148.630248
2023-11-25,"27","0-130","inc hosp",205.795728
2023-12-02,"27","0-130","inc hosp",262.961208
2023-12-09,"27","0-130","inc hosp",325.843236
2023-12-16,"27","0-130","inc hosp",257.24466
2023-12-23,"27","0-130","inc hosp",342.99288
2023-12-30,"27","0-130","inc hosp",348.709428
2024-01-06,"27","0-130","inc hosp",262.961208
2024-01-13,"27","0-130","inc hosp",194.362632
2024-01-20,"27","0-130","inc hosp",177.212988
2024-01-27,"27","0-130","inc hosp",120.047508
2024-02-03,"27","0-130","inc hosp",97.181316
2024-02-10,"27","0-130","inc hosp",108.614412
2024-02-17,"27","0-130","inc hosp",80.031672
2024-02-24,"27","0-130","inc hosp",91.464768
2024-03-02,"27","0-130","inc hosp",57.16548
2024-03-09,"27","0-130","inc hosp",74.315124
2024-03-16,"27","0-130","inc hosp",51.448932
2024-03-23,"27","0-130","inc hosp",45.732384
2024-03-30,"27","0-130","inc hosp",45.732384
2024-04-06,"27","0-130","inc hosp",17.149644
2024-04-13,"27","0-130","inc hosp",17.149644
2024-04-20,"27","0-130","inc hosp",11.433096
2024-04-27,"27","0-130","inc hosp",5.716548
2024-05-04,"27","0-130","inc hosp",11.433096
2024-05-11,"27","0-130","inc hosp",11.433096
2024-05-18,"27","0-130","inc hosp",5.716548
2024-05-25,"27","0-130","inc hosp",5.716548
2024-06-01,"27","0-130","inc hosp",5.716548
2024-06-08,"27","0-130","inc hosp",0
2024-06-15,"27","0-130","inc hosp",0
2024-06-22,"27","0-130","inc hosp",0
2024-06-29,"27","0-130","inc hosp",0
2024-07-06,"27","0-130","inc hosp",0
2024-07-13,"27","0-130","inc hosp",0
2024-07-20,"27","0-130","inc hosp",0
2024-07-27,"27","0-130","inc hosp",5.716548
2024-08-03,"27","0-130","inc hosp",0
2024-08-10,"27","0-130","inc hosp",0
2024-08-17,"27","0-130","inc hosp",5.716548
2024-08-24,"27","0-130","inc hosp",0
2024-08-31,"27","0-130","inc hosp",0
2024-09-07,"27","0-130","inc hosp",0
2024-09-14,"27","0-130","inc hosp",0
2024-09-21,"27","0-130","inc hosp",0
2024-09-28,"27","0-130","inc hosp",0
2023-10-07,"35","0-130","inc hosp",2.100079
2023-10-14,"35","0-130","inc hosp",0
2023-10-21,"35","0-130","inc hosp",21.00079
2023-10-28,"35","0-130","inc hosp",18.900711
2023-11-04,"35","0-130","inc hosp",21.00079
2023-11-11,"35","0-130","inc hosp",58.802212
2023-11-18,"35","0-130","inc hosp",37.801422
2023-11-25,"35","0-130","inc hosp",90.303397
2023-12-02,"35","0-130","inc hosp",113.404266
2023-12-09,"35","0-130","inc hosp",88.203318
2023-12-16,"35","0-130","inc hosp",165.906241
2023-12-23,"35","0-130","inc hosp",205.807742
2023-12-30,"35","0-130","inc hosp",218.408216
2024-01-06,"35","0-130","inc hosp",191.107189
2024-01-13,"35","0-130","inc hosp",140.705293
2024-01-20,"35","0-130","inc hosp",94.503555
2024-01-27,"35","0-130","inc hosp",81.903081
2024-02-03,"35","0-130","inc hosp",77.702923
2024-02-10,"35","0-130","inc hosp",69.302607
2024-02-17,"35","0-130","inc hosp",52.501975
2024-02-24,"35","0-130","inc hosp",33.601264
2024-03-02,"35","0-130","inc hosp",27.301027
2024-03-09,"35","0-130","inc hosp",21.00079
2024-03-16,"35","0-130","inc hosp",14.700553
2024-03-23,"35","0-130","inc hosp",25.200948
2024-03-30,"35","0-130","inc hosp",6.300237
2024-04-06,"35","0-130","inc hosp",8.400316
2024-04-13,"35","0-130","inc hosp",2.100079
2024-04-20,"35","0-130","inc hosp",2.100079
2024-04-27,"35","0-130","inc hosp",2.100079
2024-05-04,"35","0-130","inc hosp",0
2024-05-11,"35","0-130","inc hosp",6.300237
2024-05-18,"35","0-130","inc hosp",0
2024-05-25,"35","0-130","inc hosp",0
2024-06-01,"35","0-130","inc hosp",2.100079
2024-06-08,"35","0-130","inc hosp",6.300237
2024-06-15,"35","0-130","inc hosp",0
2024-06-22,"35","0-130","inc hosp",0
2024-06-29,"35","0-130","inc hosp",0
2024-07-06,"35","0-130","inc hosp",0
2024-07-13,"35","0-130","inc hosp",0
2024-07-20,"35","0-130","inc hosp",0
2024-07-27,"35","0-130","inc hosp",0
2024-08-03,"35","0-130","inc hosp",0
2024-08-10,"35","0-130","inc hosp",0
2024-08-17,"35","0-130","inc hosp",0
2024-08-24,"35","0-130","inc hosp",0
2024-08-31,"35","0-130","inc hosp",0
2024-09-07,"35","0-130","inc hosp",0
2024-09-14,"35","0-130","inc hosp",0
2024-09-21,"35","0-130","inc hosp",0
2024-09-28,"35","0-130","inc hosp",0
2023-10-07,"36","0-130","inc hosp",39.31438
2023-10-14,"36","0-130","inc hosp",117.94314
2023-10-21,"36","0-130","inc hosp",98.28595
2023-10-28,"36","0-130","inc hosp",157.25752
2023-11-04,"36","0-130","inc hosp",196.5719
2023-11-11,"36","0-130","inc hosp",393.1438
2023-11-18,"36","0-130","inc hosp",589.7157
2023-11-25,"36","0-130","inc hosp",629.03008
2023-12-02,"36","0-130","inc hosp",982.8595
2023-12-09,"36","0-130","inc hosp",1022.17388
2023-12-16,"36","0-130","inc hosp",1140.11702
2023-12-23,"36","0-130","inc hosp",1238.40297
2023-12-30,"36","0-130","inc hosp",1179.4314
2024-01-06,"36","0-130","inc hosp",1120.45983
2024-01-13,"36","0-130","inc hosp",805.94479
2024-01-20,"36","0-130","inc hosp",805.94479
2024-01-27,"36","0-130","inc hosp",471.77256
2024-02-03,"36","0-130","inc hosp",452.11537
2024-02-10,"36","0-130","inc hosp",334.17223
2024-02-17,"36","0-130","inc hosp",334.17223
2024-02-24,"36","0-130","inc hosp",235.88628
2024-03-02,"36","0-130","inc hosp",216.22909
2024-03-09,"36","0-130","inc hosp",196.5719
2024-03-16,"36","0-130","inc hosp",117.94314
2024-03-23,"36","0-130","inc hosp",98.28595
2024-03-30,"36","0-130","inc hosp",39.31438
2024-04-06,"36","0-130","inc hosp",137.60033
2024-04-13,"36","0-130","inc hosp",58.97157
2024-04-20,"36","0-130","inc hosp",19.65719
2024-04-27,"36","0-130","inc hosp",39.31438
2024-05-04,"36","0-130","inc hosp",0
2024-05-11,"36","0-130","inc hosp",19.65719
2024-05-18,"36","0-130","inc hosp",0
2024-05-25,"36","0-130","inc hosp",19.65719
2024-06-01,"36","0-130","inc hosp",0
2024-06-08,"36","0-130","inc hosp",0
2024-06-15,"36","0-130","inc hosp",19.65719
2024-06-22,"36","0-130","inc hosp",0
2024-06-29,"36","0-130","inc hosp",0
2024-07-06,"36","0-130","inc hosp",0
2024-07-13,"36","0-130","inc hosp",0
2024-07-20,"36","0-130","inc hosp",0
2024-07-27,"36","0-130","inc hosp",0
2024-08-03,"36","0-130","inc hosp",0
2024-08-10,"36","0-130","inc hosp",0
2024-08-17,"36","0-130","inc hosp",0
2024-08-24,"36","0-130","inc hosp",0
2024-08-31,"36","0-130","inc hosp",0
2024-09-07,"36","0-130","inc hosp",0
2024-09-14,"36","0-130","inc hosp",19.65719
2024-09-21,"36","0-130","inc hosp",19.65719
2024-09-28,"36","0-130","inc hosp",39.31438
2023-10-07,"41","0-130","inc hosp",12.715995
2023-10-14,"41","0-130","inc hosp",12.715995
2023-10-21,"41","0-130","inc hosp",4.238665
2023-10-28,"41","0-130","inc hosp",8.47733
2023-11-04,"41","0-130","inc hosp",33.90932
2023-11-11,"41","0-130","inc hosp",29.670655
2023-11-18,"41","0-130","inc hosp",50.86398
2023-11-25,"41","0-130","inc hosp",59.34131
2023-12-02,"41","0-130","inc hosp",55.102645
2023-12-09,"41","0-130","inc hosp",63.579975
2023-12-16,"41","0-130","inc hosp",63.579975
2023-12-23,"41","0-130","inc hosp",105.966625
2023-12-30,"41","0-130","inc hosp",97.489295
2024-01-06,"41","0-130","inc hosp",80.534635
2024-01-13,"41","0-130","inc hosp",84.7733
2024-01-20,"41","0-130","inc hosp",63.579975
2024-01-27,"41","0-130","inc hosp",63.579975
2024-02-03,"41","0-130","inc hosp",46.625315
2024-02-10,"41","0-130","inc hosp",33.90932
2024-02-17,"41","0-130","inc hosp",25.43199
2024-02-24,"41","0-130","inc hosp",12.715995
2024-03-02,"41","0-130","inc hosp",16.95466
2024-03-09,"41","0-130","inc hosp",12.715995
2024-03-16,"41","0-130","inc hosp",8.47733
2024-03-23,"41","0-130","inc hosp",33.90932
2024-03-30,"41","0-130","inc hosp",8.47733
2024-04-06,"41","0-130","inc hosp",4.238665
2024-04-13,"41","0-130","inc hosp",8.47733
2024-04-20,"41","0-130","inc hosp",4.238665
2024-04-27,"41","0-130","inc hosp",4.238665
2024-05-04,"41","0-130","inc hosp",0
2024-05-11,"41","0-130","inc hosp",0
2024-05-18,"41","0-130","inc hosp",0
2024-05-25,"41","0-130","inc hosp",0
2024-06-01,"41","0-130","inc hosp",0
2024-06-08,"41","0-130","inc hosp",0
2024-06-15,"41","0-130","inc hosp",0
2024-06-22,"41","0-130","inc hosp",0
2024-06-29,"41","0-130","inc hosp",0
2024-07-06,"41","0-130","inc hosp",0
2024-07-13,"41","0-130","inc hosp",0
2024-07-20,"41","0-130","inc hosp",0
2024-07-27,"41","0-130","inc hosp",0
2024-08-03,"41","0-130","inc hosp",0
2024-08-10,"41","0-130","inc hosp",0
2024-08-17,"41","0-130","inc hosp",0
2024-08-24,"41","0-130","inc hosp",0
2024-08-31,"41","0-130","inc hosp",4.238665
2024-09-07,"41","0-130","inc hosp",0
2024-09-14,"41","0-130","inc hosp",0
2024-09-21,"41","0-130","inc hosp",0
2024-09-28,"41","0-130","inc hosp",0
2023-10-07,"US","0-130","inc hosp",2989.800594
2023-10-14,"US","0-130","inc hosp",3654.200726
2023-10-21,"US","0-130","inc hosp",4318.600858
2023-10-28,"US","0-130","inc hosp",4650.800924
2023-11-04,"US","0-130","inc hosp",5315.201056
2023-11-11,"US","0-130","inc hosp",7308.401452
2023-11-18,"US","0-130","inc hosp",8969.401782
2023-11-25,"US","0-130","inc hosp",9633.801914
2023-12-02,"US","0-130","inc hosp",11959.202376
2023-12-09,"US","0-130","inc hosp",12623.602508
2023-12-16,"US","0-130","inc hosp",12955.802574
2023-12-23,"US","0-130","inc hosp",13952.402772
2023-12-30,"US","0-130","inc hosp",14949.00297
2024-01-06,"US","0-130","inc hosp",13288.00264
2024-01-13,"US","0-130","inc hosp",9966.00198
2024-01-20,"US","0-130","inc hosp",8637.201716
2024-01-27,"US","0-130","inc hosp",6976.201386
2024-02-03,"US","0-130","inc hosp",5979.601188
2024-02-10,"US","0-130","inc hosp",5315.201056
2024-02-17,"US","0-130","inc hosp",4983.00099
2024-02-24,"US","0-130","inc hosp",4318.600858
2024-03-02,"US","0-130","inc hosp",3322.00066
2024-03-09,"US","0-130","inc hosp",2657.600528
2024-03-16,"US","0-130","inc hosp",2325.400462
2024-03-23,"US","0-130","inc hosp",1993.200396
2024-03-30,"US","0-130","inc hosp",1661.00033
2024-04-06,"US","0-130","inc hosp",996.600198
2024-04-13,"US","0-130","inc hosp",996.600198
2024-04-20,"US","0-130","inc hosp",664.400132
2024-04-27,"US","0-130","inc hosp",664.400132
2024-05-04,"US","0-130","inc hosp",332.200066
2024-05-11,"US","0-130","inc hosp",664.400132
2024-05-18,"US","0-130","inc hosp",332.200066
2024-05-25,"US","0-130","inc hosp",332.200066
2024-06-01,"US","0-130","inc hosp",332.200066
2024-06-08,"US","0-130","inc hosp",332.200066
2024-06-15,"US","0-130","inc hosp",0
2024-06-22,"US","0-130","inc hosp",0
2024-06-29,"US","0-130","inc hosp",0
2024-07-06,"US","0-130","inc hosp",0
2024-07-13,"US","0-130","inc hosp",0
2024-07-20,"US","0-130","inc hosp",0
2024-07-27,"US","0-130","inc hosp",332.200066
2024-08-03,"US","0-130","inc hosp",0
2024-08-10,"US","0-130","inc hosp",0
2024-08-17,"US","0-130","inc hosp",332.200066
2024-08-24,"US","0-130","inc hosp",0
2024-08-31,"US","0-130","inc hosp",332.200066
2024-09-07,"US","0-130","inc hosp",332.200066
2024-09-14,"US","0-130","inc hosp",332.200066
2024-09-21,"US","0-130","inc hosp",332.200066
2024-09-28,"US","0-130","inc hosp",664.400132
2023-10-07,"47","0-130","inc hosp",84.367284
2023-10-14,"47","0-130","inc hosp",119.520319
2023-10-21,"47","0-130","inc hosp",161.703961
2023-10-28,"47","0-130","inc hosp",133.581533
2023-11-04,"47","0-130","inc hosp",84.367284
2023-11-11,"47","0-130","inc hosp",168.734568
2023-11-18,"47","0-130","inc hosp",210.91821
2023-11-25,"47","0-130","inc hosp",133.581533
2023-12-02,"47","0-130","inc hosp",210.91821
2023-12-09,"47","0-130","inc hosp",168.734568
2023-12-16,"47","0-130","inc hosp",147.642747
2023-12-23,"47","0-130","inc hosp",154.673354
2023-12-30,"47","0-130","inc hosp",161.703961
2024-01-06,"47","0-130","inc hosp",154.673354
2024-01-13,"47","0-130","inc hosp",126.550926
2024-01-20,"47","0-130","inc hosp",91.397891
2024-01-27,"47","0-130","inc hosp",70.30607
2024-02-03,"47","0-130","inc hosp",49.214249
2024-02-10,"47","0-130","inc hosp",49.214249
2024-02-17,"47","0-130","inc hosp",42.183642
2024-02-24,"47","0-130","inc hosp",35.153035
2024-03-02,"47","0-130","inc hosp",35.153035
2024-03-09,"47","0-130","inc hosp",28.122428
2024-03-16,"47","0-130","inc hosp",28.122428
2024-03-23,"47","0-130","inc hosp",21.091821
2024-03-30,"47","0-130","inc hosp",7.030607
2024-04-06,"47","0-130","inc hosp",14.061214
2024-04-13,"47","0-130","inc hosp",21.091821
2024-04-20,"47","0-130","inc hosp",7.030607
2024-04-27,"47","0-130","inc hosp",7.030607
2024-05-04,"47","0-130","inc hosp",14.061214
2024-05-11,"47","0-130","inc hosp",7.030607
2024-05-18,"47","0-130","inc hosp",14.061214
2024-05-25,"47","0-130","inc hosp",14.061214
2024-06-01,"47","0-130","inc hosp",7.030607
2024-06-08,"47","0-130","inc hosp",7.030607
2024-06-15,"47","0-130","inc hosp",7.030607
2024-06-22,"47","0-130","inc hosp",0
2024-06-29,"47","0-130","inc hosp",0
2024-07-06,"47","0-130","inc hosp",7.030607
2024-07-13,"47","0-130","inc hosp",7.030607
2024-07-20,"47","0-130","inc hosp",7.030607
2024-07-27,"47","0-130","inc hosp",7.030607
2024-08-03,"47","0-130","inc hosp",14.061214
2024-08-10,"47","0-130","inc hosp",7.030607
2024-08-17,"47","0-130","inc hosp",7.030607
2024-08-24,"47","0-130","inc hosp",7.030607
2024-08-31,"47","0-130","inc hosp",7.030607
2024-09-07,"47","0-130","inc hosp",0
2024-09-14,"47","0-130","inc hosp",7.030607
2024-09-21,"47","0-130","inc hosp",0
2024-09-28,"47","0-130","inc hosp",7.030607
2023-10-07,"49","0-130","inc hosp",3.376238
2023-10-14,"49","0-130","inc hosp",3.376238
2023-10-21,"49","0-130","inc hosp",0
2023-10-28,"49","0-130","inc hosp",10.128714
2023-11-04,"49","0-130","inc hosp",13.504952
2023-11-11,"49","0-130","inc hosp",27.009904
2023-11-18,"49","0-130","inc hosp",16.88119
2023-11-25,"49","0-130","inc hosp",27.009904
2023-12-02,"49","0-130","inc hosp",40.514856
2023-12-09,"49","0-130","inc hosp",67.52476
2023-12-16,"49","0-130","inc hosp",87.782188
2023-12-23,"49","0-130","inc hosp",114.792092
2023-12-30,"49","0-130","inc hosp",192.445566
2024-01-06,"49","0-130","inc hosp",189.069328
2024-01-13,"49","0-130","inc hosp",172.188138
2024-01-20,"49","0-130","inc hosp",155.306948
2024-01-27,"49","0-130","inc hosp",118.16833
2024-02-03,"49","0-130","inc hosp",131.673282
2024-02-10,"49","0-130","inc hosp",118.16833
2024-02-17,"49","0-130","inc hosp",114.792092
2024-02-24,"49","0-130","inc hosp",121.544568
2024-03-02,"49","0-130","inc hosp",87.782188
2024-03-09,"49","0-130","inc hosp",70.900998
2024-03-16,"49","0-130","inc hosp",60.772284
2024-03-23,"49","0-130","inc hosp",40.514856
2024-03-30,"49","0-130","inc hosp",40.514856
2024-04-06,"49","0-130","inc hosp",27.009904
2024-04-13,"49","0-130","inc hosp",16.88119
2024-04-20,"49","0-130","inc hosp",3.376238
2024-04-27,"49","0-130","inc hosp",6.752476
2024-05-04,"49","0-130","inc hosp",6.752476
2024-05-11,"49","0-130","inc hosp",3.376238
2024-05-18,"49","0-130","inc hosp",6.752476
2024-05-25,"49","0-130","inc hosp",0
2024-06-01,"49","0-130","inc hosp",3.376238
2024-06-08,"49","0-130","inc hosp",3.376238
2024-06-15,"49","0-130","inc hosp",0
2024-06-22,"49","0-130","inc hosp",0
2024-06-29,"49","0-130","inc hosp",0
2024-07-06,"49","0-130","inc hosp",0
2024-07-13,"49","0-130","inc hosp",3.376238
2024-07-20,"49","0-130","inc hosp",0
2024-07-27,"49","0-130","inc hosp",0
2024-08-03,"49","0-130","inc hosp",0
2024-08-10,"49","0-130","inc hosp",0
2024-08-17,"49","0-130","inc hosp",0
2024-08-24,"49","0-130","inc hosp",0
2024-08-31,"49","0-130","inc hosp",0
2024-09-07,"49","0-130","inc hosp",0
2024-09-14,"49","0-130","inc hosp",0
2024-09-21,"49","0-130","inc hosp",0
2024-09-28,"49","0-130","inc hosp",0
2024-10-05,"06","0-130","inc hosp",77.773102
2024-10-12,"06","0-130","inc hosp",116.659653
2024-10-19,"06","0-130","inc hosp",77.773102
2024-10-26,"06","0-130","inc hosp",38.886551
2024-11-02,"06","0-130","inc hosp",116.659653
2024-11-09,"06","0-130","inc hosp",155.546204
2024-11-16,"06","0-130","inc hosp",194.432755
2024-11-23,"06","0-130","inc hosp",272.205857
2024-11-30,"06","0-130","inc hosp",349.978959
2024-12-07,"06","0-130","inc hosp",505.525163
2024-12-14,"06","0-130","inc hosp",427.752061
2024-12-21,"06","0-130","inc hosp",777.73102
2024-12-28,"06","0-130","inc hosp",1011.050326
2025-01-04,"06","0-130","inc hosp",1361.029285
2025-01-11,"06","0-130","inc hosp",1438.802387
2025-01-18,"06","0-130","inc hosp",816.617571
2025-01-25,"06","0-130","inc hosp",699.957918
2025-02-01,"06","0-130","inc hosp",777.73102
2025-02-08,"06","0-130","inc hosp",816.617571
2025-02-15,"06","0-130","inc hosp",544.411714
2025-02-22,"06","0-130","inc hosp",544.411714
2025-03-01,"06","0-130","inc hosp",466.638612
2025-03-08,"06","0-130","inc hosp",233.319306
2025-03-15,"06","0-130","inc hosp",349.978959
2025-03-22,"06","0-130","inc hosp",155.546204
2025-03-29,"06","0-130","inc hosp",77.773102
2025-04-05,"06","0-130","inc hosp",194.432755
2025-04-12,"06","0-130","inc hosp",155.546204
2025-04-19,"06","0-130","inc hosp",77.773102
2025-04-26,"06","0-130","inc hosp",0
2025-05-03,"06","0-130","inc hosp",38.886551
2025-05-10,"06","0-130","inc hosp",0
2025-05-17,"06","0-130","inc hosp",38.886551
2025-05-24,"06","0-130","inc hosp",38.886551
2025-05-31,"06","0-130","inc hosp",38.886551
2025-06-07,"06","0-130","inc hosp",0
2025-06-14,"06","0-130","inc hosp",0
2025-06-21,"06","0-130","inc hosp",0
2025-06-28,"06","0-130","inc hosp",0
2025-07-05,"06","0-130","inc hosp",0
2025-07-12,"06","0-130","inc hosp",38.886551
2025-07-19,"06","0-130","inc hosp",0
2025-07-26,"06","0-130","inc hosp",0
2025-08-02,"06","0-130","inc hosp",38.886551
2025-08-09,"06","0-130","inc hosp",0
2025-08-16,"06","0-130","inc hosp",38.886551
2025-08-23,"06","0-130","inc hosp",0
2025-08-30,"06","0-130","inc hosp",38.886551
2025-09-06,"06","0-130","inc hosp",0
2025-09-13,"06","0-130","inc hosp",38.886551
2025-09-20,"06","0-130","inc hosp",38.886551
2025-09-27,"06","0-130","inc hosp",38.886551
2024-10-05,"08","0-130","inc hosp",0
2024-10-12,"08","0-130","inc hosp",5.803748
2024-10-19,"08","0-130","inc hosp",11.607496
2024-10-26,"08","0-130","inc hosp",5.803748
2024-11-02,"08","0-130","inc hosp",5.803748
2024-11-09,"08","0-130","inc hosp",17.411244
2024-11-16,"08","0-130","inc hosp",29.01874
2024-11-23,"08","0-130","inc hosp",40.626236
2024-11-30,"08","0-130","inc hosp",34.822488
2024-12-07,"08","0-130","inc hosp",58.03748
2024-12-14,"08","0-130","inc hosp",116.07496
2024-12-21,"08","0-130","inc hosp",145.0937
2024-12-28,"08","0-130","inc hosp",243.757416
2025-01-04,"08","0-130","inc hosp",208.934928
2025-01-11,"08","0-130","inc hosp",226.346172
2025-01-18,"08","0-130","inc hosp",261.16866
2025-01-25,"08","0-130","inc hosp",301.794896
2025-02-01,"08","0-130","inc hosp",307.598644
2025-02-08,"08","0-130","inc hosp",330.813636
2025-02-15,"08","0-130","inc hosp",319.20614
2025-02-22,"08","0-130","inc hosp",348.22488
2025-03-01,"08","0-130","inc hosp",325.009888
2025-03-08,"08","0-130","inc hosp",255.364912
2025-03-15,"08","0-130","inc hosp",249.561164
2025-03-22,"08","0-130","inc hosp",156.701196
2025-03-29,"08","0-130","inc hosp",145.0937
2025-04-05,"08","0-130","inc hosp",104.467464
2025-04-12,"08","0-130","inc hosp",69.644976
2025-04-19,"08","0-130","inc hosp",46.429984
2025-04-26,"08","0-130","inc hosp",46.429984
2025-05-03,"08","0-130","inc hosp",34.822488
2025-05-10,"08","0-130","inc hosp",23.214992
2025-05-17,"08","0-130","inc hosp",11.607496
2025-05-24,"08","0-130","inc hosp",11.607496
2025-05-31,"08","0-130","inc hosp",11.607496
2025-06-07,"08","0-130","inc hosp",5.803748
2025-06-14,"08","0-130","inc hosp",0
2025-06-21,"08","0-130","inc hosp",0
2025-06-28,"08","0-130","inc hosp",0
2025-07-05,"08","0-130","inc hosp",0
2025-07-12,"08","0-130","inc hosp",0
2025-07-19,"08","0-130","inc hosp",0
2025-07-26,"08","0-130","inc hosp",0
2025-08-02,"08","0-130","inc hosp",0
2025-08-09,"08","0-130","inc hosp",0
2025-08-16,"08","0-130","inc hosp",0
2025-08-23,"08","0-130","inc hosp",0
2025-08-30,"08","0-130","inc hosp",0
2025-09-06,"08","0-130","inc hosp",0
2025-09-13,"08","0-130","inc hosp",0
2025-09-20,"08","0-130","inc hosp",0
2025-09-27,"08","0-130","inc hosp",0
2024-10-05,"09","0-130","inc hosp",7.242178
2024-10-12,"09","0-130","inc hosp",10.863267
2024-10-19,"09","0-130","inc hosp",14.484356
2024-10-26,"09","0-130","inc hosp",32.589801
2024-11-02,"09","0-130","inc hosp",25.347623
2024-11-09,"09","0-130","inc hosp",21.726534
2024-11-16,"09","0-130","inc hosp",32.589801
2024-11-23,"09","0-130","inc hosp",79.663958
2024-11-30,"09","0-130","inc hosp",86.906136
2024-12-07,"09","0-130","inc hosp",57.937424
2024-12-14,"09","0-130","inc hosp",97.769403
2024-12-21,"09","0-130","inc hosp",148.464649
2024-12-28,"09","0-130","inc hosp",188.296628
2025-01-04,"09","0-130","inc hosp",278.823853
2025-01-11,"09","0-130","inc hosp",191.917717
2025-01-18,"09","0-130","inc hosp",141.222471
2025-01-25,"09","0-130","inc hosp",119.495937
2025-02-01,"09","0-130","inc hosp",94.148314
2025-02-08,"09","0-130","inc hosp",90.527225
2025-02-15,"09","0-130","inc hosp",47.074157
2025-02-22,"09","0-130","inc hosp",28.968712
2025-03-01,"09","0-130","inc hosp",25.347623
2025-03-08,"09","0-130","inc hosp",28.968712
2025-03-15,"09","0-130","inc hosp",39.831979
2025-03-22,"09","0-130","inc hosp",28.968712
2025-03-29,"09","0-130","inc hosp",25.347623
2025-04-05,"09","0-130","inc hosp",10.863267
2025-04-12,"09","0-130","inc hosp",14.484356
2025-04-19,"09","0-130","inc hosp",18.105445
2025-04-26,"09","0-130","inc hosp",7.242178
2025-05-03,"09","0-130","inc hosp",3.621089
2025-05-10,"09","0-130","inc hosp",0
2025-05-17,"09","0-130","inc hosp",14.484356
2025-05-24,"09","0-130","inc hosp",0
2025-05-31,"09","0-130","inc hosp",7.242178
2025-06-07,"09","0-130","inc hosp",7.242178
2025-06-14,"09","0-130","inc hosp",7.242178
2025-06-21,"09","0-130","inc hosp",3.621089
2025-06-28,"09","0-130","inc hosp",0
2025-07-05,"09","0-130","inc hosp",3.621089
2025-07-12,"09","0-130","inc hosp",0
2025-07-19,"09","0-130","inc hosp",0
2025-07-26,"09","0-130","inc hosp",0
2025-08-02,"09","0-130","inc hosp",3.621089
2025-08-09,"09","0-130","inc hosp",0
2025-08-16,"09","0-130","inc hosp",0
2025-08-23,"09","0-130","inc hosp",0
2025-08-30,"09","0-130","inc hosp",3.621089
2025-09-06,"09","0-130","inc hosp",7.242178
2025-09-13,"09","0-130","inc hosp",0
2025-09-20,"09","0-130","inc hosp",0
2025-09-27,"09","0-130","inc hosp",3.621089
2024-10-05,"13","0-130","inc hosp",86.843632
2024-10-12,"13","0-130","inc hosp",108.55454
2024-10-19,"13","0-130","inc hosp",141.120902
2024-10-26,"13","0-130","inc hosp",206.253626
2024-11-02,"13","0-130","inc hosp",227.964534
2024-11-09,"13","0-130","inc hosp",260.530896
2024-11-16,"13","0-130","inc hosp",401.651798
2024-11-23,"13","0-130","inc hosp",466.784522
2024-11-30,"13","0-130","inc hosp",510.206338
2024-12-07,"13","0-130","inc hosp",499.350884
2024-12-14,"13","0-130","inc hosp",499.350884
2024-12-21,"13","0-130","inc hosp",521.061792
2024-12-28,"13","0-130","inc hosp",477.639976
2025-01-04,"13","0-130","inc hosp",510.206338
2025-01-11,"13","0-130","inc hosp",358.229982
2025-01-18,"13","0-130","inc hosp",325.66362
2025-01-25,"13","0-130","inc hosp",195.398172
2025-02-01,"13","0-130","inc hosp",173.687264
2025-02-08,"13","0-130","inc hosp",162.83181
2025-02-15,"13","0-130","inc hosp",162.83181
2025-02-22,"13","0-130","inc hosp",86.843632
2025-03-01,"13","0-130","inc hosp",75.988178
2025-03-08,"13","0-130","inc hosp",86.843632
2025-03-15,"13","0-130","inc hosp",65.132724
2025-03-22,"13","0-130","inc hosp",65.132724
2025-03-29,"13","0-130","inc hosp",43.421816
2025-04-05,"13","0-130","inc hosp",54.27727
2025-04-12,"13","0-130","inc hosp",43.421816
2025-04-19,"13","0-130","inc hosp",10.855454
2025-04-26,"13","0-130","inc hosp",21.710908
2025-05-03,"13","0-130","inc hosp",21.710908
2025-05-10,"13","0-130","inc hosp",10.855454
2025-05-17,"13","0-130","inc hosp",10.855454
2025-05-24,"13","0-130","inc hosp",21.710908
2025-05-31,"13","0-130","inc hosp",10.855454
2025-06-07,"13","0-130","inc hosp",10.855454
2025-06-14,"13","0-130","inc hosp",21.710908
2025-06-21,"13","0-130","inc hosp",21.710908
2025-06-28,"13","0-130","inc hosp",0
2025-07-05,"13","0-130","inc hosp",0
2025-07-12,"13","0-130","inc hosp",10.855454
2025-07-19,"13","0-130","inc hosp",10.855454
2025-07-26,"13","0-130","inc hosp",10.855454
2025-08-02,"13","0-130","inc hosp",10.855454
2025-08-09,"13","0-130","inc hosp",10.855454
2025-08-16,"13","0-130","inc hosp",21.710908
2025-08-23,"13","0-130","inc hosp",10.855454
2025-08-30,"13","0-130","inc hosp",10.855454
2025-09-06,"13","0-130","inc hosp",21.710908
2025-09-13,"13","0-130","inc hosp",21.710908
2025-09-20,"13","0-130","inc hosp",21.710908
2025-09-27,"13","0-130","inc hosp",32.566362
2024-10-05,"24","0-130","inc hosp",12.26626
2024-10-12,"24","0-130","inc hosp",18.39939
2024-10-19,"24","0-130","inc hosp",30.66565
2024-10-26,"24","0-130","inc hosp",55.19817
2024-11-02,"24","0-130","inc hosp",79.73069
2024-11-09,"24","0-130","inc hosp",134.92886
2024-11-16,"24","0-130","inc hosp",134.92886
2024-11-23,"24","0-130","inc hosp",147.19512
2024-11-30,"24","0-130","inc hosp",214.65955
2024-12-07,"24","0-130","inc hosp",239.19207
2024-12-14,"24","0-130","inc hosp",257.59146
2024-12-21,"24","0-130","inc hosp",294.39024
2024-12-28,"24","0-130","inc hosp",269.85772
2025-01-04,"24","0-130","inc hosp",288.25711
2025-01-11,"24","0-130","inc hosp",183.9939
2025-01-18,"24","0-130","inc hosp",171.72764
2025-01-25,"24","0-130","inc hosp",85.86382
2025-02-01,"24","0-130","inc hosp",122.6626
2025-02-08,"24","0-130","inc hosp",91.99695
2025-02-15,"24","0-130","inc hosp",79.73069
2025-02-22,"24","0-130","inc hosp",91.99695
2025-03-01,"24","0-130","inc hosp",49.06504
2025-03-08,"24","0-130","inc hosp",30.66565
2025-03-15,"24","0-130","inc hosp",24.53252
2025-03-22,"24","0-130","inc hosp",24.53252
2025-03-29,"24","0-130","inc hosp",12.26626
2025-04-05,"24","0-130","inc hosp",24.53252
2025-04-12,"24","0-130","inc hosp",18.39939
2025-04-19,"24","0-130","inc hosp",18.39939
2025-04-26,"24","0-130","inc hosp",0
2025-05-03,"24","0-130","inc hosp",12.26626
2025-05-10,"24","0-130","inc hosp",6.13313
2025-05-17,"24","0-130","inc hosp",12.26626
2025-05-24,"24","0-130","inc hosp",6.13313
2025-05-31,"24","0-130","inc hosp",6.13313
2025-06-07,"24","0-130","inc hosp",6.13313
2025-06-14,"24","0-130","inc hosp",6.13313
2025-06-21,"24","0-130","inc hosp",6.13313
2025-06-28,"24","0-130","inc hosp",0
2025-07-05,"24","0-130","inc hosp",6.13313
2025-07-12,"24","0-130","inc hosp",0
2025-07-19,"24","0-130","inc hosp",6.13313
2025-07-26,"24","0-130","inc hosp",0
2025-08-02,"24","0-130","inc hosp",0
2025-08-09,"24","0-130","inc hosp",6.13313
2025-08-16,"24","0-130","inc hosp",0
2025-08-23,"24","0-130","inc hosp",6.13313
2025-08-30,"24","0-130","inc hosp",0
2025-09-06,"24","0-130","inc hosp",0
2025-09-13,"24","0-130","inc hosp",6.13313
2025-09-20,"24","0-130","inc hosp",6.13313
2025-09-27,"24","0-130","inc hosp",6.13313
2024-10-05,"26","0-130","inc hosp",0
2024-10-12,"26","0-130","inc hosp",0
2024-10-19,"26","0-130","inc hosp",10.032075
2024-10-26,"26","0-130","inc hosp",10.032075
2024-11-02,"26","0-130","inc hosp",10.032075
2024-11-09,"26","0-130","inc hosp",0
2024-11-16,"26","0-130","inc hosp",60.19245
2024-11-23,"26","0-130","inc hosp",100.32075
2024-11-30,"26","0-130","inc hosp",120.3849
2024-12-07,"26","0-130","inc hosp",100.32075
2024-12-14,"26","0-130","inc hosp",190.609425
2024-12-21,"26","0-130","inc hosp",250.801875
2024-12-28,"26","0-130","inc hosp",451.443375
2025-01-04,"26","0-130","inc hosp",471.507525
2025-01-11,"26","0-130","inc hosp",491.571675
2025-01-18,"26","0-130","inc hosp",361.1547
2025-01-25,"26","0-130","inc hosp",351.122625
2025-02-01,"26","0-130","inc hosp",300.96225
2025-02-08,"26","0-130","inc hosp",240.7698
2025-02-15,"26","0-130","inc hosp",270.866025
2025-02-22,"26","0-130","inc hosp",361.1547
2025-03-01,"26","0-130","inc hosp",160.5132
2025-03-08,"26","0-130","inc hosp",160.5132
2025-03-15,"26","0-130","inc hosp",110.352825
2025-03-22,"26","0-130","inc hosp",150.481125
2025-03-29,"26","0-130","inc hosp",80.2566
2025-04-05,"26","0-130","inc hosp",110.352825
2025-04-12,"26","0-130","inc hosp",60.19245
2025-04-19,"26","0-130","inc hosp",90.288675
2025-04-26,"26","0-130","inc hosp",40.1283
2025-05-03,"26","0-130","inc hosp",20.06415
2025-05-10,"26","0-130","inc hosp",30.096225
2025-05-17,"26","0-130","inc hosp",20.06415
2025-05-24,"26","0-130","inc hosp",20.06415
2025-05-31,"26","0-130","inc hosp",10.032075
2025-06-07,"26","0-130","inc hosp",0
2025-06-14,"26","0-130","inc hosp",0
2025-06-21,"26","0-130","inc hosp",0
2025-06-28,"26","0-130","inc hosp",0
2025-07-05,"26","0-130","inc hosp",0
2025-07-12,"26","0-130","inc hosp",0
2025-07-19,"26","0-130","inc hosp",0
2025-07-26,"26","0-130","inc hosp",0
2025-08-02,"26","0-130","inc hosp",0
2025-08-09,"26","0-130","inc hosp",0
2025-08-16,"26","0-130","inc hosp",0
2025-08-23,"26","0-130","inc hosp",0
2025-08-30,"26","0-130","inc hosp",0
2025-09-06,"26","0-130","inc hosp",0
2025-09-13,"26","0-130","inc hosp",0
2025-09-20,"26","0-130","inc hosp",0
2025-09-27,"26","0-130","inc hosp",10.032075
2024-10-05,"27","0-130","inc hosp",5.716548
2024-10-12,"27","0-130","inc hosp",0
2024-10-19,"27","0-130","inc hosp",0
2024-10-26,"27","0-130","inc hosp",5.716548
2024-11-02,"27","0-130","inc hosp",0
2024-11-09,"27","0-130","inc hosp",11.433096
2024-11-16,"27","0-130","inc hosp",11.433096
2024-11-23,"27","0-130","inc hosp",11.433096
2024-11-30,"27","0-130","inc hosp",22.866192
2024-12-07,"27","0-130","inc hosp",34.299288
2024-12-14,"27","0-130","inc hosp",57.16548
2024-12-21,"27","0-130","inc hosp",102.897864
2024-12-28,"27","0-130","inc hosp",137.197152
2025-01-04,"27","0-130","inc hosp",182.929536
2025-01-11,"27","0-130","inc hosp",245.811564
2025-01-18,"27","0-130","inc hosp",222.945372
2025-01-25,"27","0-130","inc hosp",205.795728
2025-02-01,"27","0-130","inc hosp",228.66192
2025-02-08,"27","0-130","inc hosp",245.811564
2025-02-15,"27","0-130","inc hosp",222.945372
2025-02-22,"27","0-130","inc hosp",200.07918
2025-03-01,"27","0-130","inc hosp",222.945372
2025-03-08,"27","0-130","inc hosp",217.228824
2025-03-15,"27","0-130","inc hosp",177.212988
2025-03-22,"27","0-130","inc hosp",142.9137
2025-03-29,"27","0-130","inc hosp",114.33096
2025-04-05,"27","0-130","inc hosp",80.031672
2025-04-12,"27","0-130","inc hosp",68.598576
2025-04-19,"27","0-130","inc hosp",51.448932
2025-04-26,"27","0-130","inc hosp",34.299288
2025-05-03,"27","0-130","inc hosp",28.58274
2025-05-10,"27","0-130","inc hosp",22.866192
2025-05-17,"27","0-130","inc hosp",5.716548
2025-05-24,"27","0-130","inc hosp",5.716548
2025-05-31,"27","0-130","inc hosp",5.716548
2025-06-07,"27","0-130","inc hosp",0
2025-06-14,"27","0-130","inc hosp",0
2025-06-21,"27","0-130","inc hosp",5.716548
2025-06-28,"27","0-130","inc hosp",5.716548
2025-07-05,"27","0-130","inc hosp",5.716548
2025-07-12,"27","0-130","inc hosp",0
2025-07-19,"27","0-130","inc hosp",0
2025-07-26,"27","0-130","inc hosp",5.716548
2025-08-02,"27","0-130","inc hosp",5.716548
2025-08-09,"27","0-130","inc hosp",5.716548
2025-08-16,"27","0-130","inc hosp",5.716548
2025-08-23,"27","0-130","inc hosp",5.716548
2025-08-30,"27","0-130","inc hosp",5.716548
2025-09-06,"27","0-130","inc hosp",5.716548
2025-09-13,"27","0-130","inc hosp",5.716548
2025-09-20,"27","0-130","inc hosp",0
2025-09-27,"27","0-130","inc hosp",5.716548
2024-10-05,"37","0-130","inc hosp",0
2024-10-12,"37","0-130","inc hosp",10.596562
2024-10-19,"37","0-130","inc hosp",0
2024-10-26,"37","0-130","inc hosp",21.193124
2024-11-02,"37","0-130","inc hosp",0
2024-11-09,"37","0-130","inc hosp",31.789686
2024-11-16,"37","0-130","inc hosp",21.193124
2024-11-23,"37","0-130","inc hosp",42.386248
2024-11-30,"37","0-130","inc hosp",63.579372
2024-12-07,"37","0-130","inc hosp",105.96562
2024-12-14,"37","0-130","inc hosp",190.738116
2024-12-21,"37","0-130","inc hosp",296.703736
2024-12-28,"37","0-130","inc hosp",328.493422
2025-01-04,"37","0-130","inc hosp",498.038414
2025-01-11,"37","0-130","inc hosp",370.87967
2025-01-18,"37","0-130","inc hosp",339.089984
2025-01-25,"37","0-130","inc hosp",296.703736
2025-02-01,"37","0-130","inc hosp",307.300298
2025-02-08,"37","0-130","inc hosp",243.720926
2025-02-15,"37","0-130","inc hosp",243.720926
2025-02-22,"37","0-130","inc hosp",116.562182
2025-03-01,"37","0-130","inc hosp",190.738116
2025-03-08,"37","0-130","inc hosp",127.158744
2025-03-15,"37","0-130","inc hosp",137.755306
2025-03-22,"37","0-130","inc hosp",95.369058
2025-03-29,"37","0-130","inc hosp",63.579372
2025-04-05,"37","0-130","inc hosp",84.772496
2025-04-12,"37","0-130","inc hosp",21.193124
2025-04-19,"37","0-130","inc hosp",63.579372
2025-04-26,"37","0-130","inc hosp",31.789686
2025-05-03,"37","0-130","inc hosp",42.386248
2025-05-10,"37","0-130","inc hosp",10.596562
2025-05-17,"37","0-130","inc hosp",21.193124
2025-05-24,"37","0-130","inc hosp",0
2025-05-31,"37","0-130","inc hosp",0
2025-06-07,"37","0-130","inc hosp",0
2025-06-14,"37","0-130","inc hosp",0
2025-06-21,"37","0-130","inc hosp",0
2025-06-28,"37","0-130","inc hosp",10.596562
2025-07-05,"37","0-130","inc hosp",31.789686
2025-07-12,"37","0-130","inc hosp",0
2025-07-19,"37","0-130","inc hosp",10.596562
2025-07-26,"37","0-130","inc hosp",0
2025-08-02,"37","0-130","inc hosp",0
2025-08-09,"37","0-130","inc hosp",0
2025-08-16,"37","0-130","inc hosp",0
2025-08-23,"37","0-130","inc hosp",0
2025-08-30,"37","0-130","inc hosp",0
2025-09-06,"37","0-130","inc hosp",0
2025-09-13,"37","0-130","inc hosp",0
2025-09-20,"37","0-130","inc hosp",0
2025-09-27,"37","0-130","inc hosp",10.596562
2024-10-05,"35","0-130","inc hosp",0
2024-10-12,"35","0-130","inc hosp",0
2024-10-19,"35","0-130","inc hosp",0
2024-10-26,"35","0-130","inc hosp",0
2024-11-02,"35","0-130","inc hosp",0
2024-11-09,"35","0-130","inc hosp",0
2024-11-16,"35","0-130","inc hosp",2.100079
2024-11-23,"35","0-130","inc hosp",0
2024-11-30,"35","0-130","inc hosp",2.100079
2024-12-07,"35","0-130","inc hosp",18.900711
2024-12-14,"35","0-130","inc hosp",31.501185
2024-12-21,"35","0-130","inc hosp",44.101659
2024-12-28,"35","0-130","inc hosp",46.201738
2025-01-04,"35","0-130","inc hosp",56.702133
2025-01-11,"35","0-130","inc hosp",58.802212
2025-01-18,"35","0-130","inc hosp",134.405056
2025-01-25,"35","0-130","inc hosp",205.807742
2025-02-01,"35","0-130","inc hosp",235.208848
2025-02-08,"35","0-130","inc hosp",256.209638
2025-02-15,"35","0-130","inc hosp",210.0079
2025-02-22,"35","0-130","inc hosp",203.707663
2025-03-01,"35","0-130","inc hosp",191.107189
2025-03-08,"35","0-130","inc hosp",174.306557
2025-03-15,"35","0-130","inc hosp",102.903871
2025-03-22,"35","0-130","inc hosp",100.803792
2025-03-29,"35","0-130","inc hosp",50.401896
2025-04-05,"35","0-130","inc hosp",37.801422
2025-04-12,"35","0-130","inc hosp",21.00079
2025-04-19,"35","0-130","inc hosp",18.900711
2025-04-26,"35","0-130","inc hosp",2.100079
2025-05-03,"35","0-130","inc hosp",6.300237
2025-05-10,"35","0-130","inc hosp",6.300237
2025-05-17,"35","0-130","inc hosp",0
2025-05-24,"35","0-130","inc hosp",0
2025-05-31,"35","0-130","inc hosp",6.300237
2025-06-07,"35","0-130","inc hosp",2.100079
2025-06-14,"35","0-130","inc hosp",0
2025-06-21,"35","0-130","inc hosp",0
2025-06-28,"35","0-130","inc hosp",0
2025-07-05,"35","0-130","inc hosp",0
2025-07-12,"35","0-130","inc hosp",0
2025-07-19,"35","0-130","inc hosp",0
2025-07-26,"35","0-130","inc hosp",0
2025-08-02,"35","0-130","inc hosp",0
2025-08-09,"35","0-130","inc hosp",0
2025-08-16,"35","0-130","inc hosp",0
2025-08-23,"35","0-130","inc hosp",0
2025-08-30,"35","0-130","inc hosp",0
2025-09-06,"35","0-130","inc hosp",0
2025-09-13,"35","0-130","inc hosp",0
2025-09-20,"35","0-130","inc hosp",0
2025-09-27,"35","0-130","inc hosp",0
2024-10-05,"36","0-130","inc hosp",19.65719
2024-10-12,"36","0-130","inc hosp",0
2024-10-19,"36","0-130","inc hosp",19.65719
2024-10-26,"36","0-130","inc hosp",39.31438
2024-11-02,"36","0-130","inc hosp",117.94314
2024-11-09,"36","0-130","inc hosp",117.94314
2024-11-16,"36","0-130","inc hosp",157.25752
2024-11-23,"36","0-130","inc hosp",117.94314
2024-11-30,"36","0-130","inc hosp",294.85785
2024-12-07,"36","0-130","inc hosp",393.1438
2024-12-14,"36","0-130","inc hosp",668.34446
2024-12-21,"36","0-130","inc hosp",904.23074
2024-12-28,"36","0-130","inc hosp",943.54512
2025-01-04,"36","0-130","inc hosp",1002.51669
2025-01-11,"36","0-130","inc hosp",746.97322
2025-01-18,"36","0-130","inc hosp",707.65884
2025-01-25,"36","0-130","inc hosp",609.37289
2025-02-01,"36","0-130","inc hosp",471.77256
2025-02-08,"36","0-130","inc hosp",432.45818
2025-02-15,"36","0-130","inc hosp",393.1438
2025-02-22,"36","0-130","inc hosp",314.51504
2025-03-01,"36","0-130","inc hosp",294.85785
2025-03-08,"36","0-130","inc hosp",235.88628
2025-03-15,"36","0-130","inc hosp",157.25752
2025-03-22,"36","0-130","inc hosp",196.5719
2025-03-29,"36","0-130","inc hosp",196.5719
2025-04-05,"36","0-130","inc hosp",117.94314
2025-04-12,"36","0-130","inc hosp",157.25752
2025-04-19,"36","0-130","inc hosp",78.62876
2025-04-26,"36","0-130","inc hosp",98.28595
2025-05-03,"36","0-130","inc hosp",39.31438
2025-05-10,"36","0-130","inc hosp",39.31438
2025-05-17,"36","0-130","inc hosp",39.31438
2025-05-24,"36","0-130","inc hosp",19.65719
2025-05-31,"36","0-130","inc hosp",0
2025-06-07,"36","0-130","inc hosp",58.97157
2025-06-14,"36","0-130","inc hosp",39.31438
2025-06-21,"36","0-130","inc hosp",0
2025-06-28,"36","0-130","inc hosp",0
2025-07-05,"36","0-130","inc hosp",0
2025-07-12,"36","0-130","inc hosp",19.65719
2025-07-19,"36","0-130","inc hosp",0
2025-07-26,"36","0-130","inc hosp",0
2025-08-02,"36","0-130","inc hosp",0
2025-08-09,"36","0-130","inc hosp",0
2025-08-16,"36","0-130","inc hosp",0
2025-08-23,"36","0-130","inc hosp",0
2025-08-30,"36","0-130","inc hosp",0
2025-09-06,"36","0-130","inc hosp",0
2025-09-13,"36","0-130","inc hosp",0
2025-09-20,"36","0-130","inc hosp",0
2025-09-27,"36","0-130","inc hosp",39.31438
2024-10-05,"41","0-130","inc hosp",4.238665
2024-10-12,"41","0-130","inc hosp",4.238665
2024-10-19,"41","0-130","inc hosp",4.238665
2024-10-26,"41","0-130","inc hosp",0
2024-11-02,"41","0-130","inc hosp",0
2024-11-09,"41","0-130","inc hosp",4.238665
2024-11-16,"41","0-130","inc hosp",8.47733
2024-11-23,"41","0-130","inc hosp",4.238665
2024-11-30,"41","0-130","inc hosp",4.238665
2024-12-07,"41","0-130","inc hosp",8.47733
2024-12-14,"41","0-130","inc hosp",38.147985
2024-12-21,"41","0-130","inc hosp",33.90932
2024-12-28,"41","0-130","inc hosp",93.25063
2025-01-04,"41","0-130","inc hosp",118.68262
2025-01-11,"41","0-130","inc hosp",55.102645
2025-01-18,"41","0-130","inc hosp",63.579975
2025-01-25,"41","0-130","inc hosp",59.34131
2025-02-01,"41","0-130","inc hosp",80.534635
2025-02-08,"41","0-130","inc hosp",89.011965
2025-02-15,"41","0-130","inc hosp",101.72796
2025-02-22,"41","0-130","inc hosp",80.534635
2025-03-01,"41","0-130","inc hosp",46.625315
2025-03-08,"41","0-130","inc hosp",42.38665
2025-03-15,"41","0-130","inc hosp",33.90932
2025-03-22,"41","0-130","inc hosp",42.38665
2025-03-29,"41","0-130","inc hosp",25.43199
2025-04-05,"41","0-130","inc hosp",25.43199
2025-04-12,"41","0-130","inc hosp",12.715995
2025-04-19,"41","0-130","inc hosp",4.238665
2025-04-26,"41","0-130","inc hosp",4.238665
2025-05-03,"41","0-130","inc hosp",4.238665
2025-05-10,"41","0-130","inc hosp",4.238665
2025-05-17,"41","0-130","inc hosp",4.238665
2025-05-24,"41","0-130","inc hosp",4.238665
2025-05-31,"41","0-130","inc hosp",0
2025-06-07,"41","0-130","inc hosp",0
2025-06-14,"41","0-130","inc hosp",0
2025-06-21,"41","0-130","inc hosp",0
2025-06-28,"41","0-130","inc hosp",0
2025-07-05,"41","0-130","inc hosp",0
2025-07-12,"41","0-130","inc hosp",0
2025-07-19,"41","0-130","inc hosp",0
2025-07-26,"41","0-130","inc hosp",0
2025-08-02,"41","0-130","inc hosp",0
2025-08-09,"41","0-130","inc hosp",0
2025-08-16,"41","0-130","inc hosp",0
2025-08-23,"41","0-130","inc hosp",0
2025-08-30,"41","0-130","inc hosp",0
2025-09-06,"41","0-130","inc hosp",0
2025-09-13,"41","0-130","inc hosp",0
2025-09-20,"41","0-130","inc hosp",0
2025-09-27,"41","0-130","inc hosp",0
2024-10-05,"US","0-130","inc hosp",664.400132
2024-10-12,"US","0-130","inc hosp",664.400132
2024-10-19,"US","0-130","inc hosp",996.600198
2024-10-26,"US","0-130","inc hosp",1661.00033
2024-11-02,"US","0-130","inc hosp",1993.200396
2024-11-09,"US","0-130","inc hosp",2657.600528
2024-11-16,"US","0-130","inc hosp",3654.200726
2024-11-23,"US","0-130","inc hosp",4318.600858
2024-11-30,"US","0-130","inc hosp",5315.201056
2024-12-07,"US","0-130","inc hosp",5979.601188
2024-12-14,"US","0-130","inc hosp",7308.401452
2024-12-21,"US","0-130","inc hosp",9966.00198
2024-12-28,"US","0-130","inc hosp",11294.802244
2025-01-04,"US","0-130","inc hosp",12955.802574
2025-01-11,"US","0-130","inc hosp",11959.202376
2025-01-18,"US","0-130","inc hosp",10630.402112
2025-01-25,"US","0-130","inc hosp",9301.601848
2025-02-01,"US","0-130","inc hosp",10298.202046
2025-02-08,"US","0-130","inc hosp",10298.202046
2025-02-15,"US","0-130","inc hosp",9301.601848
2025-02-22,"US","0-130","inc hosp",8637.201716
2025-03-01,"US","0-130","inc hosp",7972.801584
2025-03-08,"US","0-130","inc hosp",6644.00132
2025-03-15,"US","0-130","inc hosp",5647.401122
2025-03-22,"US","0-130","inc hosp",4650.800924
2025-03-29,"US","0-130","inc hosp",3654.200726
2025-04-05,"US","0-130","inc hosp",2989.800594
2025-04-12,"US","0-130","inc hosp",1993.200396
2025-04-19,"US","0-130","inc hosp",1661.00033
2025-04-26,"US","0-130","inc hosp",996.600198
2025-05-03,"US","0-130","inc hosp",996.600198
2025-05-10,"US","0-130","inc hosp",664.400132
2025-05-17,"US","0-130","inc hosp",332.200066
2025-05-24,"US","0-130","inc hosp",332.200066
2025-05-31,"US","0-130","inc hosp",332.200066
2025-06-07,"US","0-130","inc hosp",332.200066
2025-06-14,"US","0-130","inc hosp",332.200066
2025-06-21,"US","0-130","inc hosp",332.200066
2025-06-28,"US","0-130","inc hosp",0
2025-07-05,"US","0-130","inc hosp",0
2025-07-12,"US","0-130","inc hosp",0
2025-07-19,"US","0-130","inc hosp",0
2025-07-26,"US","0-130","inc hosp",0
2025-08-02,"US","0-130","inc hosp",0
2025-08-09,"US","0-130","inc hosp",332.200066
2025-08-16,"US","0-130","inc hosp",332.200066
2025-08-23,"US","0-130","inc hosp",0
2025-08-30,"US","0-130","inc hosp",332.200066
2025-09-06,"US","0-130","inc hosp",332.200066
2025-09-13,"US","0-130","inc hosp",332.200066
2025-09-20,"US","0-130","inc hosp",332.200066
2025-09-27,"US","0-130","inc hosp",332.200066
2024-10-05,"47","0-130","inc hosp",7.030607
2024-10-12,"47","0-130","inc hosp",14.061214
2024-10-19,"47","0-130","inc hosp",7.030607
2024-10-26,"47","0-130","inc hosp",14.061214
2024-11-02,"47","0-130","inc hosp",28.122428
2024-11-09,"47","0-130","inc hosp",28.122428
2024-11-16,"47","0-130","inc hosp",70.30607
2024-11-23,"47","0-130","inc hosp",77.336677
2024-11-30,"47","0-130","inc hosp",56.244856
2024-12-07,"47","0-130","inc hosp",91.397891
2024-12-14,"47","0-130","inc hosp",133.581533
2024-12-21,"47","0-130","inc hosp",246.071245
2024-12-28,"47","0-130","inc hosp",189.826389
2025-01-04,"47","0-130","inc hosp",189.826389
2025-01-11,"47","0-130","inc hosp",224.979424
2025-01-18,"47","0-130","inc hosp",147.642747
2025-01-25,"47","0-130","inc hosp",56.244856
2025-02-01,"47","0-130","inc hosp",147.642747
2025-02-08,"47","0-130","inc hosp",112.489712
2025-02-15,"47","0-130","inc hosp",98.428498
2025-02-22,"47","0-130","inc hosp",133.581533
2025-03-01,"47","0-130","inc hosp",70.30607
2025-03-08,"47","0-130","inc hosp",63.275463
2025-03-15,"47","0-130","inc hosp",56.244856
2025-03-22,"47","0-130","inc hosp",42.183642
2025-03-29,"47","0-130","inc hosp",21.091821
2025-04-05,"47","0-130","inc hosp",21.091821
2025-04-12,"47","0-130","inc hosp",28.122428
2025-04-19,"47","0-130","inc hosp",14.061214
2025-04-26,"47","0-130","inc hosp",7.030607
2025-05-03,"47","0-130","inc hosp",14.061214
2025-05-10,"47","0-130","inc hosp",0
2025-05-17,"47","0-130","inc hosp",7.030607
2025-05-24,"47","0-130","inc hosp",7.030607
2025-05-31,"47","0-130","inc hosp",7.030607
2025-06-07,"47","0-130","inc hosp",0
2025-06-14,"47","0-130","inc hosp",7.030607
2025-06-21,"47","0-130","inc hosp",7.030607
2025-06-28,"47","0-130","inc hosp",0
2025-07-05,"47","0-130","inc hosp",0
2025-07-12,"47","0-130","inc hosp",0
2025-07-19,"47","0-130","inc hosp",0
2025-07-26,"47","0-130","inc hosp",7.030607
2025-08-02,"47","0-130","inc hosp",0
2025-08-09,"47","0-130","inc hosp",0
2025-08-16,"47","0-130","inc hosp",7.030607
2025-08-23,"47","0-130","inc hosp",7.030607
2025-08-30,"47","0-130","inc hosp",14.061214
2025-09-06,"47","0-130","inc hosp",0
2025-09-13,"47","0-130","inc hosp",7.030607
2025-09-20,"47","0-130","inc hosp",0
2025-09-27,"47","0-130","inc hosp",0
2024-10-05,"49","0-130","inc hosp",0
2024-10-12,"49","0-130","inc hosp",0
2024-10-19,"49","0-130","inc hosp",0
2024-10-26,"49","0-130","inc hosp",0
2024-11-02,"49","0-130","inc hosp",3.376238
2024-11-09,"49","0-130","inc hosp",3.376238
2024-11-16,"49","0-130","inc hosp",0
2024-11-23,"49","0-130","inc hosp",3.376238
2024-11-30,"49","0-130","inc hosp",10.128714
2024-12-07,"49","0-130","inc hosp",20.257428
2024-12-14,"49","0-130","inc hosp",13.504952
2024-12-21,"49","0-130","inc hosp",20.257428
2024-12-28,"49","0-130","inc hosp",74.277236
2025-01-04,"49","0-130","inc hosp",87.782188
2025-01-11,"49","0-130","inc hosp",70.900998
2025-01-18,"49","0-130","inc hosp",108.039616
2025-01-25,"49","0-130","inc hosp",104.663378
2025-02-01,"49","0-130","inc hosp",172.188138
2025-02-08,"49","0-130","inc hosp",199.198042
2025-02-15,"49","0-130","inc hosp",212.702994
2025-02-22,"49","0-130","inc hosp",192.445566
2025-03-01,"49","0-130","inc hosp",168.8119
2025-03-08,"49","0-130","inc hosp",138.425758
2025-03-15,"49","0-130","inc hosp",118.16833
2025-03-22,"49","0-130","inc hosp",67.52476
2025-03-29,"49","0-130","inc hosp",67.52476
2025-04-05,"49","0-130","inc hosp",64.148522
2025-04-12,"49","0-130","inc hosp",23.633666
2025-04-19,"49","0-130","inc hosp",20.257428
2025-04-26,"49","0-130","inc hosp",10.128714
2025-05-03,"49","0-130","inc hosp",10.128714
2025-05-10,"49","0-130","inc hosp",10.128714
2025-05-17,"49","0-130","inc hosp",10.128714
2025-05-24,"49","0-130","inc hosp",0
2025-05-31,"49","0-130","inc hosp",6.752476
2025-06-07,"49","0-130","inc hosp",3.376238
2025-06-14,"49","0-130","inc hosp",6.752476
2025-06-21,"49","0-130","inc hosp",3.376238
2025-06-28,"49","0-130","inc hosp",3.376238
2025-07-05,"49","0-130","inc hosp",0
2025-07-12,"49","0-130","inc hosp",0
2025-07-19,"49","0-130","inc hosp",6.752476
2025-07-26,"49","0-130","inc hosp",3.376238
2025-08-02,"49","0-130","inc hosp",0
2025-08-09,"49","0-130","inc hosp",0
2025-08-16,"49","0-130","inc hosp",0
2025-08-23,"49","0-130","inc hosp",0
2025-08-30,"49","0-130","inc hosp",0
2025-09-06,"49","0-130","inc hosp",0
2025-09-13,"49","0-130","inc hosp",0
2025-09-20,"49","0-130","inc hosp",0
2025-09-27,"49","0-130","inc hosp",0
2025-10-04,"06","0-130","inc hosp",0
2025-10-11,"06","0-130","inc hosp",38.886551
2025-10-18,"06","0-130","inc hosp",0
2025-10-25,"06","0-130","inc hosp",38.886551
2025-11-01,"06","0-130","inc hosp",77.773102
2025-11-08,"06","0-130","inc hosp",77.773102
2025-11-15,"06","0-130","inc hosp",77.773102
2025-11-22,"06","0-130","inc hosp",155.546204
2025-11-29,"06","0-130","inc hosp",116.659653
2025-12-06,"06","0-130","inc hosp",233.319306
2025-12-13,"06","0-130","inc hosp",194.432755
2025-12-20,"06","0-130","inc hosp",349.978959
2025-12-27,"06","0-130","inc hosp",466.638612
2026-01-03,"06","0-130","inc hosp",738.844469
2026-01-10,"06","0-130","inc hosp",544.411714
2026-01-17,"06","0-130","inc hosp",622.184816
2026-01-24,"06","0-130","inc hosp",738.844469
2026-01-31,"06","0-130","inc hosp",738.844469
2026-02-07,"06","0-130","inc hosp",699.957918
2026-02-14,"06","0-130","inc hosp",622.184816
2026-02-21,"06","0-130","inc hosp",816.617571
2026-02-28,"06","0-130","inc hosp",738.844469
2026-03-07,"06","0-130","inc hosp",505.525163
2026-03-14,"06","0-130","inc hosp",661.071367
2026-03-21,"06","0-130","inc hosp",427.752061
2026-03-28,"06","0-130","inc hosp",272.205857
2026-04-04,"06","0-130","inc hosp",194.432755
2026-04-11,"06","0-130","inc hosp",233.319306
2026-04-18,"06","0-130","inc hosp",194.432755
2026-04-25,"06","0-130","inc hosp",155.546204
2026-05-02,"06","0-130","inc hosp",116.659653
2026-05-09,"06","0-130","inc hosp",77.773102
2026-05-16,"06","0-130","inc hosp",77.773102
2026-05-23,"06","0-130","inc hosp",38.886551
2026-05-30,"06","0-130","inc hosp",77.773102
2026-06-06,"06","0-130","inc hosp",38.886551
2026-06-13,"06","0-130","inc hosp",38.886551
2026-06-20,"06","0-130","inc hosp",0
2026-06-27,"06","0-130","inc hosp",38.886551
2026-07-04,"06","0-130","inc hosp",0
2026-07-11,"06","0-130","inc hosp",0
2026-07-18,"06","0-130","inc hosp",0
2026-07-25,"06","0-130","inc hosp",0
2026-08-01,"06","0-130","inc hosp",38.886551
2026-08-08,"06","0-130","inc hosp",0
2026-08-15,"06","0-130","inc hosp",0
2026-08-22,"06","0-130","inc hosp",0
2025-10-04,"08","0-130","inc hosp",0
2025-10-11,"08","0-130","inc hosp",0
2025-10-18,"08","0-130","inc hosp",5.803748
2025-10-25,"08","0-130","inc hosp",5.803748
2025-11-01,"08","0-130","inc hosp",0
2025-11-08,"08","0-130","inc hosp",5.803748
2025-11-15,"08","0-130","inc hosp",11.607496
2025-11-22,"08","0-130","inc hosp",23.214992
2025-11-29,"08","0-130","inc hosp",11.607496
2025-12-06,"08","0-130","inc hosp",17.411244
2025-12-13,"08","0-130","inc hosp",58.03748
2025-12-20,"08","0-130","inc hosp",52.233732
2025-12-27,"08","0-130","inc hosp",75.448724
2026-01-03,"08","0-130","inc hosp",75.448724
2026-01-10,"08","0-130","inc hosp",116.07496
2026-01-17,"08","0-130","inc hosp",145.0937
2026-01-24,"08","0-130","inc hosp",214.738676
2026-01-31,"08","0-130","inc hosp",249.561164
2026-02-07,"08","0-130","inc hosp",336.617384
2026-02-14,"08","0-130","inc hosp",336.617384
2026-02-21,"08","0-130","inc hosp",412.066108
2026-02-28,"08","0-130","inc hosp",417.869856
2026-03-07,"08","0-130","inc hosp",330.813636
2026-03-14,"08","0-130","inc hosp",313.402392
2026-03-21,"08","0-130","inc hosp",232.14992
2026-03-28,"08","0-130","inc hosp",243.757416
2026-04-04,"08","0-130","inc hosp",121.878708
2026-04-11,"08","0-130","inc hosp",104.467464
2026-04-18,"08","0-130","inc hosp",87.05622
2026-04-25,"08","0-130","inc hosp",81.252472
2026-05-02,"08","0-130","inc hosp",52.233732
2026-05-09,"08","0-130","inc hosp",34.822488
2026-05-16,"08","0-130","inc hosp",23.214992
2026-05-23,"08","0-130","inc hosp",29.01874
2026-05-30,"08","0-130","inc hosp",5.803748
2026-06-06,"08","0-130","inc hosp",5.803748
2026-06-13,"08","0-130","inc hosp",0
2026-06-20,"08","0-130","inc hosp",0
2026-06-27,"08","0-130","inc hosp",5.803748
2026-07-04,"08","0-130","inc hosp",0
2026-07-11,"08","0-130","inc hosp",0
2026-07-18,"08","0-130","inc hosp",0
2026-07-25,"08","0-130","inc hosp",0
2026-08-01,"08","0-130","inc hosp",0
2026-08-08,"08","0-130","inc hosp",0
2026-08-15,"08","0-130","inc hosp",5.803748
2026-08-22,"08","0-130","inc hosp",0
2025-10-04,"09","0-130","inc hosp",3.621089
2025-10-11,"09","0-130","inc hosp",0
2025-10-18,"09","0-130","inc hosp",0
2025-10-25,"09","0-130","inc hosp",7.242178
2025-11-01,"09","0-130","inc hosp",3.621089
2025-11-08,"09","0-130","inc hosp",7.242178
2025-11-15,"09","0-130","inc hosp",0
2025-11-22,"09","0-130","inc hosp",18.105445
2025-11-29,"09","0-130","inc hosp",18.105445
2025-12-06,"09","0-130","inc hosp",25.347623
2025-12-13,"09","0-130","inc hosp",36.21089
2025-12-20,"09","0-130","inc hosp",43.453068
2025-12-27,"09","0-130","inc hosp",76.042869
2026-01-03,"09","0-130","inc hosp",101.390492
2026-01-10,"09","0-130","inc hosp",76.042869
2026-01-17,"09","0-130","inc hosp",126.738115
2026-01-24,"09","0-130","inc hosp",76.042869
2026-01-31,"09","0-130","inc hosp",123.117026
2026-02-07,"09","0-130","inc hosp",159.327916
2026-02-14,"09","0-130","inc hosp",144.84356
2026-02-21,"09","0-130","inc hosp",141.222471
2026-02-28,"09","0-130","inc hosp",195.538806
2026-03-07,"09","0-130","inc hosp",137.601382
2026-03-14,"09","0-130","inc hosp",177.433361
2026-03-21,"09","0-130","inc hosp",112.253759
2026-03-28,"09","0-130","inc hosp",108.63267
2026-04-04,"09","0-130","inc hosp",133.980293
2026-04-11,"09","0-130","inc hosp",94.148314
2026-04-18,"09","0-130","inc hosp",47.074157
2026-04-25,"09","0-130","inc hosp",39.831979
2026-05-02,"09","0-130","inc hosp",21.726534
2026-05-09,"09","0-130","inc hosp",25.347623
2026-05-16,"09","0-130","inc hosp",18.105445
2026-05-23,"09","0-130","inc hosp",25.347623
2026-05-30,"09","0-130","inc hosp",7.242178
2026-06-06,"09","0-130","inc hosp",3.621089
2026-06-13,"09","0-130","inc hosp",0
2026-06-20,"09","0-130","inc hosp",3.621089
2026-06-27,"09","0-130","inc hosp",0
2026-07-04,"09","0-130","inc hosp",0
2026-07-11,"09","0-130","inc hosp",0
2026-07-18,"09","0-130","inc hosp",7.242178
2026-07-25,"09","0-130","inc hosp",3.621089
2026-08-01,"09","0-130","inc hosp",3.621089
2026-08-08,"09","0-130","inc hosp",0
2026-08-15,"09","0-130","inc hosp",0
2026-08-22,"09","0-130","inc hosp",3.621089
2025-10-04,"13","0-130","inc hosp",43.421816
2025-10-11,"13","0-130","inc hosp",43.421816
2025-10-18,"13","0-130","inc hosp",65.132724
2025-10-25,"13","0-130","inc hosp",75.988178
2025-11-01,"13","0-130","inc hosp",75.988178
2025-11-08,"13","0-130","inc hosp",119.409994
2025-11-15,"13","0-130","inc hosp",141.120902
2025-11-22,"13","0-130","inc hosp",130.265448
2025-11-29,"13","0-130","inc hosp",195.398172
2025-12-06,"13","0-130","inc hosp",249.675442
2025-12-13,"13","0-130","inc hosp",249.675442
2025-12-20,"13","0-130","inc hosp",314.808166
2025-12-27,"13","0-130","inc hosp",336.519074
2026-01-03,"13","0-130","inc hosp",358.229982
2026-01-10,"13","0-130","inc hosp",325.66362
2026-01-17,"13","0-130","inc hosp",260.530896
2026-01-24,"13","0-130","inc hosp",238.819988
2026-01-31,"13","0-130","inc hosp",238.819988
2026-02-07,"13","0-130","inc hosp",195.398172
2026-02-14,"13","0-130","inc hosp",271.38635
2026-02-21,"13","0-130","inc hosp",314.808166
2026-02-28,"13","0-130","inc hosp",227.964534
2026-03-07,"13","0-130","inc hosp",206.253626
2026-03-14,"13","0-130","inc hosp",162.83181
2026-03-21,"13","0-130","inc hosp",184.542718
2026-03-28,"13","0-130","inc hosp",119.409994
2026-04-04,"13","0-130","inc hosp",119.409994
2026-04-11,"13","0-130","inc hosp",108.55454
2026-04-18,"13","0-130","inc hosp",54.27727
2026-04-25,"13","0-130","inc hosp",54.27727
2026-05-02,"13","0-130","inc hosp",32.566362
2026-05-09,"13","0-130","inc hosp",21.710908
2026-05-16,"13","0-130","inc hosp",32.566362
2026-05-23,"13","0-130","inc hosp",32.566362
2026-05-30,"13","0-130","inc hosp",10.855454
2026-06-06,"13","0-130","inc hosp",21.710908
2026-06-13,"13","0-130","inc hosp",21.710908
2026-06-20,"13","0-130","inc hosp",21.710908
2026-06-27,"13","0-130","inc hosp",10.855454
2026-07-04,"13","0-130","inc hosp",10.855454
2026-07-11,"13","0-130","inc hosp",10.855454
2026-07-18,"13","0-130","inc hosp",10.855454
2026-07-25,"13","0-130","inc hosp",10.855454
2026-08-01,"13","0-130","inc hosp",10.855454
2026-08-08,"13","0-130","inc hosp",10.855454
2026-08-15,"13","0-130","inc hosp",10.855454
2026-08-22,"13","0-130","inc hosp",0
2025-10-04,"24","0-130","inc hosp",6.13313
2025-10-11,"24","0-130","inc hosp",12.26626
2025-10-18,"24","0-130","inc hosp",12.26626
2025-10-25,"24","0-130","inc hosp",0
2025-11-01,"24","0-130","inc hosp",6.13313
2025-11-08,"24","0-130","inc hosp",30.66565
2025-11-15,"24","0-130","inc hosp",24.53252
2025-11-22,"24","0-130","inc hosp",36.79878
2025-11-29,"24","0-130","inc hosp",67.46443
2025-12-06,"24","0-130","inc hosp",79.73069
2025-12-13,"24","0-130","inc hosp",128.79573
2025-12-20,"24","0-130","inc hosp",141.06199
2025-12-27,"24","0-130","inc hosp",214.65955
2026-01-03,"24","0-130","inc hosp",282.12398
2026-01-10,"24","0-130","inc hosp",269.85772
2026-01-17,"24","0-130","inc hosp",257.59146
2026-01-24,"24","0-130","inc hosp",202.39329
2026-01-31,"24","0-130","inc hosp",196.26016
2026-02-07,"24","0-130","inc hosp",183.9939
2026-02-14,"24","0-130","inc hosp",196.26016
2026-02-21,"24","0-130","inc hosp",202.39329
2026-02-28,"24","0-130","inc hosp",159.46138
2026-03-07,"24","0-130","inc hosp",147.19512
2026-03-14,"24","0-130","inc hosp",153.32825
2026-03-21,"24","0-130","inc hosp",104.26321
2026-03-28,"24","0-130","inc hosp",110.39634
2026-04-04,"24","0-130","inc hosp",85.86382
2026-04-11,"24","0-130","inc hosp",79.73069
2026-04-18,"24","0-130","inc hosp",55.19817
2026-04-25,"24","0-130","inc hosp",36.79878
2026-05-02,"24","0-130","inc hosp",24.53252
2026-05-09,"24","0-130","inc hosp",6.13313
2026-05-16,"24","0-130","inc hosp",12.26626
2026-05-23,"24","0-130","inc hosp",12.26626
2026-05-30,"24","0-130","inc hosp",18.39939
2026-06-06,"24","0-130","inc hosp",0
2026-06-13,"24","0-130","inc hosp",12.26626
2026-06-20,"24","0-130","inc hosp",6.13313
2026-06-27,"24","0-130","inc hosp",6.13313
2026-07-04,"24","0-130","inc hosp",6.13313
2026-07-11,"24","0-130","inc hosp",6.13313
2026-07-18,"24","0-130","inc hosp",0
2026-07-25,"24","0-130","inc hosp",0
2026-08-01,"24","0-130","inc hosp",6.13313
2026-08-08,"24","0-130","inc hosp",0
2026-08-15,"24","0-130","inc hosp",0
2026-08-22,"24","0-130","inc hosp",0
2025-10-04,"26","0-130","inc hosp",0
2025-10-11,"26","0-130","inc hosp",10.032075
2025-10-18,"26","0-130","inc hosp",0
2025-10-25,"26","0-130","inc hosp",10.032075
2025-11-01,"26","0-130","inc hosp",20.06415
2025-11-08,"26","0-130","inc hosp",30.096225
2025-11-15,"26","0-130","inc hosp",10.032075
2025-11-22,"26","0-130","inc hosp",10.032075
2025-11-29,"26","0-130","inc hosp",10.032075
2025-12-06,"26","0-130","inc hosp",30.096225
2025-12-13,"26","0-130","inc hosp",40.1283
2025-12-20,"26","0-130","inc hosp",100.32075
2025-12-27,"26","0-130","inc hosp",140.44905
2026-01-03,"26","0-130","inc hosp",160.5132
2026-01-10,"26","0-130","inc hosp",150.481125
2026-01-17,"26","0-130","inc hosp",180.57735
2026-01-24,"26","0-130","inc hosp",210.673575
2026-01-31,"26","0-130","inc hosp",170.545275
2026-02-07,"26","0-130","inc hosp",160.5132
2026-02-14,"26","0-130","inc hosp",220.70565
2026-02-21,"26","0-130","inc hosp",280.8981
2026-02-28,"26","0-130","inc hosp",200.6415
2026-03-07,"26","0-130","inc hosp",321.0264
2026-03-14,"26","0-130","inc hosp",371.186775
2026-03-21,"26","0-130","inc hosp",250.801875
2026-03-28,"26","0-130","inc hosp",210.673575
2026-04-04,"26","0-130","inc hosp",200.6415
2026-04-11,"26","0-130","inc hosp",270.866025
2026-04-18,"26","0-130","inc hosp",200.6415
2026-04-25,"26","0-130","inc hosp",60.19245
2026-05-02,"26","0-130","inc hosp",100.32075
2026-05-09,"26","0-130","inc hosp",100.32075
2026-05-16,"26","0-130","inc hosp",60.19245
2026-05-23,"26","0-130","inc hosp",40.1283
2026-05-30,"26","0-130","inc hosp",30.096225
2026-06-06,"26","0-130","inc hosp",30.096225
2026-06-13,"26","0-130","inc hosp",50.160375
2026-06-20,"26","0-130","inc hosp",10.032075
2026-06-27,"26","0-130","inc hosp",10.032075
2026-07-04,"26","0-130","inc hosp",10.032075
2026-07-11,"26","0-130","inc hosp",0
2026-07-18,"26","0-130","inc hosp",10.032075
2026-07-25,"26","0-130","inc hosp",10.032075
2026-08-01,"26","0-130","inc hosp",0
2026-08-08,"26","0-130","inc hosp",0
2026-08-15,"26","0-130","inc hosp",20.06415
2026-08-22,"26","0-130","inc hosp",10.032075
2025-10-04,"27","0-130","inc hosp",0
2025-10-11,"27","0-130","inc hosp",5.716548
2025-10-18,"27","0-130","inc hosp",5.716548
2025-10-25,"27","0-130","inc hosp",11.433096
2025-11-01,"27","0-130","inc hosp",17.149644
2025-11-08,"27","0-130","inc hosp",11.433096
2025-11-15,"27","0-130","inc hosp",17.149644
2025-11-22,"27","0-130","inc hosp",17.149644
2025-11-29,"27","0-130","inc hosp",17.149644
2025-12-06,"27","0-130","inc hosp",28.58274
2025-12-13,"27","0-130","inc hosp",40.015836
2025-12-20,"27","0-130","inc hosp",45.732384
2025-12-27,"27","0-130","inc hosp",57.16548
2026-01-03,"27","0-130","inc hosp",74.315124
2026-01-10,"27","0-130","inc hosp",80.031672
2026-01-17,"27","0-130","inc hosp",80.031672
2026-01-24,"27","0-130","inc hosp",80.031672
2026-01-31,"27","0-130","inc hosp",80.031672
2026-02-07,"27","0-130","inc hosp",102.897864
2026-02-14,"27","0-130","inc hosp",137.197152
2026-02-21,"27","0-130","inc hosp",114.33096
2026-02-28,"27","0-130","inc hosp",142.9137
2026-03-07,"27","0-130","inc hosp",148.630248
2026-03-14,"27","0-130","inc hosp",114.33096
2026-03-21,"27","0-130","inc hosp",125.764056
2026-03-28,"27","0-130","inc hosp",97.181316
2026-04-04,"27","0-130","inc hosp",97.181316
2026-04-11,"27","0-130","inc hosp",91.464768
2026-04-18,"27","0-130","inc hosp",85.74822
2026-04-25,"27","0-130","inc hosp",68.598576
2026-05-02,"27","0-130","inc hosp",57.16548
2026-05-09,"27","0-130","inc hosp",40.015836
2026-05-16,"27","0-130","inc hosp",34.299288
2026-05-23,"27","0-130","inc hosp",17.149644
2026-05-30,"27","0-130","inc hosp",17.149644
2026-06-06,"27","0-130","inc hosp",17.149644
2026-06-13,"27","0-130","inc hosp",5.716548
2026-06-20,"27","0-130","inc hosp",11.433096
2026-06-27,"27","0-130","inc hosp",5.716548
2026-07-04,"27","0-130","inc hosp",5.716548
2026-07-11,"27","0-130","inc hosp",5.716548
2026-07-18,"27","0-130","inc hosp",5.716548
2026-07-25,"27","0-130","inc hosp",5.716548
2026-08-01,"27","0-130","inc hosp",0
2026-08-08,"27","0-130","inc hosp",5.716548
2026-08-15,"27","0-130","inc hosp",0
2026-08-22,"27","0-130","inc hosp",0
2025-10-04,"37","0-130","inc hosp",10.596562
2025-10-11,"37","0-130","inc hosp",0
2025-10-18,"37","0-130","inc hosp",21.193124
2025-10-25,"37","0-130","inc hosp",31.789686
2025-11-01,"37","0-130","inc hosp",21.193124
2025-11-08,"37","0-130","inc hosp",31.789686
2025-11-15,"37","0-130","inc hosp",21.193124
2025-11-22,"37","0-130","inc hosp",42.386248
2025-11-29,"37","0-130","inc hosp",63.579372
2025-12-06,"37","0-130","inc hosp",127.158744
2025-12-13,"37","0-130","inc hosp",190.738116
2025-12-20,"37","0-130","inc hosp",105.96562
2025-12-27,"37","0-130","inc hosp",116.562182
2026-01-03,"37","0-130","inc hosp",222.527802
2026-01-10,"37","0-130","inc hosp",190.738116
2026-01-17,"37","0-130","inc hosp",180.141554
2026-01-24,"37","0-130","inc hosp",158.94843
2026-01-31,"37","0-130","inc hosp",201.334678
2026-02-07,"37","0-130","inc hosp",233.124364
2026-02-14,"37","0-130","inc hosp",180.141554
2026-02-21,"37","0-130","inc hosp",264.91405
2026-02-28,"37","0-130","inc hosp",222.527802
2026-03-07,"37","0-130","inc hosp",180.141554
2026-03-14,"37","0-130","inc hosp",158.94843
2026-03-21,"37","0-130","inc hosp",127.158744
2026-03-28,"37","0-130","inc hosp",105.96562
2026-04-04,"37","0-130","inc hosp",95.369058
2026-04-11,"37","0-130","inc hosp",127.158744
2026-04-18,"37","0-130","inc hosp",63.579372
2026-04-25,"37","0-130","inc hosp",52.98281
2026-05-02,"37","0-130","inc hosp",21.193124
2026-05-09,"37","0-130","inc hosp",74.175934
2026-05-16,"37","0-130","inc hosp",31.789686
2026-05-23,"37","0-130","inc hosp",31.789686
2026-05-30,"37","0-130","inc hosp",31.789686
2026-06-06,"37","0-130","inc hosp",42.386248
2026-06-13,"37","0-130","inc hosp",21.193124
2026-06-20,"37","0-130","inc hosp",0
2026-06-27,"37","0-130","inc hosp",10.596562
2026-07-04,"37","0-130","inc hosp",21.193124
2026-07-11,"37","0-130","inc hosp",0
2026-07-18,"37","0-130","inc hosp",0
2026-07-25,"37","0-130","inc hosp",0
2026-08-01,"37","0-130","inc hosp",0
2026-08-08,"37","0-130","inc hosp",0
2026-08-15,"37","0-130","inc hosp",10.596562
2026-08-22,"37","0-130","inc hosp",21.193124
2025-10-04,"35","0-130","inc hosp",0
2025-10-11,"35","0-130","inc hosp",0
2025-10-18,"35","0-130","inc hosp",0
2025-10-25,"35","0-130","inc hosp",0
2025-11-01,"35","0-130","inc hosp",0
2025-11-08,"35","0-130","inc hosp",0
2025-11-15,"35","0-130","inc hosp",2.100079
2025-11-22,"35","0-130","inc hosp",0
2025-11-29,"35","0-130","inc hosp",2.100079
2025-12-06,"35","0-130","inc hosp",0
2025-12-13,"35","0-130","inc hosp",6.300237
2025-12-20,"35","0-130","inc hosp",8.400316
2025-12-27,"35","0-130","inc hosp",6.300237
2026-01-03,"35","0-130","inc hosp",12.600474
2026-01-10,"35","0-130","inc hosp",21.00079
2026-01-17,"35","0-130","inc hosp",63.00237
2026-01-24,"35","0-130","inc hosp",52.501975
2026-01-31,"35","0-130","inc hosp",75.602844
2026-02-07,"35","0-130","inc hosp",119.704503
2026-02-14,"35","0-130","inc hosp",149.105609
2026-02-21,"35","0-130","inc hosp",138.605214
2026-02-28,"35","0-130","inc hosp",132.304977
2026-03-07,"35","0-130","inc hosp",132.304977
2026-03-14,"35","0-130","inc hosp",102.903871
2026-03-21,"35","0-130","inc hosp",115.504345
2026-03-28,"35","0-130","inc hosp",113.404266
2026-04-04,"35","0-130","inc hosp",46.201738
2026-04-11,"35","0-130","inc hosp",58.802212
2026-04-18,"35","0-130","inc hosp",21.00079
2026-04-25,"35","0-130","inc hosp",25.200948
2026-05-02,"35","0-130","inc hosp",25.200948
2026-05-09,"35","0-130","inc hosp",6.300237
2026-05-16,"35","0-130","inc hosp",8.400316
2026-05-23,"35","0-130","inc hosp",8.400316
2026-05-30,"35","0-130","inc hosp",8.400316
2026-06-06,"35","0-130","inc hosp",2.100079
2026-06-13,"35","0-130","inc hosp",2.100079
2026-06-20,"35","0-130","inc hosp",2.100079
2026-06-27,"35","0-130","inc hosp",0
2026-07-04,"35","0-130","inc hosp",0
2026-07-11,"35","0-130","inc hosp",0
2026-07-18,"35","0-130","inc hosp",0
2026-07-25,"35","0-130","inc hosp",0
2026-08-01,"35","0-130","inc hosp",0
2026-08-08,"35","0-130","inc hosp",0
2026-08-15,"35","0-130","inc hosp",0
2026-08-22,"35","0-130","inc hosp",0
2025-10-04,"36","0-130","inc hosp",19.65719
2025-10-11,"36","0-130","inc hosp",39.31438
2025-10-18,"36","0-130","inc hosp",19.65719
2025-10-25,"36","0-130","inc hosp",19.65719
2025-11-01,"36","0-130","inc hosp",0
2025-11-08,"36","0-130","inc hosp",58.97157
2025-11-15,"36","0-130","inc hosp",78.62876
2025-11-22,"36","0-130","inc hosp",117.94314
2025-11-29,"36","0-130","inc hosp",78.62876
2025-12-06,"36","0-130","inc hosp",117.94314
2025-12-13,"36","0-130","inc hosp",275.20066
2025-12-20,"36","0-130","inc hosp",255.54347
2025-12-27,"36","0-130","inc hosp",255.54347
2026-01-03,"36","0-130","inc hosp",412.80099
2026-01-10,"36","0-130","inc hosp",412.80099
2026-01-17,"36","0-130","inc hosp",511.08694
2026-01-24,"36","0-130","inc hosp",511.08694
2026-01-31,"36","0-130","inc hosp",432.45818
2026-02-07,"36","0-130","inc hosp",570.05851
2026-02-14,"36","0-130","inc hosp",530.74413
2026-02-21,"36","0-130","inc hosp",668.34446
2026-02-28,"36","0-130","inc hosp",727.31603
2026-03-07,"36","0-130","inc hosp",629.03008
2026-03-14,"36","0-130","inc hosp",629.03008
2026-03-21,"36","0-130","inc hosp",766.63041
2026-03-28,"36","0-130","inc hosp",570.05851
2026-04-04,"36","0-130","inc hosp",471.77256
2026-04-11,"36","0-130","inc hosp",393.1438
2026-04-18,"36","0-130","inc hosp",314.51504
2026-04-25,"36","0-130","inc hosp",216.22909
2026-05-02,"36","0-130","inc hosp",235.88628
2026-05-09,"36","0-130","inc hosp",157.25752
2026-05-16,"36","0-130","inc hosp",98.28595
2026-05-23,"36","0-130","inc hosp",78.62876
2026-05-30,"36","0-130","inc hosp",39.31438
2026-06-06,"36","0-130","inc hosp",78.62876
2026-06-13,"36","0-130","inc hosp",0
2026-06-20,"36","0-130","inc hosp",19.65719
2026-06-27,"36","0-130","inc hosp",19.65719
2026-07-04,"36","0-130","inc hosp",19.65719
2026-07-11,"36","0-130","inc hosp",0
2026-07-18,"36","0-130","inc hosp",0
2026-07-25,"36","0-130","inc hosp",0
2026-08-01,"36","0-130","inc hosp",0
2026-08-08,"36","0-130","inc hosp",0
2026-08-15,"36","0-130","inc hosp",0
2026-08-22,"36","0-130","inc hosp",0
2025-10-04,"41","0-130","inc hosp",0
2025-10-11,"41","0-130","inc hosp",4.238665
2025-10-18,"41","0-130","inc hosp",4.238665
2025-10-25,"41","0-130","inc hosp",4.238665
2025-11-01,"41","0-130","inc hosp",4.238665
2025-11-08,"41","0-130","inc hosp",4.238665
2025-11-15,"41","0-130","inc hosp",4.238665
2025-11-22,"41","0-130","inc hosp",4.238665
2025-11-29,"41","0-130","inc hosp",4.238665
2025-12-06,"41","0-130","inc hosp",8.47733
2025-12-13,"41","0-130","inc hosp",12.715995
2025-12-20,"41","0-130","inc hosp",12.715995
2025-12-27,"41","0-130","inc hosp",8.47733
2026-01-03,"41","0-130","inc hosp",16.95466
2026-01-10,"41","0-130","inc hosp",16.95466
2026-01-17,"41","0-130","inc hosp",33.90932
2026-01-24,"41","0-130","inc hosp",50.86398
2026-01-31,"41","0-130","inc hosp",46.625315
2026-02-07,"41","0-130","inc hosp",67.81864
2026-02-14,"41","0-130","inc hosp",67.81864
2026-02-21,"41","0-130","inc hosp",76.29597
2026-02-28,"41","0-130","inc hosp",59.34131
2026-03-07,"41","0-130","inc hosp",59.34131
2026-03-14,"41","0-130","inc hosp",29.670655
2026-03-21,"41","0-130","inc hosp",55.102645
2026-03-28,"41","0-130","inc hosp",46.625315
2026-04-04,"41","0-130","inc hosp",21.193325
2026-04-11,"41","0-130","inc hosp",29.670655
2026-04-18,"41","0-130","inc hosp",21.193325
2026-04-25,"41","0-130","inc hosp",8.47733
2026-05-02,"41","0-130","inc hosp",8.47733
2026-05-09,"41","0-130","inc hosp",8.47733
2026-05-16,"41","0-130","inc hosp",8.47733
2026-05-23,"41","0-130","inc hosp",4.238665
2026-05-30,"41","0-130","inc hosp",8.47733
2026-06-06,"41","0-130","inc hosp",8.47733
2026-06-13,"41","0-130","inc hosp",4.238665
2026-06-20,"41","0-130","inc hosp",0
2026-06-27,"41","0-130","inc hosp",4.238665
2026-07-04,"41","0-130","inc hosp",0
2026-07-11,"41","0-130","inc hosp",0
2026-07-18,"41","0-130","inc hosp",0
2026-07-25,"41","0-130","inc hosp",4.238665
2026-08-01,"41","0-130","inc hosp",4.238665
2026-08-08,"41","0-130","inc hosp",4.238665
2026-08-15,"41","0-130","inc hosp",0
2026-08-22,"41","0-130","inc hosp",0
2025-10-04,"US","0-130","inc hosp",332.200066
2025-10-11,"US","0-130","inc hosp",332.200066
2025-10-18,"US","0-130","inc hosp",332.200066
2025-10-25,"US","0-130","inc hosp",664.400132
2025-11-01,"US","0-130","inc hosp",664.400132
2025-11-08,"US","0-130","inc hosp",996.600198
2025-11-15,"US","0-130","inc hosp",1328.800264
2025-11-22,"US","0-130","inc hosp",1328.800264
2025-11-29,"US","0-130","inc hosp",1661.00033
2025-12-06,"US","0-130","inc hosp",2657.600528
2025-12-13,"US","0-130","inc hosp",3322.00066
2025-12-20,"US","0-130","inc hosp",4318.600858
2025-12-27,"US","0-130","inc hosp",5315.201056
2026-01-03,"US","0-130","inc hosp",6644.00132
2026-01-10,"US","0-130","inc hosp",6644.00132
2026-01-17,"US","0-130","inc hosp",6644.00132
2026-01-24,"US","0-130","inc hosp",6644.00132
2026-01-31,"US","0-130","inc hosp",7640.601518
2026-02-07,"US","0-130","inc hosp",7972.801584
2026-02-14,"US","0-130","inc hosp",8969.401782
2026-02-21,"US","0-130","inc hosp",9966.00198
2026-02-28,"US","0-130","inc hosp",9301.601848
2026-03-07,"US","0-130","inc hosp",8305.00165
2026-03-14,"US","0-130","inc hosp",7640.601518
2026-03-21,"US","0-130","inc hosp",7308.401452
2026-03-28,"US","0-130","inc hosp",5979.601188
2026-04-04,"US","0-130","inc hosp",4983.00099
2026-04-11,"US","0-130","inc hosp",4318.600858
2026-04-18,"US","0-130","inc hosp",3322.00066
2026-04-25,"US","0-130","inc hosp",2325.400462
2026-05-02,"US","0-130","inc hosp",1993.200396
2026-05-09,"US","0-130","inc hosp",1661.00033
2026-05-16,"US","0-130","inc hosp",1328.800264
2026-05-23,"US","0-130","inc hosp",996.600198
2026-05-30,"US","0-130","inc hosp",664.400132
2026-06-06,"US","0-130","inc hosp",664.400132
2026-06-13,"US","0-130","inc hosp",332.200066
2026-06-20,"US","0-130","inc hosp",332.200066
2026-06-27,"US","0-130","inc hosp",332.200066
2026-07-04,"US","0-130","inc hosp",332.200066
2026-07-11,"US","0-130","inc hosp",332.200066
2026-07-18,"US","0-130","inc hosp",0
2026-07-25,"US","0-130","inc hosp",0
2026-08-01,"US","0-130","inc hosp",0
2026-08-08,"US","0-130","inc hosp",0
2026-08-15,"US","0-130","inc hosp",332.200066
2026-08-22,"US","0-130","inc hosp",0
2025-10-04,"47","0-130","inc hosp",0
2025-10-11,"47","0-130","inc hosp",7.030607
2025-10-18,"47","0-130","inc hosp",7.030607
2025-10-25,"47","0-130","inc hosp",7.030607
2025-11-01,"47","0-130","inc hosp",14.061214
2025-11-08,"47","0-130","inc hosp",28.122428
2025-11-15,"47","0-130","inc hosp",21.091821
2025-11-22,"47","0-130","inc hosp",14.061214
2025-11-29,"47","0-130","inc hosp",14.061214
2025-12-06,"47","0-130","inc hosp",42.183642
2025-12-13,"47","0-130","inc hosp",21.091821
2025-12-20,"47","0-130","inc hosp",63.275463
2025-12-27,"47","0-130","inc hosp",91.397891
2026-01-03,"47","0-130","inc hosp",154.673354
2026-01-10,"47","0-130","inc hosp",161.703961
2026-01-17,"47","0-130","inc hosp",126.550926
2026-01-24,"47","0-130","inc hosp",77.336677
2026-01-31,"47","0-130","inc hosp",119.520319
2026-02-07,"47","0-130","inc hosp",105.459105
2026-02-14,"47","0-130","inc hosp",140.61214
2026-02-21,"47","0-130","inc hosp",98.428498
2026-02-28,"47","0-130","inc hosp",126.550926
2026-03-07,"47","0-130","inc hosp",126.550926
2026-03-14,"47","0-130","inc hosp",49.214249
2026-03-21,"47","0-130","inc hosp",56.244856
2026-03-28,"47","0-130","inc hosp",42.183642
2026-04-04,"47","0-130","inc hosp",42.183642
2026-04-11,"47","0-130","inc hosp",56.244856
2026-04-18,"47","0-130","inc hosp",42.183642
2026-04-25,"47","0-130","inc hosp",28.122428
2026-05-02,"47","0-130","inc hosp",35.153035
2026-05-09,"47","0-130","inc hosp",28.122428
2026-05-16,"47","0-130","inc hosp",7.030607
2026-05-23,"47","0-130","inc hosp",21.091821
2026-05-30,"47","0-130","inc hosp",7.030607
2026-06-06,"47","0-130","inc hosp",14.061214
2026-06-13,"47","0-130","inc hosp",7.030607
2026-06-20,"47","0-130","inc hosp",28.122428
2026-06-27,"47","0-130","inc hosp",21.091821
2026-07-04,"47","0-130","inc hosp",28.122428
2026-07-11,"47","0-130","inc hosp",21.091821
2026-07-18,"47","0-130","inc hosp",7.030607
2026-07-25,"47","0-130","inc hosp",0
2026-08-01,"47","0-130","inc hosp",14.061214
2026-08-08,"47","0-130","inc hosp",0
2026-08-15,"47","0-130","inc hosp",7.030607
2026-08-22,"47","0-130","inc hosp",0
2025-10-04,"49","0-130","inc hosp",0
2025-10-11,"49","0-130","inc hosp",3.376238
2025-10-18,"49","0-130","inc hosp",0
2025-10-25,"49","0-130","inc hosp",0
2025-11-01,"49","0-130","inc hosp",0
2025-11-08,"49","0-130","inc hosp",3.376238
2025-11-15,"49","0-130","inc hosp",0
2025-11-22,"49","0-130","inc hosp",0
2025-11-29,"49","0-130","inc hosp",3.376238
2025-12-06,"49","0-130","inc hosp",6.752476
2025-12-13,"49","0-130","inc hosp",3.376238
2025-12-20,"49","0-130","inc hosp",30.386142
2025-12-27,"49","0-130","inc hosp",20.257428
2026-01-03,"49","0-130","inc hosp",23.633666
2026-01-10,"49","0-130","inc hosp",10.128714
2026-01-17,"49","0-130","inc hosp",23.633666
2026-01-24,"49","0-130","inc hosp",50.64357
2026-01-31,"49","0-130","inc hosp",67.52476
2026-02-07,"49","0-130","inc hosp",74.277236
2026-02-14,"49","0-130","inc hosp",64.148522
2026-02-21,"49","0-130","inc hosp",178.940614
2026-02-28,"49","0-130","inc hosp",118.16833
2026-03-07,"49","0-130","inc hosp",124.920806
2026-03-14,"49","0-130","inc hosp",111.415854
2026-03-21,"49","0-130","inc hosp",118.16833
2026-03-28,"49","0-130","inc hosp",101.28714
2026-04-04,"49","0-130","inc hosp",74.277236
2026-04-11,"49","0-130","inc hosp",74.277236
2026-04-18,"49","0-130","inc hosp",37.138618
2026-04-25,"49","0-130","inc hosp",16.88119
2026-05-02,"49","0-130","inc hosp",33.76238
2026-05-09,"49","0-130","inc hosp",23.633666
2026-05-16,"49","0-130","inc hosp",20.257428
2026-05-23,"49","0-130","inc hosp",6.752476
2026-05-30,"49","0-130","inc hosp",6.752476
2026-06-06,"49","0-130","inc hosp",13.504952
2026-06-13,"49","0-130","inc hosp",3.376238
2026-06-20,"49","0-130","inc hosp",3.376238
2026-06-27,"49","0-130","inc hosp",0
2026-07-04,"49","0-130","inc hosp",0
2026-07-11,"49","0-130","inc hosp",0
2026-07-18,"49","0-130","inc hosp",0
2026-07-25,"49","0-130","inc hosp",0
2026-08-01,"49","0-130","inc hosp",6.752476
2026-08-08,"49","0-130","inc hosp",0
2026-08-15,"49","0-130","inc hosp",0
2026-08-22,"49","0-130","inc hosp",0
2025-10-04,"53","0-130","inc hosp",0
2025-10-11,"53","0-130","inc hosp",7.735834
2025-10-18,"53","0-130","inc hosp",7.735834
2025-10-25,"53","0-130","inc hosp",7.735834
2025-11-01,"53","0-130","inc hosp",7.735834
2025-11-08,"53","0-130","inc hosp",15.471668
2025-11-15,"53","0-130","inc hosp",23.207502
2025-11-22,"53","0-130","inc hosp",23.207502
2025-11-29,"53","0-130","inc hosp",15.471668
2025-12-06,"53","0-130","inc hosp",61.886672
2025-12-13,"53","0-130","inc hosp",69.622506
2025-12-20,"53","0-130","inc hosp",108.301676
2025-12-27,"53","0-130","inc hosp",108.301676
2026-01-03,"53","0-130","inc hosp",123.773344
2026-01-10,"53","0-130","inc hosp",154.71668
2026-01-17,"53","0-130","inc hosp",116.03751
2026-01-24,"53","0-130","inc hosp",108.301676
2026-01-31,"53","0-130","inc hosp",177.924182
2026-02-07,"53","0-130","inc hosp",146.980846
2026-02-14,"53","0-130","inc hosp",162.452514
2026-02-21,"53","0-130","inc hosp",185.660016
2026-02-28,"53","0-130","inc hosp",146.980846
2026-03-07,"53","0-130","inc hosp",108.301676
2026-03-14,"53","0-130","inc hosp",108.301676
2026-03-21,"53","0-130","inc hosp",123.773344
2026-03-28,"53","0-130","inc hosp",100.565842
2026-04-04,"53","0-130","inc hosp",100.565842
2026-04-11,"53","0-130","inc hosp",69.622506
2026-04-18,"53","0-130","inc hosp",69.622506
2026-04-25,"53","0-130","inc hosp",46.415004
2026-05-02,"53","0-130","inc hosp",38.67917
2026-05-09,"53","0-130","inc hosp",38.67917
2026-05-16,"53","0-130","inc hosp",23.207502
2026-05-23,"53","0-130","inc hosp",15.471668
2026-05-30,"53","0-130","inc hosp",15.471668
2026-06-06,"53","0-130","inc hosp",7.735834
2026-06-13,"53","0-130","inc hosp",15.471668
2026-06-20,"53","0-130","inc hosp",7.735834
2026-06-27,"53","0-130","inc hosp",7.735834
2026-07-04,"53","0-130","inc hosp",7.735834
2026-07-11,"53","0-130","inc hosp",7.735834
2026-07-18,"53","0-130","inc hosp",0
2026-07-25,"53","0-130","inc hosp",0
2026-08-01,"53","0-130","inc hosp",0
2026-08-08,"53","0-130","inc hosp",0
2026-08-15,"53","0-130","inc hosp",7.735834
2026-08-22,"53","0-130","inc hosp",0
