"location","date","age_group","signal","observation","population"
"US",2018-10-06,"5-17","rate hosp",0,53605751
"US",2018-10-06,"5-17","inc hosp",0,53605751
"US",2018-10-13,"5-17","rate hosp",0.1,53605751
"US",2018-10-13,"5-17","inc hosp",53.605751,53605751
"US",2018-10-20,"5-17","rate hosp",0.1,53605751
"US",2018-10-20,"5-17","inc hosp",53.605751,53605751
"US",2018-10-27,"5-17","rate hosp",0,53605751
"US",2018-10-27,"5-17","inc hosp",0,53605751
"US",2018-11-03,"5-17","rate hosp",0.1,53605751
"US",2018-11-03,"5-17","inc hosp",53.605751,53605751
"US",2018-11-10,"5-17","rate hosp",0.2,53605751
"US",2018-11-10,"5-17","inc hosp",107.211502,53605751
"US",2018-11-17,"5-17","rate hosp",0.1,53605751
"US",2018-11-17,"5-17","inc hosp",53.605751,53605751
"US",2018-11-24,"5-17","rate hosp",0.2,53605751
"US",2018-11-24,"5-17","inc hosp",107.211502,53605751
"US",2018-12-01,"5-17","rate hosp",0.2,53605751
"US",2018-12-01,"5-17","inc hosp",107.211502,53605751
"US",2018-12-08,"5-17","rate hosp",0.2,53605751
"US",2018-12-08,"5-17","inc hosp",107.211502,53605751
"US",2018-12-15,"5-17","rate hosp",0.2,53605751
"US",2018-12-15,"5-17","inc hosp",107.211502,53605751
"US",2018-12-22,"5-17","rate hosp",0.4,53605751
"US",2018-12-22,"5-17","inc hosp",214.423004,53605751
"US",2018-12-29,"5-17","rate hosp",0.2,53605751
"US",2018-12-29,"5-17","inc hosp",107.211502,53605751
"US",2019-01-05,"5-17","rate hosp",0.3,53516113
"US",2019-01-05,"5-17","inc hosp",160.548339,53516113
"US",2019-01-12,"5-17","rate hosp",0.3,53516113
"US",2019-01-12,"5-17","inc hosp",160.548339,53516113
"US",2019-01-19,"5-17","rate hosp",0.3,53516113
"US",2019-01-19,"5-17","inc hosp",160.548339,53516113
"US",2019-01-26,"5-17","rate hosp",0.3,53516113
"US",2019-01-26,"5-17","inc hosp",160.548339,53516113
"US",2019-02-02,"5-17","rate hosp",0.3,53516113
"US",2019-02-02,"5-17","inc hosp",160.548339,53516113
"US",2019-02-09,"5-17","rate hosp",0.4,53516113
"US",2019-02-09,"5-17","inc hosp",214.064452,53516113
"US",2019-02-16,"5-17","rate hosp",0.2,53516113
"US",2019-02-16,"5-17","inc hosp",107.032226,53516113
"US",2019-02-23,"5-17","rate hosp",0.3,53516113
"US",2019-02-23,"5-17","inc hosp",160.548339,53516113
"US",2019-03-02,"5-17","rate hosp",0.3,53516113
"US",2019-03-02,"5-17","inc hosp",160.548339,53516113
"US",2019-03-09,"5-17","rate hosp",0.2,53516113
"US",2019-03-09,"5-17","inc hosp",107.032226,53516113
"US",2019-03-16,"5-17","rate hosp",0.1,53516113
"US",2019-03-16,"5-17","inc hosp",53.516113,53516113
"US",2019-03-23,"5-17","rate hosp",0.1,53516113
"US",2019-03-23,"5-17","inc hosp",53.516113,53516113
"US",2019-03-30,"5-17","rate hosp",0,53516113
"US",2019-03-30,"5-17","inc hosp",0,53516113
"US",2019-04-06,"5-17","rate hosp",0,53516113
"US",2019-04-06,"5-17","inc hosp",0,53516113
"US",2019-04-13,"5-17","rate hosp",0,53516113
"US",2019-04-13,"5-17","inc hosp",0,53516113
"US",2019-04-20,"5-17","rate hosp",0.1,53516113
"US",2019-04-20,"5-17","inc hosp",53.516113,53516113
"US",2019-04-27,"5-17","rate hosp",0,53516113
"US",2019-04-27,"5-17","inc hosp",0,53516113
"US",2019-05-04,"5-17","rate hosp",0,53516113
"US",2019-05-04,"5-17","inc hosp",0,53516113
"US",2019-10-05,"5-17","rate hosp",0,53516113
"US",2019-10-05,"5-17","inc hosp",0,53516113
"US",2019-10-12,"5-17","rate hosp",0,53516113
"US",2019-10-12,"5-17","inc hosp",0,53516113
"US",2019-10-19,"5-17","rate hosp",0,53516113
"US",2019-10-19,"5-17","inc hosp",0,53516113
"US",2019-10-26,"5-17","rate hosp",0.1,53516113
"US",2019-10-26,"5-17","inc hosp",53.516113,53516113
"US",2019-11-02,"5-17","rate hosp",0.1,53516113
"US",2019-11-02,"5-17","inc hosp",53.516113,53516113
"US",2019-11-09,"5-17","rate hosp",0.2,53516113
"US",2019-11-09,"5-17","inc hosp",107.032226,53516113
"US",2019-11-16,"5-17","rate hosp",0.2,53516113
"US",2019-11-16,"5-17","inc hosp",107.032226,53516113
"US",2019-11-23,"5-17","rate hosp",0.3,53516113
"US",2019-11-23,"5-17","inc hosp",160.548339,53516113
"US",2019-11-30,"5-17","rate hosp",0.3,53516113
"US",2019-11-30,"5-17","inc hosp",160.548339,53516113
"US",2019-12-07,"5-17","rate hosp",0.3,53516113
"US",2019-12-07,"5-17","inc hosp",160.548339,53516113
"US",2019-12-14,"5-17","rate hosp",0.4,53516113
"US",2019-12-14,"5-17","inc hosp",214.064452,53516113
"US",2019-12-21,"5-17","rate hosp",0.3,53516113
"US",2019-12-21,"5-17","inc hosp",160.548339,53516113
"US",2019-12-28,"5-17","rate hosp",0.6,53516113
"US",2019-12-28,"5-17","inc hosp",321.096678,53516113
"US",2020-01-04,"5-17","rate hosp",0.5,54344454
"US",2020-01-04,"5-17","inc hosp",271.72227,54344454
"US",2020-01-11,"5-17","rate hosp",0.2,54344454
"US",2020-01-11,"5-17","inc hosp",108.688908,54344454
"US",2020-01-18,"5-17","rate hosp",0.3,54344454
"US",2020-01-18,"5-17","inc hosp",163.033362,54344454
"US",2020-01-25,"5-17","rate hosp",0.5,54344454
"US",2020-01-25,"5-17","inc hosp",271.72227,54344454
"US",2020-02-01,"5-17","rate hosp",0.3,54344454
"US",2020-02-01,"5-17","inc hosp",163.033362,54344454
"US",2020-02-08,"5-17","rate hosp",0.3,54344454
"US",2020-02-08,"5-17","inc hosp",163.033362,54344454
"US",2020-02-15,"5-17","rate hosp",0.2,54344454
"US",2020-02-15,"5-17","inc hosp",108.688908,54344454
"US",2020-02-22,"5-17","rate hosp",0.2,54344454
"US",2020-02-22,"5-17","inc hosp",108.688908,54344454
"US",2020-02-29,"5-17","rate hosp",0.3,54344454
"US",2020-02-29,"5-17","inc hosp",163.033362,54344454
"US",2020-03-07,"5-17","rate hosp",0.2,54344454
"US",2020-03-07,"5-17","inc hosp",108.688908,54344454
"US",2020-03-14,"5-17","rate hosp",0.2,54344454
"US",2020-03-14,"5-17","inc hosp",108.688908,54344454
"US",2020-03-21,"5-17","rate hosp",0.1,54344454
"US",2020-03-21,"5-17","inc hosp",54.344454,54344454
"US",2020-03-28,"5-17","rate hosp",0.1,54344454
"US",2020-03-28,"5-17","inc hosp",54.344454,54344454
"US",2020-04-04,"5-17","rate hosp",0,54344454
"US",2020-04-04,"5-17","inc hosp",0,54344454
"US",2020-04-11,"5-17","rate hosp",0,54344454
"US",2020-04-11,"5-17","inc hosp",0,54344454
"US",2020-04-18,"5-17","rate hosp",0,54344454
"US",2020-04-18,"5-17","inc hosp",0,54344454
"US",2020-04-25,"5-17","rate hosp",0,54344454
"US",2020-04-25,"5-17","inc hosp",0,54344454
"US",2020-05-02,"5-17","rate hosp",0,54344454
"US",2020-05-02,"5-17","inc hosp",0,54344454
"US",2020-10-03,"5-17","rate hosp",0,54344454
"US",2020-10-03,"5-17","inc hosp",0,54344454
"US",2020-10-10,"5-17","rate hosp",0,54344454
"US",2020-10-10,"5-17","inc hosp",0,54344454
"US",2020-10-17,"5-17","rate hosp",0,54344454
"US",2020-10-17,"5-17","inc hosp",0,54344454
"US",2020-10-24,"5-17","rate hosp",0,54344454
"US",2020-10-24,"5-17","inc hosp",0,54344454
"US",2020-10-31,"5-17","rate hosp",0,54344454
"US",2020-10-31,"5-17","inc hosp",0,54344454
"US",2020-11-07,"5-17","rate hosp",0,54344454
"US",2020-11-07,"5-17","inc hosp",0,54344454
"US",2020-11-14,"5-17","rate hosp",0,54344454
"US",2020-11-14,"5-17","inc hosp",0,54344454
"US",2020-11-21,"5-17","rate hosp",0,54344454
"US",2020-11-21,"5-17","inc hosp",0,54344454
"US",2020-11-28,"5-17","rate hosp",0,54344454
"US",2020-11-28,"5-17","inc hosp",0,54344454
"US",2020-12-05,"5-17","rate hosp",0,54344454
"US",2020-12-05,"5-17","inc hosp",0,54344454
"US",2020-12-12,"5-17","rate hosp",0,54344454
"US",2020-12-12,"5-17","inc hosp",0,54344454
"US",2020-12-19,"5-17","rate hosp",0,54344454
"US",2020-12-19,"5-17","inc hosp",0,54344454
"US",2020-12-26,"5-17","rate hosp",0,54344454
"US",2020-12-26,"5-17","inc hosp",0,54344454
"US",2021-01-02,"5-17","rate hosp",0,54344454
"US",2021-01-02,"5-17","inc hosp",0,54344454
"US",2021-01-09,"5-17","rate hosp",0,54133796
"US",2021-01-09,"5-17","inc hosp",0,54133796
"US",2021-01-16,"5-17","rate hosp",0,54133796
"US",2021-01-16,"5-17","inc hosp",0,54133796
"US",2021-01-23,"5-17","rate hosp",0,54133796
"US",2021-01-23,"5-17","inc hosp",0,54133796
"US",2021-01-30,"5-17","rate hosp",0,54133796
"US",2021-01-30,"5-17","inc hosp",0,54133796
"US",2021-02-06,"5-17","rate hosp",0,54133796
"US",2021-02-06,"5-17","inc hosp",0,54133796
"US",2021-02-13,"5-17","rate hosp",0,54133796
"US",2021-02-13,"5-17","inc hosp",0,54133796
"US",2021-02-20,"5-17","rate hosp",0,54133796
"US",2021-02-20,"5-17","inc hosp",0,54133796
"US",2021-02-27,"5-17","rate hosp",0,54133796
"US",2021-02-27,"5-17","inc hosp",0,54133796
"US",2021-03-06,"5-17","rate hosp",0,54133796
"US",2021-03-06,"5-17","inc hosp",0,54133796
"US",2021-03-13,"5-17","rate hosp",0,54133796
"US",2021-03-13,"5-17","inc hosp",0,54133796
"US",2021-03-20,"5-17","rate hosp",0,54133796
"US",2021-03-20,"5-17","inc hosp",0,54133796
"US",2021-03-27,"5-17","rate hosp",0,54133796
"US",2021-03-27,"5-17","inc hosp",0,54133796
"US",2021-04-03,"5-17","rate hosp",0,54133796
"US",2021-04-03,"5-17","inc hosp",0,54133796
"US",2021-04-10,"5-17","rate hosp",0,54133796
"US",2021-04-10,"5-17","inc hosp",0,54133796
"US",2021-04-17,"5-17","rate hosp",0,54133796
"US",2021-04-17,"5-17","inc hosp",0,54133796
"US",2021-04-24,"5-17","rate hosp",0,54133796
"US",2021-04-24,"5-17","inc hosp",0,54133796
"US",2021-05-01,"5-17","rate hosp",0,54133796
"US",2021-05-01,"5-17","inc hosp",0,54133796
"US",2021-05-08,"5-17","rate hosp",0.1,54133796
"US",2021-05-08,"5-17","inc hosp",54.133796,54133796
"US",2021-05-15,"5-17","rate hosp",0,54133796
"US",2021-05-15,"5-17","inc hosp",0,54133796
"US",2021-05-22,"5-17","rate hosp",0.1,54133796
"US",2021-05-22,"5-17","inc hosp",54.133796,54133796
"US",2021-05-29,"5-17","rate hosp",0,54133796
"US",2021-05-29,"5-17","inc hosp",0,54133796
"US",2021-06-05,"5-17","rate hosp",0.1,54133796
"US",2021-06-05,"5-17","inc hosp",54.133796,54133796
"US",2021-06-12,"5-17","rate hosp",0,54133796
"US",2021-06-12,"5-17","inc hosp",0,54133796
"US",2021-06-19,"5-17","rate hosp",0.1,54133796
"US",2021-06-19,"5-17","inc hosp",54.133796,54133796
"US",2021-06-26,"5-17","rate hosp",0,54133796
"US",2021-06-26,"5-17","inc hosp",0,54133796
"US",2021-07-03,"5-17","rate hosp",0.1,54133796
"US",2021-07-03,"5-17","inc hosp",54.133796,54133796
"US",2021-07-10,"5-17","rate hosp",0,54133796
"US",2021-07-10,"5-17","inc hosp",0,54133796
"US",2021-07-17,"5-17","rate hosp",0.2,54133796
"US",2021-07-17,"5-17","inc hosp",108.267592,54133796
"US",2021-07-24,"5-17","rate hosp",0.1,54133796
"US",2021-07-24,"5-17","inc hosp",54.133796,54133796
"US",2021-07-31,"5-17","rate hosp",0.1,54133796
"US",2021-07-31,"5-17","inc hosp",54.133796,54133796
"US",2021-08-07,"5-17","rate hosp",0.2,54133796
"US",2021-08-07,"5-17","inc hosp",108.267592,54133796
"US",2021-08-14,"5-17","rate hosp",0.1,54133796
"US",2021-08-14,"5-17","inc hosp",54.133796,54133796
"US",2021-08-21,"5-17","rate hosp",0.2,54133796
"US",2021-08-21,"5-17","inc hosp",108.267592,54133796
"US",2021-08-28,"5-17","rate hosp",0.3,54133796
"US",2021-08-28,"5-17","inc hosp",162.401388,54133796
"US",2021-09-04,"5-17","rate hosp",0.2,54133796
"US",2021-09-04,"5-17","inc hosp",108.267592,54133796
"US",2021-09-11,"5-17","rate hosp",0.2,54133796
"US",2021-09-11,"5-17","inc hosp",108.267592,54133796
"US",2021-09-18,"5-17","rate hosp",0.1,54133796
"US",2021-09-18,"5-17","inc hosp",54.133796,54133796
"US",2021-09-25,"5-17","rate hosp",0.2,54133796
"US",2021-09-25,"5-17","inc hosp",108.267592,54133796
"US",2021-10-02,"5-17","rate hosp",0.4,54133796
"US",2021-10-02,"5-17","inc hosp",216.535184,54133796
"US",2021-10-09,"5-17","rate hosp",0.3,54133796
"US",2021-10-09,"5-17","inc hosp",162.401388,54133796
"US",2021-10-16,"5-17","rate hosp",0.4,54133796
"US",2021-10-16,"5-17","inc hosp",216.535184,54133796
"US",2021-10-23,"5-17","rate hosp",0.3,54133796
"US",2021-10-23,"5-17","inc hosp",162.401388,54133796
"US",2021-10-30,"5-17","rate hosp",0.4,54133796
"US",2021-10-30,"5-17","inc hosp",216.535184,54133796
"US",2021-11-06,"5-17","rate hosp",0.3,54133796
"US",2021-11-06,"5-17","inc hosp",162.401388,54133796
"US",2021-11-13,"5-17","rate hosp",0.4,54133796
"US",2021-11-13,"5-17","inc hosp",216.535184,54133796
"US",2021-11-20,"5-17","rate hosp",0.5,54133796
"US",2021-11-20,"5-17","inc hosp",270.66898,54133796
"US",2021-11-27,"5-17","rate hosp",0.2,54133796
"US",2021-11-27,"5-17","inc hosp",108.267592,54133796
"US",2021-12-04,"5-17","rate hosp",0.3,54133796
"US",2021-12-04,"5-17","inc hosp",162.401388,54133796
"US",2021-12-11,"5-17","rate hosp",0.3,54133796
"US",2021-12-11,"5-17","inc hosp",162.401388,54133796
"US",2021-12-18,"5-17","rate hosp",0.5,54133796
"US",2021-12-18,"5-17","inc hosp",270.66898,54133796
"US",2021-12-25,"5-17","rate hosp",0.5,54133796
"US",2021-12-25,"5-17","inc hosp",270.66898,54133796
"US",2022-01-01,"5-17","rate hosp",0.3,54133796
"US",2022-01-01,"5-17","inc hosp",162.401388,54133796
"US",2022-01-08,"5-17","rate hosp",0.2,53910542
"US",2022-01-08,"5-17","inc hosp",107.821084,53910542
"US",2022-01-15,"5-17","rate hosp",0.1,53910542
"US",2022-01-15,"5-17","inc hosp",53.910542,53910542
"US",2022-01-22,"5-17","rate hosp",0.1,53910542
"US",2022-01-22,"5-17","inc hosp",53.910542,53910542
"US",2022-01-29,"5-17","rate hosp",0.1,53910542
"US",2022-01-29,"5-17","inc hosp",53.910542,53910542
"US",2022-02-05,"5-17","rate hosp",0.1,53910542
"US",2022-02-05,"5-17","inc hosp",53.910542,53910542
"US",2022-02-12,"5-17","rate hosp",0.1,53910542
"US",2022-02-12,"5-17","inc hosp",53.910542,53910542
"US",2022-02-19,"5-17","rate hosp",0.1,53910542
"US",2022-02-19,"5-17","inc hosp",53.910542,53910542
"US",2022-02-26,"5-17","rate hosp",0.1,53910542
"US",2022-02-26,"5-17","inc hosp",53.910542,53910542
"US",2022-03-05,"5-17","rate hosp",0,53910542
"US",2022-03-05,"5-17","inc hosp",0,53910542
"US",2022-03-12,"5-17","rate hosp",0.1,53910542
"US",2022-03-12,"5-17","inc hosp",53.910542,53910542
"US",2022-03-19,"5-17","rate hosp",0,53910542
"US",2022-03-19,"5-17","inc hosp",0,53910542
"US",2022-03-26,"5-17","rate hosp",0.1,53910542
"US",2022-03-26,"5-17","inc hosp",53.910542,53910542
"US",2022-04-02,"5-17","rate hosp",0,53910542
"US",2022-04-02,"5-17","inc hosp",0,53910542
"US",2022-04-09,"5-17","rate hosp",0.1,53910542
"US",2022-04-09,"5-17","inc hosp",53.910542,53910542
"US",2022-04-16,"5-17","rate hosp",0.1,53910542
"US",2022-04-16,"5-17","inc hosp",53.910542,53910542
"US",2022-04-23,"5-17","rate hosp",0,53910542
"US",2022-04-23,"5-17","inc hosp",0,53910542
"US",2022-04-30,"5-17","rate hosp",0.1,53910542
"US",2022-04-30,"5-17","inc hosp",53.910542,53910542
"US",2022-05-07,"5-17","rate hosp",0.1,53910542
"US",2022-05-07,"5-17","inc hosp",53.910542,53910542
"US",2022-05-14,"5-17","rate hosp",0.1,53910542
"US",2022-05-14,"5-17","inc hosp",53.910542,53910542
"US",2022-05-21,"5-17","rate hosp",0.1,53910542
"US",2022-05-21,"5-17","inc hosp",53.910542,53910542
"US",2022-05-28,"5-17","rate hosp",0,53910542
"US",2022-05-28,"5-17","inc hosp",0,53910542
"US",2022-06-04,"5-17","rate hosp",0.1,53910542
"US",2022-06-04,"5-17","inc hosp",53.910542,53910542
"US",2022-06-11,"5-17","rate hosp",0,53910542
"US",2022-06-11,"5-17","inc hosp",0,53910542
"US",2022-06-18,"5-17","rate hosp",0.1,53910542
"US",2022-06-18,"5-17","inc hosp",53.910542,53910542
"US",2022-06-25,"5-17","rate hosp",0.1,53910542
"US",2022-06-25,"5-17","inc hosp",53.910542,53910542
"US",2022-07-02,"5-17","rate hosp",0,53910542
"US",2022-07-02,"5-17","inc hosp",0,53910542
"US",2022-07-09,"5-17","rate hosp",0,53910542
"US",2022-07-09,"5-17","inc hosp",0,53910542
"US",2022-07-16,"5-17","rate hosp",0.1,53910542
"US",2022-07-16,"5-17","inc hosp",53.910542,53910542
"US",2022-07-23,"5-17","rate hosp",0,53910542
"US",2022-07-23,"5-17","inc hosp",0,53910542
"US",2022-07-30,"5-17","rate hosp",0,53910542
"US",2022-07-30,"5-17","inc hosp",0,53910542
"US",2022-08-06,"5-17","rate hosp",0.1,53910542
"US",2022-08-06,"5-17","inc hosp",53.910542,53910542
"US",2022-08-13,"5-17","rate hosp",0.1,53910542
"US",2022-08-13,"5-17","inc hosp",53.910542,53910542
"US",2022-08-20,"5-17","rate hosp",0.1,53910542
"US",2022-08-20,"5-17","inc hosp",53.910542,53910542
"US",2022-08-27,"5-17","rate hosp",0.1,53910542
"US",2022-08-27,"5-17","inc hosp",53.910542,53910542
"US",2022-09-03,"5-17","rate hosp",0.2,53910542
"US",2022-09-03,"5-17","inc hosp",107.821084,53910542
"US",2022-09-10,"5-17","rate hosp",0.3,53910542
"US",2022-09-10,"5-17","inc hosp",161.731626,53910542
"US",2022-09-17,"5-17","rate hosp",0.4,53910542
"US",2022-09-17,"5-17","inc hosp",215.642168,53910542
"US",2022-09-24,"5-17","rate hosp",0.4,53910542
"US",2022-09-24,"5-17","inc hosp",215.642168,53910542
"US",2022-10-01,"5-17","rate hosp",0.5,53910542
"US",2022-10-01,"5-17","inc hosp",269.55271,53910542
"US",2022-10-08,"5-17","rate hosp",1.1,53910542
"US",2022-10-08,"5-17","inc hosp",593.015962,53910542
"US",2022-10-15,"5-17","rate hosp",1.2,53910542
"US",2022-10-15,"5-17","inc hosp",646.926504,53910542
"US",2022-10-22,"5-17","rate hosp",1.2,53910542
"US",2022-10-22,"5-17","inc hosp",646.926504,53910542
"US",2022-10-29,"5-17","rate hosp",1.6,53910542
"US",2022-10-29,"5-17","inc hosp",862.568672,53910542
"US",2022-11-05,"5-17","rate hosp",2.5,53910542
"US",2022-11-05,"5-17","inc hosp",1347.76355,53910542
"US",2022-11-12,"5-17","rate hosp",2.3,53910542
"US",2022-11-12,"5-17","inc hosp",1239.942466,53910542
"US",2022-11-19,"5-17","rate hosp",1.8,53910542
"US",2022-11-19,"5-17","inc hosp",970.389756,53910542
"US",2022-11-26,"5-17","rate hosp",1.1,53910542
"US",2022-11-26,"5-17","inc hosp",593.015962,53910542
"US",2022-12-03,"5-17","rate hosp",1.3,53910542
"US",2022-12-03,"5-17","inc hosp",700.837046,53910542
"US",2022-12-10,"5-17","rate hosp",1.4,53910542
"US",2022-12-10,"5-17","inc hosp",754.747588,53910542
"US",2022-12-17,"5-17","rate hosp",0.8,53910542
"US",2022-12-17,"5-17","inc hosp",431.284336,53910542
"US",2022-12-24,"5-17","rate hosp",0.7,53910542
"US",2022-12-24,"5-17","inc hosp",377.373794,53910542
"US",2022-12-31,"5-17","rate hosp",0.5,53910542
"US",2022-12-31,"5-17","inc hosp",269.55271,53910542
"US",2023-01-07,"5-17","rate hosp",0.3,53910542
"US",2023-01-07,"5-17","inc hosp",161.731626,53910542
"US",2023-01-14,"5-17","rate hosp",0.3,53910542
"US",2023-01-14,"5-17","inc hosp",161.731626,53910542
"US",2023-01-21,"5-17","rate hosp",0.1,53910542
"US",2023-01-21,"5-17","inc hosp",53.910542,53910542
"US",2023-01-28,"5-17","rate hosp",0.1,53910542
"US",2023-01-28,"5-17","inc hosp",53.910542,53910542
"US",2023-02-04,"5-17","rate hosp",0.1,53910542
"US",2023-02-04,"5-17","inc hosp",53.910542,53910542
"US",2023-02-11,"5-17","rate hosp",0.2,53910542
"US",2023-02-11,"5-17","inc hosp",107.821084,53910542
"US",2023-02-18,"5-17","rate hosp",0.1,53910542
"US",2023-02-18,"5-17","inc hosp",53.910542,53910542
"US",2023-02-25,"5-17","rate hosp",0,53910542
"US",2023-02-25,"5-17","inc hosp",0,53910542
"US",2023-03-04,"5-17","rate hosp",0.1,53910542
"US",2023-03-04,"5-17","inc hosp",53.910542,53910542
"US",2023-03-11,"5-17","rate hosp",0,53910542
"US",2023-03-11,"5-17","inc hosp",0,53910542
"US",2023-03-18,"5-17","rate hosp",0.1,53910542
"US",2023-03-18,"5-17","inc hosp",53.910542,53910542
"US",2023-03-25,"5-17","rate hosp",0,53910542
"US",2023-03-25,"5-17","inc hosp",0,53910542
"US",2023-04-01,"5-17","rate hosp",0,53910542
"US",2023-04-01,"5-17","inc hosp",0,53910542
"US",2023-04-08,"5-17","rate hosp",0,53910542
"US",2023-04-08,"5-17","inc hosp",0,53910542
"US",2023-04-15,"5-17","rate hosp",0,53910542
"US",2023-04-15,"5-17","inc hosp",0,53910542
"US",2023-04-22,"5-17","rate hosp",0,53910542
"US",2023-04-22,"5-17","inc hosp",0,53910542
"US",2023-04-29,"5-17","rate hosp",0,53910542
"US",2023-04-29,"5-17","inc hosp",0,53910542
"US",2023-05-06,"5-17","rate hosp",0,53910542
"US",2023-05-06,"5-17","inc hosp",0,53910542
"US",2023-05-13,"5-17","rate hosp",0,53910542
"US",2023-05-13,"5-17","inc hosp",0,53910542
"US",2023-05-20,"5-17","rate hosp",0,53910542
"US",2023-05-20,"5-17","inc hosp",0,53910542
"US",2023-05-27,"5-17","rate hosp",0,53910542
"US",2023-05-27,"5-17","inc hosp",0,53910542
"US",2023-06-03,"5-17","rate hosp",0,53910542
"US",2023-06-03,"5-17","inc hosp",0,53910542
"US",2023-06-10,"5-17","rate hosp",0,53910542
"US",2023-06-10,"5-17","inc hosp",0,53910542
"US",2023-06-17,"5-17","rate hosp",0,53910542
"US",2023-06-17,"5-17","inc hosp",0,53910542
"US",2023-06-24,"5-17","rate hosp",0,53910542
"US",2023-06-24,"5-17","inc hosp",0,53910542
"US",2023-07-01,"5-17","rate hosp",0,53910542
"US",2023-07-01,"5-17","inc hosp",0,53910542
"US",2023-07-08,"5-17","rate hosp",0,53910542
"US",2023-07-08,"5-17","inc hosp",0,53910542
"US",2023-07-15,"5-17","rate hosp",0,53910542
"US",2023-07-15,"5-17","inc hosp",0,53910542
"US",2023-07-22,"5-17","rate hosp",0,53910542
"US",2023-07-22,"5-17","inc hosp",0,53910542
"US",2023-07-29,"5-17","rate hosp",0,53910542
"US",2023-07-29,"5-17","inc hosp",0,53910542
"US",2023-08-05,"5-17","rate hosp",0,53910542
"US",2023-08-05,"5-17","inc hosp",0,53910542
"US",2023-08-12,"5-17","rate hosp",0.1,53910542
"US",2023-08-12,"5-17","inc hosp",53.910542,53910542
"US",2023-08-19,"5-17","rate hosp",0.1,53910542
"US",2023-08-19,"5-17","inc hosp",53.910542,53910542
"US",2023-08-26,"5-17","rate hosp",0.1,53910542
"US",2023-08-26,"5-17","inc hosp",53.910542,53910542
"US",2023-09-02,"5-17","rate hosp",0,53910542
"US",2023-09-02,"5-17","inc hosp",0,53910542
"US",2023-09-09,"5-17","rate hosp",0.1,53910542
"US",2023-09-09,"5-17","inc hosp",53.910542,53910542
"US",2023-09-16,"5-17","rate hosp",0.2,53910542
"US",2023-09-16,"5-17","inc hosp",107.821084,53910542
"US",2023-09-23,"5-17","rate hosp",0.3,53910542
"US",2023-09-23,"5-17","inc hosp",161.731626,53910542
"US",2023-09-30,"5-17","rate hosp",0.3,53910542
"US",2023-09-30,"5-17","inc hosp",161.731626,53910542
"US",2023-10-07,"5-17","rate hosp",0.3,53910542
"US",2023-10-07,"5-17","inc hosp",161.731626,53910542
"US",2023-10-14,"5-17","rate hosp",0.4,53910542
"US",2023-10-14,"5-17","inc hosp",215.642168,53910542
"US",2023-10-21,"5-17","rate hosp",0.5,53910542
"US",2023-10-21,"5-17","inc hosp",269.55271,53910542
"US",2023-10-28,"5-17","rate hosp",0.4,53910542
"US",2023-10-28,"5-17","inc hosp",215.642168,53910542
"US",2023-11-04,"5-17","rate hosp",0.3,53910542
"US",2023-11-04,"5-17","inc hosp",161.731626,53910542
"US",2023-11-11,"5-17","rate hosp",0.7,53910542
"US",2023-11-11,"5-17","inc hosp",377.373794,53910542
"US",2023-11-18,"5-17","rate hosp",0.8,53910542
"US",2023-11-18,"5-17","inc hosp",431.284336,53910542
"US",2023-11-25,"5-17","rate hosp",1.2,53910542
"US",2023-11-25,"5-17","inc hosp",646.926504,53910542
"US",2023-12-02,"5-17","rate hosp",0.8,53910542
"US",2023-12-02,"5-17","inc hosp",431.284336,53910542
"US",2023-12-09,"5-17","rate hosp",1,53910542
"US",2023-12-09,"5-17","inc hosp",539.10542,53910542
"US",2023-12-16,"5-17","rate hosp",1.3,53910542
"US",2023-12-16,"5-17","inc hosp",700.837046,53910542
"US",2023-12-23,"5-17","rate hosp",1.4,53910542
"US",2023-12-23,"5-17","inc hosp",754.747588,53910542
"US",2023-12-30,"5-17","rate hosp",1.2,53910542
"US",2023-12-30,"5-17","inc hosp",646.926504,53910542
"US",2024-01-06,"5-17","rate hosp",0.5,53910542
"US",2024-01-06,"5-17","inc hosp",269.55271,53910542
"US",2024-01-13,"5-17","rate hosp",0.6,53910542
"US",2024-01-13,"5-17","inc hosp",323.463252,53910542
"US",2024-01-20,"5-17","rate hosp",0.5,53910542
"US",2024-01-20,"5-17","inc hosp",269.55271,53910542
"US",2024-01-27,"5-17","rate hosp",0.4,53910542
"US",2024-01-27,"5-17","inc hosp",215.642168,53910542
"US",2024-02-03,"5-17","rate hosp",0.5,53910542
"US",2024-02-03,"5-17","inc hosp",269.55271,53910542
"US",2024-02-10,"5-17","rate hosp",0.5,53910542
"US",2024-02-10,"5-17","inc hosp",269.55271,53910542
"US",2024-02-17,"5-17","rate hosp",0.4,53910542
"US",2024-02-17,"5-17","inc hosp",215.642168,53910542
"US",2024-02-24,"5-17","rate hosp",0.3,53910542
"US",2024-02-24,"5-17","inc hosp",161.731626,53910542
"US",2024-03-02,"5-17","rate hosp",0.3,53910542
"US",2024-03-02,"5-17","inc hosp",161.731626,53910542
"US",2024-03-09,"5-17","rate hosp",0.3,53910542
"US",2024-03-09,"5-17","inc hosp",161.731626,53910542
"US",2024-03-16,"5-17","rate hosp",0.2,53910542
"US",2024-03-16,"5-17","inc hosp",107.821084,53910542
"US",2024-03-23,"5-17","rate hosp",0.3,53910542
"US",2024-03-23,"5-17","inc hosp",161.731626,53910542
"US",2024-03-30,"5-17","rate hosp",0.2,53910542
"US",2024-03-30,"5-17","inc hosp",107.821084,53910542
"US",2024-04-06,"5-17","rate hosp",0,53910542
"US",2024-04-06,"5-17","inc hosp",0,53910542
"US",2024-04-13,"5-17","rate hosp",0,53910542
"US",2024-04-13,"5-17","inc hosp",0,53910542
"US",2024-04-20,"5-17","rate hosp",0,53910542
"US",2024-04-20,"5-17","inc hosp",0,53910542
"US",2024-04-27,"5-17","rate hosp",0.1,53910542
"US",2024-04-27,"5-17","inc hosp",53.910542,53910542
"US",2024-05-04,"5-17","rate hosp",0,53910542
"US",2024-05-04,"5-17","inc hosp",0,53910542
"US",2024-05-11,"5-17","rate hosp",0.1,53910542
"US",2024-05-11,"5-17","inc hosp",53.910542,53910542
"US",2024-05-18,"5-17","rate hosp",0,53910542
"US",2024-05-18,"5-17","inc hosp",0,53910542
"US",2024-05-25,"5-17","rate hosp",0,53910542
"US",2024-05-25,"5-17","inc hosp",0,53910542
"US",2024-06-01,"5-17","rate hosp",0,53910542
"US",2024-06-01,"5-17","inc hosp",0,53910542
"US",2024-06-08,"5-17","rate hosp",0,53910542
"US",2024-06-08,"5-17","inc hosp",0,53910542
"US",2024-06-15,"5-17","rate hosp",0,53910542
"US",2024-06-15,"5-17","inc hosp",0,53910542
"US",2024-06-22,"5-17","rate hosp",0,53910542
"US",2024-06-22,"5-17","inc hosp",0,53910542
"US",2024-06-29,"5-17","rate hosp",0,53910542
"US",2024-06-29,"5-17","inc hosp",0,53910542
"US",2024-07-06,"5-17","rate hosp",0,53910542
"US",2024-07-06,"5-17","inc hosp",0,53910542
"US",2024-07-13,"5-17","rate hosp",0,53910542
"US",2024-07-13,"5-17","inc hosp",0,53910542
"US",2024-07-20,"5-17","rate hosp",0,53910542
"US",2024-07-20,"5-17","inc hosp",0,53910542
"US",2024-07-27,"5-17","rate hosp",0,53910542
"US",2024-07-27,"5-17","inc hosp",0,53910542
"US",2024-08-03,"5-17","rate hosp",0,53910542
"US",2024-08-03,"5-17","inc hosp",0,53910542
"US",2024-08-10,"5-17","rate hosp",0,53910542
"US",2024-08-10,"5-17","inc hosp",0,53910542
"US",2024-08-17,"5-17","rate hosp",0,53910542
"US",2024-08-17,"5-17","inc hosp",0,53910542
"US",2024-08-24,"5-17","rate hosp",0,53910542
"US",2024-08-24,"5-17","inc hosp",0,53910542
"US",2024-08-31,"5-17","rate hosp",0,53910542
"US",2024-08-31,"5-17","inc hosp",0,53910542
"US",2024-09-07,"5-17","rate hosp",0,53910542
"US",2024-09-07,"5-17","inc hosp",0,53910542
"US",2024-09-14,"5-17","rate hosp",0,53910542
"US",2024-09-14,"5-17","inc hosp",0,53910542
"US",2024-09-21,"5-17","rate hosp",0,53910542
"US",2024-09-21,"5-17","inc hosp",0,53910542
"US",2024-09-28,"5-17","rate hosp",0.1,53910542
"US",2024-09-28,"5-17","inc hosp",53.910542,53910542
"US",2024-10-05,"5-17","rate hosp",0.1,53910542
"US",2024-10-05,"5-17","inc hosp",53.910542,53910542
"US",2024-10-12,"5-17","rate hosp",0.1,53910542
"US",2024-10-12,"5-17","inc hosp",53.910542,53910542
"US",2024-10-19,"5-17","rate hosp",0.2,53910542
"US",2024-10-19,"5-17","inc hosp",107.821084,53910542
"US",2024-10-26,"5-17","rate hosp",0.1,53910542
"US",2024-10-26,"5-17","inc hosp",53.910542,53910542
"US",2024-11-02,"5-17","rate hosp",0.3,53910542
"US",2024-11-02,"5-17","inc hosp",161.731626,53910542
"US",2024-11-09,"5-17","rate hosp",0.5,53910542
"US",2024-11-09,"5-17","inc hosp",269.55271,53910542
"US",2024-11-16,"5-17","rate hosp",0.5,53910542
"US",2024-11-16,"5-17","inc hosp",269.55271,53910542
"US",2024-11-23,"5-17","rate hosp",0.8,53910542
"US",2024-11-23,"5-17","inc hosp",431.284336,53910542
"US",2024-11-30,"5-17","rate hosp",0.8,53910542
"US",2024-11-30,"5-17","inc hosp",431.284336,53910542
"US",2024-12-07,"5-17","rate hosp",0.6,53910542
"US",2024-12-07,"5-17","inc hosp",323.463252,53910542
"US",2024-12-14,"5-17","rate hosp",1,53910542
"US",2024-12-14,"5-17","inc hosp",539.10542,53910542
"US",2024-12-21,"5-17","rate hosp",1.1,53910542
"US",2024-12-21,"5-17","inc hosp",593.015962,53910542
"US",2024-12-28,"5-17","rate hosp",1.6,53910542
"US",2024-12-28,"5-17","inc hosp",862.568672,53910542
"US",2025-01-04,"5-17","rate hosp",0.7,53910542
"US",2025-01-04,"5-17","inc hosp",377.373794,53910542
"US",2025-01-11,"5-17","rate hosp",0.7,53910542
"US",2025-01-11,"5-17","inc hosp",377.373794,53910542
"US",2025-01-18,"5-17","rate hosp",1,53910542
"US",2025-01-18,"5-17","inc hosp",539.10542,53910542
"US",2025-01-25,"5-17","rate hosp",1.4,53910542
"US",2025-01-25,"5-17","inc hosp",754.747588,53910542
"US",2025-02-01,"5-17","rate hosp",1.2,53910542
"US",2025-02-01,"5-17","inc hosp",646.926504,53910542
"US",2025-02-08,"5-17","rate hosp",1.2,53910542
"US",2025-02-08,"5-17","inc hosp",646.926504,53910542
"US",2025-02-15,"5-17","rate hosp",1,53910542
"US",2025-02-15,"5-17","inc hosp",539.10542,53910542
"US",2025-02-22,"5-17","rate hosp",1,53910542
"US",2025-02-22,"5-17","inc hosp",539.10542,53910542
"US",2025-03-01,"5-17","rate hosp",1,53910542
"US",2025-03-01,"5-17","inc hosp",539.10542,53910542
"US",2025-03-08,"5-17","rate hosp",0.7,53910542
"US",2025-03-08,"5-17","inc hosp",377.373794,53910542
"US",2025-03-15,"5-17","rate hosp",0.5,53910542
"US",2025-03-15,"5-17","inc hosp",269.55271,53910542
"US",2025-03-22,"5-17","rate hosp",0.4,53910542
"US",2025-03-22,"5-17","inc hosp",215.642168,53910542
"US",2025-03-29,"5-17","rate hosp",0.2,53910542
"US",2025-03-29,"5-17","inc hosp",107.821084,53910542
"US",2025-04-05,"5-17","rate hosp",0.1,53910542
"US",2025-04-05,"5-17","inc hosp",53.910542,53910542
"US",2025-04-12,"5-17","rate hosp",0.1,53910542
"US",2025-04-12,"5-17","inc hosp",53.910542,53910542
"US",2025-04-19,"5-17","rate hosp",0.1,53910542
"US",2025-04-19,"5-17","inc hosp",53.910542,53910542
"US",2025-04-26,"5-17","rate hosp",0.1,53910542
"US",2025-04-26,"5-17","inc hosp",53.910542,53910542
"US",2025-05-03,"5-17","rate hosp",0,53910542
"US",2025-05-03,"5-17","inc hosp",0,53910542
"US",2025-05-10,"5-17","rate hosp",0.1,53910542
"US",2025-05-10,"5-17","inc hosp",53.910542,53910542
"US",2025-05-17,"5-17","rate hosp",0,53910542
"US",2025-05-17,"5-17","inc hosp",0,53910542
"US",2025-05-24,"5-17","rate hosp",0,53910542
"US",2025-05-24,"5-17","inc hosp",0,53910542
"US",2025-05-31,"5-17","rate hosp",0.1,53910542
"US",2025-05-31,"5-17","inc hosp",53.910542,53910542
"US",2025-06-07,"5-17","rate hosp",0,53910542
"US",2025-06-07,"5-17","inc hosp",0,53910542
"US",2025-06-14,"5-17","rate hosp",0,53910542
"US",2025-06-14,"5-17","inc hosp",0,53910542
"US",2025-06-21,"5-17","rate hosp",0,53910542
"US",2025-06-21,"5-17","inc hosp",0,53910542
"US",2025-06-28,"5-17","rate hosp",0,53910542
"US",2025-06-28,"5-17","inc hosp",0,53910542
"US",2025-07-05,"5-17","rate hosp",0,53910542
"US",2025-07-05,"5-17","inc hosp",0,53910542
"US",2025-07-12,"5-17","rate hosp",0,53910542
"US",2025-07-12,"5-17","inc hosp",0,53910542
"US",2025-07-19,"5-17","rate hosp",0,53910542
"US",2025-07-19,"5-17","inc hosp",0,53910542
"US",2025-07-26,"5-17","rate hosp",0,53910542
"US",2025-07-26,"5-17","inc hosp",0,53910542
"US",2025-08-02,"5-17","rate hosp",0,53910542
"US",2025-08-02,"5-17","inc hosp",0,53910542
"US",2025-08-09,"5-17","rate hosp",0,53910542
"US",2025-08-09,"5-17","inc hosp",0,53910542
"US",2025-08-16,"5-17","rate hosp",0,53910542
"US",2025-08-16,"5-17","inc hosp",0,53910542
"US",2025-08-23,"5-17","rate hosp",0,53910542
"US",2025-08-23,"5-17","inc hosp",0,53910542
"US",2025-08-30,"5-17","rate hosp",0,53910542
"US",2025-08-30,"5-17","inc hosp",0,53910542
"US",2025-09-06,"5-17","rate hosp",0,53910542
"US",2025-09-06,"5-17","inc hosp",0,53910542
"US",2025-09-13,"5-17","rate hosp",0,53910542
"US",2025-09-13,"5-17","inc hosp",0,53910542
"US",2025-09-20,"5-17","rate hosp",0,53910542
"US",2025-09-20,"5-17","inc hosp",0,53910542
"US",2025-09-27,"5-17","rate hosp",0.1,53910542
"US",2025-09-27,"5-17","inc hosp",53.910542,53910542
"US",2025-10-04,"5-17","rate hosp",0,53910542
"US",2025-10-04,"5-17","inc hosp",0,53910542
"US",2025-10-11,"5-17","rate hosp",0,53910542
"US",2025-10-11,"5-17","inc hosp",0,53910542
"US",2025-10-18,"5-17","rate hosp",0,53910542
"US",2025-10-18,"5-17","inc hosp",0,53910542
"US",2025-10-25,"5-17","rate hosp",0,53910542
"US",2025-10-25,"5-17","inc hosp",0,53910542
"US",2025-11-01,"5-17","rate hosp",0,53910542
"US",2025-11-01,"5-17","inc hosp",0,53910542
"US",2025-11-08,"5-17","rate hosp",0.1,53910542
"US",2025-11-08,"5-17","inc hosp",53.910542,53910542
"US",2025-11-15,"5-17","rate hosp",0.2,53910542
"US",2025-11-15,"5-17","inc hosp",107.821084,53910542
"US",2025-11-22,"5-17","rate hosp",0.2,53910542
"US",2025-11-22,"5-17","inc hosp",107.821084,53910542
"US",2025-11-29,"5-17","rate hosp",0.3,53910542
"US",2025-11-29,"5-17","inc hosp",161.731626,53910542
"US",2025-12-06,"5-17","rate hosp",0.2,53910542
"US",2025-12-06,"5-17","inc hosp",107.821084,53910542
"US",2025-12-13,"5-17","rate hosp",0.3,53910542
"US",2025-12-13,"5-17","inc hosp",161.731626,53910542
"US",2025-12-20,"5-17","rate hosp",0.5,53910542
"US",2025-12-20,"5-17","inc hosp",269.55271,53910542
"US",2025-12-27,"5-17","rate hosp",0.5,53910542
"US",2025-12-27,"5-17","inc hosp",269.55271,53910542
"US",2026-01-03,"5-17","rate hosp",0.4,53910542
"US",2026-01-03,"5-17","inc hosp",215.642168,53910542
"US",2026-01-10,"5-17","rate hosp",0.4,53910542
"US",2026-01-10,"5-17","inc hosp",215.642168,53910542
"US",2026-01-17,"5-17","rate hosp",0.4,53910542
"US",2026-01-17,"5-17","inc hosp",215.642168,53910542
"US",2026-01-24,"5-17","rate hosp",0.6,53910542
"US",2026-01-24,"5-17","inc hosp",323.463252,53910542
"US",2026-01-31,"5-17","rate hosp",0.6,53910542
"US",2026-01-31,"5-17","inc hosp",323.463252,53910542
"US",2026-02-07,"5-17","rate hosp",0.8,53910542
"US",2026-02-07,"5-17","inc hosp",431.284336,53910542
"US",2026-02-14,"5-17","rate hosp",0.7,53910542
"US",2026-02-14,"5-17","inc hosp",377.373794,53910542
"US",2026-02-21,"5-17","rate hosp",0.9,53910542
"US",2026-02-21,"5-17","inc hosp",485.194878,53910542
"US",2026-02-28,"5-17","rate hosp",0.8,53910542
"US",2026-02-28,"5-17","inc hosp",431.284336,53910542
"US",2026-03-07,"5-17","rate hosp",0.8,53910542
"US",2026-03-07,"5-17","inc hosp",431.284336,53910542
"US",2026-03-14,"5-17","rate hosp",0.7,53910542
"US",2026-03-14,"5-17","inc hosp",377.373794,53910542
"US",2026-03-21,"5-17","rate hosp",0.4,53910542
"US",2026-03-21,"5-17","inc hosp",215.642168,53910542
"US",2026-03-28,"5-17","rate hosp",0.3,53910542
"US",2026-03-28,"5-17","inc hosp",161.731626,53910542
"US",2026-04-04,"5-17","rate hosp",0.3,53910542
"US",2026-04-04,"5-17","inc hosp",161.731626,53910542
"US",2026-04-11,"5-17","rate hosp",0.2,53910542
"US",2026-04-11,"5-17","inc hosp",107.821084,53910542
"US",2026-04-18,"5-17","rate hosp",0.1,53910542
"US",2026-04-18,"5-17","inc hosp",53.910542,53910542
"US",2026-04-25,"5-17","rate hosp",0.2,53910542
"US",2026-04-25,"5-17","inc hosp",107.821084,53910542
"US",2026-05-02,"5-17","rate hosp",0.2,53910542
"US",2026-05-02,"5-17","inc hosp",107.821084,53910542
"US",2026-05-09,"5-17","rate hosp",0.1,53910542
"US",2026-05-09,"5-17","inc hosp",53.910542,53910542
"US",2026-05-16,"5-17","rate hosp",0.1,53910542
"US",2026-05-16,"5-17","inc hosp",53.910542,53910542
"US",2026-05-23,"5-17","rate hosp",0.1,53910542
"US",2026-05-23,"5-17","inc hosp",53.910542,53910542
"US",2026-05-30,"5-17","rate hosp",0.1,53910542
"US",2026-05-30,"5-17","inc hosp",53.910542,53910542
"US",2026-06-06,"5-17","rate hosp",0,53910542
"US",2026-06-06,"5-17","inc hosp",0,53910542
"US",2026-06-13,"5-17","rate hosp",0,53910542
"US",2026-06-13,"5-17","inc hosp",0,53910542
"US",2026-06-20,"5-17","rate hosp",0,53910542
"US",2026-06-20,"5-17","inc hosp",0,53910542
"US",2026-06-27,"5-17","rate hosp",0,53910542
"US",2026-06-27,"5-17","inc hosp",0,53910542
"US",2026-07-04,"5-17","rate hosp",0,53910542
"US",2026-07-04,"5-17","inc hosp",0,53910542
"US",2026-07-11,"5-17","rate hosp",0,53910542
"US",2026-07-11,"5-17","inc hosp",0,53910542
"US",2026-07-18,"5-17","rate hosp",0,53910542
"US",2026-07-18,"5-17","inc hosp",0,53910542
"US",2026-07-25,"5-17","rate hosp",0,53910542
"US",2026-07-25,"5-17","inc hosp",0,53910542
"US",2026-08-01,"5-17","rate hosp",0,53910542
"US",2026-08-01,"5-17","inc hosp",0,53910542
"US",2026-08-08,"5-17","rate hosp",0,53910542
"US",2026-08-08,"5-17","inc hosp",0,53910542
"US",2026-08-15,"5-17","rate hosp",0,53910542
"US",2026-08-15,"5-17","inc hosp",0,53910542
"US",2026-08-22,"5-17","rate hosp",0,53910542
"US",2026-08-22,"5-17","inc hosp",0,53910542
"US",2018-10-06,"18-49","rate hosp",0,136856559
"US",2018-10-06,"18-49","inc hosp",0,136856559
"US",2018-10-13,"18-49","rate hosp",0,136856559
"US",2018-10-13,"18-49","inc hosp",0,136856559
"US",2018-10-20,"18-49","rate hosp",0,136856559
"US",2018-10-20,"18-49","inc hosp",0,136856559
"US",2018-10-27,"18-49","rate hosp",0,136856559
"US",2018-10-27,"18-49","inc hosp",0,136856559
"US",2018-11-03,"18-49","rate hosp",0,136856559
"US",2018-11-03,"18-49","inc hosp",0,136856559
"US",2018-11-10,"18-49","rate hosp",0.1,136856559
"US",2018-11-10,"18-49","inc hosp",136.856559,136856559
"US",2018-11-17,"18-49","rate hosp",0.1,136856559
"US",2018-11-17,"18-49","inc hosp",136.856559,136856559
"US",2018-11-24,"18-49","rate hosp",0,136856559
"US",2018-11-24,"18-49","inc hosp",0,136856559
"US",2018-12-01,"18-49","rate hosp",0,136856559
"US",2018-12-01,"18-49","inc hosp",0,136856559
"US",2018-12-08,"18-49","rate hosp",0.1,136856559
"US",2018-12-08,"18-49","inc hosp",136.856559,136856559
"US",2018-12-15,"18-49","rate hosp",0.1,136856559
"US",2018-12-15,"18-49","inc hosp",136.856559,136856559
"US",2018-12-22,"18-49","rate hosp",0.1,136856559
"US",2018-12-22,"18-49","inc hosp",136.856559,136856559
"US",2018-12-29,"18-49","rate hosp",0.1,136856559
"US",2018-12-29,"18-49","inc hosp",136.856559,136856559
"US",2019-01-05,"18-49","rate hosp",0.2,137137403
"US",2019-01-05,"18-49","inc hosp",274.274806,137137403
"US",2019-01-12,"18-49","rate hosp",0.2,137137403
"US",2019-01-12,"18-49","inc hosp",274.274806,137137403
"US",2019-01-19,"18-49","rate hosp",0.2,137137403
"US",2019-01-19,"18-49","inc hosp",274.274806,137137403
"US",2019-01-26,"18-49","rate hosp",0.1,137137403
"US",2019-01-26,"18-49","inc hosp",137.137403,137137403
"US",2019-02-02,"18-49","rate hosp",0.2,137137403
"US",2019-02-02,"18-49","inc hosp",274.274806,137137403
"US",2019-02-09,"18-49","rate hosp",0.1,137137403
"US",2019-02-09,"18-49","inc hosp",137.137403,137137403
"US",2019-02-16,"18-49","rate hosp",0.2,137137403
"US",2019-02-16,"18-49","inc hosp",274.274806,137137403
"US",2019-02-23,"18-49","rate hosp",0.1,137137403
"US",2019-02-23,"18-49","inc hosp",137.137403,137137403
"US",2019-03-02,"18-49","rate hosp",0.1,137137403
"US",2019-03-02,"18-49","inc hosp",137.137403,137137403
"US",2019-03-09,"18-49","rate hosp",0.2,137137403
"US",2019-03-09,"18-49","inc hosp",274.274806,137137403
"US",2019-03-16,"18-49","rate hosp",0.1,137137403
"US",2019-03-16,"18-49","inc hosp",137.137403,137137403
"US",2019-03-23,"18-49","rate hosp",0.1,137137403
"US",2019-03-23,"18-49","inc hosp",137.137403,137137403
"US",2019-03-30,"18-49","rate hosp",0,137137403
"US",2019-03-30,"18-49","inc hosp",0,137137403
"US",2019-04-06,"18-49","rate hosp",0.1,137137403
"US",2019-04-06,"18-49","inc hosp",137.137403,137137403
"US",2019-04-13,"18-49","rate hosp",0,137137403
"US",2019-04-13,"18-49","inc hosp",0,137137403
"US",2019-04-20,"18-49","rate hosp",0,137137403
"US",2019-04-20,"18-49","inc hosp",0,137137403
"US",2019-04-27,"18-49","rate hosp",0,137137403
"US",2019-04-27,"18-49","inc hosp",0,137137403
"US",2019-05-04,"18-49","rate hosp",0,137137403
"US",2019-05-04,"18-49","inc hosp",0,137137403
"US",2019-10-05,"18-49","rate hosp",0,137137403
"US",2019-10-05,"18-49","inc hosp",0,137137403
"US",2019-10-12,"18-49","rate hosp",0,137137403
"US",2019-10-12,"18-49","inc hosp",0,137137403
"US",2019-10-19,"18-49","rate hosp",0,137137403
"US",2019-10-19,"18-49","inc hosp",0,137137403
"US",2019-10-26,"18-49","rate hosp",0,137137403
"US",2019-10-26,"18-49","inc hosp",0,137137403
"US",2019-11-02,"18-49","rate hosp",0,137137403
"US",2019-11-02,"18-49","inc hosp",0,137137403
"US",2019-11-09,"18-49","rate hosp",0.1,137137403
"US",2019-11-09,"18-49","inc hosp",137.137403,137137403
"US",2019-11-16,"18-49","rate hosp",0.1,137137403
"US",2019-11-16,"18-49","inc hosp",137.137403,137137403
"US",2019-11-23,"18-49","rate hosp",0.1,137137403
"US",2019-11-23,"18-49","inc hosp",137.137403,137137403
"US",2019-11-30,"18-49","rate hosp",0.1,137137403
"US",2019-11-30,"18-49","inc hosp",137.137403,137137403
"US",2019-12-07,"18-49","rate hosp",0.1,137137403
"US",2019-12-07,"18-49","inc hosp",137.137403,137137403
"US",2019-12-14,"18-49","rate hosp",0.2,137137403
"US",2019-12-14,"18-49","inc hosp",274.274806,137137403
"US",2019-12-21,"18-49","rate hosp",0.2,137137403
"US",2019-12-21,"18-49","inc hosp",274.274806,137137403
"US",2019-12-28,"18-49","rate hosp",0.3,137137403
"US",2019-12-28,"18-49","inc hosp",411.412209,137137403
"US",2020-01-04,"18-49","rate hosp",0.4,138656971
"US",2020-01-04,"18-49","inc hosp",554.627884,138656971
"US",2020-01-11,"18-49","rate hosp",0.2,138656971
"US",2020-01-11,"18-49","inc hosp",277.313942,138656971
"US",2020-01-18,"18-49","rate hosp",0.2,138656971
"US",2020-01-18,"18-49","inc hosp",277.313942,138656971
"US",2020-01-25,"18-49","rate hosp",0.1,138656971
"US",2020-01-25,"18-49","inc hosp",138.656971,138656971
"US",2020-02-01,"18-49","rate hosp",0.2,138656971
"US",2020-02-01,"18-49","inc hosp",277.313942,138656971
"US",2020-02-08,"18-49","rate hosp",0.2,138656971
"US",2020-02-08,"18-49","inc hosp",277.313942,138656971
"US",2020-02-15,"18-49","rate hosp",0.2,138656971
"US",2020-02-15,"18-49","inc hosp",277.313942,138656971
"US",2020-02-22,"18-49","rate hosp",0.2,138656971
"US",2020-02-22,"18-49","inc hosp",277.313942,138656971
"US",2020-02-29,"18-49","rate hosp",0.2,138656971
"US",2020-02-29,"18-49","inc hosp",277.313942,138656971
"US",2020-03-07,"18-49","rate hosp",0.1,138656971
"US",2020-03-07,"18-49","inc hosp",138.656971,138656971
"US",2020-03-14,"18-49","rate hosp",0.1,138656971
"US",2020-03-14,"18-49","inc hosp",138.656971,138656971
"US",2020-03-21,"18-49","rate hosp",0.1,138656971
"US",2020-03-21,"18-49","inc hosp",138.656971,138656971
"US",2020-03-28,"18-49","rate hosp",0.1,138656971
"US",2020-03-28,"18-49","inc hosp",138.656971,138656971
"US",2020-04-04,"18-49","rate hosp",0,138656971
"US",2020-04-04,"18-49","inc hosp",0,138656971
"US",2020-04-11,"18-49","rate hosp",0,138656971
"US",2020-04-11,"18-49","inc hosp",0,138656971
"US",2020-04-18,"18-49","rate hosp",0,138656971
"US",2020-04-18,"18-49","inc hosp",0,138656971
"US",2020-04-25,"18-49","rate hosp",0,138656971
"US",2020-04-25,"18-49","inc hosp",0,138656971
"US",2020-05-02,"18-49","rate hosp",0,138656971
"US",2020-05-02,"18-49","inc hosp",0,138656971
"US",2020-10-03,"18-49","rate hosp",0,138656971
"US",2020-10-03,"18-49","inc hosp",0,138656971
"US",2020-10-10,"18-49","rate hosp",0,138656971
"US",2020-10-10,"18-49","inc hosp",0,138656971
"US",2020-10-17,"18-49","rate hosp",0,138656971
"US",2020-10-17,"18-49","inc hosp",0,138656971
"US",2020-10-24,"18-49","rate hosp",0,138656971
"US",2020-10-24,"18-49","inc hosp",0,138656971
"US",2020-10-31,"18-49","rate hosp",0,138656971
"US",2020-10-31,"18-49","inc hosp",0,138656971
"US",2020-11-07,"18-49","rate hosp",0,138656971
"US",2020-11-07,"18-49","inc hosp",0,138656971
"US",2020-11-14,"18-49","rate hosp",0,138656971
"US",2020-11-14,"18-49","inc hosp",0,138656971
"US",2020-11-21,"18-49","rate hosp",0,138656971
"US",2020-11-21,"18-49","inc hosp",0,138656971
"US",2020-11-28,"18-49","rate hosp",0,138656971
"US",2020-11-28,"18-49","inc hosp",0,138656971
"US",2020-12-05,"18-49","rate hosp",0,138656971
"US",2020-12-05,"18-49","inc hosp",0,138656971
"US",2020-12-12,"18-49","rate hosp",0,138656971
"US",2020-12-12,"18-49","inc hosp",0,138656971
"US",2020-12-19,"18-49","rate hosp",0,138656971
"US",2020-12-19,"18-49","inc hosp",0,138656971
"US",2020-12-26,"18-49","rate hosp",0,138656971
"US",2020-12-26,"18-49","inc hosp",0,138656971
"US",2021-01-02,"18-49","rate hosp",0,138656971
"US",2021-01-02,"18-49","inc hosp",0,138656971
"US",2021-01-09,"18-49","rate hosp",0,138485522
"US",2021-01-09,"18-49","inc hosp",0,138485522
"US",2021-01-16,"18-49","rate hosp",0,138485522
"US",2021-01-16,"18-49","inc hosp",0,138485522
"US",2021-01-23,"18-49","rate hosp",0,138485522
"US",2021-01-23,"18-49","inc hosp",0,138485522
"US",2021-01-30,"18-49","rate hosp",0,138485522
"US",2021-01-30,"18-49","inc hosp",0,138485522
"US",2021-02-06,"18-49","rate hosp",0,138485522
"US",2021-02-06,"18-49","inc hosp",0,138485522
"US",2021-02-13,"18-49","rate hosp",0,138485522
"US",2021-02-13,"18-49","inc hosp",0,138485522
"US",2021-02-20,"18-49","rate hosp",0,138485522
"US",2021-02-20,"18-49","inc hosp",0,138485522
"US",2021-02-27,"18-49","rate hosp",0,138485522
"US",2021-02-27,"18-49","inc hosp",0,138485522
"US",2021-03-06,"18-49","rate hosp",0,138485522
"US",2021-03-06,"18-49","inc hosp",0,138485522
"US",2021-03-13,"18-49","rate hosp",0,138485522
"US",2021-03-13,"18-49","inc hosp",0,138485522
"US",2021-03-20,"18-49","rate hosp",0,138485522
"US",2021-03-20,"18-49","inc hosp",0,138485522
"US",2021-03-27,"18-49","rate hosp",0,138485522
"US",2021-03-27,"18-49","inc hosp",0,138485522
"US",2021-04-03,"18-49","rate hosp",0,138485522
"US",2021-04-03,"18-49","inc hosp",0,138485522
"US",2021-04-10,"18-49","rate hosp",0,138485522
"US",2021-04-10,"18-49","inc hosp",0,138485522
"US",2021-04-17,"18-49","rate hosp",0,138485522
"US",2021-04-17,"18-49","inc hosp",0,138485522
"US",2021-04-24,"18-49","rate hosp",0,138485522
"US",2021-04-24,"18-49","inc hosp",0,138485522
"US",2021-05-01,"18-49","rate hosp",0,138485522
"US",2021-05-01,"18-49","inc hosp",0,138485522
"US",2021-05-08,"18-49","rate hosp",0,138485522
"US",2021-05-08,"18-49","inc hosp",0,138485522
"US",2021-05-15,"18-49","rate hosp",0,138485522
"US",2021-05-15,"18-49","inc hosp",0,138485522
"US",2021-05-22,"18-49","rate hosp",0,138485522
"US",2021-05-22,"18-49","inc hosp",0,138485522
"US",2021-05-29,"18-49","rate hosp",0,138485522
"US",2021-05-29,"18-49","inc hosp",0,138485522
"US",2021-06-05,"18-49","rate hosp",0,138485522
"US",2021-06-05,"18-49","inc hosp",0,138485522
"US",2021-06-12,"18-49","rate hosp",0,138485522
"US",2021-06-12,"18-49","inc hosp",0,138485522
"US",2021-06-19,"18-49","rate hosp",0,138485522
"US",2021-06-19,"18-49","inc hosp",0,138485522
"US",2021-06-26,"18-49","rate hosp",0,138485522
"US",2021-06-26,"18-49","inc hosp",0,138485522
"US",2021-07-03,"18-49","rate hosp",0,138485522
"US",2021-07-03,"18-49","inc hosp",0,138485522
"US",2021-07-10,"18-49","rate hosp",0,138485522
"US",2021-07-10,"18-49","inc hosp",0,138485522
"US",2021-07-17,"18-49","rate hosp",0,138485522
"US",2021-07-17,"18-49","inc hosp",0,138485522
"US",2021-07-24,"18-49","rate hosp",0.1,138485522
"US",2021-07-24,"18-49","inc hosp",138.485522,138485522
"US",2021-07-31,"18-49","rate hosp",0.1,138485522
"US",2021-07-31,"18-49","inc hosp",138.485522,138485522
"US",2021-08-07,"18-49","rate hosp",0.1,138485522
"US",2021-08-07,"18-49","inc hosp",138.485522,138485522
"US",2021-08-14,"18-49","rate hosp",0.1,138485522
"US",2021-08-14,"18-49","inc hosp",138.485522,138485522
"US",2021-08-21,"18-49","rate hosp",0.1,138485522
"US",2021-08-21,"18-49","inc hosp",138.485522,138485522
"US",2021-08-28,"18-49","rate hosp",0.1,138485522
"US",2021-08-28,"18-49","inc hosp",138.485522,138485522
"US",2021-09-04,"18-49","rate hosp",0.1,138485522
"US",2021-09-04,"18-49","inc hosp",138.485522,138485522
"US",2021-09-11,"18-49","rate hosp",0.1,138485522
"US",2021-09-11,"18-49","inc hosp",138.485522,138485522
"US",2021-09-18,"18-49","rate hosp",0.1,138485522
"US",2021-09-18,"18-49","inc hosp",138.485522,138485522
"US",2021-09-25,"18-49","rate hosp",0.1,138485522
"US",2021-09-25,"18-49","inc hosp",138.485522,138485522
"US",2021-10-02,"18-49","rate hosp",0.1,138485522
"US",2021-10-02,"18-49","inc hosp",138.485522,138485522
"US",2021-10-09,"18-49","rate hosp",0.1,138485522
"US",2021-10-09,"18-49","inc hosp",138.485522,138485522
"US",2021-10-16,"18-49","rate hosp",0.1,138485522
"US",2021-10-16,"18-49","inc hosp",138.485522,138485522
"US",2021-10-23,"18-49","rate hosp",0.2,138485522
"US",2021-10-23,"18-49","inc hosp",276.971044,138485522
"US",2021-10-30,"18-49","rate hosp",0.2,138485522
"US",2021-10-30,"18-49","inc hosp",276.971044,138485522
"US",2021-11-06,"18-49","rate hosp",0.2,138485522
"US",2021-11-06,"18-49","inc hosp",276.971044,138485522
"US",2021-11-13,"18-49","rate hosp",0.2,138485522
"US",2021-11-13,"18-49","inc hosp",276.971044,138485522
"US",2021-11-20,"18-49","rate hosp",0.2,138485522
"US",2021-11-20,"18-49","inc hosp",276.971044,138485522
"US",2021-11-27,"18-49","rate hosp",0.2,138485522
"US",2021-11-27,"18-49","inc hosp",276.971044,138485522
"US",2021-12-04,"18-49","rate hosp",0.2,138485522
"US",2021-12-04,"18-49","inc hosp",276.971044,138485522
"US",2021-12-11,"18-49","rate hosp",0.2,138485522
"US",2021-12-11,"18-49","inc hosp",276.971044,138485522
"US",2021-12-18,"18-49","rate hosp",0.2,138485522
"US",2021-12-18,"18-49","inc hosp",276.971044,138485522
"US",2021-12-25,"18-49","rate hosp",0.2,138485522
"US",2021-12-25,"18-49","inc hosp",276.971044,138485522
"US",2022-01-01,"18-49","rate hosp",0.2,138485522
"US",2022-01-01,"18-49","inc hosp",276.971044,138485522
"US",2022-01-08,"18-49","rate hosp",0.1,139076570
"US",2022-01-08,"18-49","inc hosp",139.07657,139076570
"US",2022-01-15,"18-49","rate hosp",0.1,139076570
"US",2022-01-15,"18-49","inc hosp",139.07657,139076570
"US",2022-01-22,"18-49","rate hosp",0.1,139076570
"US",2022-01-22,"18-49","inc hosp",139.07657,139076570
"US",2022-01-29,"18-49","rate hosp",0,139076570
"US",2022-01-29,"18-49","inc hosp",0,139076570
"US",2022-02-05,"18-49","rate hosp",0,139076570
"US",2022-02-05,"18-49","inc hosp",0,139076570
"US",2022-02-12,"18-49","rate hosp",0,139076570
"US",2022-02-12,"18-49","inc hosp",0,139076570
"US",2022-02-19,"18-49","rate hosp",0,139076570
"US",2022-02-19,"18-49","inc hosp",0,139076570
"US",2022-02-26,"18-49","rate hosp",0,139076570
"US",2022-02-26,"18-49","inc hosp",0,139076570
"US",2022-03-05,"18-49","rate hosp",0,139076570
"US",2022-03-05,"18-49","inc hosp",0,139076570
"US",2022-03-12,"18-49","rate hosp",0,139076570
"US",2022-03-12,"18-49","inc hosp",0,139076570
"US",2022-03-19,"18-49","rate hosp",0,139076570
"US",2022-03-19,"18-49","inc hosp",0,139076570
"US",2022-03-26,"18-49","rate hosp",0,139076570
"US",2022-03-26,"18-49","inc hosp",0,139076570
"US",2022-04-02,"18-49","rate hosp",0,139076570
"US",2022-04-02,"18-49","inc hosp",0,139076570
"US",2022-04-09,"18-49","rate hosp",0,139076570
"US",2022-04-09,"18-49","inc hosp",0,139076570
"US",2022-04-16,"18-49","rate hosp",0.1,139076570
"US",2022-04-16,"18-49","inc hosp",139.07657,139076570
"US",2022-04-23,"18-49","rate hosp",0.1,139076570
"US",2022-04-23,"18-49","inc hosp",139.07657,139076570
"US",2022-04-30,"18-49","rate hosp",0,139076570
"US",2022-04-30,"18-49","inc hosp",0,139076570
"US",2022-05-07,"18-49","rate hosp",0,139076570
"US",2022-05-07,"18-49","inc hosp",0,139076570
"US",2022-05-14,"18-49","rate hosp",0,139076570
"US",2022-05-14,"18-49","inc hosp",0,139076570
"US",2022-05-21,"18-49","rate hosp",0,139076570
"US",2022-05-21,"18-49","inc hosp",0,139076570
"US",2022-05-28,"18-49","rate hosp",0,139076570
"US",2022-05-28,"18-49","inc hosp",0,139076570
"US",2022-06-04,"18-49","rate hosp",0,139076570
"US",2022-06-04,"18-49","inc hosp",0,139076570
"US",2022-06-11,"18-49","rate hosp",0,139076570
"US",2022-06-11,"18-49","inc hosp",0,139076570
"US",2022-06-18,"18-49","rate hosp",0,139076570
"US",2022-06-18,"18-49","inc hosp",0,139076570
"US",2022-06-25,"18-49","rate hosp",0,139076570
"US",2022-06-25,"18-49","inc hosp",0,139076570
"US",2022-07-02,"18-49","rate hosp",0,139076570
"US",2022-07-02,"18-49","inc hosp",0,139076570
"US",2022-07-09,"18-49","rate hosp",0,139076570
"US",2022-07-09,"18-49","inc hosp",0,139076570
"US",2022-07-16,"18-49","rate hosp",0,139076570
"US",2022-07-16,"18-49","inc hosp",0,139076570
"US",2022-07-23,"18-49","rate hosp",0.1,139076570
"US",2022-07-23,"18-49","inc hosp",139.07657,139076570
"US",2022-07-30,"18-49","rate hosp",0.1,139076570
"US",2022-07-30,"18-49","inc hosp",139.07657,139076570
"US",2022-08-06,"18-49","rate hosp",0,139076570
"US",2022-08-06,"18-49","inc hosp",0,139076570
"US",2022-08-13,"18-49","rate hosp",0,139076570
"US",2022-08-13,"18-49","inc hosp",0,139076570
"US",2022-08-20,"18-49","rate hosp",0,139076570
"US",2022-08-20,"18-49","inc hosp",0,139076570
"US",2022-08-27,"18-49","rate hosp",0.1,139076570
"US",2022-08-27,"18-49","inc hosp",139.07657,139076570
"US",2022-09-03,"18-49","rate hosp",0.1,139076570
"US",2022-09-03,"18-49","inc hosp",139.07657,139076570
"US",2022-09-10,"18-49","rate hosp",0,139076570
"US",2022-09-10,"18-49","inc hosp",0,139076570
"US",2022-09-17,"18-49","rate hosp",0.2,139076570
"US",2022-09-17,"18-49","inc hosp",278.15314,139076570
"US",2022-09-24,"18-49","rate hosp",0.1,139076570
"US",2022-09-24,"18-49","inc hosp",139.07657,139076570
"US",2022-10-01,"18-49","rate hosp",0.1,139076570
"US",2022-10-01,"18-49","inc hosp",139.07657,139076570
"US",2022-10-08,"18-49","rate hosp",0.1,139076570
"US",2022-10-08,"18-49","inc hosp",139.07657,139076570
"US",2022-10-15,"18-49","rate hosp",0.1,139076570
"US",2022-10-15,"18-49","inc hosp",139.07657,139076570
"US",2022-10-22,"18-49","rate hosp",0.2,139076570
"US",2022-10-22,"18-49","inc hosp",278.15314,139076570
"US",2022-10-29,"18-49","rate hosp",0.3,139076570
"US",2022-10-29,"18-49","inc hosp",417.22971,139076570
"US",2022-11-05,"18-49","rate hosp",0.4,139076570
"US",2022-11-05,"18-49","inc hosp",556.30628,139076570
"US",2022-11-12,"18-49","rate hosp",0.5,139076570
"US",2022-11-12,"18-49","inc hosp",695.38285,139076570
"US",2022-11-19,"18-49","rate hosp",0.5,139076570
"US",2022-11-19,"18-49","inc hosp",695.38285,139076570
"US",2022-11-26,"18-49","rate hosp",0.5,139076570
"US",2022-11-26,"18-49","inc hosp",695.38285,139076570
"US",2022-12-03,"18-49","rate hosp",0.5,139076570
"US",2022-12-03,"18-49","inc hosp",695.38285,139076570
"US",2022-12-10,"18-49","rate hosp",0.5,139076570
"US",2022-12-10,"18-49","inc hosp",695.38285,139076570
"US",2022-12-17,"18-49","rate hosp",0.3,139076570
"US",2022-12-17,"18-49","inc hosp",417.22971,139076570
"US",2022-12-24,"18-49","rate hosp",0.3,139076570
"US",2022-12-24,"18-49","inc hosp",417.22971,139076570
"US",2022-12-31,"18-49","rate hosp",0.3,139076570
"US",2022-12-31,"18-49","inc hosp",417.22971,139076570
"US",2023-01-07,"18-49","rate hosp",0.3,139076570
"US",2023-01-07,"18-49","inc hosp",417.22971,139076570
"US",2023-01-14,"18-49","rate hosp",0.2,139076570
"US",2023-01-14,"18-49","inc hosp",278.15314,139076570
"US",2023-01-21,"18-49","rate hosp",0.1,139076570
"US",2023-01-21,"18-49","inc hosp",139.07657,139076570
"US",2023-01-28,"18-49","rate hosp",0.1,139076570
"US",2023-01-28,"18-49","inc hosp",139.07657,139076570
"US",2023-02-04,"18-49","rate hosp",0.1,139076570
"US",2023-02-04,"18-49","inc hosp",139.07657,139076570
"US",2023-02-11,"18-49","rate hosp",0.1,139076570
"US",2023-02-11,"18-49","inc hosp",139.07657,139076570
"US",2023-02-18,"18-49","rate hosp",0.1,139076570
"US",2023-02-18,"18-49","inc hosp",139.07657,139076570
"US",2023-02-25,"18-49","rate hosp",0,139076570
"US",2023-02-25,"18-49","inc hosp",0,139076570
"US",2023-03-04,"18-49","rate hosp",0,139076570
"US",2023-03-04,"18-49","inc hosp",0,139076570
"US",2023-03-11,"18-49","rate hosp",0,139076570
"US",2023-03-11,"18-49","inc hosp",0,139076570
"US",2023-03-18,"18-49","rate hosp",0,139076570
"US",2023-03-18,"18-49","inc hosp",0,139076570
"US",2023-03-25,"18-49","rate hosp",0,139076570
"US",2023-03-25,"18-49","inc hosp",0,139076570
"US",2023-04-01,"18-49","rate hosp",0,139076570
"US",2023-04-01,"18-49","inc hosp",0,139076570
"US",2023-04-08,"18-49","rate hosp",0,139076570
"US",2023-04-08,"18-49","inc hosp",0,139076570
"US",2023-04-15,"18-49","rate hosp",0,139076570
"US",2023-04-15,"18-49","inc hosp",0,139076570
"US",2023-04-22,"18-49","rate hosp",0,139076570
"US",2023-04-22,"18-49","inc hosp",0,139076570
"US",2023-04-29,"18-49","rate hosp",0,139076570
"US",2023-04-29,"18-49","inc hosp",0,139076570
"US",2023-05-06,"18-49","rate hosp",0,139076570
"US",2023-05-06,"18-49","inc hosp",0,139076570
"US",2023-05-13,"18-49","rate hosp",0,139076570
"US",2023-05-13,"18-49","inc hosp",0,139076570
"US",2023-05-20,"18-49","rate hosp",0,139076570
"US",2023-05-20,"18-49","inc hosp",0,139076570
"US",2023-05-27,"18-49","rate hosp",0,139076570
"US",2023-05-27,"18-49","inc hosp",0,139076570
"US",2023-06-03,"18-49","rate hosp",0,139076570
"US",2023-06-03,"18-49","inc hosp",0,139076570
"US",2023-06-10,"18-49","rate hosp",0,139076570
"US",2023-06-10,"18-49","inc hosp",0,139076570
"US",2023-06-17,"18-49","rate hosp",0,139076570
"US",2023-06-17,"18-49","inc hosp",0,139076570
"US",2023-06-24,"18-49","rate hosp",0,139076570
"US",2023-06-24,"18-49","inc hosp",0,139076570
"US",2023-07-01,"18-49","rate hosp",0,139076570
"US",2023-07-01,"18-49","inc hosp",0,139076570
"US",2023-07-08,"18-49","rate hosp",0,139076570
"US",2023-07-08,"18-49","inc hosp",0,139076570
"US",2023-07-15,"18-49","rate hosp",0,139076570
"US",2023-07-15,"18-49","inc hosp",0,139076570
"US",2023-07-22,"18-49","rate hosp",0,139076570
"US",2023-07-22,"18-49","inc hosp",0,139076570
"US",2023-07-29,"18-49","rate hosp",0,139076570
"US",2023-07-29,"18-49","inc hosp",0,139076570
"US",2023-08-05,"18-49","rate hosp",0,139076570
"US",2023-08-05,"18-49","inc hosp",0,139076570
"US",2023-08-12,"18-49","rate hosp",0,139076570
"US",2023-08-12,"18-49","inc hosp",0,139076570
"US",2023-08-19,"18-49","rate hosp",0,139076570
"US",2023-08-19,"18-49","inc hosp",0,139076570
"US",2023-08-26,"18-49","rate hosp",0,139076570
"US",2023-08-26,"18-49","inc hosp",0,139076570
"US",2023-09-02,"18-49","rate hosp",0,139076570
"US",2023-09-02,"18-49","inc hosp",0,139076570
"US",2023-09-09,"18-49","rate hosp",0,139076570
"US",2023-09-09,"18-49","inc hosp",0,139076570
"US",2023-09-16,"18-49","rate hosp",0.1,139076570
"US",2023-09-16,"18-49","inc hosp",139.07657,139076570
"US",2023-09-23,"18-49","rate hosp",0,139076570
"US",2023-09-23,"18-49","inc hosp",0,139076570
"US",2023-09-30,"18-49","rate hosp",0.1,139076570
"US",2023-09-30,"18-49","inc hosp",139.07657,139076570
"US",2023-10-07,"18-49","rate hosp",0.1,139076570
"US",2023-10-07,"18-49","inc hosp",139.07657,139076570
"US",2023-10-14,"18-49","rate hosp",0.2,139076570
"US",2023-10-14,"18-49","inc hosp",278.15314,139076570
"US",2023-10-21,"18-49","rate hosp",0.1,139076570
"US",2023-10-21,"18-49","inc hosp",139.07657,139076570
"US",2023-10-28,"18-49","rate hosp",0.2,139076570
"US",2023-10-28,"18-49","inc hosp",278.15314,139076570
"US",2023-11-04,"18-49","rate hosp",0.2,139076570
"US",2023-11-04,"18-49","inc hosp",278.15314,139076570
"US",2023-11-11,"18-49","rate hosp",0.3,139076570
"US",2023-11-11,"18-49","inc hosp",417.22971,139076570
"US",2023-11-18,"18-49","rate hosp",0.4,139076570
"US",2023-11-18,"18-49","inc hosp",556.30628,139076570
"US",2023-11-25,"18-49","rate hosp",0.3,139076570
"US",2023-11-25,"18-49","inc hosp",417.22971,139076570
"US",2023-12-02,"18-49","rate hosp",0.5,139076570
"US",2023-12-02,"18-49","inc hosp",695.38285,139076570
"US",2023-12-09,"18-49","rate hosp",0.5,139076570
"US",2023-12-09,"18-49","inc hosp",695.38285,139076570
"US",2023-12-16,"18-49","rate hosp",0.6,139076570
"US",2023-12-16,"18-49","inc hosp",834.45942,139076570
"US",2023-12-23,"18-49","rate hosp",0.6,139076570
"US",2023-12-23,"18-49","inc hosp",834.45942,139076570
"US",2023-12-30,"18-49","rate hosp",0.5,139076570
"US",2023-12-30,"18-49","inc hosp",695.38285,139076570
"US",2024-01-06,"18-49","rate hosp",0.6,139076570
"US",2024-01-06,"18-49","inc hosp",834.45942,139076570
"US",2024-01-13,"18-49","rate hosp",0.6,139076570
"US",2024-01-13,"18-49","inc hosp",834.45942,139076570
"US",2024-01-20,"18-49","rate hosp",0.3,139076570
"US",2024-01-20,"18-49","inc hosp",417.22971,139076570
"US",2024-01-27,"18-49","rate hosp",0.4,139076570
"US",2024-01-27,"18-49","inc hosp",556.30628,139076570
"US",2024-02-03,"18-49","rate hosp",0.3,139076570
"US",2024-02-03,"18-49","inc hosp",417.22971,139076570
"US",2024-02-10,"18-49","rate hosp",0.3,139076570
"US",2024-02-10,"18-49","inc hosp",417.22971,139076570
"US",2024-02-17,"18-49","rate hosp",0.3,139076570
"US",2024-02-17,"18-49","inc hosp",417.22971,139076570
"US",2024-02-24,"18-49","rate hosp",0.2,139076570
"US",2024-02-24,"18-49","inc hosp",278.15314,139076570
"US",2024-03-02,"18-49","rate hosp",0.3,139076570
"US",2024-03-02,"18-49","inc hosp",417.22971,139076570
"US",2024-03-09,"18-49","rate hosp",0.2,139076570
"US",2024-03-09,"18-49","inc hosp",278.15314,139076570
"US",2024-03-16,"18-49","rate hosp",0.1,139076570
"US",2024-03-16,"18-49","inc hosp",139.07657,139076570
"US",2024-03-23,"18-49","rate hosp",0.1,139076570
"US",2024-03-23,"18-49","inc hosp",139.07657,139076570
"US",2024-03-30,"18-49","rate hosp",0.1,139076570
"US",2024-03-30,"18-49","inc hosp",139.07657,139076570
"US",2024-04-06,"18-49","rate hosp",0,139076570
"US",2024-04-06,"18-49","inc hosp",0,139076570
"US",2024-04-13,"18-49","rate hosp",0.1,139076570
"US",2024-04-13,"18-49","inc hosp",139.07657,139076570
"US",2024-04-20,"18-49","rate hosp",0,139076570
"US",2024-04-20,"18-49","inc hosp",0,139076570
"US",2024-04-27,"18-49","rate hosp",0,139076570
"US",2024-04-27,"18-49","inc hosp",0,139076570
"US",2024-05-04,"18-49","rate hosp",0,139076570
"US",2024-05-04,"18-49","inc hosp",0,139076570
"US",2024-05-11,"18-49","rate hosp",0,139076570
"US",2024-05-11,"18-49","inc hosp",0,139076570
"US",2024-05-18,"18-49","rate hosp",0,139076570
"US",2024-05-18,"18-49","inc hosp",0,139076570
"US",2024-05-25,"18-49","rate hosp",0,139076570
"US",2024-05-25,"18-49","inc hosp",0,139076570
"US",2024-06-01,"18-49","rate hosp",0,139076570
"US",2024-06-01,"18-49","inc hosp",0,139076570
"US",2024-06-08,"18-49","rate hosp",0,139076570
"US",2024-06-08,"18-49","inc hosp",0,139076570
"US",2024-06-15,"18-49","rate hosp",0,139076570
"US",2024-06-15,"18-49","inc hosp",0,139076570
"US",2024-06-22,"18-49","rate hosp",0,139076570
"US",2024-06-22,"18-49","inc hosp",0,139076570
"US",2024-06-29,"18-49","rate hosp",0,139076570
"US",2024-06-29,"18-49","inc hosp",0,139076570
"US",2024-07-06,"18-49","rate hosp",0,139076570
"US",2024-07-06,"18-49","inc hosp",0,139076570
"US",2024-07-13,"18-49","rate hosp",0,139076570
"US",2024-07-13,"18-49","inc hosp",0,139076570
"US",2024-07-20,"18-49","rate hosp",0,139076570
"US",2024-07-20,"18-49","inc hosp",0,139076570
"US",2024-07-27,"18-49","rate hosp",0,139076570
"US",2024-07-27,"18-49","inc hosp",0,139076570
"US",2024-08-03,"18-49","rate hosp",0,139076570
"US",2024-08-03,"18-49","inc hosp",0,139076570
"US",2024-08-10,"18-49","rate hosp",0,139076570
"US",2024-08-10,"18-49","inc hosp",0,139076570
"US",2024-08-17,"18-49","rate hosp",0,139076570
"US",2024-08-17,"18-49","inc hosp",0,139076570
"US",2024-08-24,"18-49","rate hosp",0,139076570
"US",2024-08-24,"18-49","inc hosp",0,139076570
"US",2024-08-31,"18-49","rate hosp",0,139076570
"US",2024-08-31,"18-49","inc hosp",0,139076570
"US",2024-09-07,"18-49","rate hosp",0,139076570
"US",2024-09-07,"18-49","inc hosp",0,139076570
"US",2024-09-14,"18-49","rate hosp",0,139076570
"US",2024-09-14,"18-49","inc hosp",0,139076570
"US",2024-09-21,"18-49","rate hosp",0,139076570
"US",2024-09-21,"18-49","inc hosp",0,139076570
"US",2024-09-28,"18-49","rate hosp",0,139076570
"US",2024-09-28,"18-49","inc hosp",0,139076570
"US",2024-10-05,"18-49","rate hosp",0,139076570
"US",2024-10-05,"18-49","inc hosp",0,139076570
"US",2024-10-12,"18-49","rate hosp",0,139076570
"US",2024-10-12,"18-49","inc hosp",0,139076570
"US",2024-10-19,"18-49","rate hosp",0.1,139076570
"US",2024-10-19,"18-49","inc hosp",139.07657,139076570
"US",2024-10-26,"18-49","rate hosp",0.1,139076570
"US",2024-10-26,"18-49","inc hosp",139.07657,139076570
"US",2024-11-02,"18-49","rate hosp",0.1,139076570
"US",2024-11-02,"18-49","inc hosp",139.07657,139076570
"US",2024-11-09,"18-49","rate hosp",0.1,139076570
"US",2024-11-09,"18-49","inc hosp",139.07657,139076570
"US",2024-11-16,"18-49","rate hosp",0.2,139076570
"US",2024-11-16,"18-49","inc hosp",278.15314,139076570
"US",2024-11-23,"18-49","rate hosp",0.2,139076570
"US",2024-11-23,"18-49","inc hosp",278.15314,139076570
"US",2024-11-30,"18-49","rate hosp",0.3,139076570
"US",2024-11-30,"18-49","inc hosp",417.22971,139076570
"US",2024-12-07,"18-49","rate hosp",0.4,139076570
"US",2024-12-07,"18-49","inc hosp",556.30628,139076570
"US",2024-12-14,"18-49","rate hosp",0.5,139076570
"US",2024-12-14,"18-49","inc hosp",695.38285,139076570
"US",2024-12-21,"18-49","rate hosp",0.5,139076570
"US",2024-12-21,"18-49","inc hosp",695.38285,139076570
"US",2024-12-28,"18-49","rate hosp",0.6,139076570
"US",2024-12-28,"18-49","inc hosp",834.45942,139076570
"US",2025-01-04,"18-49","rate hosp",0.9,139076570
"US",2025-01-04,"18-49","inc hosp",1251.68913,139076570
"US",2025-01-11,"18-49","rate hosp",0.8,139076570
"US",2025-01-11,"18-49","inc hosp",1112.61256,139076570
"US",2025-01-18,"18-49","rate hosp",0.5,139076570
"US",2025-01-18,"18-49","inc hosp",695.38285,139076570
"US",2025-01-25,"18-49","rate hosp",0.4,139076570
"US",2025-01-25,"18-49","inc hosp",556.30628,139076570
"US",2025-02-01,"18-49","rate hosp",0.6,139076570
"US",2025-02-01,"18-49","inc hosp",834.45942,139076570
"US",2025-02-08,"18-49","rate hosp",0.5,139076570
"US",2025-02-08,"18-49","inc hosp",695.38285,139076570
"US",2025-02-15,"18-49","rate hosp",0.5,139076570
"US",2025-02-15,"18-49","inc hosp",695.38285,139076570
"US",2025-02-22,"18-49","rate hosp",0.4,139076570
"US",2025-02-22,"18-49","inc hosp",556.30628,139076570
"US",2025-03-01,"18-49","rate hosp",0.5,139076570
"US",2025-03-01,"18-49","inc hosp",695.38285,139076570
"US",2025-03-08,"18-49","rate hosp",0.3,139076570
"US",2025-03-08,"18-49","inc hosp",417.22971,139076570
"US",2025-03-15,"18-49","rate hosp",0.3,139076570
"US",2025-03-15,"18-49","inc hosp",417.22971,139076570
"US",2025-03-22,"18-49","rate hosp",0.2,139076570
"US",2025-03-22,"18-49","inc hosp",278.15314,139076570
"US",2025-03-29,"18-49","rate hosp",0.2,139076570
"US",2025-03-29,"18-49","inc hosp",278.15314,139076570
"US",2025-04-05,"18-49","rate hosp",0.2,139076570
"US",2025-04-05,"18-49","inc hosp",278.15314,139076570
"US",2025-04-12,"18-49","rate hosp",0.1,139076570
"US",2025-04-12,"18-49","inc hosp",139.07657,139076570
"US",2025-04-19,"18-49","rate hosp",0.1,139076570
"US",2025-04-19,"18-49","inc hosp",139.07657,139076570
"US",2025-04-26,"18-49","rate hosp",0.1,139076570
"US",2025-04-26,"18-49","inc hosp",139.07657,139076570
"US",2025-05-03,"18-49","rate hosp",0.1,139076570
"US",2025-05-03,"18-49","inc hosp",139.07657,139076570
"US",2025-05-10,"18-49","rate hosp",0,139076570
"US",2025-05-10,"18-49","inc hosp",0,139076570
"US",2025-05-17,"18-49","rate hosp",0,139076570
"US",2025-05-17,"18-49","inc hosp",0,139076570
"US",2025-05-24,"18-49","rate hosp",0,139076570
"US",2025-05-24,"18-49","inc hosp",0,139076570
"US",2025-05-31,"18-49","rate hosp",0,139076570
"US",2025-05-31,"18-49","inc hosp",0,139076570
"US",2025-06-07,"18-49","rate hosp",0,139076570
"US",2025-06-07,"18-49","inc hosp",0,139076570
"US",2025-06-14,"18-49","rate hosp",0,139076570
"US",2025-06-14,"18-49","inc hosp",0,139076570
"US",2025-06-21,"18-49","rate hosp",0,139076570
"US",2025-06-21,"18-49","inc hosp",0,139076570
"US",2025-06-28,"18-49","rate hosp",0,139076570
"US",2025-06-28,"18-49","inc hosp",0,139076570
"US",2025-07-05,"18-49","rate hosp",0,139076570
"US",2025-07-05,"18-49","inc hosp",0,139076570
"US",2025-07-12,"18-49","rate hosp",0,139076570
"US",2025-07-12,"18-49","inc hosp",0,139076570
"US",2025-07-19,"18-49","rate hosp",0,139076570
"US",2025-07-19,"18-49","inc hosp",0,139076570
"US",2025-07-26,"18-49","rate hosp",0,139076570
"US",2025-07-26,"18-49","inc hosp",0,139076570
"US",2025-08-02,"18-49","rate hosp",0,139076570
"US",2025-08-02,"18-49","inc hosp",0,139076570
"US",2025-08-09,"18-49","rate hosp",0,139076570
"US",2025-08-09,"18-49","inc hosp",0,139076570
"US",2025-08-16,"18-49","rate hosp",0,139076570
"US",2025-08-16,"18-49","inc hosp",0,139076570
"US",2025-08-23,"18-49","rate hosp",0,139076570
"US",2025-08-23,"18-49","inc hosp",0,139076570
"US",2025-08-30,"18-49","rate hosp",0,139076570
"US",2025-08-30,"18-49","inc hosp",0,139076570
"US",2025-09-06,"18-49","rate hosp",0,139076570
"US",2025-09-06,"18-49","inc hosp",0,139076570
"US",2025-09-13,"18-49","rate hosp",0,139076570
"US",2025-09-13,"18-49","inc hosp",0,139076570
"US",2025-09-20,"18-49","rate hosp",0,139076570
"US",2025-09-20,"18-49","inc hosp",0,139076570
"US",2025-09-27,"18-49","rate hosp",0,139076570
"US",2025-09-27,"18-49","inc hosp",0,139076570
"US",2025-10-04,"18-49","rate hosp",0,139076570
"US",2025-10-04,"18-49","inc hosp",0,139076570
"US",2025-10-11,"18-49","rate hosp",0,139076570
"US",2025-10-11,"18-49","inc hosp",0,139076570
"US",2025-10-18,"18-49","rate hosp",0,139076570
"US",2025-10-18,"18-49","inc hosp",0,139076570
"US",2025-10-25,"18-49","rate hosp",0,139076570
"US",2025-10-25,"18-49","inc hosp",0,139076570
"US",2025-11-01,"18-49","rate hosp",0,139076570
"US",2025-11-01,"18-49","inc hosp",0,139076570
"US",2025-11-08,"18-49","rate hosp",0,139076570
"US",2025-11-08,"18-49","inc hosp",0,139076570
"US",2025-11-15,"18-49","rate hosp",0.1,139076570
"US",2025-11-15,"18-49","inc hosp",139.07657,139076570
"US",2025-11-22,"18-49","rate hosp",0.1,139076570
"US",2025-11-22,"18-49","inc hosp",139.07657,139076570
"US",2025-11-29,"18-49","rate hosp",0.1,139076570
"US",2025-11-29,"18-49","inc hosp",139.07657,139076570
"US",2025-12-06,"18-49","rate hosp",0.2,139076570
"US",2025-12-06,"18-49","inc hosp",278.15314,139076570
"US",2025-12-13,"18-49","rate hosp",0.2,139076570
"US",2025-12-13,"18-49","inc hosp",278.15314,139076570
"US",2025-12-20,"18-49","rate hosp",0.3,139076570
"US",2025-12-20,"18-49","inc hosp",417.22971,139076570
"US",2025-12-27,"18-49","rate hosp",0.3,139076570
"US",2025-12-27,"18-49","inc hosp",417.22971,139076570
"US",2026-01-03,"18-49","rate hosp",0.4,139076570
"US",2026-01-03,"18-49","inc hosp",556.30628,139076570
"US",2026-01-10,"18-49","rate hosp",0.5,139076570
"US",2026-01-10,"18-49","inc hosp",695.38285,139076570
"US",2026-01-17,"18-49","rate hosp",0.3,139076570
"US",2026-01-17,"18-49","inc hosp",417.22971,139076570
"US",2026-01-24,"18-49","rate hosp",0.3,139076570
"US",2026-01-24,"18-49","inc hosp",417.22971,139076570
"US",2026-01-31,"18-49","rate hosp",0.4,139076570
"US",2026-01-31,"18-49","inc hosp",556.30628,139076570
"US",2026-02-07,"18-49","rate hosp",0.5,139076570
"US",2026-02-07,"18-49","inc hosp",695.38285,139076570
"US",2026-02-14,"18-49","rate hosp",0.6,139076570
"US",2026-02-14,"18-49","inc hosp",834.45942,139076570
"US",2026-02-21,"18-49","rate hosp",0.6,139076570
"US",2026-02-21,"18-49","inc hosp",834.45942,139076570
"US",2026-02-28,"18-49","rate hosp",0.5,139076570
"US",2026-02-28,"18-49","inc hosp",695.38285,139076570
"US",2026-03-07,"18-49","rate hosp",0.4,139076570
"US",2026-03-07,"18-49","inc hosp",556.30628,139076570
"US",2026-03-14,"18-49","rate hosp",0.5,139076570
"US",2026-03-14,"18-49","inc hosp",695.38285,139076570
"US",2026-03-21,"18-49","rate hosp",0.4,139076570
"US",2026-03-21,"18-49","inc hosp",556.30628,139076570
"US",2026-03-28,"18-49","rate hosp",0.4,139076570
"US",2026-03-28,"18-49","inc hosp",556.30628,139076570
"US",2026-04-04,"18-49","rate hosp",0.2,139076570
"US",2026-04-04,"18-49","inc hosp",278.15314,139076570
"US",2026-04-11,"18-49","rate hosp",0.3,139076570
"US",2026-04-11,"18-49","inc hosp",417.22971,139076570
"US",2026-04-18,"18-49","rate hosp",0.2,139076570
"US",2026-04-18,"18-49","inc hosp",278.15314,139076570
"US",2026-04-25,"18-49","rate hosp",0.1,139076570
"US",2026-04-25,"18-49","inc hosp",139.07657,139076570
"US",2026-05-02,"18-49","rate hosp",0.1,139076570
"US",2026-05-02,"18-49","inc hosp",139.07657,139076570
"US",2026-05-09,"18-49","rate hosp",0.1,139076570
"US",2026-05-09,"18-49","inc hosp",139.07657,139076570
"US",2026-05-16,"18-49","rate hosp",0.1,139076570
"US",2026-05-16,"18-49","inc hosp",139.07657,139076570
"US",2026-05-23,"18-49","rate hosp",0.1,139076570
"US",2026-05-23,"18-49","inc hosp",139.07657,139076570
"US",2026-05-30,"18-49","rate hosp",0,139076570
"US",2026-05-30,"18-49","inc hosp",0,139076570
"US",2026-06-06,"18-49","rate hosp",0,139076570
"US",2026-06-06,"18-49","inc hosp",0,139076570
"US",2026-06-13,"18-49","rate hosp",0,139076570
"US",2026-06-13,"18-49","inc hosp",0,139076570
"US",2026-06-20,"18-49","rate hosp",0,139076570
"US",2026-06-20,"18-49","inc hosp",0,139076570
"US",2026-06-27,"18-49","rate hosp",0,139076570
"US",2026-06-27,"18-49","inc hosp",0,139076570
"US",2026-07-04,"18-49","rate hosp",0,139076570
"US",2026-07-04,"18-49","inc hosp",0,139076570
"US",2026-07-11,"18-49","rate hosp",0,139076570
"US",2026-07-11,"18-49","inc hosp",0,139076570
"US",2026-07-18,"18-49","rate hosp",0,139076570
"US",2026-07-18,"18-49","inc hosp",0,139076570
"US",2026-07-25,"18-49","rate hosp",0,139076570
"US",2026-07-25,"18-49","inc hosp",0,139076570
"US",2026-08-01,"18-49","rate hosp",0,139076570
"US",2026-08-01,"18-49","inc hosp",0,139076570
"US",2026-08-08,"18-49","rate hosp",0,139076570
"US",2026-08-08,"18-49","inc hosp",0,139076570
"US",2026-08-15,"18-49","rate hosp",0,139076570
"US",2026-08-15,"18-49","inc hosp",0,139076570
"US",2026-08-22,"18-49","rate hosp",0,139076570
"US",2026-08-22,"18-49","inc hosp",0,139076570
"US",2018-10-06,"50-64","rate hosp",0,63055836
"US",2018-10-06,"50-64","inc hosp",0,63055836
"US",2018-10-13,"50-64","rate hosp",0.1,63055836
"US",2018-10-13,"50-64","inc hosp",63.055836,63055836
"US",2018-10-20,"50-64","rate hosp",0,63055836
"US",2018-10-20,"50-64","inc hosp",0,63055836
"US",2018-10-27,"50-64","rate hosp",0.1,63055836
"US",2018-10-27,"50-64","inc hosp",63.055836,63055836
"US",2018-11-03,"50-64","rate hosp",0.1,63055836
"US",2018-11-03,"50-64","inc hosp",63.055836,63055836
"US",2018-11-10,"50-64","rate hosp",0.1,63055836
"US",2018-11-10,"50-64","inc hosp",63.055836,63055836
"US",2018-11-17,"50-64","rate hosp",0.1,63055836
"US",2018-11-17,"50-64","inc hosp",63.055836,63055836
"US",2018-11-24,"50-64","rate hosp",0.2,63055836
"US",2018-11-24,"50-64","inc hosp",126.111672,63055836
"US",2018-12-01,"50-64","rate hosp",0.4,63055836
"US",2018-12-01,"50-64","inc hosp",252.223344,63055836
"US",2018-12-08,"50-64","rate hosp",0.5,63055836
"US",2018-12-08,"50-64","inc hosp",315.27918,63055836
"US",2018-12-15,"50-64","rate hosp",0.2,63055836
"US",2018-12-15,"50-64","inc hosp",126.111672,63055836
"US",2018-12-22,"50-64","rate hosp",0.5,63055836
"US",2018-12-22,"50-64","inc hosp",315.27918,63055836
"US",2018-12-29,"50-64","rate hosp",0.8,63055836
"US",2018-12-29,"50-64","inc hosp",504.446688,63055836
"US",2019-01-05,"50-64","rate hosp",0.8,62881442
"US",2019-01-05,"50-64","inc hosp",503.051536,62881442
"US",2019-01-12,"50-64","rate hosp",1.1,62881442
"US",2019-01-12,"50-64","inc hosp",691.695862,62881442
"US",2019-01-19,"50-64","rate hosp",0.5,62881442
"US",2019-01-19,"50-64","inc hosp",314.40721,62881442
"US",2019-01-26,"50-64","rate hosp",0.6,62881442
"US",2019-01-26,"50-64","inc hosp",377.288652,62881442
"US",2019-02-02,"50-64","rate hosp",0.6,62881442
"US",2019-02-02,"50-64","inc hosp",377.288652,62881442
"US",2019-02-09,"50-64","rate hosp",0.5,62881442
"US",2019-02-09,"50-64","inc hosp",314.40721,62881442
"US",2019-02-16,"50-64","rate hosp",0.5,62881442
"US",2019-02-16,"50-64","inc hosp",314.40721,62881442
"US",2019-02-23,"50-64","rate hosp",0.6,62881442
"US",2019-02-23,"50-64","inc hosp",377.288652,62881442
"US",2019-03-02,"50-64","rate hosp",0.6,62881442
"US",2019-03-02,"50-64","inc hosp",377.288652,62881442
"US",2019-03-09,"50-64","rate hosp",0.4,62881442
"US",2019-03-09,"50-64","inc hosp",251.525768,62881442
"US",2019-03-16,"50-64","rate hosp",0.4,62881442
"US",2019-03-16,"50-64","inc hosp",251.525768,62881442
"US",2019-03-23,"50-64","rate hosp",0.3,62881442
"US",2019-03-23,"50-64","inc hosp",188.644326,62881442
"US",2019-03-30,"50-64","rate hosp",0.2,62881442
"US",2019-03-30,"50-64","inc hosp",125.762884,62881442
"US",2019-04-06,"50-64","rate hosp",0.2,62881442
"US",2019-04-06,"50-64","inc hosp",125.762884,62881442
"US",2019-04-13,"50-64","rate hosp",0.3,62881442
"US",2019-04-13,"50-64","inc hosp",188.644326,62881442
"US",2019-04-20,"50-64","rate hosp",0.1,62881442
"US",2019-04-20,"50-64","inc hosp",62.881442,62881442
"US",2019-04-27,"50-64","rate hosp",0.1,62881442
"US",2019-04-27,"50-64","inc hosp",62.881442,62881442
"US",2019-05-04,"50-64","rate hosp",0,62881442
"US",2019-05-04,"50-64","inc hosp",0,62881442
"US",2019-10-05,"50-64","rate hosp",0,62881442
"US",2019-10-05,"50-64","inc hosp",0,62881442
"US",2019-10-12,"50-64","rate hosp",0.1,62881442
"US",2019-10-12,"50-64","inc hosp",62.881442,62881442
"US",2019-10-19,"50-64","rate hosp",0,62881442
"US",2019-10-19,"50-64","inc hosp",0,62881442
"US",2019-10-26,"50-64","rate hosp",0,62881442
"US",2019-10-26,"50-64","inc hosp",0,62881442
"US",2019-11-02,"50-64","rate hosp",0.1,62881442
"US",2019-11-02,"50-64","inc hosp",62.881442,62881442
"US",2019-11-09,"50-64","rate hosp",0.2,62881442
"US",2019-11-09,"50-64","inc hosp",125.762884,62881442
"US",2019-11-16,"50-64","rate hosp",0.2,62881442
"US",2019-11-16,"50-64","inc hosp",125.762884,62881442
"US",2019-11-23,"50-64","rate hosp",0.2,62881442
"US",2019-11-23,"50-64","inc hosp",125.762884,62881442
"US",2019-11-30,"50-64","rate hosp",0.4,62881442
"US",2019-11-30,"50-64","inc hosp",251.525768,62881442
"US",2019-12-07,"50-64","rate hosp",0.6,62881442
"US",2019-12-07,"50-64","inc hosp",377.288652,62881442
"US",2019-12-14,"50-64","rate hosp",0.8,62881442
"US",2019-12-14,"50-64","inc hosp",503.051536,62881442
"US",2019-12-21,"50-64","rate hosp",1,62881442
"US",2019-12-21,"50-64","inc hosp",628.81442,62881442
"US",2019-12-28,"50-64","rate hosp",1,62881442
"US",2019-12-28,"50-64","inc hosp",628.81442,62881442
"US",2020-01-04,"50-64","rate hosp",1.5,63498859
"US",2020-01-04,"50-64","inc hosp",952.482885,63498859
"US",2020-01-11,"50-64","rate hosp",1,63498859
"US",2020-01-11,"50-64","inc hosp",634.98859,63498859
"US",2020-01-18,"50-64","rate hosp",0.8,63498859
"US",2020-01-18,"50-64","inc hosp",507.990872,63498859
"US",2020-01-25,"50-64","rate hosp",0.9,63498859
"US",2020-01-25,"50-64","inc hosp",571.489731,63498859
"US",2020-02-01,"50-64","rate hosp",0.9,63498859
"US",2020-02-01,"50-64","inc hosp",571.489731,63498859
"US",2020-02-08,"50-64","rate hosp",0.6,63498859
"US",2020-02-08,"50-64","inc hosp",380.993154,63498859
"US",2020-02-15,"50-64","rate hosp",0.9,63498859
"US",2020-02-15,"50-64","inc hosp",571.489731,63498859
"US",2020-02-22,"50-64","rate hosp",0.5,63498859
"US",2020-02-22,"50-64","inc hosp",317.494295,63498859
"US",2020-02-29,"50-64","rate hosp",0.4,63498859
"US",2020-02-29,"50-64","inc hosp",253.995436,63498859
"US",2020-03-07,"50-64","rate hosp",0.6,63498859
"US",2020-03-07,"50-64","inc hosp",380.993154,63498859
"US",2020-03-14,"50-64","rate hosp",0.4,63498859
"US",2020-03-14,"50-64","inc hosp",253.995436,63498859
"US",2020-03-21,"50-64","rate hosp",0.3,63498859
"US",2020-03-21,"50-64","inc hosp",190.496577,63498859
"US",2020-03-28,"50-64","rate hosp",0.1,63498859
"US",2020-03-28,"50-64","inc hosp",63.498859,63498859
"US",2020-04-04,"50-64","rate hosp",0.1,63498859
"US",2020-04-04,"50-64","inc hosp",63.498859,63498859
"US",2020-04-11,"50-64","rate hosp",0.1,63498859
"US",2020-04-11,"50-64","inc hosp",63.498859,63498859
"US",2020-04-18,"50-64","rate hosp",0,63498859
"US",2020-04-18,"50-64","inc hosp",0,63498859
"US",2020-04-25,"50-64","rate hosp",0,63498859
"US",2020-04-25,"50-64","inc hosp",0,63498859
"US",2020-05-02,"50-64","rate hosp",0,63498859
"US",2020-05-02,"50-64","inc hosp",0,63498859
"US",2020-10-03,"50-64","rate hosp",0,63498859
"US",2020-10-03,"50-64","inc hosp",0,63498859
"US",2020-10-10,"50-64","rate hosp",0,63498859
"US",2020-10-10,"50-64","inc hosp",0,63498859
"US",2020-10-17,"50-64","rate hosp",0,63498859
"US",2020-10-17,"50-64","inc hosp",0,63498859
"US",2020-10-24,"50-64","rate hosp",0,63498859
"US",2020-10-24,"50-64","inc hosp",0,63498859
"US",2020-10-31,"50-64","rate hosp",0,63498859
"US",2020-10-31,"50-64","inc hosp",0,63498859
"US",2020-11-07,"50-64","rate hosp",0,63498859
"US",2020-11-07,"50-64","inc hosp",0,63498859
"US",2020-11-14,"50-64","rate hosp",0,63498859
"US",2020-11-14,"50-64","inc hosp",0,63498859
"US",2020-11-21,"50-64","rate hosp",0,63498859
"US",2020-11-21,"50-64","inc hosp",0,63498859
"US",2020-11-28,"50-64","rate hosp",0,63498859
"US",2020-11-28,"50-64","inc hosp",0,63498859
"US",2020-12-05,"50-64","rate hosp",0,63498859
"US",2020-12-05,"50-64","inc hosp",0,63498859
"US",2020-12-12,"50-64","rate hosp",0,63498859
"US",2020-12-12,"50-64","inc hosp",0,63498859
"US",2020-12-19,"50-64","rate hosp",0,63498859
"US",2020-12-19,"50-64","inc hosp",0,63498859
"US",2020-12-26,"50-64","rate hosp",0,63498859
"US",2020-12-26,"50-64","inc hosp",0,63498859
"US",2021-01-02,"50-64","rate hosp",0,63498859
"US",2021-01-02,"50-64","inc hosp",0,63498859
"US",2021-01-09,"50-64","rate hosp",0,63376896
"US",2021-01-09,"50-64","inc hosp",0,63376896
"US",2021-01-16,"50-64","rate hosp",0,63376896
"US",2021-01-16,"50-64","inc hosp",0,63376896
"US",2021-01-23,"50-64","rate hosp",0,63376896
"US",2021-01-23,"50-64","inc hosp",0,63376896
"US",2021-01-30,"50-64","rate hosp",0,63376896
"US",2021-01-30,"50-64","inc hosp",0,63376896
"US",2021-02-06,"50-64","rate hosp",0,63376896
"US",2021-02-06,"50-64","inc hosp",0,63376896
"US",2021-02-13,"50-64","rate hosp",0,63376896
"US",2021-02-13,"50-64","inc hosp",0,63376896
"US",2021-02-20,"50-64","rate hosp",0,63376896
"US",2021-02-20,"50-64","inc hosp",0,63376896
"US",2021-02-27,"50-64","rate hosp",0,63376896
"US",2021-02-27,"50-64","inc hosp",0,63376896
"US",2021-03-06,"50-64","rate hosp",0,63376896
"US",2021-03-06,"50-64","inc hosp",0,63376896
"US",2021-03-13,"50-64","rate hosp",0,63376896
"US",2021-03-13,"50-64","inc hosp",0,63376896
"US",2021-03-20,"50-64","rate hosp",0,63376896
"US",2021-03-20,"50-64","inc hosp",0,63376896
"US",2021-03-27,"50-64","rate hosp",0,63376896
"US",2021-03-27,"50-64","inc hosp",0,63376896
"US",2021-04-03,"50-64","rate hosp",0,63376896
"US",2021-04-03,"50-64","inc hosp",0,63376896
"US",2021-04-10,"50-64","rate hosp",0,63376896
"US",2021-04-10,"50-64","inc hosp",0,63376896
"US",2021-04-17,"50-64","rate hosp",0,63376896
"US",2021-04-17,"50-64","inc hosp",0,63376896
"US",2021-04-24,"50-64","rate hosp",0,63376896
"US",2021-04-24,"50-64","inc hosp",0,63376896
"US",2021-05-01,"50-64","rate hosp",0,63376896
"US",2021-05-01,"50-64","inc hosp",0,63376896
"US",2021-05-08,"50-64","rate hosp",0,63376896
"US",2021-05-08,"50-64","inc hosp",0,63376896
"US",2021-05-15,"50-64","rate hosp",0,63376896
"US",2021-05-15,"50-64","inc hosp",0,63376896
"US",2021-05-22,"50-64","rate hosp",0,63376896
"US",2021-05-22,"50-64","inc hosp",0,63376896
"US",2021-05-29,"50-64","rate hosp",0.1,63376896
"US",2021-05-29,"50-64","inc hosp",63.376896,63376896
"US",2021-06-05,"50-64","rate hosp",0,63376896
"US",2021-06-05,"50-64","inc hosp",0,63376896
"US",2021-06-12,"50-64","rate hosp",0,63376896
"US",2021-06-12,"50-64","inc hosp",0,63376896
"US",2021-06-19,"50-64","rate hosp",0.1,63376896
"US",2021-06-19,"50-64","inc hosp",63.376896,63376896
"US",2021-06-26,"50-64","rate hosp",0.1,63376896
"US",2021-06-26,"50-64","inc hosp",63.376896,63376896
"US",2021-07-03,"50-64","rate hosp",0,63376896
"US",2021-07-03,"50-64","inc hosp",0,63376896
"US",2021-07-10,"50-64","rate hosp",0.1,63376896
"US",2021-07-10,"50-64","inc hosp",63.376896,63376896
"US",2021-07-17,"50-64","rate hosp",0.2,63376896
"US",2021-07-17,"50-64","inc hosp",126.753792,63376896
"US",2021-07-24,"50-64","rate hosp",0.2,63376896
"US",2021-07-24,"50-64","inc hosp",126.753792,63376896
"US",2021-07-31,"50-64","rate hosp",0.2,63376896
"US",2021-07-31,"50-64","inc hosp",126.753792,63376896
"US",2021-08-07,"50-64","rate hosp",0.3,63376896
"US",2021-08-07,"50-64","inc hosp",190.130688,63376896
"US",2021-08-14,"50-64","rate hosp",0.3,63376896
"US",2021-08-14,"50-64","inc hosp",190.130688,63376896
"US",2021-08-21,"50-64","rate hosp",0.1,63376896
"US",2021-08-21,"50-64","inc hosp",63.376896,63376896
"US",2021-08-28,"50-64","rate hosp",0.1,63376896
"US",2021-08-28,"50-64","inc hosp",63.376896,63376896
"US",2021-09-04,"50-64","rate hosp",0.2,63376896
"US",2021-09-04,"50-64","inc hosp",126.753792,63376896
"US",2021-09-11,"50-64","rate hosp",0.1,63376896
"US",2021-09-11,"50-64","inc hosp",63.376896,63376896
"US",2021-09-18,"50-64","rate hosp",0.2,63376896
"US",2021-09-18,"50-64","inc hosp",126.753792,63376896
"US",2021-09-25,"50-64","rate hosp",0.1,63376896
"US",2021-09-25,"50-64","inc hosp",63.376896,63376896
"US",2021-10-02,"50-64","rate hosp",0.3,63376896
"US",2021-10-02,"50-64","inc hosp",190.130688,63376896
"US",2021-10-09,"50-64","rate hosp",0.3,63376896
"US",2021-10-09,"50-64","inc hosp",190.130688,63376896
"US",2021-10-16,"50-64","rate hosp",0.3,63376896
"US",2021-10-16,"50-64","inc hosp",190.130688,63376896
"US",2021-10-23,"50-64","rate hosp",0.5,63376896
"US",2021-10-23,"50-64","inc hosp",316.88448,63376896
"US",2021-10-30,"50-64","rate hosp",0.5,63376896
"US",2021-10-30,"50-64","inc hosp",316.88448,63376896
"US",2021-11-06,"50-64","rate hosp",0.5,63376896
"US",2021-11-06,"50-64","inc hosp",316.88448,63376896
"US",2021-11-13,"50-64","rate hosp",0.4,63376896
"US",2021-11-13,"50-64","inc hosp",253.507584,63376896
"US",2021-11-20,"50-64","rate hosp",0.4,63376896
"US",2021-11-20,"50-64","inc hosp",253.507584,63376896
"US",2021-11-27,"50-64","rate hosp",0.5,63376896
"US",2021-11-27,"50-64","inc hosp",316.88448,63376896
"US",2021-12-04,"50-64","rate hosp",0.5,63376896
"US",2021-12-04,"50-64","inc hosp",316.88448,63376896
"US",2021-12-11,"50-64","rate hosp",0.5,63376896
"US",2021-12-11,"50-64","inc hosp",316.88448,63376896
"US",2021-12-18,"50-64","rate hosp",0.6,63376896
"US",2021-12-18,"50-64","inc hosp",380.261376,63376896
"US",2021-12-25,"50-64","rate hosp",0.6,63376896
"US",2021-12-25,"50-64","inc hosp",380.261376,63376896
"US",2022-01-01,"50-64","rate hosp",0.6,63376896
"US",2022-01-01,"50-64","inc hosp",380.261376,63376896
"US",2022-01-08,"50-64","rate hosp",0.6,62879749
"US",2022-01-08,"50-64","inc hosp",377.278494,62879749
"US",2022-01-15,"50-64","rate hosp",0.3,62879749
"US",2022-01-15,"50-64","inc hosp",188.639247,62879749
"US",2022-01-22,"50-64","rate hosp",0.2,62879749
"US",2022-01-22,"50-64","inc hosp",125.759498,62879749
"US",2022-01-29,"50-64","rate hosp",0.1,62879749
"US",2022-01-29,"50-64","inc hosp",62.879749,62879749
"US",2022-02-05,"50-64","rate hosp",0.1,62879749
"US",2022-02-05,"50-64","inc hosp",62.879749,62879749
"US",2022-02-12,"50-64","rate hosp",0.1,62879749
"US",2022-02-12,"50-64","inc hosp",62.879749,62879749
"US",2022-02-19,"50-64","rate hosp",0.1,62879749
"US",2022-02-19,"50-64","inc hosp",62.879749,62879749
"US",2022-02-26,"50-64","rate hosp",0.1,62879749
"US",2022-02-26,"50-64","inc hosp",62.879749,62879749
"US",2022-03-05,"50-64","rate hosp",0.1,62879749
"US",2022-03-05,"50-64","inc hosp",62.879749,62879749
"US",2022-03-12,"50-64","rate hosp",0.1,62879749
"US",2022-03-12,"50-64","inc hosp",62.879749,62879749
"US",2022-03-19,"50-64","rate hosp",0.2,62879749
"US",2022-03-19,"50-64","inc hosp",125.759498,62879749
"US",2022-03-26,"50-64","rate hosp",0.1,62879749
"US",2022-03-26,"50-64","inc hosp",62.879749,62879749
"US",2022-04-02,"50-64","rate hosp",0.1,62879749
"US",2022-04-02,"50-64","inc hosp",62.879749,62879749
"US",2022-04-09,"50-64","rate hosp",0.1,62879749
"US",2022-04-09,"50-64","inc hosp",62.879749,62879749
"US",2022-04-16,"50-64","rate hosp",0,62879749
"US",2022-04-16,"50-64","inc hosp",0,62879749
"US",2022-04-23,"50-64","rate hosp",0.1,62879749
"US",2022-04-23,"50-64","inc hosp",62.879749,62879749
"US",2022-04-30,"50-64","rate hosp",0.1,62879749
"US",2022-04-30,"50-64","inc hosp",62.879749,62879749
"US",2022-05-07,"50-64","rate hosp",0,62879749
"US",2022-05-07,"50-64","inc hosp",0,62879749
"US",2022-05-14,"50-64","rate hosp",0.1,62879749
"US",2022-05-14,"50-64","inc hosp",62.879749,62879749
"US",2022-05-21,"50-64","rate hosp",0,62879749
"US",2022-05-21,"50-64","inc hosp",0,62879749
"US",2022-05-28,"50-64","rate hosp",0,62879749
"US",2022-05-28,"50-64","inc hosp",0,62879749
"US",2022-06-04,"50-64","rate hosp",0.1,62879749
"US",2022-06-04,"50-64","inc hosp",62.879749,62879749
"US",2022-06-11,"50-64","rate hosp",0.1,62879749
"US",2022-06-11,"50-64","inc hosp",62.879749,62879749
"US",2022-06-18,"50-64","rate hosp",0,62879749
"US",2022-06-18,"50-64","inc hosp",0,62879749
"US",2022-06-25,"50-64","rate hosp",0.1,62879749
"US",2022-06-25,"50-64","inc hosp",62.879749,62879749
"US",2022-07-02,"50-64","rate hosp",0.1,62879749
"US",2022-07-02,"50-64","inc hosp",62.879749,62879749
"US",2022-07-09,"50-64","rate hosp",0.1,62879749
"US",2022-07-09,"50-64","inc hosp",62.879749,62879749
"US",2022-07-16,"50-64","rate hosp",0.1,62879749
"US",2022-07-16,"50-64","inc hosp",62.879749,62879749
"US",2022-07-23,"50-64","rate hosp",0.2,62879749
"US",2022-07-23,"50-64","inc hosp",125.759498,62879749
"US",2022-07-30,"50-64","rate hosp",0.1,62879749
"US",2022-07-30,"50-64","inc hosp",62.879749,62879749
"US",2022-08-06,"50-64","rate hosp",0.1,62879749
"US",2022-08-06,"50-64","inc hosp",62.879749,62879749
"US",2022-08-13,"50-64","rate hosp",0.1,62879749
"US",2022-08-13,"50-64","inc hosp",62.879749,62879749
"US",2022-08-20,"50-64","rate hosp",0.3,62879749
"US",2022-08-20,"50-64","inc hosp",188.639247,62879749
"US",2022-08-27,"50-64","rate hosp",0.1,62879749
"US",2022-08-27,"50-64","inc hosp",62.879749,62879749
"US",2022-09-03,"50-64","rate hosp",0.2,62879749
"US",2022-09-03,"50-64","inc hosp",125.759498,62879749
"US",2022-09-10,"50-64","rate hosp",0.3,62879749
"US",2022-09-10,"50-64","inc hosp",188.639247,62879749
"US",2022-09-17,"50-64","rate hosp",0.2,62879749
"US",2022-09-17,"50-64","inc hosp",125.759498,62879749
"US",2022-09-24,"50-64","rate hosp",0.1,62879749
"US",2022-09-24,"50-64","inc hosp",62.879749,62879749
"US",2022-10-01,"50-64","rate hosp",0.2,62879749
"US",2022-10-01,"50-64","inc hosp",125.759498,62879749
"US",2022-10-08,"50-64","rate hosp",0.2,62879749
"US",2022-10-08,"50-64","inc hosp",125.759498,62879749
"US",2022-10-15,"50-64","rate hosp",0.6,62879749
"US",2022-10-15,"50-64","inc hosp",377.278494,62879749
"US",2022-10-22,"50-64","rate hosp",0.7,62879749
"US",2022-10-22,"50-64","inc hosp",440.158243,62879749
"US",2022-10-29,"50-64","rate hosp",0.8,62879749
"US",2022-10-29,"50-64","inc hosp",503.037992,62879749
"US",2022-11-05,"50-64","rate hosp",0.8,62879749
"US",2022-11-05,"50-64","inc hosp",503.037992,62879749
"US",2022-11-12,"50-64","rate hosp",1.2,62879749
"US",2022-11-12,"50-64","inc hosp",754.556988,62879749
"US",2022-11-19,"50-64","rate hosp",1.3,62879749
"US",2022-11-19,"50-64","inc hosp",817.436737,62879749
"US",2022-11-26,"50-64","rate hosp",1.1,62879749
"US",2022-11-26,"50-64","inc hosp",691.677239,62879749
"US",2022-12-03,"50-64","rate hosp",1.7,62879749
"US",2022-12-03,"50-64","inc hosp",1068.955733,62879749
"US",2022-12-10,"50-64","rate hosp",1.6,62879749
"US",2022-12-10,"50-64","inc hosp",1006.075984,62879749
"US",2022-12-17,"50-64","rate hosp",1.2,62879749
"US",2022-12-17,"50-64","inc hosp",754.556988,62879749
"US",2022-12-24,"50-64","rate hosp",0.9,62879749
"US",2022-12-24,"50-64","inc hosp",565.917741,62879749
"US",2022-12-31,"50-64","rate hosp",1.1,62879749
"US",2022-12-31,"50-64","inc hosp",691.677239,62879749
"US",2023-01-07,"50-64","rate hosp",0.9,62879749
"US",2023-01-07,"50-64","inc hosp",565.917741,62879749
"US",2023-01-14,"50-64","rate hosp",0.6,62879749
"US",2023-01-14,"50-64","inc hosp",377.278494,62879749
"US",2023-01-21,"50-64","rate hosp",0.5,62879749
"US",2023-01-21,"50-64","inc hosp",314.398745,62879749
"US",2023-01-28,"50-64","rate hosp",0.5,62879749
"US",2023-01-28,"50-64","inc hosp",314.398745,62879749
"US",2023-02-04,"50-64","rate hosp",0.4,62879749
"US",2023-02-04,"50-64","inc hosp",251.518996,62879749
"US",2023-02-11,"50-64","rate hosp",0.3,62879749
"US",2023-02-11,"50-64","inc hosp",188.639247,62879749
"US",2023-02-18,"50-64","rate hosp",0.3,62879749
"US",2023-02-18,"50-64","inc hosp",188.639247,62879749
"US",2023-02-25,"50-64","rate hosp",0.3,62879749
"US",2023-02-25,"50-64","inc hosp",188.639247,62879749
"US",2023-03-04,"50-64","rate hosp",0.2,62879749
"US",2023-03-04,"50-64","inc hosp",125.759498,62879749
"US",2023-03-11,"50-64","rate hosp",0.1,62879749
"US",2023-03-11,"50-64","inc hosp",62.879749,62879749
"US",2023-03-18,"50-64","rate hosp",0.3,62879749
"US",2023-03-18,"50-64","inc hosp",188.639247,62879749
"US",2023-03-25,"50-64","rate hosp",0.1,62879749
"US",2023-03-25,"50-64","inc hosp",62.879749,62879749
"US",2023-04-01,"50-64","rate hosp",0.1,62879749
"US",2023-04-01,"50-64","inc hosp",62.879749,62879749
"US",2023-04-08,"50-64","rate hosp",0.1,62879749
"US",2023-04-08,"50-64","inc hosp",62.879749,62879749
"US",2023-04-15,"50-64","rate hosp",0.1,62879749
"US",2023-04-15,"50-64","inc hosp",62.879749,62879749
"US",2023-04-22,"50-64","rate hosp",0.1,62879749
"US",2023-04-22,"50-64","inc hosp",62.879749,62879749
"US",2023-04-29,"50-64","rate hosp",0,62879749
"US",2023-04-29,"50-64","inc hosp",0,62879749
"US",2023-05-06,"50-64","rate hosp",0.1,62879749
"US",2023-05-06,"50-64","inc hosp",62.879749,62879749
"US",2023-05-13,"50-64","rate hosp",0.1,62879749
"US",2023-05-13,"50-64","inc hosp",62.879749,62879749
"US",2023-05-20,"50-64","rate hosp",0.1,62879749
"US",2023-05-20,"50-64","inc hosp",62.879749,62879749
"US",2023-05-27,"50-64","rate hosp",0.1,62879749
"US",2023-05-27,"50-64","inc hosp",62.879749,62879749
"US",2023-06-03,"50-64","rate hosp",0,62879749
"US",2023-06-03,"50-64","inc hosp",0,62879749
"US",2023-06-10,"50-64","rate hosp",0,62879749
"US",2023-06-10,"50-64","inc hosp",0,62879749
"US",2023-06-17,"50-64","rate hosp",0,62879749
"US",2023-06-17,"50-64","inc hosp",0,62879749
"US",2023-06-24,"50-64","rate hosp",0,62879749
"US",2023-06-24,"50-64","inc hosp",0,62879749
"US",2023-07-01,"50-64","rate hosp",0,62879749
"US",2023-07-01,"50-64","inc hosp",0,62879749
"US",2023-07-08,"50-64","rate hosp",0,62879749
"US",2023-07-08,"50-64","inc hosp",0,62879749
"US",2023-07-15,"50-64","rate hosp",0,62879749
"US",2023-07-15,"50-64","inc hosp",0,62879749
"US",2023-07-22,"50-64","rate hosp",0,62879749
"US",2023-07-22,"50-64","inc hosp",0,62879749
"US",2023-07-29,"50-64","rate hosp",0,62879749
"US",2023-07-29,"50-64","inc hosp",0,62879749
"US",2023-08-05,"50-64","rate hosp",0.1,62879749
"US",2023-08-05,"50-64","inc hosp",62.879749,62879749
"US",2023-08-12,"50-64","rate hosp",0,62879749
"US",2023-08-12,"50-64","inc hosp",0,62879749
"US",2023-08-19,"50-64","rate hosp",0,62879749
"US",2023-08-19,"50-64","inc hosp",0,62879749
"US",2023-08-26,"50-64","rate hosp",0,62879749
"US",2023-08-26,"50-64","inc hosp",0,62879749
"US",2023-09-02,"50-64","rate hosp",0.2,62879749
"US",2023-09-02,"50-64","inc hosp",125.759498,62879749
"US",2023-09-09,"50-64","rate hosp",0.2,62879749
"US",2023-09-09,"50-64","inc hosp",125.759498,62879749
"US",2023-09-16,"50-64","rate hosp",0.2,62879749
"US",2023-09-16,"50-64","inc hosp",125.759498,62879749
"US",2023-09-23,"50-64","rate hosp",0.2,62879749
"US",2023-09-23,"50-64","inc hosp",125.759498,62879749
"US",2023-09-30,"50-64","rate hosp",0.2,62879749
"US",2023-09-30,"50-64","inc hosp",125.759498,62879749
"US",2023-10-07,"50-64","rate hosp",0.5,62879749
"US",2023-10-07,"50-64","inc hosp",314.398745,62879749
"US",2023-10-14,"50-64","rate hosp",0.5,62879749
"US",2023-10-14,"50-64","inc hosp",314.398745,62879749
"US",2023-10-21,"50-64","rate hosp",0.4,62879749
"US",2023-10-21,"50-64","inc hosp",251.518996,62879749
"US",2023-10-28,"50-64","rate hosp",0.4,62879749
"US",2023-10-28,"50-64","inc hosp",251.518996,62879749
"US",2023-11-04,"50-64","rate hosp",0.8,62879749
"US",2023-11-04,"50-64","inc hosp",503.037992,62879749
"US",2023-11-11,"50-64","rate hosp",0.9,62879749
"US",2023-11-11,"50-64","inc hosp",565.917741,62879749
"US",2023-11-18,"50-64","rate hosp",1.1,62879749
"US",2023-11-18,"50-64","inc hosp",691.677239,62879749
"US",2023-11-25,"50-64","rate hosp",1.3,62879749
"US",2023-11-25,"50-64","inc hosp",817.436737,62879749
"US",2023-12-02,"50-64","rate hosp",1.9,62879749
"US",2023-12-02,"50-64","inc hosp",1194.715231,62879749
"US",2023-12-09,"50-64","rate hosp",2,62879749
"US",2023-12-09,"50-64","inc hosp",1257.59498,62879749
"US",2023-12-16,"50-64","rate hosp",2.1,62879749
"US",2023-12-16,"50-64","inc hosp",1320.474729,62879749
"US",2023-12-23,"50-64","rate hosp",2.6,62879749
"US",2023-12-23,"50-64","inc hosp",1634.873474,62879749
"US",2023-12-30,"50-64","rate hosp",2.3,62879749
"US",2023-12-30,"50-64","inc hosp",1446.234227,62879749
"US",2024-01-06,"50-64","rate hosp",2.7,62879749
"US",2024-01-06,"50-64","inc hosp",1697.753223,62879749
"US",2024-01-13,"50-64","rate hosp",1.6,62879749
"US",2024-01-13,"50-64","inc hosp",1006.075984,62879749
"US",2024-01-20,"50-64","rate hosp",1.8,62879749
"US",2024-01-20,"50-64","inc hosp",1131.835482,62879749
"US",2024-01-27,"50-64","rate hosp",1.4,62879749
"US",2024-01-27,"50-64","inc hosp",880.316486,62879749
"US",2024-02-03,"50-64","rate hosp",1.3,62879749
"US",2024-02-03,"50-64","inc hosp",817.436737,62879749
"US",2024-02-10,"50-64","rate hosp",1.2,62879749
"US",2024-02-10,"50-64","inc hosp",754.556988,62879749
"US",2024-02-17,"50-64","rate hosp",1,62879749
"US",2024-02-17,"50-64","inc hosp",628.79749,62879749
"US",2024-02-24,"50-64","rate hosp",0.9,62879749
"US",2024-02-24,"50-64","inc hosp",565.917741,62879749
"US",2024-03-02,"50-64","rate hosp",0.6,62879749
"US",2024-03-02,"50-64","inc hosp",377.278494,62879749
"US",2024-03-09,"50-64","rate hosp",0.5,62879749
"US",2024-03-09,"50-64","inc hosp",314.398745,62879749
"US",2024-03-16,"50-64","rate hosp",0.6,62879749
"US",2024-03-16,"50-64","inc hosp",377.278494,62879749
"US",2024-03-23,"50-64","rate hosp",0.5,62879749
"US",2024-03-23,"50-64","inc hosp",314.398745,62879749
"US",2024-03-30,"50-64","rate hosp",0.2,62879749
"US",2024-03-30,"50-64","inc hosp",125.759498,62879749
"US",2024-04-06,"50-64","rate hosp",0.2,62879749
"US",2024-04-06,"50-64","inc hosp",125.759498,62879749
"US",2024-04-13,"50-64","rate hosp",0.2,62879749
"US",2024-04-13,"50-64","inc hosp",125.759498,62879749
"US",2024-04-20,"50-64","rate hosp",0.1,62879749
"US",2024-04-20,"50-64","inc hosp",62.879749,62879749
"US",2024-04-27,"50-64","rate hosp",0.1,62879749
"US",2024-04-27,"50-64","inc hosp",62.879749,62879749
"US",2024-05-04,"50-64","rate hosp",0.1,62879749
"US",2024-05-04,"50-64","inc hosp",62.879749,62879749
"US",2024-05-11,"50-64","rate hosp",0.1,62879749
"US",2024-05-11,"50-64","inc hosp",62.879749,62879749
"US",2024-05-18,"50-64","rate hosp",0,62879749
"US",2024-05-18,"50-64","inc hosp",0,62879749
"US",2024-05-25,"50-64","rate hosp",0.1,62879749
"US",2024-05-25,"50-64","inc hosp",62.879749,62879749
"US",2024-06-01,"50-64","rate hosp",0,62879749
"US",2024-06-01,"50-64","inc hosp",0,62879749
"US",2024-06-08,"50-64","rate hosp",0,62879749
"US",2024-06-08,"50-64","inc hosp",0,62879749
"US",2024-06-15,"50-64","rate hosp",0,62879749
"US",2024-06-15,"50-64","inc hosp",0,62879749
"US",2024-06-22,"50-64","rate hosp",0,62879749
"US",2024-06-22,"50-64","inc hosp",0,62879749
"US",2024-06-29,"50-64","rate hosp",0,62879749
"US",2024-06-29,"50-64","inc hosp",0,62879749
"US",2024-07-06,"50-64","rate hosp",0,62879749
"US",2024-07-06,"50-64","inc hosp",0,62879749
"US",2024-07-13,"50-64","rate hosp",0,62879749
"US",2024-07-13,"50-64","inc hosp",0,62879749
"US",2024-07-20,"50-64","rate hosp",0,62879749
"US",2024-07-20,"50-64","inc hosp",0,62879749
"US",2024-07-27,"50-64","rate hosp",0,62879749
"US",2024-07-27,"50-64","inc hosp",0,62879749
"US",2024-08-03,"50-64","rate hosp",0.1,62879749
"US",2024-08-03,"50-64","inc hosp",62.879749,62879749
"US",2024-08-10,"50-64","rate hosp",0,62879749
"US",2024-08-10,"50-64","inc hosp",0,62879749
"US",2024-08-17,"50-64","rate hosp",0,62879749
"US",2024-08-17,"50-64","inc hosp",0,62879749
"US",2024-08-24,"50-64","rate hosp",0,62879749
"US",2024-08-24,"50-64","inc hosp",0,62879749
"US",2024-08-31,"50-64","rate hosp",0,62879749
"US",2024-08-31,"50-64","inc hosp",0,62879749
"US",2024-09-07,"50-64","rate hosp",0.1,62879749
"US",2024-09-07,"50-64","inc hosp",62.879749,62879749
"US",2024-09-14,"50-64","rate hosp",0,62879749
"US",2024-09-14,"50-64","inc hosp",0,62879749
"US",2024-09-21,"50-64","rate hosp",0,62879749
"US",2024-09-21,"50-64","inc hosp",0,62879749
"US",2024-09-28,"50-64","rate hosp",0.1,62879749
"US",2024-09-28,"50-64","inc hosp",62.879749,62879749
"US",2024-10-05,"50-64","rate hosp",0,62879749
"US",2024-10-05,"50-64","inc hosp",0,62879749
"US",2024-10-12,"50-64","rate hosp",0.1,62879749
"US",2024-10-12,"50-64","inc hosp",62.879749,62879749
"US",2024-10-19,"50-64","rate hosp",0.1,62879749
"US",2024-10-19,"50-64","inc hosp",62.879749,62879749
"US",2024-10-26,"50-64","rate hosp",0.2,62879749
"US",2024-10-26,"50-64","inc hosp",125.759498,62879749
"US",2024-11-02,"50-64","rate hosp",0.2,62879749
"US",2024-11-02,"50-64","inc hosp",125.759498,62879749
"US",2024-11-09,"50-64","rate hosp",0.3,62879749
"US",2024-11-09,"50-64","inc hosp",188.639247,62879749
"US",2024-11-16,"50-64","rate hosp",0.5,62879749
"US",2024-11-16,"50-64","inc hosp",314.398745,62879749
"US",2024-11-23,"50-64","rate hosp",0.4,62879749
"US",2024-11-23,"50-64","inc hosp",251.518996,62879749
"US",2024-11-30,"50-64","rate hosp",0.8,62879749
"US",2024-11-30,"50-64","inc hosp",503.037992,62879749
"US",2024-12-07,"50-64","rate hosp",1,62879749
"US",2024-12-07,"50-64","inc hosp",628.79749,62879749
"US",2024-12-14,"50-64","rate hosp",1.5,62879749
"US",2024-12-14,"50-64","inc hosp",943.196235,62879749
"US",2024-12-21,"50-64","rate hosp",1.6,62879749
"US",2024-12-21,"50-64","inc hosp",1006.075984,62879749
"US",2024-12-28,"50-64","rate hosp",1.8,62879749
"US",2024-12-28,"50-64","inc hosp",1131.835482,62879749
"US",2025-01-04,"50-64","rate hosp",2.6,62879749
"US",2025-01-04,"50-64","inc hosp",1634.873474,62879749
"US",2025-01-11,"50-64","rate hosp",2,62879749
"US",2025-01-11,"50-64","inc hosp",1257.59498,62879749
"US",2025-01-18,"50-64","rate hosp",2.1,62879749
"US",2025-01-18,"50-64","inc hosp",1320.474729,62879749
"US",2025-01-25,"50-64","rate hosp",1.8,62879749
"US",2025-01-25,"50-64","inc hosp",1131.835482,62879749
"US",2025-02-01,"50-64","rate hosp",1.9,62879749
"US",2025-02-01,"50-64","inc hosp",1194.715231,62879749
"US",2025-02-08,"50-64","rate hosp",1.7,62879749
"US",2025-02-08,"50-64","inc hosp",1068.955733,62879749
"US",2025-02-15,"50-64","rate hosp",1.5,62879749
"US",2025-02-15,"50-64","inc hosp",943.196235,62879749
"US",2025-02-22,"50-64","rate hosp",1.7,62879749
"US",2025-02-22,"50-64","inc hosp",1068.955733,62879749
"US",2025-03-01,"50-64","rate hosp",1.5,62879749
"US",2025-03-01,"50-64","inc hosp",943.196235,62879749
"US",2025-03-08,"50-64","rate hosp",1.3,62879749
"US",2025-03-08,"50-64","inc hosp",817.436737,62879749
"US",2025-03-15,"50-64","rate hosp",1.1,62879749
"US",2025-03-15,"50-64","inc hosp",691.677239,62879749
"US",2025-03-22,"50-64","rate hosp",0.9,62879749
"US",2025-03-22,"50-64","inc hosp",565.917741,62879749
"US",2025-03-29,"50-64","rate hosp",0.7,62879749
"US",2025-03-29,"50-64","inc hosp",440.158243,62879749
"US",2025-04-05,"50-64","rate hosp",0.6,62879749
"US",2025-04-05,"50-64","inc hosp",377.278494,62879749
"US",2025-04-12,"50-64","rate hosp",0.5,62879749
"US",2025-04-12,"50-64","inc hosp",314.398745,62879749
"US",2025-04-19,"50-64","rate hosp",0.2,62879749
"US",2025-04-19,"50-64","inc hosp",125.759498,62879749
"US",2025-04-26,"50-64","rate hosp",0.3,62879749
"US",2025-04-26,"50-64","inc hosp",188.639247,62879749
"US",2025-05-03,"50-64","rate hosp",0.1,62879749
"US",2025-05-03,"50-64","inc hosp",62.879749,62879749
"US",2025-05-10,"50-64","rate hosp",0.1,62879749
"US",2025-05-10,"50-64","inc hosp",62.879749,62879749
"US",2025-05-17,"50-64","rate hosp",0.1,62879749
"US",2025-05-17,"50-64","inc hosp",62.879749,62879749
"US",2025-05-24,"50-64","rate hosp",0,62879749
"US",2025-05-24,"50-64","inc hosp",0,62879749
"US",2025-05-31,"50-64","rate hosp",0.1,62879749
"US",2025-05-31,"50-64","inc hosp",62.879749,62879749
"US",2025-06-07,"50-64","rate hosp",0,62879749
"US",2025-06-07,"50-64","inc hosp",0,62879749
"US",2025-06-14,"50-64","rate hosp",0,62879749
"US",2025-06-14,"50-64","inc hosp",0,62879749
"US",2025-06-21,"50-64","rate hosp",0,62879749
"US",2025-06-21,"50-64","inc hosp",0,62879749
"US",2025-06-28,"50-64","rate hosp",0,62879749
"US",2025-06-28,"50-64","inc hosp",0,62879749
"US",2025-07-05,"50-64","rate hosp",0,62879749
"US",2025-07-05,"50-64","inc hosp",0,62879749
"US",2025-07-12,"50-64","rate hosp",0,62879749
"US",2025-07-12,"50-64","inc hosp",0,62879749
"US",2025-07-19,"50-64","rate hosp",0,62879749
"US",2025-07-19,"50-64","inc hosp",0,62879749
"US",2025-07-26,"50-64","rate hosp",0.1,62879749
"US",2025-07-26,"50-64","inc hosp",62.879749,62879749
"US",2025-08-02,"50-64","rate hosp",0,62879749
"US",2025-08-02,"50-64","inc hosp",0,62879749
"US",2025-08-09,"50-64","rate hosp",0,62879749
"US",2025-08-09,"50-64","inc hosp",0,62879749
"US",2025-08-16,"50-64","rate hosp",0,62879749
"US",2025-08-16,"50-64","inc hosp",0,62879749
"US",2025-08-23,"50-64","rate hosp",0.1,62879749
"US",2025-08-23,"50-64","inc hosp",62.879749,62879749
"US",2025-08-30,"50-64","rate hosp",0.1,62879749
"US",2025-08-30,"50-64","inc hosp",62.879749,62879749
"US",2025-09-06,"50-64","rate hosp",0,62879749
"US",2025-09-06,"50-64","inc hosp",0,62879749
"US",2025-09-13,"50-64","rate hosp",0,62879749
"US",2025-09-13,"50-64","inc hosp",0,62879749
"US",2025-09-20,"50-64","rate hosp",0,62879749
"US",2025-09-20,"50-64","inc hosp",0,62879749
"US",2025-09-27,"50-64","rate hosp",0,62879749
"US",2025-09-27,"50-64","inc hosp",0,62879749
"US",2025-10-04,"50-64","rate hosp",0.1,62879749
"US",2025-10-04,"50-64","inc hosp",62.879749,62879749
"US",2025-10-11,"50-64","rate hosp",0.1,62879749
"US",2025-10-11,"50-64","inc hosp",62.879749,62879749
"US",2025-10-18,"50-64","rate hosp",0,62879749
"US",2025-10-18,"50-64","inc hosp",0,62879749
"US",2025-10-25,"50-64","rate hosp",0.1,62879749
"US",2025-10-25,"50-64","inc hosp",62.879749,62879749
"US",2025-11-01,"50-64","rate hosp",0.1,62879749
"US",2025-11-01,"50-64","inc hosp",62.879749,62879749
"US",2025-11-08,"50-64","rate hosp",0.3,62879749
"US",2025-11-08,"50-64","inc hosp",188.639247,62879749
"US",2025-11-15,"50-64","rate hosp",0.1,62879749
"US",2025-11-15,"50-64","inc hosp",62.879749,62879749
"US",2025-11-22,"50-64","rate hosp",0.2,62879749
"US",2025-11-22,"50-64","inc hosp",125.759498,62879749
"US",2025-11-29,"50-64","rate hosp",0.4,62879749
"US",2025-11-29,"50-64","inc hosp",251.518996,62879749
"US",2025-12-06,"50-64","rate hosp",0.6,62879749
"US",2025-12-06,"50-64","inc hosp",377.278494,62879749
"US",2025-12-13,"50-64","rate hosp",0.7,62879749
"US",2025-12-13,"50-64","inc hosp",440.158243,62879749
"US",2025-12-20,"50-64","rate hosp",0.8,62879749
"US",2025-12-20,"50-64","inc hosp",503.037992,62879749
"US",2025-12-27,"50-64","rate hosp",1,62879749
"US",2025-12-27,"50-64","inc hosp",628.79749,62879749
"US",2026-01-03,"50-64","rate hosp",1.3,62879749
"US",2026-01-03,"50-64","inc hosp",817.436737,62879749
"US",2026-01-10,"50-64","rate hosp",1.4,62879749
"US",2026-01-10,"50-64","inc hosp",880.316486,62879749
"US",2026-01-17,"50-64","rate hosp",1.4,62879749
"US",2026-01-17,"50-64","inc hosp",880.316486,62879749
"US",2026-01-24,"50-64","rate hosp",1.2,62879749
"US",2026-01-24,"50-64","inc hosp",754.556988,62879749
"US",2026-01-31,"50-64","rate hosp",1.5,62879749
"US",2026-01-31,"50-64","inc hosp",943.196235,62879749
"US",2026-02-07,"50-64","rate hosp",2,62879749
"US",2026-02-07,"50-64","inc hosp",1257.59498,62879749
"US",2026-02-14,"50-64","rate hosp",1.9,62879749
"US",2026-02-14,"50-64","inc hosp",1194.715231,62879749
"US",2026-02-21,"50-64","rate hosp",1.9,62879749
"US",2026-02-21,"50-64","inc hosp",1194.715231,62879749
"US",2026-02-28,"50-64","rate hosp",1.8,62879749
"US",2026-02-28,"50-64","inc hosp",1131.835482,62879749
"US",2026-03-07,"50-64","rate hosp",1.8,62879749
"US",2026-03-07,"50-64","inc hosp",1131.835482,62879749
"US",2026-03-14,"50-64","rate hosp",1.7,62879749
"US",2026-03-14,"50-64","inc hosp",1068.955733,62879749
"US",2026-03-21,"50-64","rate hosp",1.6,62879749
"US",2026-03-21,"50-64","inc hosp",1006.075984,62879749
"US",2026-03-28,"50-64","rate hosp",1.3,62879749
"US",2026-03-28,"50-64","inc hosp",817.436737,62879749
"US",2026-04-04,"50-64","rate hosp",1.1,62879749
"US",2026-04-04,"50-64","inc hosp",691.677239,62879749
"US",2026-04-11,"50-64","rate hosp",0.9,62879749
"US",2026-04-11,"50-64","inc hosp",565.917741,62879749
"US",2026-04-18,"50-64","rate hosp",0.9,62879749
"US",2026-04-18,"50-64","inc hosp",565.917741,62879749
"US",2026-04-25,"50-64","rate hosp",0.5,62879749
"US",2026-04-25,"50-64","inc hosp",314.398745,62879749
"US",2026-05-02,"50-64","rate hosp",0.3,62879749
"US",2026-05-02,"50-64","inc hosp",188.639247,62879749
"US",2026-05-09,"50-64","rate hosp",0.3,62879749
"US",2026-05-09,"50-64","inc hosp",188.639247,62879749
"US",2026-05-16,"50-64","rate hosp",0.3,62879749
"US",2026-05-16,"50-64","inc hosp",188.639247,62879749
"US",2026-05-23,"50-64","rate hosp",0.2,62879749
"US",2026-05-23,"50-64","inc hosp",125.759498,62879749
"US",2026-05-30,"50-64","rate hosp",0.2,62879749
"US",2026-05-30,"50-64","inc hosp",125.759498,62879749
"US",2026-06-06,"50-64","rate hosp",0,62879749
"US",2026-06-06,"50-64","inc hosp",0,62879749
"US",2026-06-13,"50-64","rate hosp",0.1,62879749
"US",2026-06-13,"50-64","inc hosp",62.879749,62879749
"US",2026-06-20,"50-64","rate hosp",0.1,62879749
"US",2026-06-20,"50-64","inc hosp",62.879749,62879749
"US",2026-06-27,"50-64","rate hosp",0.1,62879749
"US",2026-06-27,"50-64","inc hosp",62.879749,62879749
"US",2026-07-04,"50-64","rate hosp",0,62879749
"US",2026-07-04,"50-64","inc hosp",0,62879749
"US",2026-07-11,"50-64","rate hosp",0,62879749
"US",2026-07-11,"50-64","inc hosp",0,62879749
"US",2026-07-18,"50-64","rate hosp",0,62879749
"US",2026-07-18,"50-64","inc hosp",0,62879749
"US",2026-07-25,"50-64","rate hosp",0,62879749
"US",2026-07-25,"50-64","inc hosp",0,62879749
"US",2026-08-01,"50-64","rate hosp",0,62879749
"US",2026-08-01,"50-64","inc hosp",0,62879749
"US",2026-08-08,"50-64","rate hosp",0,62879749
"US",2026-08-08,"50-64","inc hosp",0,62879749
"US",2026-08-15,"50-64","rate hosp",0,62879749
"US",2026-08-15,"50-64","inc hosp",0,62879749
"US",2026-08-22,"50-64","rate hosp",0,62879749
"US",2026-08-22,"50-64","inc hosp",0,62879749
"US",2018-10-06,"65-130","rate hosp",0,52354605
"US",2018-10-06,"65-130","inc hosp",0,52354605
"US",2018-10-13,"65-130","rate hosp",0.1,52354605
"US",2018-10-13,"65-130","inc hosp",52.354605,52354605
"US",2018-10-20,"65-130","rate hosp",0.2,52354605
"US",2018-10-20,"65-130","inc hosp",104.70921,52354605
"US",2018-10-27,"65-130","rate hosp",0.3,52354605
"US",2018-10-27,"65-130","inc hosp",157.063815,52354605
"US",2018-11-03,"65-130","rate hosp",0.2,52354605
"US",2018-11-03,"65-130","inc hosp",104.70921,52354605
"US",2018-11-10,"65-130","rate hosp",0.3,52354605
"US",2018-11-10,"65-130","inc hosp",157.063815,52354605
"US",2018-11-17,"65-130","rate hosp",0.3,52354605
"US",2018-11-17,"65-130","inc hosp",157.063815,52354605
"US",2018-11-24,"65-130","rate hosp",0.4,52354605
"US",2018-11-24,"65-130","inc hosp",209.41842,52354605
"US",2018-12-01,"65-130","rate hosp",1.2,52354605
"US",2018-12-01,"65-130","inc hosp",628.25526,52354605
"US",2018-12-08,"65-130","rate hosp",0.8,52354605
"US",2018-12-08,"65-130","inc hosp",418.83684,52354605
"US",2018-12-15,"65-130","rate hosp",1.1,52354605
"US",2018-12-15,"65-130","inc hosp",575.900655,52354605
"US",2018-12-22,"65-130","rate hosp",1.7,52354605
"US",2018-12-22,"65-130","inc hosp",890.028285,52354605
"US",2018-12-29,"65-130","rate hosp",2.5,52354605
"US",2018-12-29,"65-130","inc hosp",1308.865125,52354605
"US",2019-01-05,"65-130","rate hosp",3.4,54036735
"US",2019-01-05,"65-130","inc hosp",1837.24899,54036735
"US",2019-01-12,"65-130","rate hosp",3.2,54036735
"US",2019-01-12,"65-130","inc hosp",1729.17552,54036735
"US",2019-01-19,"65-130","rate hosp",2.3,54036735
"US",2019-01-19,"65-130","inc hosp",1242.844905,54036735
"US",2019-01-26,"65-130","rate hosp",2.3,54036735
"US",2019-01-26,"65-130","inc hosp",1242.844905,54036735
"US",2019-02-02,"65-130","rate hosp",2.2,54036735
"US",2019-02-02,"65-130","inc hosp",1188.80817,54036735
"US",2019-02-09,"65-130","rate hosp",2.2,54036735
"US",2019-02-09,"65-130","inc hosp",1188.80817,54036735
"US",2019-02-16,"65-130","rate hosp",2.5,54036735
"US",2019-02-16,"65-130","inc hosp",1350.918375,54036735
"US",2019-02-23,"65-130","rate hosp",2.2,54036735
"US",2019-02-23,"65-130","inc hosp",1188.80817,54036735
"US",2019-03-02,"65-130","rate hosp",2.2,54036735
"US",2019-03-02,"65-130","inc hosp",1188.80817,54036735
"US",2019-03-09,"65-130","rate hosp",1.5,54036735
"US",2019-03-09,"65-130","inc hosp",810.551025,54036735
"US",2019-03-16,"65-130","rate hosp",1.4,54036735
"US",2019-03-16,"65-130","inc hosp",756.51429,54036735
"US",2019-03-23,"65-130","rate hosp",1.6,54036735
"US",2019-03-23,"65-130","inc hosp",864.58776,54036735
"US",2019-03-30,"65-130","rate hosp",1.2,54036735
"US",2019-03-30,"65-130","inc hosp",648.44082,54036735
"US",2019-04-06,"65-130","rate hosp",1,54036735
"US",2019-04-06,"65-130","inc hosp",540.36735,54036735
"US",2019-04-13,"65-130","rate hosp",0.6,54036735
"US",2019-04-13,"65-130","inc hosp",324.22041,54036735
"US",2019-04-20,"65-130","rate hosp",0.5,54036735
"US",2019-04-20,"65-130","inc hosp",270.183675,54036735
"US",2019-04-27,"65-130","rate hosp",0.2,54036735
"US",2019-04-27,"65-130","inc hosp",108.07347,54036735
"US",2019-05-04,"65-130","rate hosp",0.1,54036735
"US",2019-05-04,"65-130","inc hosp",54.036735,54036735
"US",2019-10-05,"65-130","rate hosp",0.1,54036735
"US",2019-10-05,"65-130","inc hosp",54.036735,54036735
"US",2019-10-12,"65-130","rate hosp",0.2,54036735
"US",2019-10-12,"65-130","inc hosp",108.07347,54036735
"US",2019-10-19,"65-130","rate hosp",0.2,54036735
"US",2019-10-19,"65-130","inc hosp",108.07347,54036735
"US",2019-10-26,"65-130","rate hosp",0.2,54036735
"US",2019-10-26,"65-130","inc hosp",108.07347,54036735
"US",2019-11-02,"65-130","rate hosp",0.3,54036735
"US",2019-11-02,"65-130","inc hosp",162.110205,54036735
"US",2019-11-09,"65-130","rate hosp",0.3,54036735
"US",2019-11-09,"65-130","inc hosp",162.110205,54036735
"US",2019-11-16,"65-130","rate hosp",0.6,54036735
"US",2019-11-16,"65-130","inc hosp",324.22041,54036735
"US",2019-11-23,"65-130","rate hosp",0.7,54036735
"US",2019-11-23,"65-130","inc hosp",378.257145,54036735
"US",2019-11-30,"65-130","rate hosp",0.9,54036735
"US",2019-11-30,"65-130","inc hosp",486.330615,54036735
"US",2019-12-07,"65-130","rate hosp",1.8,54036735
"US",2019-12-07,"65-130","inc hosp",972.66123,54036735
"US",2019-12-14,"65-130","rate hosp",2,54036735
"US",2019-12-14,"65-130","inc hosp",1080.7347,54036735
"US",2019-12-21,"65-130","rate hosp",2.1,54036735
"US",2019-12-21,"65-130","inc hosp",1134.771435,54036735
"US",2019-12-28,"65-130","rate hosp",3.3,54036735
"US",2019-12-28,"65-130","inc hosp",1783.212255,54036735
"US",2020-01-04,"65-130","rate hosp",4.5,54826523
"US",2020-01-04,"65-130","inc hosp",2467.193535,54826523
"US",2020-01-11,"65-130","rate hosp",4.2,54826523
"US",2020-01-11,"65-130","inc hosp",2302.713966,54826523
"US",2020-01-18,"65-130","rate hosp",3.3,54826523
"US",2020-01-18,"65-130","inc hosp",1809.275259,54826523
"US",2020-01-25,"65-130","rate hosp",3,54826523
"US",2020-01-25,"65-130","inc hosp",1644.79569,54826523
"US",2020-02-01,"65-130","rate hosp",2.8,54826523
"US",2020-02-01,"65-130","inc hosp",1535.142644,54826523
"US",2020-02-08,"65-130","rate hosp",2.5,54826523
"US",2020-02-08,"65-130","inc hosp",1370.663075,54826523
"US",2020-02-15,"65-130","rate hosp",2.6,54826523
"US",2020-02-15,"65-130","inc hosp",1425.489598,54826523
"US",2020-02-22,"65-130","rate hosp",2.4,54826523
"US",2020-02-22,"65-130","inc hosp",1315.836552,54826523
"US",2020-02-29,"65-130","rate hosp",2.1,54826523
"US",2020-02-29,"65-130","inc hosp",1151.356983,54826523
"US",2020-03-07,"65-130","rate hosp",2.1,54826523
"US",2020-03-07,"65-130","inc hosp",1151.356983,54826523
"US",2020-03-14,"65-130","rate hosp",2,54826523
"US",2020-03-14,"65-130","inc hosp",1096.53046,54826523
"US",2020-03-21,"65-130","rate hosp",1.1,54826523
"US",2020-03-21,"65-130","inc hosp",603.091753,54826523
"US",2020-03-28,"65-130","rate hosp",0.6,54826523
"US",2020-03-28,"65-130","inc hosp",328.959138,54826523
"US",2020-04-04,"65-130","rate hosp",0.3,54826523
"US",2020-04-04,"65-130","inc hosp",164.479569,54826523
"US",2020-04-11,"65-130","rate hosp",0.1,54826523
"US",2020-04-11,"65-130","inc hosp",54.826523,54826523
"US",2020-04-18,"65-130","rate hosp",0,54826523
"US",2020-04-18,"65-130","inc hosp",0,54826523
"US",2020-04-25,"65-130","rate hosp",0,54826523
"US",2020-04-25,"65-130","inc hosp",0,54826523
"US",2020-05-02,"65-130","rate hosp",0,54826523
"US",2020-05-02,"65-130","inc hosp",0,54826523
"US",2020-10-03,"65-130","rate hosp",0,54826523
"US",2020-10-03,"65-130","inc hosp",0,54826523
"US",2020-10-10,"65-130","rate hosp",0,54826523
"US",2020-10-10,"65-130","inc hosp",0,54826523
"US",2020-10-17,"65-130","rate hosp",0,54826523
"US",2020-10-17,"65-130","inc hosp",0,54826523
"US",2020-10-24,"65-130","rate hosp",0,54826523
"US",2020-10-24,"65-130","inc hosp",0,54826523
"US",2020-10-31,"65-130","rate hosp",0,54826523
"US",2020-10-31,"65-130","inc hosp",0,54826523
"US",2020-11-07,"65-130","rate hosp",0,54826523
"US",2020-11-07,"65-130","inc hosp",0,54826523
"US",2020-11-14,"65-130","rate hosp",0,54826523
"US",2020-11-14,"65-130","inc hosp",0,54826523
"US",2020-11-21,"65-130","rate hosp",0,54826523
"US",2020-11-21,"65-130","inc hosp",0,54826523
"US",2020-11-28,"65-130","rate hosp",0,54826523
"US",2020-11-28,"65-130","inc hosp",0,54826523
"US",2020-12-05,"65-130","rate hosp",0,54826523
"US",2020-12-05,"65-130","inc hosp",0,54826523
"US",2020-12-12,"65-130","rate hosp",0,54826523
"US",2020-12-12,"65-130","inc hosp",0,54826523
"US",2020-12-19,"65-130","rate hosp",0,54826523
"US",2020-12-19,"65-130","inc hosp",0,54826523
"US",2020-12-26,"65-130","rate hosp",0,54826523
"US",2020-12-26,"65-130","inc hosp",0,54826523
"US",2021-01-02,"65-130","rate hosp",0,54826523
"US",2021-01-02,"65-130","inc hosp",0,54826523
"US",2021-01-09,"65-130","rate hosp",0,56229126
"US",2021-01-09,"65-130","inc hosp",0,56229126
"US",2021-01-16,"65-130","rate hosp",0,56229126
"US",2021-01-16,"65-130","inc hosp",0,56229126
"US",2021-01-23,"65-130","rate hosp",0,56229126
"US",2021-01-23,"65-130","inc hosp",0,56229126
"US",2021-01-30,"65-130","rate hosp",0,56229126
"US",2021-01-30,"65-130","inc hosp",0,56229126
"US",2021-02-06,"65-130","rate hosp",0,56229126
"US",2021-02-06,"65-130","inc hosp",0,56229126
"US",2021-02-13,"65-130","rate hosp",0,56229126
"US",2021-02-13,"65-130","inc hosp",0,56229126
"US",2021-02-20,"65-130","rate hosp",0,56229126
"US",2021-02-20,"65-130","inc hosp",0,56229126
"US",2021-02-27,"65-130","rate hosp",0,56229126
"US",2021-02-27,"65-130","inc hosp",0,56229126
"US",2021-03-06,"65-130","rate hosp",0,56229126
"US",2021-03-06,"65-130","inc hosp",0,56229126
"US",2021-03-13,"65-130","rate hosp",0,56229126
"US",2021-03-13,"65-130","inc hosp",0,56229126
"US",2021-03-20,"65-130","rate hosp",0,56229126
"US",2021-03-20,"65-130","inc hosp",0,56229126
"US",2021-03-27,"65-130","rate hosp",0,56229126
"US",2021-03-27,"65-130","inc hosp",0,56229126
"US",2021-04-03,"65-130","rate hosp",0,56229126
"US",2021-04-03,"65-130","inc hosp",0,56229126
"US",2021-04-10,"65-130","rate hosp",0,56229126
"US",2021-04-10,"65-130","inc hosp",0,56229126
"US",2021-04-17,"65-130","rate hosp",0,56229126
"US",2021-04-17,"65-130","inc hosp",0,56229126
"US",2021-04-24,"65-130","rate hosp",0,56229126
"US",2021-04-24,"65-130","inc hosp",0,56229126
"US",2021-05-01,"65-130","rate hosp",0,56229126
"US",2021-05-01,"65-130","inc hosp",0,56229126
"US",2021-05-08,"65-130","rate hosp",0,56229126
"US",2021-05-08,"65-130","inc hosp",0,56229126
"US",2021-05-15,"65-130","rate hosp",0.1,56229126
"US",2021-05-15,"65-130","inc hosp",56.229126,56229126
"US",2021-05-22,"65-130","rate hosp",0.1,56229126
"US",2021-05-22,"65-130","inc hosp",56.229126,56229126
"US",2021-05-29,"65-130","rate hosp",0.1,56229126
"US",2021-05-29,"65-130","inc hosp",56.229126,56229126
"US",2021-06-05,"65-130","rate hosp",0.1,56229126
"US",2021-06-05,"65-130","inc hosp",56.229126,56229126
"US",2021-06-12,"65-130","rate hosp",0.1,56229126
"US",2021-06-12,"65-130","inc hosp",56.229126,56229126
"US",2021-06-19,"65-130","rate hosp",0.1,56229126
"US",2021-06-19,"65-130","inc hosp",56.229126,56229126
"US",2021-06-26,"65-130","rate hosp",0.2,56229126
"US",2021-06-26,"65-130","inc hosp",112.458252,56229126
"US",2021-07-03,"65-130","rate hosp",0.2,56229126
"US",2021-07-03,"65-130","inc hosp",112.458252,56229126
"US",2021-07-10,"65-130","rate hosp",0.2,56229126
"US",2021-07-10,"65-130","inc hosp",112.458252,56229126
"US",2021-07-17,"65-130","rate hosp",0.3,56229126
"US",2021-07-17,"65-130","inc hosp",168.687378,56229126
"US",2021-07-24,"65-130","rate hosp",0.4,56229126
"US",2021-07-24,"65-130","inc hosp",224.916504,56229126
"US",2021-07-31,"65-130","rate hosp",0.5,56229126
"US",2021-07-31,"65-130","inc hosp",281.14563,56229126
"US",2021-08-07,"65-130","rate hosp",0.6,56229126
"US",2021-08-07,"65-130","inc hosp",337.374756,56229126
"US",2021-08-14,"65-130","rate hosp",0.4,56229126
"US",2021-08-14,"65-130","inc hosp",224.916504,56229126
"US",2021-08-21,"65-130","rate hosp",0.4,56229126
"US",2021-08-21,"65-130","inc hosp",224.916504,56229126
"US",2021-08-28,"65-130","rate hosp",0.5,56229126
"US",2021-08-28,"65-130","inc hosp",281.14563,56229126
"US",2021-09-04,"65-130","rate hosp",0.4,56229126
"US",2021-09-04,"65-130","inc hosp",224.916504,56229126
"US",2021-09-11,"65-130","rate hosp",0.5,56229126
"US",2021-09-11,"65-130","inc hosp",281.14563,56229126
"US",2021-09-18,"65-130","rate hosp",0.5,56229126
"US",2021-09-18,"65-130","inc hosp",281.14563,56229126
"US",2021-09-25,"65-130","rate hosp",0.4,56229126
"US",2021-09-25,"65-130","inc hosp",224.916504,56229126
"US",2021-10-02,"65-130","rate hosp",0.7,56229126
"US",2021-10-02,"65-130","inc hosp",393.603882,56229126
"US",2021-10-09,"65-130","rate hosp",0.7,56229126
"US",2021-10-09,"65-130","inc hosp",393.603882,56229126
"US",2021-10-16,"65-130","rate hosp",1,56229126
"US",2021-10-16,"65-130","inc hosp",562.29126,56229126
"US",2021-10-23,"65-130","rate hosp",1,56229126
"US",2021-10-23,"65-130","inc hosp",562.29126,56229126
"US",2021-10-30,"65-130","rate hosp",0.9,56229126
"US",2021-10-30,"65-130","inc hosp",506.062134,56229126
"US",2021-11-06,"65-130","rate hosp",1,56229126
"US",2021-11-06,"65-130","inc hosp",562.29126,56229126
"US",2021-11-13,"65-130","rate hosp",1.4,56229126
"US",2021-11-13,"65-130","inc hosp",787.207764,56229126
"US",2021-11-20,"65-130","rate hosp",1.1,56229126
"US",2021-11-20,"65-130","inc hosp",618.520386,56229126
"US",2021-11-27,"65-130","rate hosp",1,56229126
"US",2021-11-27,"65-130","inc hosp",562.29126,56229126
"US",2021-12-04,"65-130","rate hosp",1.8,56229126
"US",2021-12-04,"65-130","inc hosp",1012.124268,56229126
"US",2021-12-11,"65-130","rate hosp",2.3,56229126
"US",2021-12-11,"65-130","inc hosp",1293.269898,56229126
"US",2021-12-18,"65-130","rate hosp",1.7,56229126
"US",2021-12-18,"65-130","inc hosp",955.895142,56229126
"US",2021-12-25,"65-130","rate hosp",1.8,56229126
"US",2021-12-25,"65-130","inc hosp",1012.124268,56229126
"US",2022-01-01,"65-130","rate hosp",1.7,56229126
"US",2022-01-01,"65-130","inc hosp",955.895142,56229126
"US",2022-01-08,"65-130","rate hosp",1.7,57794852
"US",2022-01-08,"65-130","inc hosp",982.512484,57794852
"US",2022-01-15,"65-130","rate hosp",0.8,57794852
"US",2022-01-15,"65-130","inc hosp",462.358816,57794852
"US",2022-01-22,"65-130","rate hosp",0.7,57794852
"US",2022-01-22,"65-130","inc hosp",404.563964,57794852
"US",2022-01-29,"65-130","rate hosp",0.3,57794852
"US",2022-01-29,"65-130","inc hosp",173.384556,57794852
"US",2022-02-05,"65-130","rate hosp",0.4,57794852
"US",2022-02-05,"65-130","inc hosp",231.179408,57794852
"US",2022-02-12,"65-130","rate hosp",0.2,57794852
"US",2022-02-12,"65-130","inc hosp",115.589704,57794852
"US",2022-02-19,"65-130","rate hosp",0.3,57794852
"US",2022-02-19,"65-130","inc hosp",173.384556,57794852
"US",2022-02-26,"65-130","rate hosp",0.2,57794852
"US",2022-02-26,"65-130","inc hosp",115.589704,57794852
"US",2022-03-05,"65-130","rate hosp",0.2,57794852
"US",2022-03-05,"65-130","inc hosp",115.589704,57794852
"US",2022-03-12,"65-130","rate hosp",0.3,57794852
"US",2022-03-12,"65-130","inc hosp",173.384556,57794852
"US",2022-03-19,"65-130","rate hosp",0.3,57794852
"US",2022-03-19,"65-130","inc hosp",173.384556,57794852
"US",2022-03-26,"65-130","rate hosp",0.2,57794852
"US",2022-03-26,"65-130","inc hosp",115.589704,57794852
"US",2022-04-02,"65-130","rate hosp",0.2,57794852
"US",2022-04-02,"65-130","inc hosp",115.589704,57794852
"US",2022-04-09,"65-130","rate hosp",0.4,57794852
"US",2022-04-09,"65-130","inc hosp",231.179408,57794852
"US",2022-04-16,"65-130","rate hosp",0.3,57794852
"US",2022-04-16,"65-130","inc hosp",173.384556,57794852
"US",2022-04-23,"65-130","rate hosp",0.3,57794852
"US",2022-04-23,"65-130","inc hosp",173.384556,57794852
"US",2022-04-30,"65-130","rate hosp",0.4,57794852
"US",2022-04-30,"65-130","inc hosp",231.179408,57794852
"US",2022-05-07,"65-130","rate hosp",0.2,57794852
"US",2022-05-07,"65-130","inc hosp",115.589704,57794852
"US",2022-05-14,"65-130","rate hosp",0.2,57794852
"US",2022-05-14,"65-130","inc hosp",115.589704,57794852
"US",2022-05-21,"65-130","rate hosp",0.2,57794852
"US",2022-05-21,"65-130","inc hosp",115.589704,57794852
"US",2022-05-28,"65-130","rate hosp",0.2,57794852
"US",2022-05-28,"65-130","inc hosp",115.589704,57794852
"US",2022-06-04,"65-130","rate hosp",0.2,57794852
"US",2022-06-04,"65-130","inc hosp",115.589704,57794852
"US",2022-06-11,"65-130","rate hosp",0.1,57794852
"US",2022-06-11,"65-130","inc hosp",57.794852,57794852
"US",2022-06-18,"65-130","rate hosp",0.2,57794852
"US",2022-06-18,"65-130","inc hosp",115.589704,57794852
"US",2022-06-25,"65-130","rate hosp",0.3,57794852
"US",2022-06-25,"65-130","inc hosp",173.384556,57794852
"US",2022-07-02,"65-130","rate hosp",0.2,57794852
"US",2022-07-02,"65-130","inc hosp",115.589704,57794852
"US",2022-07-09,"65-130","rate hosp",0.4,57794852
"US",2022-07-09,"65-130","inc hosp",231.179408,57794852
"US",2022-07-16,"65-130","rate hosp",0.4,57794852
"US",2022-07-16,"65-130","inc hosp",231.179408,57794852
"US",2022-07-23,"65-130","rate hosp",0.2,57794852
"US",2022-07-23,"65-130","inc hosp",115.589704,57794852
"US",2022-07-30,"65-130","rate hosp",0.4,57794852
"US",2022-07-30,"65-130","inc hosp",231.179408,57794852
"US",2022-08-06,"65-130","rate hosp",0.2,57794852
"US",2022-08-06,"65-130","inc hosp",115.589704,57794852
"US",2022-08-13,"65-130","rate hosp",0.3,57794852
"US",2022-08-13,"65-130","inc hosp",173.384556,57794852
"US",2022-08-20,"65-130","rate hosp",0.3,57794852
"US",2022-08-20,"65-130","inc hosp",173.384556,57794852
"US",2022-08-27,"65-130","rate hosp",0.4,57794852
"US",2022-08-27,"65-130","inc hosp",231.179408,57794852
"US",2022-09-03,"65-130","rate hosp",0.4,57794852
"US",2022-09-03,"65-130","inc hosp",231.179408,57794852
"US",2022-09-10,"65-130","rate hosp",0.3,57794852
"US",2022-09-10,"65-130","inc hosp",173.384556,57794852
"US",2022-09-17,"65-130","rate hosp",0.7,57794852
"US",2022-09-17,"65-130","inc hosp",404.563964,57794852
"US",2022-09-24,"65-130","rate hosp",0.6,57794852
"US",2022-09-24,"65-130","inc hosp",346.769112,57794852
"US",2022-10-01,"65-130","rate hosp",0.9,57794852
"US",2022-10-01,"65-130","inc hosp",520.153668,57794852
"US",2022-10-08,"65-130","rate hosp",1,57794852
"US",2022-10-08,"65-130","inc hosp",577.94852,57794852
"US",2022-10-15,"65-130","rate hosp",1.4,57794852
"US",2022-10-15,"65-130","inc hosp",809.127928,57794852
"US",2022-10-22,"65-130","rate hosp",1.6,57794852
"US",2022-10-22,"65-130","inc hosp",924.717632,57794852
"US",2022-10-29,"65-130","rate hosp",2.3,57794852
"US",2022-10-29,"65-130","inc hosp",1329.281596,57794852
"US",2022-11-05,"65-130","rate hosp",2.9,57794852
"US",2022-11-05,"65-130","inc hosp",1676.050708,57794852
"US",2022-11-12,"65-130","rate hosp",3.5,57794852
"US",2022-11-12,"65-130","inc hosp",2022.81982,57794852
"US",2022-11-19,"65-130","rate hosp",3.9,57794852
"US",2022-11-19,"65-130","inc hosp",2253.999228,57794852
"US",2022-11-26,"65-130","rate hosp",4.5,57794852
"US",2022-11-26,"65-130","inc hosp",2600.76834,57794852
"US",2022-12-03,"65-130","rate hosp",6.2,57794852
"US",2022-12-03,"65-130","inc hosp",3583.280824,57794852
"US",2022-12-10,"65-130","rate hosp",5.5,57794852
"US",2022-12-10,"65-130","inc hosp",3178.71686,57794852
"US",2022-12-17,"65-130","rate hosp",4.7,57794852
"US",2022-12-17,"65-130","inc hosp",2716.358044,57794852
"US",2022-12-24,"65-130","rate hosp",3.4,57794852
"US",2022-12-24,"65-130","inc hosp",1965.024968,57794852
"US",2022-12-31,"65-130","rate hosp",3.3,57794852
"US",2022-12-31,"65-130","inc hosp",1907.230116,57794852
"US",2023-01-07,"65-130","rate hosp",3.7,57794852
"US",2023-01-07,"65-130","inc hosp",2138.409524,57794852
"US",2023-01-14,"65-130","rate hosp",3,57794852
"US",2023-01-14,"65-130","inc hosp",1733.84556,57794852
"US",2023-01-21,"65-130","rate hosp",2,57794852
"US",2023-01-21,"65-130","inc hosp",1155.89704,57794852
"US",2023-01-28,"65-130","rate hosp",1.8,57794852
"US",2023-01-28,"65-130","inc hosp",1040.307336,57794852
"US",2023-02-04,"65-130","rate hosp",1.3,57794852
"US",2023-02-04,"65-130","inc hosp",751.333076,57794852
"US",2023-02-11,"65-130","rate hosp",1.2,57794852
"US",2023-02-11,"65-130","inc hosp",693.538224,57794852
"US",2023-02-18,"65-130","rate hosp",1.4,57794852
"US",2023-02-18,"65-130","inc hosp",809.127928,57794852
"US",2023-02-25,"65-130","rate hosp",0.8,57794852
"US",2023-02-25,"65-130","inc hosp",462.358816,57794852
"US",2023-03-04,"65-130","rate hosp",0.8,57794852
"US",2023-03-04,"65-130","inc hosp",462.358816,57794852
"US",2023-03-11,"65-130","rate hosp",0.8,57794852
"US",2023-03-11,"65-130","inc hosp",462.358816,57794852
"US",2023-03-18,"65-130","rate hosp",0.7,57794852
"US",2023-03-18,"65-130","inc hosp",404.563964,57794852
"US",2023-03-25,"65-130","rate hosp",0.4,57794852
"US",2023-03-25,"65-130","inc hosp",231.179408,57794852
"US",2023-04-01,"65-130","rate hosp",0.5,57794852
"US",2023-04-01,"65-130","inc hosp",288.97426,57794852
"US",2023-04-08,"65-130","rate hosp",0.3,57794852
"US",2023-04-08,"65-130","inc hosp",173.384556,57794852
"US",2023-04-15,"65-130","rate hosp",0.2,57794852
"US",2023-04-15,"65-130","inc hosp",115.589704,57794852
"US",2023-04-22,"65-130","rate hosp",0.3,57794852
"US",2023-04-22,"65-130","inc hosp",173.384556,57794852
"US",2023-04-29,"65-130","rate hosp",0.1,57794852
"US",2023-04-29,"65-130","inc hosp",57.794852,57794852
"US",2023-05-06,"65-130","rate hosp",0.2,57794852
"US",2023-05-06,"65-130","inc hosp",115.589704,57794852
"US",2023-05-13,"65-130","rate hosp",0.1,57794852
"US",2023-05-13,"65-130","inc hosp",57.794852,57794852
"US",2023-05-20,"65-130","rate hosp",0.1,57794852
"US",2023-05-20,"65-130","inc hosp",57.794852,57794852
"US",2023-05-27,"65-130","rate hosp",0.1,57794852
"US",2023-05-27,"65-130","inc hosp",57.794852,57794852
"US",2023-06-03,"65-130","rate hosp",0,57794852
"US",2023-06-03,"65-130","inc hosp",0,57794852
"US",2023-06-10,"65-130","rate hosp",0.1,57794852
"US",2023-06-10,"65-130","inc hosp",57.794852,57794852
"US",2023-06-17,"65-130","rate hosp",0,57794852
"US",2023-06-17,"65-130","inc hosp",0,57794852
"US",2023-06-24,"65-130","rate hosp",0,57794852
"US",2023-06-24,"65-130","inc hosp",0,57794852
"US",2023-07-01,"65-130","rate hosp",0.1,57794852
"US",2023-07-01,"65-130","inc hosp",57.794852,57794852
"US",2023-07-08,"65-130","rate hosp",0.1,57794852
"US",2023-07-08,"65-130","inc hosp",57.794852,57794852
"US",2023-07-15,"65-130","rate hosp",0.1,57794852
"US",2023-07-15,"65-130","inc hosp",57.794852,57794852
"US",2023-07-22,"65-130","rate hosp",0.2,57794852
"US",2023-07-22,"65-130","inc hosp",115.589704,57794852
"US",2023-07-29,"65-130","rate hosp",0.1,57794852
"US",2023-07-29,"65-130","inc hosp",57.794852,57794852
"US",2023-08-05,"65-130","rate hosp",0.1,57794852
"US",2023-08-05,"65-130","inc hosp",57.794852,57794852
"US",2023-08-12,"65-130","rate hosp",0.2,57794852
"US",2023-08-12,"65-130","inc hosp",115.589704,57794852
"US",2023-08-19,"65-130","rate hosp",0.2,57794852
"US",2023-08-19,"65-130","inc hosp",115.589704,57794852
"US",2023-08-26,"65-130","rate hosp",0.2,57794852
"US",2023-08-26,"65-130","inc hosp",115.589704,57794852
"US",2023-09-02,"65-130","rate hosp",0.3,57794852
"US",2023-09-02,"65-130","inc hosp",173.384556,57794852
"US",2023-09-09,"65-130","rate hosp",0.5,57794852
"US",2023-09-09,"65-130","inc hosp",288.97426,57794852
"US",2023-09-16,"65-130","rate hosp",0.4,57794852
"US",2023-09-16,"65-130","inc hosp",231.179408,57794852
"US",2023-09-23,"65-130","rate hosp",0.6,57794852
"US",2023-09-23,"65-130","inc hosp",346.769112,57794852
"US",2023-09-30,"65-130","rate hosp",0.5,57794852
"US",2023-09-30,"65-130","inc hosp",288.97426,57794852
"US",2023-10-07,"65-130","rate hosp",0.5,57794852
"US",2023-10-07,"65-130","inc hosp",288.97426,57794852
"US",2023-10-14,"65-130","rate hosp",1.1,57794852
"US",2023-10-14,"65-130","inc hosp",635.743372,57794852
"US",2023-10-21,"65-130","rate hosp",1.3,57794852
"US",2023-10-21,"65-130","inc hosp",751.333076,57794852
"US",2023-10-28,"65-130","rate hosp",1.4,57794852
"US",2023-10-28,"65-130","inc hosp",809.127928,57794852
"US",2023-11-04,"65-130","rate hosp",1.9,57794852
"US",2023-11-04,"65-130","inc hosp",1098.102188,57794852
"US",2023-11-11,"65-130","rate hosp",2.6,57794852
"US",2023-11-11,"65-130","inc hosp",1502.666152,57794852
"US",2023-11-18,"65-130","rate hosp",4.1,57794852
"US",2023-11-18,"65-130","inc hosp",2369.588932,57794852
"US",2023-11-25,"65-130","rate hosp",4,57794852
"US",2023-11-25,"65-130","inc hosp",2311.79408,57794852
"US",2023-12-02,"65-130","rate hosp",5.8,57794852
"US",2023-12-02,"65-130","inc hosp",3352.101416,57794852
"US",2023-12-09,"65-130","rate hosp",7.1,57794852
"US",2023-12-09,"65-130","inc hosp",4103.434492,57794852
"US",2023-12-16,"65-130","rate hosp",7.3,57794852
"US",2023-12-16,"65-130","inc hosp",4219.024196,57794852
"US",2023-12-23,"65-130","rate hosp",7.3,57794852
"US",2023-12-23,"65-130","inc hosp",4219.024196,57794852
"US",2023-12-30,"65-130","rate hosp",9.5,57794852
"US",2023-12-30,"65-130","inc hosp",5490.51094,57794852
"US",2024-01-06,"65-130","rate hosp",8.8,57794852
"US",2024-01-06,"65-130","inc hosp",5085.946976,57794852
"US",2024-01-13,"65-130","rate hosp",7.1,57794852
"US",2024-01-13,"65-130","inc hosp",4103.434492,57794852
"US",2024-01-20,"65-130","rate hosp",6.5,57794852
"US",2024-01-20,"65-130","inc hosp",3756.66538,57794852
"US",2024-01-27,"65-130","rate hosp",5.2,57794852
"US",2024-01-27,"65-130","inc hosp",3005.332304,57794852
"US",2024-02-03,"65-130","rate hosp",4.1,57794852
"US",2024-02-03,"65-130","inc hosp",2369.588932,57794852
"US",2024-02-10,"65-130","rate hosp",3.4,57794852
"US",2024-02-10,"65-130","inc hosp",1965.024968,57794852
"US",2024-02-17,"65-130","rate hosp",3.5,57794852
"US",2024-02-17,"65-130","inc hosp",2022.81982,57794852
"US",2024-02-24,"65-130","rate hosp",3,57794852
"US",2024-02-24,"65-130","inc hosp",1733.84556,57794852
"US",2024-03-02,"65-130","rate hosp",1.9,57794852
"US",2024-03-02,"65-130","inc hosp",1098.102188,57794852
"US",2024-03-09,"65-130","rate hosp",1.6,57794852
"US",2024-03-09,"65-130","inc hosp",924.717632,57794852
"US",2024-03-16,"65-130","rate hosp",1.7,57794852
"US",2024-03-16,"65-130","inc hosp",982.512484,57794852
"US",2024-03-23,"65-130","rate hosp",1.3,57794852
"US",2024-03-23,"65-130","inc hosp",751.333076,57794852
"US",2024-03-30,"65-130","rate hosp",0.9,57794852
"US",2024-03-30,"65-130","inc hosp",520.153668,57794852
"US",2024-04-06,"65-130","rate hosp",0.7,57794852
"US",2024-04-06,"65-130","inc hosp",404.563964,57794852
"US",2024-04-13,"65-130","rate hosp",0.8,57794852
"US",2024-04-13,"65-130","inc hosp",462.358816,57794852
"US",2024-04-20,"65-130","rate hosp",0.4,57794852
"US",2024-04-20,"65-130","inc hosp",231.179408,57794852
"US",2024-04-27,"65-130","rate hosp",0.5,57794852
"US",2024-04-27,"65-130","inc hosp",288.97426,57794852
"US",2024-05-04,"65-130","rate hosp",0.2,57794852
"US",2024-05-04,"65-130","inc hosp",115.589704,57794852
"US",2024-05-11,"65-130","rate hosp",0.5,57794852
"US",2024-05-11,"65-130","inc hosp",288.97426,57794852
"US",2024-05-18,"65-130","rate hosp",0.3,57794852
"US",2024-05-18,"65-130","inc hosp",173.384556,57794852
"US",2024-05-25,"65-130","rate hosp",0.2,57794852
"US",2024-05-25,"65-130","inc hosp",115.589704,57794852
"US",2024-06-01,"65-130","rate hosp",0.1,57794852
"US",2024-06-01,"65-130","inc hosp",57.794852,57794852
"US",2024-06-08,"65-130","rate hosp",0.1,57794852
"US",2024-06-08,"65-130","inc hosp",57.794852,57794852
"US",2024-06-15,"65-130","rate hosp",0.1,57794852
"US",2024-06-15,"65-130","inc hosp",57.794852,57794852
"US",2024-06-22,"65-130","rate hosp",0,57794852
"US",2024-06-22,"65-130","inc hosp",0,57794852
"US",2024-06-29,"65-130","rate hosp",0,57794852
"US",2024-06-29,"65-130","inc hosp",0,57794852
"US",2024-07-06,"65-130","rate hosp",0.1,57794852
"US",2024-07-06,"65-130","inc hosp",57.794852,57794852
"US",2024-07-13,"65-130","rate hosp",0.1,57794852
"US",2024-07-13,"65-130","inc hosp",57.794852,57794852
"US",2024-07-20,"65-130","rate hosp",0,57794852
"US",2024-07-20,"65-130","inc hosp",0,57794852
"US",2024-07-27,"65-130","rate hosp",0,57794852
"US",2024-07-27,"65-130","inc hosp",0,57794852
"US",2024-08-03,"65-130","rate hosp",0,57794852
"US",2024-08-03,"65-130","inc hosp",0,57794852
"US",2024-08-10,"65-130","rate hosp",0.1,57794852
"US",2024-08-10,"65-130","inc hosp",57.794852,57794852
"US",2024-08-17,"65-130","rate hosp",0.1,57794852
"US",2024-08-17,"65-130","inc hosp",57.794852,57794852
"US",2024-08-24,"65-130","rate hosp",0,57794852
"US",2024-08-24,"65-130","inc hosp",0,57794852
"US",2024-08-31,"65-130","rate hosp",0,57794852
"US",2024-08-31,"65-130","inc hosp",0,57794852
"US",2024-09-07,"65-130","rate hosp",0,57794852
"US",2024-09-07,"65-130","inc hosp",0,57794852
"US",2024-09-14,"65-130","rate hosp",0.1,57794852
"US",2024-09-14,"65-130","inc hosp",57.794852,57794852
"US",2024-09-21,"65-130","rate hosp",0.1,57794852
"US",2024-09-21,"65-130","inc hosp",57.794852,57794852
"US",2024-09-28,"65-130","rate hosp",0.1,57794852
"US",2024-09-28,"65-130","inc hosp",57.794852,57794852
"US",2024-10-05,"65-130","rate hosp",0.3,57794852
"US",2024-10-05,"65-130","inc hosp",173.384556,57794852
"US",2024-10-12,"65-130","rate hosp",0.3,57794852
"US",2024-10-12,"65-130","inc hosp",173.384556,57794852
"US",2024-10-19,"65-130","rate hosp",0.3,57794852
"US",2024-10-19,"65-130","inc hosp",173.384556,57794852
"US",2024-10-26,"65-130","rate hosp",0.3,57794852
"US",2024-10-26,"65-130","inc hosp",173.384556,57794852
"US",2024-11-02,"65-130","rate hosp",0.5,57794852
"US",2024-11-02,"65-130","inc hosp",288.97426,57794852
"US",2024-11-09,"65-130","rate hosp",0.7,57794852
"US",2024-11-09,"65-130","inc hosp",404.563964,57794852
"US",2024-11-16,"65-130","rate hosp",1.1,57794852
"US",2024-11-16,"65-130","inc hosp",635.743372,57794852
"US",2024-11-23,"65-130","rate hosp",1.7,57794852
"US",2024-11-23,"65-130","inc hosp",982.512484,57794852
"US",2024-11-30,"65-130","rate hosp",1.6,57794852
"US",2024-11-30,"65-130","inc hosp",924.717632,57794852
"US",2024-12-07,"65-130","rate hosp",2.7,57794852
"US",2024-12-07,"65-130","inc hosp",1560.461004,57794852
"US",2024-12-14,"65-130","rate hosp",3.8,57794852
"US",2024-12-14,"65-130","inc hosp",2196.204376,57794852
"US",2024-12-21,"65-130","rate hosp",4.9,57794852
"US",2024-12-21,"65-130","inc hosp",2831.947748,57794852
"US",2024-12-28,"65-130","rate hosp",5.8,57794852
"US",2024-12-28,"65-130","inc hosp",3352.101416,57794852
"US",2025-01-04,"65-130","rate hosp",8.8,57794852
"US",2025-01-04,"65-130","inc hosp",5085.946976,57794852
"US",2025-01-11,"65-130","rate hosp",8.6,57794852
"US",2025-01-11,"65-130","inc hosp",4970.357272,57794852
"US",2025-01-18,"65-130","rate hosp",6.5,57794852
"US",2025-01-18,"65-130","inc hosp",3756.66538,57794852
"US",2025-01-25,"65-130","rate hosp",5,57794852
"US",2025-01-25,"65-130","inc hosp",2889.7426,57794852
"US",2025-02-01,"65-130","rate hosp",5.5,57794852
"US",2025-02-01,"65-130","inc hosp",3178.71686,57794852
"US",2025-02-08,"65-130","rate hosp",5.6,57794852
"US",2025-02-08,"65-130","inc hosp",3236.511712,57794852
"US",2025-02-15,"65-130","rate hosp",5.4,57794852
"US",2025-02-15,"65-130","inc hosp",3120.922008,57794852
"US",2025-02-22,"65-130","rate hosp",4.8,57794852
"US",2025-02-22,"65-130","inc hosp",2774.152896,57794852
"US",2025-03-01,"65-130","rate hosp",4.3,57794852
"US",2025-03-01,"65-130","inc hosp",2485.178636,57794852
"US",2025-03-08,"65-130","rate hosp",4.1,57794852
"US",2025-03-08,"65-130","inc hosp",2369.588932,57794852
"US",2025-03-15,"65-130","rate hosp",3.8,57794852
"US",2025-03-15,"65-130","inc hosp",2196.204376,57794852
"US",2025-03-22,"65-130","rate hosp",3,57794852
"US",2025-03-22,"65-130","inc hosp",1733.84556,57794852
"US",2025-03-29,"65-130","rate hosp",2.7,57794852
"US",2025-03-29,"65-130","inc hosp",1560.461004,57794852
"US",2025-04-05,"65-130","rate hosp",2,57794852
"US",2025-04-05,"65-130","inc hosp",1155.89704,57794852
"US",2025-04-12,"65-130","rate hosp",1.4,57794852
"US",2025-04-12,"65-130","inc hosp",809.127928,57794852
"US",2025-04-19,"65-130","rate hosp",1.3,57794852
"US",2025-04-19,"65-130","inc hosp",751.333076,57794852
"US",2025-04-26,"65-130","rate hosp",0.7,57794852
"US",2025-04-26,"65-130","inc hosp",404.563964,57794852
"US",2025-05-03,"65-130","rate hosp",0.7,57794852
"US",2025-05-03,"65-130","inc hosp",404.563964,57794852
"US",2025-05-10,"65-130","rate hosp",0.6,57794852
"US",2025-05-10,"65-130","inc hosp",346.769112,57794852
"US",2025-05-17,"65-130","rate hosp",0.4,57794852
"US",2025-05-17,"65-130","inc hosp",231.179408,57794852
"US",2025-05-24,"65-130","rate hosp",0.3,57794852
"US",2025-05-24,"65-130","inc hosp",173.384556,57794852
"US",2025-05-31,"65-130","rate hosp",0.2,57794852
"US",2025-05-31,"65-130","inc hosp",115.589704,57794852
"US",2025-06-07,"65-130","rate hosp",0.2,57794852
"US",2025-06-07,"65-130","inc hosp",115.589704,57794852
"US",2025-06-14,"65-130","rate hosp",0.2,57794852
"US",2025-06-14,"65-130","inc hosp",115.589704,57794852
"US",2025-06-21,"65-130","rate hosp",0.1,57794852
"US",2025-06-21,"65-130","inc hosp",57.794852,57794852
"US",2025-06-28,"65-130","rate hosp",0.1,57794852
"US",2025-06-28,"65-130","inc hosp",57.794852,57794852
"US",2025-07-05,"65-130","rate hosp",0.1,57794852
"US",2025-07-05,"65-130","inc hosp",57.794852,57794852
"US",2025-07-12,"65-130","rate hosp",0.1,57794852
"US",2025-07-12,"65-130","inc hosp",57.794852,57794852
"US",2025-07-19,"65-130","rate hosp",0.1,57794852
"US",2025-07-19,"65-130","inc hosp",57.794852,57794852
"US",2025-07-26,"65-130","rate hosp",0,57794852
"US",2025-07-26,"65-130","inc hosp",0,57794852
"US",2025-08-02,"65-130","rate hosp",0.1,57794852
"US",2025-08-02,"65-130","inc hosp",57.794852,57794852
"US",2025-08-09,"65-130","rate hosp",0,57794852
"US",2025-08-09,"65-130","inc hosp",0,57794852
"US",2025-08-16,"65-130","rate hosp",0.1,57794852
"US",2025-08-16,"65-130","inc hosp",57.794852,57794852
"US",2025-08-23,"65-130","rate hosp",0,57794852
"US",2025-08-23,"65-130","inc hosp",0,57794852
"US",2025-08-30,"65-130","rate hosp",0.1,57794852
"US",2025-08-30,"65-130","inc hosp",57.794852,57794852
"US",2025-09-06,"65-130","rate hosp",0.2,57794852
"US",2025-09-06,"65-130","inc hosp",115.589704,57794852
"US",2025-09-13,"65-130","rate hosp",0.2,57794852
"US",2025-09-13,"65-130","inc hosp",115.589704,57794852
"US",2025-09-20,"65-130","rate hosp",0,57794852
"US",2025-09-20,"65-130","inc hosp",0,57794852
"US",2025-09-27,"65-130","rate hosp",0.1,57794852
"US",2025-09-27,"65-130","inc hosp",57.794852,57794852
"US",2025-10-04,"65-130","rate hosp",0.1,57794852
"US",2025-10-04,"65-130","inc hosp",57.794852,57794852
"US",2025-10-11,"65-130","rate hosp",0.1,57794852
"US",2025-10-11,"65-130","inc hosp",57.794852,57794852
"US",2025-10-18,"65-130","rate hosp",0.1,57794852
"US",2025-10-18,"65-130","inc hosp",57.794852,57794852
"US",2025-10-25,"65-130","rate hosp",0.1,57794852
"US",2025-10-25,"65-130","inc hosp",57.794852,57794852
"US",2025-11-01,"65-130","rate hosp",0.3,57794852
"US",2025-11-01,"65-130","inc hosp",173.384556,57794852
"US",2025-11-08,"65-130","rate hosp",0.5,57794852
"US",2025-11-08,"65-130","inc hosp",288.97426,57794852
"US",2025-11-15,"65-130","rate hosp",0.6,57794852
"US",2025-11-15,"65-130","inc hosp",346.769112,57794852
"US",2025-11-22,"65-130","rate hosp",0.6,57794852
"US",2025-11-22,"65-130","inc hosp",346.769112,57794852
"US",2025-11-29,"65-130","rate hosp",0.7,57794852
"US",2025-11-29,"65-130","inc hosp",404.563964,57794852
"US",2025-12-06,"65-130","rate hosp",1.3,57794852
"US",2025-12-06,"65-130","inc hosp",751.333076,57794852
"US",2025-12-13,"65-130","rate hosp",1.8,57794852
"US",2025-12-13,"65-130","inc hosp",1040.307336,57794852
"US",2025-12-20,"65-130","rate hosp",2.3,57794852
"US",2025-12-20,"65-130","inc hosp",1329.281596,57794852
"US",2025-12-27,"65-130","rate hosp",2.8,57794852
"US",2025-12-27,"65-130","inc hosp",1618.255856,57794852
"US",2026-01-03,"65-130","rate hosp",4.9,57794852
"US",2026-01-03,"65-130","inc hosp",2831.947748,57794852
"US",2026-01-10,"65-130","rate hosp",5.2,57794852
"US",2026-01-10,"65-130","inc hosp",3005.332304,57794852
"US",2026-01-17,"65-130","rate hosp",4.5,57794852
"US",2026-01-17,"65-130","inc hosp",2600.76834,57794852
"US",2026-01-24,"65-130","rate hosp",4.2,57794852
"US",2026-01-24,"65-130","inc hosp",2427.383784,57794852
"US",2026-01-31,"65-130","rate hosp",4.8,57794852
"US",2026-01-31,"65-130","inc hosp",2774.152896,57794852
"US",2026-02-07,"65-130","rate hosp",4.6,57794852
"US",2026-02-07,"65-130","inc hosp",2658.563192,57794852
"US",2026-02-14,"65-130","rate hosp",5.4,57794852
"US",2026-02-14,"65-130","inc hosp",3120.922008,57794852
"US",2026-02-21,"65-130","rate hosp",6.3,57794852
"US",2026-02-21,"65-130","inc hosp",3641.075676,57794852
"US",2026-02-28,"65-130","rate hosp",6.1,57794852
"US",2026-02-28,"65-130","inc hosp",3525.485972,57794852
"US",2026-03-07,"65-130","rate hosp",5.3,57794852
"US",2026-03-07,"65-130","inc hosp",3063.127156,57794852
"US",2026-03-14,"65-130","rate hosp",5,57794852
"US",2026-03-14,"65-130","inc hosp",2889.7426,57794852
"US",2026-03-21,"65-130","rate hosp",5.1,57794852
"US",2026-03-21,"65-130","inc hosp",2947.537452,57794852
"US",2026-03-28,"65-130","rate hosp",4.4,57794852
"US",2026-03-28,"65-130","inc hosp",2542.973488,57794852
"US",2026-04-04,"65-130","rate hosp",3.6,57794852
"US",2026-04-04,"65-130","inc hosp",2080.614672,57794852
"US",2026-04-11,"65-130","rate hosp",3.7,57794852
"US",2026-04-11,"65-130","inc hosp",2138.409524,57794852
"US",2026-04-18,"65-130","rate hosp",2.9,57794852
"US",2026-04-18,"65-130","inc hosp",1676.050708,57794852
"US",2026-04-25,"65-130","rate hosp",2,57794852
"US",2026-04-25,"65-130","inc hosp",1155.89704,57794852
"US",2026-05-02,"65-130","rate hosp",1.7,57794852
"US",2026-05-02,"65-130","inc hosp",982.512484,57794852
"US",2026-05-09,"65-130","rate hosp",1.3,57794852
"US",2026-05-09,"65-130","inc hosp",751.333076,57794852
"US",2026-05-16,"65-130","rate hosp",0.9,57794852
"US",2026-05-16,"65-130","inc hosp",520.153668,57794852
"US",2026-05-23,"65-130","rate hosp",0.6,57794852
"US",2026-05-23,"65-130","inc hosp",346.769112,57794852
"US",2026-05-30,"65-130","rate hosp",0.7,57794852
"US",2026-05-30,"65-130","inc hosp",404.563964,57794852
"US",2026-06-06,"65-130","rate hosp",0.6,57794852
"US",2026-06-06,"65-130","inc hosp",346.769112,57794852
"US",2026-06-13,"65-130","rate hosp",0.3,57794852
"US",2026-06-13,"65-130","inc hosp",173.384556,57794852
"US",2026-06-20,"65-130","rate hosp",0.2,57794852
"US",2026-06-20,"65-130","inc hosp",115.589704,57794852
"US",2026-06-27,"65-130","rate hosp",0.2,57794852
"US",2026-06-27,"65-130","inc hosp",115.589704,57794852
"US",2026-07-04,"65-130","rate hosp",0.2,57794852
"US",2026-07-04,"65-130","inc hosp",115.589704,57794852
"US",2026-07-11,"65-130","rate hosp",0.2,57794852
"US",2026-07-11,"65-130","inc hosp",115.589704,57794852
"US",2026-07-18,"65-130","rate hosp",0.1,57794852
"US",2026-07-18,"65-130","inc hosp",57.794852,57794852
"US",2026-07-25,"65-130","rate hosp",0.1,57794852
"US",2026-07-25,"65-130","inc hosp",57.794852,57794852
"US",2026-08-01,"65-130","rate hosp",0.1,57794852
"US",2026-08-01,"65-130","inc hosp",57.794852,57794852
"US",2026-08-08,"65-130","rate hosp",0.1,57794852
"US",2026-08-08,"65-130","inc hosp",57.794852,57794852
"US",2026-08-15,"65-130","rate hosp",0.1,57794852
"US",2026-08-15,"65-130","inc hosp",57.794852,57794852
"US",2026-08-22,"65-130","rate hosp",0,57794852
"US",2026-08-22,"65-130","inc hosp",0,57794852
"US",2018-10-06,"65-74","rate hosp",0,30445006
"US",2018-10-06,"65-74","inc hosp",0,30445006
"US",2018-10-13,"65-74","rate hosp",0,30445006
"US",2018-10-13,"65-74","inc hosp",0,30445006
"US",2018-10-20,"65-74","rate hosp",0.2,30445006
"US",2018-10-20,"65-74","inc hosp",60.890012,30445006
"US",2018-10-27,"65-74","rate hosp",0.2,30445006
"US",2018-10-27,"65-74","inc hosp",60.890012,30445006
"US",2018-11-03,"65-74","rate hosp",0,30445006
"US",2018-11-03,"65-74","inc hosp",0,30445006
"US",2018-11-10,"65-74","rate hosp",0.3,30445006
"US",2018-11-10,"65-74","inc hosp",91.335018,30445006
"US",2018-11-17,"65-74","rate hosp",0.2,30445006
"US",2018-11-17,"65-74","inc hosp",60.890012,30445006
"US",2018-11-24,"65-74","rate hosp",0.3,30445006
"US",2018-11-24,"65-74","inc hosp",91.335018,30445006
"US",2018-12-01,"65-74","rate hosp",0.7,30445006
"US",2018-12-01,"65-74","inc hosp",213.115042,30445006
"US",2018-12-08,"65-74","rate hosp",0.5,30445006
"US",2018-12-08,"65-74","inc hosp",152.22503,30445006
"US",2018-12-15,"65-74","rate hosp",0.9,30445006
"US",2018-12-15,"65-74","inc hosp",274.005054,30445006
"US",2018-12-22,"65-74","rate hosp",1.2,30445006
"US",2018-12-22,"65-74","inc hosp",365.340072,30445006
"US",2018-12-29,"65-74","rate hosp",1.6,30445006
"US",2018-12-29,"65-74","inc hosp",487.120096,30445006
"US",2019-01-05,"65-74","rate hosp",1.8,31471344
"US",2019-01-05,"65-74","inc hosp",566.484192,31471344
"US",2019-01-12,"65-74","rate hosp",1.6,31471344
"US",2019-01-12,"65-74","inc hosp",503.541504,31471344
"US",2019-01-19,"65-74","rate hosp",1.6,31471344
"US",2019-01-19,"65-74","inc hosp",503.541504,31471344
"US",2019-01-26,"65-74","rate hosp",1.2,31471344
"US",2019-01-26,"65-74","inc hosp",377.656128,31471344
"US",2019-02-02,"65-74","rate hosp",1.2,31471344
"US",2019-02-02,"65-74","inc hosp",377.656128,31471344
"US",2019-02-09,"65-74","rate hosp",1.4,31471344
"US",2019-02-09,"65-74","inc hosp",440.598816,31471344
"US",2019-02-16,"65-74","rate hosp",1.8,31471344
"US",2019-02-16,"65-74","inc hosp",566.484192,31471344
"US",2019-02-23,"65-74","rate hosp",1.2,31471344
"US",2019-02-23,"65-74","inc hosp",377.656128,31471344
"US",2019-03-02,"65-74","rate hosp",1.4,31471344
"US",2019-03-02,"65-74","inc hosp",440.598816,31471344
"US",2019-03-09,"65-74","rate hosp",0.9,31471344
"US",2019-03-09,"65-74","inc hosp",283.242096,31471344
"US",2019-03-16,"65-74","rate hosp",0.8,31471344
"US",2019-03-16,"65-74","inc hosp",251.770752,31471344
"US",2019-03-23,"65-74","rate hosp",0.9,31471344
"US",2019-03-23,"65-74","inc hosp",283.242096,31471344
"US",2019-03-30,"65-74","rate hosp",0.4,31471344
"US",2019-03-30,"65-74","inc hosp",125.885376,31471344
"US",2019-04-06,"65-74","rate hosp",0.5,31471344
"US",2019-04-06,"65-74","inc hosp",157.35672,31471344
"US",2019-04-13,"65-74","rate hosp",0.5,31471344
"US",2019-04-13,"65-74","inc hosp",157.35672,31471344
"US",2019-04-20,"65-74","rate hosp",0.2,31471344
"US",2019-04-20,"65-74","inc hosp",62.942688,31471344
"US",2019-04-27,"65-74","rate hosp",0.1,31471344
"US",2019-04-27,"65-74","inc hosp",31.471344,31471344
"US",2019-05-04,"65-74","rate hosp",0,31471344
"US",2019-05-04,"65-74","inc hosp",0,31471344
"US",2019-10-05,"65-74","rate hosp",0,31471344
"US",2019-10-05,"65-74","inc hosp",0,31471344
"US",2019-10-12,"65-74","rate hosp",0.1,31471344
"US",2019-10-12,"65-74","inc hosp",31.471344,31471344
"US",2019-10-19,"65-74","rate hosp",0.1,31471344
"US",2019-10-19,"65-74","inc hosp",31.471344,31471344
"US",2019-10-26,"65-74","rate hosp",0.2,31471344
"US",2019-10-26,"65-74","inc hosp",62.942688,31471344
"US",2019-11-02,"65-74","rate hosp",0.3,31471344
"US",2019-11-02,"65-74","inc hosp",94.414032,31471344
"US",2019-11-09,"65-74","rate hosp",0.2,31471344
"US",2019-11-09,"65-74","inc hosp",62.942688,31471344
"US",2019-11-16,"65-74","rate hosp",0.4,31471344
"US",2019-11-16,"65-74","inc hosp",125.885376,31471344
"US",2019-11-23,"65-74","rate hosp",0.6,31471344
"US",2019-11-23,"65-74","inc hosp",188.828064,31471344
"US",2019-11-30,"65-74","rate hosp",0.7,31471344
"US",2019-11-30,"65-74","inc hosp",220.299408,31471344
"US",2019-12-07,"65-74","rate hosp",1.2,31471344
"US",2019-12-07,"65-74","inc hosp",377.656128,31471344
"US",2019-12-14,"65-74","rate hosp",1.4,31471344
"US",2019-12-14,"65-74","inc hosp",440.598816,31471344
"US",2019-12-21,"65-74","rate hosp",1.1,31471344
"US",2019-12-21,"65-74","inc hosp",346.184784,31471344
"US",2019-12-28,"65-74","rate hosp",2.2,31471344
"US",2019-12-28,"65-74","inc hosp",692.369568,31471344
"US",2020-01-04,"65-74","rate hosp",2.3,32371608
"US",2020-01-04,"65-74","inc hosp",744.546984,32371608
"US",2020-01-11,"65-74","rate hosp",2.6,32371608
"US",2020-01-11,"65-74","inc hosp",841.661808,32371608
"US",2020-01-18,"65-74","rate hosp",1.7,32371608
"US",2020-01-18,"65-74","inc hosp",550.317336,32371608
"US",2020-01-25,"65-74","rate hosp",1.7,32371608
"US",2020-01-25,"65-74","inc hosp",550.317336,32371608
"US",2020-02-01,"65-74","rate hosp",1.5,32371608
"US",2020-02-01,"65-74","inc hosp",485.57412,32371608
"US",2020-02-08,"65-74","rate hosp",1.3,32371608
"US",2020-02-08,"65-74","inc hosp",420.830904,32371608
"US",2020-02-15,"65-74","rate hosp",1.8,32371608
"US",2020-02-15,"65-74","inc hosp",582.688944,32371608
"US",2020-02-22,"65-74","rate hosp",1,32371608
"US",2020-02-22,"65-74","inc hosp",323.71608,32371608
"US",2020-02-29,"65-74","rate hosp",1.5,32371608
"US",2020-02-29,"65-74","inc hosp",485.57412,32371608
"US",2020-03-07,"65-74","rate hosp",1,32371608
"US",2020-03-07,"65-74","inc hosp",323.71608,32371608
"US",2020-03-14,"65-74","rate hosp",1.2,32371608
"US",2020-03-14,"65-74","inc hosp",388.459296,32371608
"US",2020-03-21,"65-74","rate hosp",0.6,32371608
"US",2020-03-21,"65-74","inc hosp",194.229648,32371608
"US",2020-03-28,"65-74","rate hosp",0.5,32371608
"US",2020-03-28,"65-74","inc hosp",161.85804,32371608
"US",2020-04-04,"65-74","rate hosp",0.2,32371608
"US",2020-04-04,"65-74","inc hosp",64.743216,32371608
"US",2020-04-11,"65-74","rate hosp",0.1,32371608
"US",2020-04-11,"65-74","inc hosp",32.371608,32371608
"US",2020-04-18,"65-74","rate hosp",0,32371608
"US",2020-04-18,"65-74","inc hosp",0,32371608
"US",2020-04-25,"65-74","rate hosp",0,32371608
"US",2020-04-25,"65-74","inc hosp",0,32371608
"US",2020-05-02,"65-74","rate hosp",0,32371608
"US",2020-05-02,"65-74","inc hosp",0,32371608
"US",2020-10-03,"65-74","rate hosp",0,32371608
"US",2020-10-03,"65-74","inc hosp",0,32371608
"US",2020-10-10,"65-74","rate hosp",0,32371608
"US",2020-10-10,"65-74","inc hosp",0,32371608
"US",2020-10-17,"65-74","rate hosp",0,32371608
"US",2020-10-17,"65-74","inc hosp",0,32371608
"US",2020-10-24,"65-74","rate hosp",0,32371608
"US",2020-10-24,"65-74","inc hosp",0,32371608
"US",2020-10-31,"65-74","rate hosp",0,32371608
"US",2020-10-31,"65-74","inc hosp",0,32371608
"US",2020-11-07,"65-74","rate hosp",0,32371608
"US",2020-11-07,"65-74","inc hosp",0,32371608
"US",2020-11-14,"65-74","rate hosp",0,32371608
"US",2020-11-14,"65-74","inc hosp",0,32371608
"US",2020-11-21,"65-74","rate hosp",0,32371608
"US",2020-11-21,"65-74","inc hosp",0,32371608
"US",2020-11-28,"65-74","rate hosp",0,32371608
"US",2020-11-28,"65-74","inc hosp",0,32371608
"US",2020-12-05,"65-74","rate hosp",0,32371608
"US",2020-12-05,"65-74","inc hosp",0,32371608
"US",2020-12-12,"65-74","rate hosp",0,32371608
"US",2020-12-12,"65-74","inc hosp",0,32371608
"US",2020-12-19,"65-74","rate hosp",0,32371608
"US",2020-12-19,"65-74","inc hosp",0,32371608
"US",2020-12-26,"65-74","rate hosp",0,32371608
"US",2020-12-26,"65-74","inc hosp",0,32371608
"US",2021-01-02,"65-74","rate hosp",0,32371608
"US",2021-01-02,"65-74","inc hosp",0,32371608
"US",2021-01-09,"65-74","rate hosp",0,33422673
"US",2021-01-09,"65-74","inc hosp",0,33422673
"US",2021-01-16,"65-74","rate hosp",0,33422673
"US",2021-01-16,"65-74","inc hosp",0,33422673
"US",2021-01-23,"65-74","rate hosp",0,33422673
"US",2021-01-23,"65-74","inc hosp",0,33422673
"US",2021-01-30,"65-74","rate hosp",0,33422673
"US",2021-01-30,"65-74","inc hosp",0,33422673
"US",2021-02-06,"65-74","rate hosp",0,33422673
"US",2021-02-06,"65-74","inc hosp",0,33422673
"US",2021-02-13,"65-74","rate hosp",0,33422673
"US",2021-02-13,"65-74","inc hosp",0,33422673
"US",2021-02-20,"65-74","rate hosp",0,33422673
"US",2021-02-20,"65-74","inc hosp",0,33422673
"US",2021-02-27,"65-74","rate hosp",0,33422673
"US",2021-02-27,"65-74","inc hosp",0,33422673
"US",2021-03-06,"65-74","rate hosp",0,33422673
"US",2021-03-06,"65-74","inc hosp",0,33422673
"US",2021-03-13,"65-74","rate hosp",0,33422673
"US",2021-03-13,"65-74","inc hosp",0,33422673
"US",2021-03-20,"65-74","rate hosp",0,33422673
"US",2021-03-20,"65-74","inc hosp",0,33422673
"US",2021-03-27,"65-74","rate hosp",0,33422673
"US",2021-03-27,"65-74","inc hosp",0,33422673
"US",2021-04-03,"65-74","rate hosp",0,33422673
"US",2021-04-03,"65-74","inc hosp",0,33422673
"US",2021-04-10,"65-74","rate hosp",0,33422673
"US",2021-04-10,"65-74","inc hosp",0,33422673
"US",2021-04-17,"65-74","rate hosp",0.1,33422673
"US",2021-04-17,"65-74","inc hosp",33.422673,33422673
"US",2021-04-24,"65-74","rate hosp",0.1,33422673
"US",2021-04-24,"65-74","inc hosp",33.422673,33422673
"US",2021-05-01,"65-74","rate hosp",0,33422673
"US",2021-05-01,"65-74","inc hosp",0,33422673
"US",2021-05-08,"65-74","rate hosp",0,33422673
"US",2021-05-08,"65-74","inc hosp",0,33422673
"US",2021-05-15,"65-74","rate hosp",0.1,33422673
"US",2021-05-15,"65-74","inc hosp",33.422673,33422673
"US",2021-05-22,"65-74","rate hosp",0.1,33422673
"US",2021-05-22,"65-74","inc hosp",33.422673,33422673
"US",2021-05-29,"65-74","rate hosp",0.1,33422673
"US",2021-05-29,"65-74","inc hosp",33.422673,33422673
"US",2021-06-05,"65-74","rate hosp",0,33422673
"US",2021-06-05,"65-74","inc hosp",0,33422673
"US",2021-06-12,"65-74","rate hosp",0,33422673
"US",2021-06-12,"65-74","inc hosp",0,33422673
"US",2021-06-19,"65-74","rate hosp",0.1,33422673
"US",2021-06-19,"65-74","inc hosp",33.422673,33422673
"US",2021-06-26,"65-74","rate hosp",0.2,33422673
"US",2021-06-26,"65-74","inc hosp",66.845346,33422673
"US",2021-07-03,"65-74","rate hosp",0.2,33422673
"US",2021-07-03,"65-74","inc hosp",66.845346,33422673
"US",2021-07-10,"65-74","rate hosp",0.1,33422673
"US",2021-07-10,"65-74","inc hosp",33.422673,33422673
"US",2021-07-17,"65-74","rate hosp",0.2,33422673
"US",2021-07-17,"65-74","inc hosp",66.845346,33422673
"US",2021-07-24,"65-74","rate hosp",0.2,33422673
"US",2021-07-24,"65-74","inc hosp",66.845346,33422673
"US",2021-07-31,"65-74","rate hosp",0.4,33422673
"US",2021-07-31,"65-74","inc hosp",133.690692,33422673
"US",2021-08-07,"65-74","rate hosp",0.6,33422673
"US",2021-08-07,"65-74","inc hosp",200.536038,33422673
"US",2021-08-14,"65-74","rate hosp",0.5,33422673
"US",2021-08-14,"65-74","inc hosp",167.113365,33422673
"US",2021-08-21,"65-74","rate hosp",0.3,33422673
"US",2021-08-21,"65-74","inc hosp",100.268019,33422673
"US",2021-08-28,"65-74","rate hosp",0.5,33422673
"US",2021-08-28,"65-74","inc hosp",167.113365,33422673
"US",2021-09-04,"65-74","rate hosp",0.3,33422673
"US",2021-09-04,"65-74","inc hosp",100.268019,33422673
"US",2021-09-11,"65-74","rate hosp",0.3,33422673
"US",2021-09-11,"65-74","inc hosp",100.268019,33422673
"US",2021-09-18,"65-74","rate hosp",0.4,33422673
"US",2021-09-18,"65-74","inc hosp",133.690692,33422673
"US",2021-09-25,"65-74","rate hosp",0.4,33422673
"US",2021-09-25,"65-74","inc hosp",133.690692,33422673
"US",2021-10-02,"65-74","rate hosp",0.5,33422673
"US",2021-10-02,"65-74","inc hosp",167.113365,33422673
"US",2021-10-09,"65-74","rate hosp",0.6,33422673
"US",2021-10-09,"65-74","inc hosp",200.536038,33422673
"US",2021-10-16,"65-74","rate hosp",0.8,33422673
"US",2021-10-16,"65-74","inc hosp",267.381384,33422673
"US",2021-10-23,"65-74","rate hosp",0.8,33422673
"US",2021-10-23,"65-74","inc hosp",267.381384,33422673
"US",2021-10-30,"65-74","rate hosp",0.7,33422673
"US",2021-10-30,"65-74","inc hosp",233.958711,33422673
"US",2021-11-06,"65-74","rate hosp",0.8,33422673
"US",2021-11-06,"65-74","inc hosp",267.381384,33422673
"US",2021-11-13,"65-74","rate hosp",0.7,33422673
"US",2021-11-13,"65-74","inc hosp",233.958711,33422673
"US",2021-11-20,"65-74","rate hosp",0.7,33422673
"US",2021-11-20,"65-74","inc hosp",233.958711,33422673
"US",2021-11-27,"65-74","rate hosp",0.7,33422673
"US",2021-11-27,"65-74","inc hosp",233.958711,33422673
"US",2021-12-04,"65-74","rate hosp",1.1,33422673
"US",2021-12-04,"65-74","inc hosp",367.649403,33422673
"US",2021-12-11,"65-74","rate hosp",1.3,33422673
"US",2021-12-11,"65-74","inc hosp",434.494749,33422673
"US",2021-12-18,"65-74","rate hosp",0.9,33422673
"US",2021-12-18,"65-74","inc hosp",300.804057,33422673
"US",2021-12-25,"65-74","rate hosp",1.3,33422673
"US",2021-12-25,"65-74","inc hosp",434.494749,33422673
"US",2022-01-01,"65-74","rate hosp",1,33422673
"US",2022-01-01,"65-74","inc hosp",334.22673,33422673
"US",2022-01-08,"65-74","rate hosp",0.8,33788439
"US",2022-01-08,"65-74","inc hosp",270.307512,33788439
"US",2022-01-15,"65-74","rate hosp",0.4,33788439
"US",2022-01-15,"65-74","inc hosp",135.153756,33788439
"US",2022-01-22,"65-74","rate hosp",0.4,33788439
"US",2022-01-22,"65-74","inc hosp",135.153756,33788439
"US",2022-01-29,"65-74","rate hosp",0.1,33788439
"US",2022-01-29,"65-74","inc hosp",33.788439,33788439
"US",2022-02-05,"65-74","rate hosp",0.2,33788439
"US",2022-02-05,"65-74","inc hosp",67.576878,33788439
"US",2022-02-12,"65-74","rate hosp",0.1,33788439
"US",2022-02-12,"65-74","inc hosp",33.788439,33788439
"US",2022-02-19,"65-74","rate hosp",0.2,33788439
"US",2022-02-19,"65-74","inc hosp",67.576878,33788439
"US",2022-02-26,"65-74","rate hosp",0.1,33788439
"US",2022-02-26,"65-74","inc hosp",33.788439,33788439
"US",2022-03-05,"65-74","rate hosp",0.1,33788439
"US",2022-03-05,"65-74","inc hosp",33.788439,33788439
"US",2022-03-12,"65-74","rate hosp",0.1,33788439
"US",2022-03-12,"65-74","inc hosp",33.788439,33788439
"US",2022-03-19,"65-74","rate hosp",0.1,33788439
"US",2022-03-19,"65-74","inc hosp",33.788439,33788439
"US",2022-03-26,"65-74","rate hosp",0.2,33788439
"US",2022-03-26,"65-74","inc hosp",67.576878,33788439
"US",2022-04-02,"65-74","rate hosp",0,33788439
"US",2022-04-02,"65-74","inc hosp",0,33788439
"US",2022-04-09,"65-74","rate hosp",0.3,33788439
"US",2022-04-09,"65-74","inc hosp",101.365317,33788439
"US",2022-04-16,"65-74","rate hosp",0.1,33788439
"US",2022-04-16,"65-74","inc hosp",33.788439,33788439
"US",2022-04-23,"65-74","rate hosp",0.1,33788439
"US",2022-04-23,"65-74","inc hosp",33.788439,33788439
"US",2022-04-30,"65-74","rate hosp",0.3,33788439
"US",2022-04-30,"65-74","inc hosp",101.365317,33788439
"US",2022-05-07,"65-74","rate hosp",0,33788439
"US",2022-05-07,"65-74","inc hosp",0,33788439
"US",2022-05-14,"65-74","rate hosp",0.1,33788439
"US",2022-05-14,"65-74","inc hosp",33.788439,33788439
"US",2022-05-21,"65-74","rate hosp",0.1,33788439
"US",2022-05-21,"65-74","inc hosp",33.788439,33788439
"US",2022-05-28,"65-74","rate hosp",0.1,33788439
"US",2022-05-28,"65-74","inc hosp",33.788439,33788439
"US",2022-06-04,"65-74","rate hosp",0.1,33788439
"US",2022-06-04,"65-74","inc hosp",33.788439,33788439
"US",2022-06-11,"65-74","rate hosp",0,33788439
"US",2022-06-11,"65-74","inc hosp",0,33788439
"US",2022-06-18,"65-74","rate hosp",0,33788439
"US",2022-06-18,"65-74","inc hosp",0,33788439
"US",2022-06-25,"65-74","rate hosp",0.3,33788439
"US",2022-06-25,"65-74","inc hosp",101.365317,33788439
"US",2022-07-02,"65-74","rate hosp",0,33788439
"US",2022-07-02,"65-74","inc hosp",0,33788439
"US",2022-07-09,"65-74","rate hosp",0.2,33788439
"US",2022-07-09,"65-74","inc hosp",67.576878,33788439
"US",2022-07-16,"65-74","rate hosp",0.3,33788439
"US",2022-07-16,"65-74","inc hosp",101.365317,33788439
"US",2022-07-23,"65-74","rate hosp",0.1,33788439
"US",2022-07-23,"65-74","inc hosp",33.788439,33788439
"US",2022-07-30,"65-74","rate hosp",0.2,33788439
"US",2022-07-30,"65-74","inc hosp",67.576878,33788439
"US",2022-08-06,"65-74","rate hosp",0.1,33788439
"US",2022-08-06,"65-74","inc hosp",33.788439,33788439
"US",2022-08-13,"65-74","rate hosp",0.1,33788439
"US",2022-08-13,"65-74","inc hosp",33.788439,33788439
"US",2022-08-20,"65-74","rate hosp",0.2,33788439
"US",2022-08-20,"65-74","inc hosp",67.576878,33788439
"US",2022-08-27,"65-74","rate hosp",0.4,33788439
"US",2022-08-27,"65-74","inc hosp",135.153756,33788439
"US",2022-09-03,"65-74","rate hosp",0.3,33788439
"US",2022-09-03,"65-74","inc hosp",101.365317,33788439
"US",2022-09-10,"65-74","rate hosp",0.3,33788439
"US",2022-09-10,"65-74","inc hosp",101.365317,33788439
"US",2022-09-17,"65-74","rate hosp",0.5,33788439
"US",2022-09-17,"65-74","inc hosp",168.942195,33788439
"US",2022-09-24,"65-74","rate hosp",0.4,33788439
"US",2022-09-24,"65-74","inc hosp",135.153756,33788439
"US",2022-10-01,"65-74","rate hosp",0.6,33788439
"US",2022-10-01,"65-74","inc hosp",202.730634,33788439
"US",2022-10-08,"65-74","rate hosp",0,33788439
"US",2022-10-08,"65-74","inc hosp",0,33788439
"US",2022-10-15,"65-74","rate hosp",0,33788439
"US",2022-10-15,"65-74","inc hosp",0,33788439
"US",2022-10-22,"65-74","rate hosp",0,33788439
"US",2022-10-22,"65-74","inc hosp",0,33788439
"US",2022-10-29,"65-74","rate hosp",0,33788439
"US",2022-10-29,"65-74","inc hosp",0,33788439
"US",2022-11-05,"65-74","rate hosp",0,33788439
"US",2022-11-05,"65-74","inc hosp",0,33788439
"US",2022-11-12,"65-74","rate hosp",0,33788439
"US",2022-11-12,"65-74","inc hosp",0,33788439
"US",2022-11-19,"65-74","rate hosp",0,33788439
"US",2022-11-19,"65-74","inc hosp",0,33788439
"US",2022-11-26,"65-74","rate hosp",0,33788439
"US",2022-11-26,"65-74","inc hosp",0,33788439
"US",2022-12-03,"65-74","rate hosp",0,33788439
"US",2022-12-03,"65-74","inc hosp",0,33788439
"US",2022-12-10,"65-74","rate hosp",0,33788439
"US",2022-12-10,"65-74","inc hosp",0,33788439
"US",2022-12-17,"65-74","rate hosp",0,33788439
"US",2022-12-17,"65-74","inc hosp",0,33788439
"US",2022-12-24,"65-74","rate hosp",0,33788439
"US",2022-12-24,"65-74","inc hosp",0,33788439
"US",2022-12-31,"65-74","rate hosp",0,33788439
"US",2022-12-31,"65-74","inc hosp",0,33788439
"US",2023-01-07,"65-74","rate hosp",0,33788439
"US",2023-01-07,"65-74","inc hosp",0,33788439
"US",2023-01-14,"65-74","rate hosp",0,33788439
"US",2023-01-14,"65-74","inc hosp",0,33788439
"US",2023-01-21,"65-74","rate hosp",0,33788439
"US",2023-01-21,"65-74","inc hosp",0,33788439
"US",2023-01-28,"65-74","rate hosp",0,33788439
"US",2023-01-28,"65-74","inc hosp",0,33788439
"US",2023-02-04,"65-74","rate hosp",0,33788439
"US",2023-02-04,"65-74","inc hosp",0,33788439
"US",2023-02-11,"65-74","rate hosp",0,33788439
"US",2023-02-11,"65-74","inc hosp",0,33788439
"US",2023-02-18,"65-74","rate hosp",0,33788439
"US",2023-02-18,"65-74","inc hosp",0,33788439
"US",2023-02-25,"65-74","rate hosp",0,33788439
"US",2023-02-25,"65-74","inc hosp",0,33788439
"US",2023-03-04,"65-74","rate hosp",0,33788439
"US",2023-03-04,"65-74","inc hosp",0,33788439
"US",2023-03-11,"65-74","rate hosp",0,33788439
"US",2023-03-11,"65-74","inc hosp",0,33788439
"US",2023-03-18,"65-74","rate hosp",0,33788439
"US",2023-03-18,"65-74","inc hosp",0,33788439
"US",2023-03-25,"65-74","rate hosp",0,33788439
"US",2023-03-25,"65-74","inc hosp",0,33788439
"US",2023-04-01,"65-74","rate hosp",0,33788439
"US",2023-04-01,"65-74","inc hosp",0,33788439
"US",2023-04-08,"65-74","rate hosp",0,33788439
"US",2023-04-08,"65-74","inc hosp",0,33788439
"US",2023-04-15,"65-74","rate hosp",0,33788439
"US",2023-04-15,"65-74","inc hosp",0,33788439
"US",2023-04-22,"65-74","rate hosp",0,33788439
"US",2023-04-22,"65-74","inc hosp",0,33788439
"US",2023-04-29,"65-74","rate hosp",0,33788439
"US",2023-04-29,"65-74","inc hosp",0,33788439
"US",2023-05-06,"65-74","rate hosp",0,33788439
"US",2023-05-06,"65-74","inc hosp",0,33788439
"US",2023-05-13,"65-74","rate hosp",0,33788439
"US",2023-05-13,"65-74","inc hosp",0,33788439
"US",2023-05-20,"65-74","rate hosp",0,33788439
"US",2023-05-20,"65-74","inc hosp",0,33788439
"US",2023-05-27,"65-74","rate hosp",0,33788439
"US",2023-05-27,"65-74","inc hosp",0,33788439
"US",2023-06-03,"65-74","rate hosp",0,33788439
"US",2023-06-03,"65-74","inc hosp",0,33788439
"US",2023-06-10,"65-74","rate hosp",0,33788439
"US",2023-06-10,"65-74","inc hosp",0,33788439
"US",2023-06-17,"65-74","rate hosp",0,33788439
"US",2023-06-17,"65-74","inc hosp",0,33788439
"US",2023-06-24,"65-74","rate hosp",0,33788439
"US",2023-06-24,"65-74","inc hosp",0,33788439
"US",2023-07-01,"65-74","rate hosp",0,33788439
"US",2023-07-01,"65-74","inc hosp",0,33788439
"US",2023-07-08,"65-74","rate hosp",0,33788439
"US",2023-07-08,"65-74","inc hosp",0,33788439
"US",2023-07-15,"65-74","rate hosp",0,33788439
"US",2023-07-15,"65-74","inc hosp",0,33788439
"US",2023-07-22,"65-74","rate hosp",0,33788439
"US",2023-07-22,"65-74","inc hosp",0,33788439
"US",2023-07-29,"65-74","rate hosp",0,33788439
"US",2023-07-29,"65-74","inc hosp",0,33788439
"US",2023-08-05,"65-74","rate hosp",0,33788439
"US",2023-08-05,"65-74","inc hosp",0,33788439
"US",2023-08-12,"65-74","rate hosp",0,33788439
"US",2023-08-12,"65-74","inc hosp",0,33788439
"US",2023-08-19,"65-74","rate hosp",0,33788439
"US",2023-08-19,"65-74","inc hosp",0,33788439
"US",2023-08-26,"65-74","rate hosp",0,33788439
"US",2023-08-26,"65-74","inc hosp",0,33788439
"US",2023-09-02,"65-74","rate hosp",0,33788439
"US",2023-09-02,"65-74","inc hosp",0,33788439
"US",2023-09-09,"65-74","rate hosp",0,33788439
"US",2023-09-09,"65-74","inc hosp",0,33788439
"US",2023-09-16,"65-74","rate hosp",0,33788439
"US",2023-09-16,"65-74","inc hosp",0,33788439
"US",2023-09-23,"65-74","rate hosp",0,33788439
"US",2023-09-23,"65-74","inc hosp",0,33788439
"US",2023-09-30,"65-74","rate hosp",0,33788439
"US",2023-09-30,"65-74","inc hosp",0,33788439
"US",2023-10-07,"65-74","rate hosp",0,33788439
"US",2023-10-07,"65-74","inc hosp",0,33788439
"US",2023-10-14,"65-74","rate hosp",0,33788439
"US",2023-10-14,"65-74","inc hosp",0,33788439
"US",2023-10-21,"65-74","rate hosp",0,33788439
"US",2023-10-21,"65-74","inc hosp",0,33788439
"US",2023-10-28,"65-74","rate hosp",0,33788439
"US",2023-10-28,"65-74","inc hosp",0,33788439
"US",2023-11-04,"65-74","rate hosp",0,33788439
"US",2023-11-04,"65-74","inc hosp",0,33788439
"US",2023-11-11,"65-74","rate hosp",0,33788439
"US",2023-11-11,"65-74","inc hosp",0,33788439
"US",2023-11-18,"65-74","rate hosp",0,33788439
"US",2023-11-18,"65-74","inc hosp",0,33788439
"US",2023-11-25,"65-74","rate hosp",0,33788439
"US",2023-11-25,"65-74","inc hosp",0,33788439
"US",2023-12-02,"65-74","rate hosp",0,33788439
"US",2023-12-02,"65-74","inc hosp",0,33788439
"US",2023-12-09,"65-74","rate hosp",0,33788439
"US",2023-12-09,"65-74","inc hosp",0,33788439
"US",2023-12-16,"65-74","rate hosp",0,33788439
"US",2023-12-16,"65-74","inc hosp",0,33788439
"US",2023-12-23,"65-74","rate hosp",0,33788439
"US",2023-12-23,"65-74","inc hosp",0,33788439
"US",2023-12-30,"65-74","rate hosp",0,33788439
"US",2023-12-30,"65-74","inc hosp",0,33788439
"US",2024-01-06,"65-74","rate hosp",0,33788439
"US",2024-01-06,"65-74","inc hosp",0,33788439
"US",2024-01-13,"65-74","rate hosp",0,33788439
"US",2024-01-13,"65-74","inc hosp",0,33788439
"US",2024-01-20,"65-74","rate hosp",0,33788439
"US",2024-01-20,"65-74","inc hosp",0,33788439
"US",2024-01-27,"65-74","rate hosp",0,33788439
"US",2024-01-27,"65-74","inc hosp",0,33788439
"US",2024-02-03,"65-74","rate hosp",0,33788439
"US",2024-02-03,"65-74","inc hosp",0,33788439
"US",2024-02-10,"65-74","rate hosp",0,33788439
"US",2024-02-10,"65-74","inc hosp",0,33788439
"US",2024-02-17,"65-74","rate hosp",0,33788439
"US",2024-02-17,"65-74","inc hosp",0,33788439
"US",2024-02-24,"65-74","rate hosp",0,33788439
"US",2024-02-24,"65-74","inc hosp",0,33788439
"US",2024-03-02,"65-74","rate hosp",0,33788439
"US",2024-03-02,"65-74","inc hosp",0,33788439
"US",2024-03-09,"65-74","rate hosp",0,33788439
"US",2024-03-09,"65-74","inc hosp",0,33788439
"US",2024-03-16,"65-74","rate hosp",0,33788439
"US",2024-03-16,"65-74","inc hosp",0,33788439
"US",2024-03-23,"65-74","rate hosp",0,33788439
"US",2024-03-23,"65-74","inc hosp",0,33788439
"US",2024-03-30,"65-74","rate hosp",0,33788439
"US",2024-03-30,"65-74","inc hosp",0,33788439
"US",2024-04-06,"65-74","rate hosp",0,33788439
"US",2024-04-06,"65-74","inc hosp",0,33788439
"US",2024-04-13,"65-74","rate hosp",0,33788439
"US",2024-04-13,"65-74","inc hosp",0,33788439
"US",2024-04-20,"65-74","rate hosp",0,33788439
"US",2024-04-20,"65-74","inc hosp",0,33788439
"US",2024-04-27,"65-74","rate hosp",0,33788439
"US",2024-04-27,"65-74","inc hosp",0,33788439
"US",2024-05-04,"65-74","rate hosp",0,33788439
"US",2024-05-04,"65-74","inc hosp",0,33788439
"US",2024-05-11,"65-74","rate hosp",0,33788439
"US",2024-05-11,"65-74","inc hosp",0,33788439
"US",2024-05-18,"65-74","rate hosp",0,33788439
"US",2024-05-18,"65-74","inc hosp",0,33788439
"US",2024-05-25,"65-74","rate hosp",0,33788439
"US",2024-05-25,"65-74","inc hosp",0,33788439
"US",2024-06-01,"65-74","rate hosp",0,33788439
"US",2024-06-01,"65-74","inc hosp",0,33788439
"US",2024-06-08,"65-74","rate hosp",0,33788439
"US",2024-06-08,"65-74","inc hosp",0,33788439
"US",2024-06-15,"65-74","rate hosp",0,33788439
"US",2024-06-15,"65-74","inc hosp",0,33788439
"US",2024-06-22,"65-74","rate hosp",0,33788439
"US",2024-06-22,"65-74","inc hosp",0,33788439
"US",2024-06-29,"65-74","rate hosp",0,33788439
"US",2024-06-29,"65-74","inc hosp",0,33788439
"US",2024-07-06,"65-74","rate hosp",0,33788439
"US",2024-07-06,"65-74","inc hosp",0,33788439
"US",2024-07-13,"65-74","rate hosp",0,33788439
"US",2024-07-13,"65-74","inc hosp",0,33788439
"US",2024-07-20,"65-74","rate hosp",0,33788439
"US",2024-07-20,"65-74","inc hosp",0,33788439
"US",2024-07-27,"65-74","rate hosp",0,33788439
"US",2024-07-27,"65-74","inc hosp",0,33788439
"US",2024-08-03,"65-74","rate hosp",0,33788439
"US",2024-08-03,"65-74","inc hosp",0,33788439
"US",2024-08-10,"65-74","rate hosp",0,33788439
"US",2024-08-10,"65-74","inc hosp",0,33788439
"US",2024-08-17,"65-74","rate hosp",0,33788439
"US",2024-08-17,"65-74","inc hosp",0,33788439
"US",2024-08-24,"65-74","rate hosp",0,33788439
"US",2024-08-24,"65-74","inc hosp",0,33788439
"US",2024-08-31,"65-74","rate hosp",0,33788439
"US",2024-08-31,"65-74","inc hosp",0,33788439
"US",2024-09-07,"65-74","rate hosp",0,33788439
"US",2024-09-07,"65-74","inc hosp",0,33788439
"US",2024-09-14,"65-74","rate hosp",0,33788439
"US",2024-09-14,"65-74","inc hosp",0,33788439
"US",2024-09-21,"65-74","rate hosp",0,33788439
"US",2024-09-21,"65-74","inc hosp",0,33788439
"US",2024-09-28,"65-74","rate hosp",0,33788439
"US",2024-09-28,"65-74","inc hosp",0,33788439
"US",2024-10-05,"65-74","rate hosp",0,33788439
"US",2024-10-05,"65-74","inc hosp",0,33788439
"US",2024-10-12,"65-74","rate hosp",0,33788439
"US",2024-10-12,"65-74","inc hosp",0,33788439
"US",2024-10-19,"65-74","rate hosp",0,33788439
"US",2024-10-19,"65-74","inc hosp",0,33788439
"US",2024-10-26,"65-74","rate hosp",0,33788439
"US",2024-10-26,"65-74","inc hosp",0,33788439
"US",2024-11-02,"65-74","rate hosp",0,33788439
"US",2024-11-02,"65-74","inc hosp",0,33788439
"US",2024-11-09,"65-74","rate hosp",0,33788439
"US",2024-11-09,"65-74","inc hosp",0,33788439
"US",2024-11-16,"65-74","rate hosp",0,33788439
"US",2024-11-16,"65-74","inc hosp",0,33788439
"US",2024-11-23,"65-74","rate hosp",0,33788439
"US",2024-11-23,"65-74","inc hosp",0,33788439
"US",2024-11-30,"65-74","rate hosp",0,33788439
"US",2024-11-30,"65-74","inc hosp",0,33788439
"US",2024-12-07,"65-74","rate hosp",0,33788439
"US",2024-12-07,"65-74","inc hosp",0,33788439
"US",2024-12-14,"65-74","rate hosp",0,33788439
"US",2024-12-14,"65-74","inc hosp",0,33788439
"US",2024-12-21,"65-74","rate hosp",0,33788439
"US",2024-12-21,"65-74","inc hosp",0,33788439
"US",2024-12-28,"65-74","rate hosp",0,33788439
"US",2024-12-28,"65-74","inc hosp",0,33788439
"US",2025-01-04,"65-74","rate hosp",0,33788439
"US",2025-01-04,"65-74","inc hosp",0,33788439
"US",2025-01-11,"65-74","rate hosp",0,33788439
"US",2025-01-11,"65-74","inc hosp",0,33788439
"US",2025-01-18,"65-74","rate hosp",0,33788439
"US",2025-01-18,"65-74","inc hosp",0,33788439
"US",2025-01-25,"65-74","rate hosp",0,33788439
"US",2025-01-25,"65-74","inc hosp",0,33788439
"US",2025-02-01,"65-74","rate hosp",0,33788439
"US",2025-02-01,"65-74","inc hosp",0,33788439
"US",2025-02-08,"65-74","rate hosp",0,33788439
"US",2025-02-08,"65-74","inc hosp",0,33788439
"US",2025-02-15,"65-74","rate hosp",0,33788439
"US",2025-02-15,"65-74","inc hosp",0,33788439
"US",2025-02-22,"65-74","rate hosp",0,33788439
"US",2025-02-22,"65-74","inc hosp",0,33788439
"US",2025-03-01,"65-74","rate hosp",0,33788439
"US",2025-03-01,"65-74","inc hosp",0,33788439
"US",2025-03-08,"65-74","rate hosp",0,33788439
"US",2025-03-08,"65-74","inc hosp",0,33788439
"US",2025-03-15,"65-74","rate hosp",0,33788439
"US",2025-03-15,"65-74","inc hosp",0,33788439
"US",2025-03-22,"65-74","rate hosp",0,33788439
"US",2025-03-22,"65-74","inc hosp",0,33788439
"US",2025-03-29,"65-74","rate hosp",0,33788439
"US",2025-03-29,"65-74","inc hosp",0,33788439
"US",2025-04-05,"65-74","rate hosp",0,33788439
"US",2025-04-05,"65-74","inc hosp",0,33788439
"US",2025-04-12,"65-74","rate hosp",0,33788439
"US",2025-04-12,"65-74","inc hosp",0,33788439
"US",2025-04-19,"65-74","rate hosp",0,33788439
"US",2025-04-19,"65-74","inc hosp",0,33788439
"US",2025-04-26,"65-74","rate hosp",0,33788439
"US",2025-04-26,"65-74","inc hosp",0,33788439
"US",2025-05-03,"65-74","rate hosp",0,33788439
"US",2025-05-03,"65-74","inc hosp",0,33788439
"US",2025-05-10,"65-74","rate hosp",0,33788439
"US",2025-05-10,"65-74","inc hosp",0,33788439
"US",2025-05-17,"65-74","rate hosp",0,33788439
"US",2025-05-17,"65-74","inc hosp",0,33788439
"US",2025-05-24,"65-74","rate hosp",0,33788439
"US",2025-05-24,"65-74","inc hosp",0,33788439
"US",2025-05-31,"65-74","rate hosp",0,33788439
"US",2025-05-31,"65-74","inc hosp",0,33788439
"US",2025-06-07,"65-74","rate hosp",0,33788439
"US",2025-06-07,"65-74","inc hosp",0,33788439
"US",2025-06-14,"65-74","rate hosp",0,33788439
"US",2025-06-14,"65-74","inc hosp",0,33788439
"US",2025-06-21,"65-74","rate hosp",0,33788439
"US",2025-06-21,"65-74","inc hosp",0,33788439
"US",2025-06-28,"65-74","rate hosp",0,33788439
"US",2025-06-28,"65-74","inc hosp",0,33788439
"US",2025-07-05,"65-74","rate hosp",0,33788439
"US",2025-07-05,"65-74","inc hosp",0,33788439
"US",2025-07-12,"65-74","rate hosp",0,33788439
"US",2025-07-12,"65-74","inc hosp",0,33788439
"US",2025-07-19,"65-74","rate hosp",0,33788439
"US",2025-07-19,"65-74","inc hosp",0,33788439
"US",2025-07-26,"65-74","rate hosp",0,33788439
"US",2025-07-26,"65-74","inc hosp",0,33788439
"US",2025-08-02,"65-74","rate hosp",0,33788439
"US",2025-08-02,"65-74","inc hosp",0,33788439
"US",2025-08-09,"65-74","rate hosp",0,33788439
"US",2025-08-09,"65-74","inc hosp",0,33788439
"US",2025-08-16,"65-74","rate hosp",0,33788439
"US",2025-08-16,"65-74","inc hosp",0,33788439
"US",2025-08-23,"65-74","rate hosp",0,33788439
"US",2025-08-23,"65-74","inc hosp",0,33788439
"US",2025-08-30,"65-74","rate hosp",0,33788439
"US",2025-08-30,"65-74","inc hosp",0,33788439
"US",2025-09-06,"65-74","rate hosp",0,33788439
"US",2025-09-06,"65-74","inc hosp",0,33788439
"US",2025-09-13,"65-74","rate hosp",0,33788439
"US",2025-09-13,"65-74","inc hosp",0,33788439
"US",2025-09-20,"65-74","rate hosp",0,33788439
"US",2025-09-20,"65-74","inc hosp",0,33788439
"US",2025-09-27,"65-74","rate hosp",0,33788439
"US",2025-09-27,"65-74","inc hosp",0,33788439
"US",2025-10-04,"65-74","rate hosp",0,33788439
"US",2025-10-04,"65-74","inc hosp",0,33788439
"US",2025-10-11,"65-74","rate hosp",0,33788439
"US",2025-10-11,"65-74","inc hosp",0,33788439
"US",2025-10-18,"65-74","rate hosp",0,33788439
"US",2025-10-18,"65-74","inc hosp",0,33788439
"US",2025-10-25,"65-74","rate hosp",0,33788439
"US",2025-10-25,"65-74","inc hosp",0,33788439
"US",2025-11-01,"65-74","rate hosp",0,33788439
"US",2025-11-01,"65-74","inc hosp",0,33788439
"US",2025-11-08,"65-74","rate hosp",0,33788439
"US",2025-11-08,"65-74","inc hosp",0,33788439
"US",2025-11-15,"65-74","rate hosp",0,33788439
"US",2025-11-15,"65-74","inc hosp",0,33788439
"US",2025-11-22,"65-74","rate hosp",0,33788439
"US",2025-11-22,"65-74","inc hosp",0,33788439
"US",2025-11-29,"65-74","rate hosp",0,33788439
"US",2025-11-29,"65-74","inc hosp",0,33788439
"US",2025-12-06,"65-74","rate hosp",0,33788439
"US",2025-12-06,"65-74","inc hosp",0,33788439
"US",2025-12-13,"65-74","rate hosp",0,33788439
"US",2025-12-13,"65-74","inc hosp",0,33788439
"US",2025-12-20,"65-74","rate hosp",0,33788439
"US",2025-12-20,"65-74","inc hosp",0,33788439
"US",2025-12-27,"65-74","rate hosp",0,33788439
"US",2025-12-27,"65-74","inc hosp",0,33788439
"US",2026-01-03,"65-74","rate hosp",0,33788439
"US",2026-01-03,"65-74","inc hosp",0,33788439
"US",2026-01-10,"65-74","rate hosp",0,33788439
"US",2026-01-10,"65-74","inc hosp",0,33788439
"US",2026-01-17,"65-74","rate hosp",0,33788439
"US",2026-01-17,"65-74","inc hosp",0,33788439
"US",2026-01-24,"65-74","rate hosp",0,33788439
"US",2026-01-24,"65-74","inc hosp",0,33788439
"US",2026-01-31,"65-74","rate hosp",0,33788439
"US",2026-01-31,"65-74","inc hosp",0,33788439
"US",2026-02-07,"65-74","rate hosp",0,33788439
"US",2026-02-07,"65-74","inc hosp",0,33788439
"US",2026-02-14,"65-74","rate hosp",0,33788439
"US",2026-02-14,"65-74","inc hosp",0,33788439
"US",2026-02-21,"65-74","rate hosp",0,33788439
"US",2026-02-21,"65-74","inc hosp",0,33788439
"US",2026-02-28,"65-74","rate hosp",0,33788439
"US",2026-02-28,"65-74","inc hosp",0,33788439
"US",2026-03-07,"65-74","rate hosp",0,33788439
"US",2026-03-07,"65-74","inc hosp",0,33788439
"US",2026-03-14,"65-74","rate hosp",0,33788439
"US",2026-03-14,"65-74","inc hosp",0,33788439
"US",2026-03-21,"65-74","rate hosp",0,33788439
"US",2026-03-21,"65-74","inc hosp",0,33788439
"US",2026-03-28,"65-74","rate hosp",0,33788439
"US",2026-03-28,"65-74","inc hosp",0,33788439
"US",2026-04-04,"65-74","rate hosp",0,33788439
"US",2026-04-04,"65-74","inc hosp",0,33788439
"US",2026-04-11,"65-74","rate hosp",0,33788439
"US",2026-04-11,"65-74","inc hosp",0,33788439
"US",2026-04-18,"65-74","rate hosp",0,33788439
"US",2026-04-18,"65-74","inc hosp",0,33788439
"US",2026-04-25,"65-74","rate hosp",0,33788439
"US",2026-04-25,"65-74","inc hosp",0,33788439
"US",2026-05-02,"65-74","rate hosp",0,33788439
"US",2026-05-02,"65-74","inc hosp",0,33788439
"US",2026-05-09,"65-74","rate hosp",0,33788439
"US",2026-05-09,"65-74","inc hosp",0,33788439
"US",2026-05-16,"65-74","rate hosp",0,33788439
"US",2026-05-16,"65-74","inc hosp",0,33788439
"US",2026-05-23,"65-74","rate hosp",0,33788439
"US",2026-05-23,"65-74","inc hosp",0,33788439
"US",2026-05-30,"65-74","rate hosp",0,33788439
"US",2026-05-30,"65-74","inc hosp",0,33788439
"US",2026-06-06,"65-74","rate hosp",0,33788439
"US",2026-06-06,"65-74","inc hosp",0,33788439
"US",2026-06-13,"65-74","rate hosp",0,33788439
"US",2026-06-13,"65-74","inc hosp",0,33788439
"US",2026-06-20,"65-74","rate hosp",0,33788439
"US",2026-06-20,"65-74","inc hosp",0,33788439
"US",2026-06-27,"65-74","rate hosp",0,33788439
"US",2026-06-27,"65-74","inc hosp",0,33788439
"US",2026-07-04,"65-74","rate hosp",0,33788439
"US",2026-07-04,"65-74","inc hosp",0,33788439
"US",2026-07-11,"65-74","rate hosp",0,33788439
"US",2026-07-11,"65-74","inc hosp",0,33788439
"US",2026-07-18,"65-74","rate hosp",0,33788439
"US",2026-07-18,"65-74","inc hosp",0,33788439
"US",2026-07-25,"65-74","rate hosp",0,33788439
"US",2026-07-25,"65-74","inc hosp",0,33788439
"US",2026-08-01,"65-74","rate hosp",0,33788439
"US",2026-08-01,"65-74","inc hosp",0,33788439
"US",2026-08-08,"65-74","rate hosp",0,33788439
"US",2026-08-08,"65-74","inc hosp",0,33788439
"US",2026-08-15,"65-74","rate hosp",0,33788439
"US",2026-08-15,"65-74","inc hosp",0,33788439
"US",2026-08-22,"65-74","rate hosp",0,33788439
"US",2026-08-22,"65-74","inc hosp",0,33788439
"US",2018-10-06,"0-0.99","rate hosp",5.2,1913454
"US",2018-10-06,"0-0.99","inc hosp",99.499608,1913454
"US",2018-10-13,"0-0.99","rate hosp",6.4,1913454
"US",2018-10-13,"0-0.99","inc hosp",122.461056,1913454
"US",2018-10-20,"0-0.99","rate hosp",9.2,1913454
"US",2018-10-20,"0-0.99","inc hosp",176.037768,1913454
"US",2018-10-27,"0-0.99","rate hosp",10.4,1913454
"US",2018-10-27,"0-0.99","inc hosp",198.999216,1913454
"US",2018-11-03,"0-0.99","rate hosp",8.6,1913454
"US",2018-11-03,"0-0.99","inc hosp",164.557044,1913454
"US",2018-11-10,"0-0.99","rate hosp",16.6,1913454
"US",2018-11-10,"0-0.99","inc hosp",317.633364,1913454
"US",2018-11-17,"0-0.99","rate hosp",22.1,1913454
"US",2018-11-17,"0-0.99","inc hosp",422.873334,1913454
"US",2018-11-24,"0-0.99","rate hosp",19.6,1913454
"US",2018-11-24,"0-0.99","inc hosp",375.036984,1913454
"US",2018-12-01,"0-0.99","rate hosp",38.1,1913454
"US",2018-12-01,"0-0.99","inc hosp",729.025974,1913454
"US",2018-12-08,"0-0.99","rate hosp",33.8,1913454
"US",2018-12-08,"0-0.99","inc hosp",646.747452,1913454
"US",2018-12-15,"0-0.99","rate hosp",45.7,1913454
"US",2018-12-15,"0-0.99","inc hosp",874.448478,1913454
"US",2018-12-22,"0-0.99","rate hosp",50.9,1913454
"US",2018-12-22,"0-0.99","inc hosp",973.948086,1913454
"US",2018-12-29,"0-0.99","rate hosp",58.9,1913454
"US",2018-12-29,"0-0.99","inc hosp",1127.024406,1913454
"US",2019-01-05,"0-0.99","rate hosp",58.3,1881113.5
"US",2019-01-05,"0-0.99","inc hosp",1096.6891705,1881113.5
"US",2019-01-12,"0-0.99","rate hosp",54.9,1881113.5
"US",2019-01-12,"0-0.99","inc hosp",1032.7313115,1881113.5
"US",2019-01-19,"0-0.99","rate hosp",39.3,1881113.5
"US",2019-01-19,"0-0.99","inc hosp",739.2776055,1881113.5
"US",2019-01-26,"0-0.99","rate hosp",38.7,1881113.5
"US",2019-01-26,"0-0.99","inc hosp",727.9909245,1881113.5
"US",2019-02-02,"0-0.99","rate hosp",50.6,1881113.5
"US",2019-02-02,"0-0.99","inc hosp",951.843431,1881113.5
"US",2019-02-09,"0-0.99","rate hosp",41.1,1881113.5
"US",2019-02-09,"0-0.99","inc hosp",773.1376485,1881113.5
"US",2019-02-16,"0-0.99","rate hosp",34.7,1881113.5
"US",2019-02-16,"0-0.99","inc hosp",652.7463845,1881113.5
"US",2019-02-23,"0-0.99","rate hosp",33.1,1881113.5
"US",2019-02-23,"0-0.99","inc hosp",622.6485685,1881113.5
"US",2019-03-02,"0-0.99","rate hosp",29.8,1881113.5
"US",2019-03-02,"0-0.99","inc hosp",560.571823,1881113.5
"US",2019-03-09,"0-0.99","rate hosp",23.9,1881113.5
"US",2019-03-09,"0-0.99","inc hosp",449.5861265,1881113.5
"US",2019-03-16,"0-0.99","rate hosp",17.2,1881113.5
"US",2019-03-16,"0-0.99","inc hosp",323.551522,1881113.5
"US",2019-03-23,"0-0.99","rate hosp",21.8,1881113.5
"US",2019-03-23,"0-0.99","inc hosp",410.082743,1881113.5
"US",2019-03-30,"0-0.99","rate hosp",12,1881113.5
"US",2019-03-30,"0-0.99","inc hosp",225.73362,1881113.5
"US",2019-04-06,"0-0.99","rate hosp",13.2,1881113.5
"US",2019-04-06,"0-0.99","inc hosp",248.306982,1881113.5
"US",2019-04-13,"0-0.99","rate hosp",10.7,1881113.5
"US",2019-04-13,"0-0.99","inc hosp",201.2791445,1881113.5
"US",2019-04-20,"0-0.99","rate hosp",6.4,1881113.5
"US",2019-04-20,"0-0.99","inc hosp",120.391264,1881113.5
"US",2019-04-27,"0-0.99","rate hosp",4,1881113.5
"US",2019-04-27,"0-0.99","inc hosp",75.24454,1881113.5
"US",2019-05-04,"0-0.99","rate hosp",2.8,1881113.5
"US",2019-05-04,"0-0.99","inc hosp",52.671178,1881113.5
"US",2019-10-05,"0-0.99","rate hosp",5.2,1881113.5
"US",2019-10-05,"0-0.99","inc hosp",97.817902,1881113.5
"US",2019-10-12,"0-0.99","rate hosp",5.5,1881113.5
"US",2019-10-12,"0-0.99","inc hosp",103.4612425,1881113.5
"US",2019-10-19,"0-0.99","rate hosp",11.3,1881113.5
"US",2019-10-19,"0-0.99","inc hosp",212.5658255,1881113.5
"US",2019-10-26,"0-0.99","rate hosp",14.4,1881113.5
"US",2019-10-26,"0-0.99","inc hosp",270.880344,1881113.5
"US",2019-11-02,"0-0.99","rate hosp",15.3,1881113.5
"US",2019-11-02,"0-0.99","inc hosp",287.8103655,1881113.5
"US",2019-11-09,"0-0.99","rate hosp",25.4,1881113.5
"US",2019-11-09,"0-0.99","inc hosp",477.802829,1881113.5
"US",2019-11-16,"0-0.99","rate hosp",27.5,1881113.5
"US",2019-11-16,"0-0.99","inc hosp",517.3062125,1881113.5
"US",2019-11-23,"0-0.99","rate hosp",28.8,1881113.5
"US",2019-11-23,"0-0.99","inc hosp",541.760688,1881113.5
"US",2019-11-30,"0-0.99","rate hosp",43.8,1881113.5
"US",2019-11-30,"0-0.99","inc hosp",823.927713,1881113.5
"US",2019-12-07,"0-0.99","rate hosp",67.3,1881113.5
"US",2019-12-07,"0-0.99","inc hosp",1265.9893855,1881113.5
"US",2019-12-14,"0-0.99","rate hosp",62.1,1881113.5
"US",2019-12-14,"0-0.99","inc hosp",1168.1714835,1881113.5
"US",2019-12-21,"0-0.99","rate hosp",68.9,1881113.5
"US",2019-12-21,"0-0.99","inc hosp",1296.0872015,1881113.5
"US",2019-12-28,"0-0.99","rate hosp",75.6,1881113.5
"US",2019-12-28,"0-0.99","inc hosp",1422.121806,1881113.5
"US",2020-01-04,"0-0.99","rate hosp",92.7,1834931.5
"US",2020-01-04,"0-0.99","inc hosp",1700.9815005,1834931.5
"US",2020-01-11,"0-0.99","rate hosp",71.6,1834931.5
"US",2020-01-11,"0-0.99","inc hosp",1313.810954,1834931.5
"US",2020-01-18,"0-0.99","rate hosp",57.8,1834931.5
"US",2020-01-18,"0-0.99","inc hosp",1060.590407,1834931.5
"US",2020-01-25,"0-0.99","rate hosp",56.9,1834931.5
"US",2020-01-25,"0-0.99","inc hosp",1044.0760235,1834931.5
"US",2020-02-01,"0-0.99","rate hosp",60.3,1834931.5
"US",2020-02-01,"0-0.99","inc hosp",1106.4636945,1834931.5
"US",2020-02-08,"0-0.99","rate hosp",45.3,1834931.5
"US",2020-02-08,"0-0.99","inc hosp",831.2239695,1834931.5
"US",2020-02-15,"0-0.99","rate hosp",42.5,1834931.5
"US",2020-02-15,"0-0.99","inc hosp",779.8458875,1834931.5
"US",2020-02-22,"0-0.99","rate hosp",35.8,1834931.5
"US",2020-02-22,"0-0.99","inc hosp",656.905477,1834931.5
"US",2020-02-29,"0-0.99","rate hosp",30,1834931.5
"US",2020-02-29,"0-0.99","inc hosp",550.47945,1834931.5
"US",2020-03-07,"0-0.99","rate hosp",28.2,1834931.5
"US",2020-03-07,"0-0.99","inc hosp",517.450683,1834931.5
"US",2020-03-14,"0-0.99","rate hosp",18.1,1834931.5
"US",2020-03-14,"0-0.99","inc hosp",332.1226015,1834931.5
"US",2020-03-21,"0-0.99","rate hosp",12.5,1834931.5
"US",2020-03-21,"0-0.99","inc hosp",229.3664375,1834931.5
"US",2020-03-28,"0-0.99","rate hosp",9.5,1834931.5
"US",2020-03-28,"0-0.99","inc hosp",174.3184925,1834931.5
"US",2020-04-04,"0-0.99","rate hosp",3.7,1834931.5
"US",2020-04-04,"0-0.99","inc hosp",67.8924655,1834931.5
"US",2020-04-11,"0-0.99","rate hosp",1.8,1834931.5
"US",2020-04-11,"0-0.99","inc hosp",33.028767,1834931.5
"US",2020-04-18,"0-0.99","rate hosp",0.3,1834931.5
"US",2020-04-18,"0-0.99","inc hosp",5.5047945,1834931.5
"US",2020-04-25,"0-0.99","rate hosp",0,1834931.5
"US",2020-04-25,"0-0.99","inc hosp",0,1834931.5
"US",2020-05-02,"0-0.99","rate hosp",0,1834931.5
"US",2020-05-02,"0-0.99","inc hosp",0,1834931.5
"US",2020-10-03,"0-0.99","rate hosp",0,1834931.5
"US",2020-10-03,"0-0.99","inc hosp",0,1834931.5
"US",2020-10-10,"0-0.99","rate hosp",0,1834931.5
"US",2020-10-10,"0-0.99","inc hosp",0,1834931.5
"US",2020-10-17,"0-0.99","rate hosp",0,1834931.5
"US",2020-10-17,"0-0.99","inc hosp",0,1834931.5
"US",2020-10-24,"0-0.99","rate hosp",0,1834931.5
"US",2020-10-24,"0-0.99","inc hosp",0,1834931.5
"US",2020-10-31,"0-0.99","rate hosp",0,1834931.5
"US",2020-10-31,"0-0.99","inc hosp",0,1834931.5
"US",2020-11-07,"0-0.99","rate hosp",0,1834931.5
"US",2020-11-07,"0-0.99","inc hosp",0,1834931.5
"US",2020-11-14,"0-0.99","rate hosp",0.3,1834931.5
"US",2020-11-14,"0-0.99","inc hosp",5.5047945,1834931.5
"US",2020-11-21,"0-0.99","rate hosp",0,1834931.5
"US",2020-11-21,"0-0.99","inc hosp",0,1834931.5
"US",2020-11-28,"0-0.99","rate hosp",0.3,1834931.5
"US",2020-11-28,"0-0.99","inc hosp",5.5047945,1834931.5
"US",2020-12-05,"0-0.99","rate hosp",0.3,1834931.5
"US",2020-12-05,"0-0.99","inc hosp",5.5047945,1834931.5
"US",2020-12-12,"0-0.99","rate hosp",0.3,1834931.5
"US",2020-12-12,"0-0.99","inc hosp",5.5047945,1834931.5
"US",2020-12-19,"0-0.99","rate hosp",0,1834931.5
"US",2020-12-19,"0-0.99","inc hosp",0,1834931.5
"US",2020-12-26,"0-0.99","rate hosp",0,1834931.5
"US",2020-12-26,"0-0.99","inc hosp",0,1834931.5
"US",2021-01-02,"0-0.99","rate hosp",0,1834931.5
"US",2021-01-02,"0-0.99","inc hosp",0,1834931.5
"US",2021-01-09,"0-0.99","rate hosp",0.6,1785065.5
"US",2021-01-09,"0-0.99","inc hosp",10.710393,1785065.5
"US",2021-01-16,"0-0.99","rate hosp",0,1785065.5
"US",2021-01-16,"0-0.99","inc hosp",0,1785065.5
"US",2021-01-23,"0-0.99","rate hosp",0.6,1785065.5
"US",2021-01-23,"0-0.99","inc hosp",10.710393,1785065.5
"US",2021-01-30,"0-0.99","rate hosp",0.3,1785065.5
"US",2021-01-30,"0-0.99","inc hosp",5.3551965,1785065.5
"US",2021-02-06,"0-0.99","rate hosp",0,1785065.5
"US",2021-02-06,"0-0.99","inc hosp",0,1785065.5
"US",2021-02-13,"0-0.99","rate hosp",0,1785065.5
"US",2021-02-13,"0-0.99","inc hosp",0,1785065.5
"US",2021-02-20,"0-0.99","rate hosp",0.6,1785065.5
"US",2021-02-20,"0-0.99","inc hosp",10.710393,1785065.5
"US",2021-02-27,"0-0.99","rate hosp",0.6,1785065.5
"US",2021-02-27,"0-0.99","inc hosp",10.710393,1785065.5
"US",2021-03-06,"0-0.99","rate hosp",0,1785065.5
"US",2021-03-06,"0-0.99","inc hosp",0,1785065.5
"US",2021-03-13,"0-0.99","rate hosp",0.6,1785065.5
"US",2021-03-13,"0-0.99","inc hosp",10.710393,1785065.5
"US",2021-03-20,"0-0.99","rate hosp",0.3,1785065.5
"US",2021-03-20,"0-0.99","inc hosp",5.3551965,1785065.5
"US",2021-03-27,"0-0.99","rate hosp",0.9,1785065.5
"US",2021-03-27,"0-0.99","inc hosp",16.0655895,1785065.5
"US",2021-04-03,"0-0.99","rate hosp",0.9,1785065.5
"US",2021-04-03,"0-0.99","inc hosp",16.0655895,1785065.5
"US",2021-04-10,"0-0.99","rate hosp",3.7,1785065.5
"US",2021-04-10,"0-0.99","inc hosp",66.0474235,1785065.5
"US",2021-04-17,"0-0.99","rate hosp",0.9,1785065.5
"US",2021-04-17,"0-0.99","inc hosp",16.0655895,1785065.5
"US",2021-04-24,"0-0.99","rate hosp",1.5,1785065.5
"US",2021-04-24,"0-0.99","inc hosp",26.7759825,1785065.5
"US",2021-05-01,"0-0.99","rate hosp",2.1,1785065.5
"US",2021-05-01,"0-0.99","inc hosp",37.4863755,1785065.5
"US",2021-05-08,"0-0.99","rate hosp",3.7,1785065.5
"US",2021-05-08,"0-0.99","inc hosp",66.0474235,1785065.5
"US",2021-05-15,"0-0.99","rate hosp",5.5,1785065.5
"US",2021-05-15,"0-0.99","inc hosp",98.1786025,1785065.5
"US",2021-05-22,"0-0.99","rate hosp",6.4,1785065.5
"US",2021-05-22,"0-0.99","inc hosp",114.244192,1785065.5
"US",2021-05-29,"0-0.99","rate hosp",8,1785065.5
"US",2021-05-29,"0-0.99","inc hosp",142.80524,1785065.5
"US",2021-06-05,"0-0.99","rate hosp",10.4,1785065.5
"US",2021-06-05,"0-0.99","inc hosp",185.646812,1785065.5
"US",2021-06-12,"0-0.99","rate hosp",11,1785065.5
"US",2021-06-12,"0-0.99","inc hosp",196.357205,1785065.5
"US",2021-06-19,"0-0.99","rate hosp",12.5,1785065.5
"US",2021-06-19,"0-0.99","inc hosp",223.1331875,1785065.5
"US",2021-06-26,"0-0.99","rate hosp",13.5,1785065.5
"US",2021-06-26,"0-0.99","inc hosp",240.9838425,1785065.5
"US",2021-07-03,"0-0.99","rate hosp",17.4,1785065.5
"US",2021-07-03,"0-0.99","inc hosp",310.601397,1785065.5
"US",2021-07-10,"0-0.99","rate hosp",15.9,1785065.5
"US",2021-07-10,"0-0.99","inc hosp",283.8254145,1785065.5
"US",2021-07-17,"0-0.99","rate hosp",22.3,1785065.5
"US",2021-07-17,"0-0.99","inc hosp",398.0696065,1785065.5
"US",2021-07-24,"0-0.99","rate hosp",33.4,1785065.5
"US",2021-07-24,"0-0.99","inc hosp",596.211877,1785065.5
"US",2021-07-31,"0-0.99","rate hosp",25.4,1785065.5
"US",2021-07-31,"0-0.99","inc hosp",453.406637,1785065.5
"US",2021-08-07,"0-0.99","rate hosp",31.5,1785065.5
"US",2021-08-07,"0-0.99","inc hosp",562.2956325,1785065.5
"US",2021-08-14,"0-0.99","rate hosp",36.4,1785065.5
"US",2021-08-14,"0-0.99","inc hosp",649.763842,1785065.5
"US",2021-08-21,"0-0.99","rate hosp",30.6,1785065.5
"US",2021-08-21,"0-0.99","inc hosp",546.230043,1785065.5
"US",2021-08-28,"0-0.99","rate hosp",34.6,1785065.5
"US",2021-08-28,"0-0.99","inc hosp",617.632663,1785065.5
"US",2021-09-04,"0-0.99","rate hosp",32.7,1785065.5
"US",2021-09-04,"0-0.99","inc hosp",583.7164185,1785065.5
"US",2021-09-11,"0-0.99","rate hosp",37.6,1785065.5
"US",2021-09-11,"0-0.99","inc hosp",671.184628,1785065.5
"US",2021-09-18,"0-0.99","rate hosp",33.4,1785065.5
"US",2021-09-18,"0-0.99","inc hosp",596.211877,1785065.5
"US",2021-09-25,"0-0.99","rate hosp",35.5,1785065.5
"US",2021-09-25,"0-0.99","inc hosp",633.6982525,1785065.5
"US",2021-10-02,"0-0.99","rate hosp",37.6,1785065.5
"US",2021-10-02,"0-0.99","inc hosp",671.184628,1785065.5
"US",2021-10-09,"0-0.99","rate hosp",39.7,1785065.5
"US",2021-10-09,"0-0.99","inc hosp",708.6710035,1785065.5
"US",2021-10-16,"0-0.99","rate hosp",37.8,1785065.5
"US",2021-10-16,"0-0.99","inc hosp",674.754759,1785065.5
"US",2021-10-23,"0-0.99","rate hosp",35,1785065.5
"US",2021-10-23,"0-0.99","inc hosp",624.772925,1785065.5
"US",2021-10-30,"0-0.99","rate hosp",31.2,1785065.5
"US",2021-10-30,"0-0.99","inc hosp",556.940436,1785065.5
"US",2021-11-06,"0-0.99","rate hosp",41.9,1785065.5
"US",2021-11-06,"0-0.99","inc hosp",747.9424445,1785065.5
"US",2021-11-13,"0-0.99","rate hosp",40.6,1785065.5
"US",2021-11-13,"0-0.99","inc hosp",724.736593,1785065.5
"US",2021-11-20,"0-0.99","rate hosp",40.3,1785065.5
"US",2021-11-20,"0-0.99","inc hosp",719.3813965,1785065.5
"US",2021-11-27,"0-0.99","rate hosp",37.5,1785065.5
"US",2021-11-27,"0-0.99","inc hosp",669.3995625,1785065.5
"US",2021-12-04,"0-0.99","rate hosp",43.5,1785065.5
"US",2021-12-04,"0-0.99","inc hosp",776.5034925,1785065.5
"US",2021-12-11,"0-0.99","rate hosp",40.9,1785065.5
"US",2021-12-11,"0-0.99","inc hosp",730.0917895,1785065.5
"US",2021-12-18,"0-0.99","rate hosp",37.2,1785065.5
"US",2021-12-18,"0-0.99","inc hosp",664.044366,1785065.5
"US",2021-12-25,"0-0.99","rate hosp",31.2,1785065.5
"US",2021-12-25,"0-0.99","inc hosp",556.940436,1785065.5
"US",2022-01-01,"0-0.99","rate hosp",36.8,1785065.5
"US",2022-01-01,"0-0.99","inc hosp",656.904104,1785065.5
"US",2022-01-08,"0-0.99","rate hosp",25.2,1841556.5
"US",2022-01-08,"0-0.99","inc hosp",464.072238,1841556.5
"US",2022-01-15,"0-0.99","rate hosp",14.2,1841556.5
"US",2022-01-15,"0-0.99","inc hosp",261.501023,1841556.5
"US",2022-01-22,"0-0.99","rate hosp",12,1841556.5
"US",2022-01-22,"0-0.99","inc hosp",220.98678,1841556.5
"US",2022-01-29,"0-0.99","rate hosp",4.4,1841556.5
"US",2022-01-29,"0-0.99","inc hosp",81.028486,1841556.5
"US",2022-02-05,"0-0.99","rate hosp",7.6,1841556.5
"US",2022-02-05,"0-0.99","inc hosp",139.958294,1841556.5
"US",2022-02-12,"0-0.99","rate hosp",4.1,1841556.5
"US",2022-02-12,"0-0.99","inc hosp",75.5038165,1841556.5
"US",2022-02-19,"0-0.99","rate hosp",5.7,1841556.5
"US",2022-02-19,"0-0.99","inc hosp",104.9687205,1841556.5
"US",2022-02-26,"0-0.99","rate hosp",6.6,1841556.5
"US",2022-02-26,"0-0.99","inc hosp",121.542729,1841556.5
"US",2022-03-05,"0-0.99","rate hosp",5.7,1841556.5
"US",2022-03-05,"0-0.99","inc hosp",104.9687205,1841556.5
"US",2022-03-12,"0-0.99","rate hosp",6.3,1841556.5
"US",2022-03-12,"0-0.99","inc hosp",116.0180595,1841556.5
"US",2022-03-19,"0-0.99","rate hosp",4.7,1841556.5
"US",2022-03-19,"0-0.99","inc hosp",86.5531555,1841556.5
"US",2022-03-26,"0-0.99","rate hosp",5.4,1841556.5
"US",2022-03-26,"0-0.99","inc hosp",99.444051,1841556.5
"US",2022-04-02,"0-0.99","rate hosp",6.6,1841556.5
"US",2022-04-02,"0-0.99","inc hosp",121.542729,1841556.5
"US",2022-04-09,"0-0.99","rate hosp",6.3,1841556.5
"US",2022-04-09,"0-0.99","inc hosp",116.0180595,1841556.5
"US",2022-04-16,"0-0.99","rate hosp",6.3,1841556.5
"US",2022-04-16,"0-0.99","inc hosp",116.0180595,1841556.5
"US",2022-04-23,"0-0.99","rate hosp",7.9,1841556.5
"US",2022-04-23,"0-0.99","inc hosp",145.4829635,1841556.5
"US",2022-04-30,"0-0.99","rate hosp",6.9,1841556.5
"US",2022-04-30,"0-0.99","inc hosp",127.0673985,1841556.5
"US",2022-05-07,"0-0.99","rate hosp",5.4,1841556.5
"US",2022-05-07,"0-0.99","inc hosp",99.444051,1841556.5
"US",2022-05-14,"0-0.99","rate hosp",8.2,1841556.5
"US",2022-05-14,"0-0.99","inc hosp",151.007633,1841556.5
"US",2022-05-21,"0-0.99","rate hosp",6,1841556.5
"US",2022-05-21,"0-0.99","inc hosp",110.49339,1841556.5
"US",2022-05-28,"0-0.99","rate hosp",7.6,1841556.5
"US",2022-05-28,"0-0.99","inc hosp",139.958294,1841556.5
"US",2022-06-04,"0-0.99","rate hosp",11.7,1841556.5
"US",2022-06-04,"0-0.99","inc hosp",215.4621105,1841556.5
"US",2022-06-11,"0-0.99","rate hosp",9.8,1841556.5
"US",2022-06-11,"0-0.99","inc hosp",180.472537,1841556.5
"US",2022-06-18,"0-0.99","rate hosp",15.1,1841556.5
"US",2022-06-18,"0-0.99","inc hosp",278.0750315,1841556.5
"US",2022-06-25,"0-0.99","rate hosp",14.2,1841556.5
"US",2022-06-25,"0-0.99","inc hosp",261.501023,1841556.5
"US",2022-07-02,"0-0.99","rate hosp",10.1,1841556.5
"US",2022-07-02,"0-0.99","inc hosp",185.9972065,1841556.5
"US",2022-07-09,"0-0.99","rate hosp",10.4,1841556.5
"US",2022-07-09,"0-0.99","inc hosp",191.521876,1841556.5
"US",2022-07-16,"0-0.99","rate hosp",14.5,1841556.5
"US",2022-07-16,"0-0.99","inc hosp",267.0256925,1841556.5
"US",2022-07-23,"0-0.99","rate hosp",16.1,1841556.5
"US",2022-07-23,"0-0.99","inc hosp",296.4905965,1841556.5
"US",2022-07-30,"0-0.99","rate hosp",14.2,1841556.5
"US",2022-07-30,"0-0.99","inc hosp",261.501023,1841556.5
"US",2022-08-06,"0-0.99","rate hosp",19.2,1841556.5
"US",2022-08-06,"0-0.99","inc hosp",353.578848,1841556.5
"US",2022-08-13,"0-0.99","rate hosp",11,1841556.5
"US",2022-08-13,"0-0.99","inc hosp",202.571215,1841556.5
"US",2022-08-20,"0-0.99","rate hosp",15.1,1841556.5
"US",2022-08-20,"0-0.99","inc hosp",278.0750315,1841556.5
"US",2022-08-27,"0-0.99","rate hosp",18.6,1841556.5
"US",2022-08-27,"0-0.99","inc hosp",342.529509,1841556.5
"US",2022-09-03,"0-0.99","rate hosp",20.5,1841556.5
"US",2022-09-03,"0-0.99","inc hosp",377.5190825,1841556.5
"US",2022-09-10,"0-0.99","rate hosp",23,1841556.5
"US",2022-09-10,"0-0.99","inc hosp",423.557995,1841556.5
"US",2022-09-17,"0-0.99","rate hosp",29.6,1841556.5
"US",2022-09-17,"0-0.99","inc hosp",545.100724,1841556.5
"US",2022-09-24,"0-0.99","rate hosp",33.1,1841556.5
"US",2022-09-24,"0-0.99","inc hosp",609.5552015,1841556.5
"US",2022-10-01,"0-0.99","rate hosp",40.6,1841556.5
"US",2022-10-01,"0-0.99","inc hosp",747.671939,1841556.5
"US",2022-10-08,"0-0.99","rate hosp",0,1841556.5
"US",2022-10-08,"0-0.99","inc hosp",0,1841556.5
"US",2022-10-15,"0-0.99","rate hosp",0,1841556.5
"US",2022-10-15,"0-0.99","inc hosp",0,1841556.5
"US",2022-10-22,"0-0.99","rate hosp",0,1841556.5
"US",2022-10-22,"0-0.99","inc hosp",0,1841556.5
"US",2022-10-29,"0-0.99","rate hosp",0,1841556.5
"US",2022-10-29,"0-0.99","inc hosp",0,1841556.5
"US",2022-11-05,"0-0.99","rate hosp",0,1841556.5
"US",2022-11-05,"0-0.99","inc hosp",0,1841556.5
"US",2022-11-12,"0-0.99","rate hosp",0,1841556.5
"US",2022-11-12,"0-0.99","inc hosp",0,1841556.5
"US",2022-11-19,"0-0.99","rate hosp",0,1841556.5
"US",2022-11-19,"0-0.99","inc hosp",0,1841556.5
"US",2022-11-26,"0-0.99","rate hosp",0,1841556.5
"US",2022-11-26,"0-0.99","inc hosp",0,1841556.5
"US",2022-12-03,"0-0.99","rate hosp",0,1841556.5
"US",2022-12-03,"0-0.99","inc hosp",0,1841556.5
"US",2022-12-10,"0-0.99","rate hosp",0,1841556.5
"US",2022-12-10,"0-0.99","inc hosp",0,1841556.5
"US",2022-12-17,"0-0.99","rate hosp",0,1841556.5
"US",2022-12-17,"0-0.99","inc hosp",0,1841556.5
"US",2022-12-24,"0-0.99","rate hosp",0,1841556.5
"US",2022-12-24,"0-0.99","inc hosp",0,1841556.5
"US",2022-12-31,"0-0.99","rate hosp",0,1841556.5
"US",2022-12-31,"0-0.99","inc hosp",0,1841556.5
"US",2023-01-07,"0-0.99","rate hosp",0,1841556.5
"US",2023-01-07,"0-0.99","inc hosp",0,1841556.5
"US",2023-01-14,"0-0.99","rate hosp",0,1841556.5
"US",2023-01-14,"0-0.99","inc hosp",0,1841556.5
"US",2023-01-21,"0-0.99","rate hosp",0,1841556.5
"US",2023-01-21,"0-0.99","inc hosp",0,1841556.5
"US",2023-01-28,"0-0.99","rate hosp",0,1841556.5
"US",2023-01-28,"0-0.99","inc hosp",0,1841556.5
"US",2023-02-04,"0-0.99","rate hosp",0,1841556.5
"US",2023-02-04,"0-0.99","inc hosp",0,1841556.5
"US",2023-02-11,"0-0.99","rate hosp",0,1841556.5
"US",2023-02-11,"0-0.99","inc hosp",0,1841556.5
"US",2023-02-18,"0-0.99","rate hosp",0,1841556.5
"US",2023-02-18,"0-0.99","inc hosp",0,1841556.5
"US",2023-02-25,"0-0.99","rate hosp",0,1841556.5
"US",2023-02-25,"0-0.99","inc hosp",0,1841556.5
"US",2023-03-04,"0-0.99","rate hosp",0,1841556.5
"US",2023-03-04,"0-0.99","inc hosp",0,1841556.5
"US",2023-03-11,"0-0.99","rate hosp",0,1841556.5
"US",2023-03-11,"0-0.99","inc hosp",0,1841556.5
"US",2023-03-18,"0-0.99","rate hosp",0,1841556.5
"US",2023-03-18,"0-0.99","inc hosp",0,1841556.5
"US",2023-03-25,"0-0.99","rate hosp",0,1841556.5
"US",2023-03-25,"0-0.99","inc hosp",0,1841556.5
"US",2023-04-01,"0-0.99","rate hosp",0,1841556.5
"US",2023-04-01,"0-0.99","inc hosp",0,1841556.5
"US",2023-04-08,"0-0.99","rate hosp",0,1841556.5
"US",2023-04-08,"0-0.99","inc hosp",0,1841556.5
"US",2023-04-15,"0-0.99","rate hosp",0,1841556.5
"US",2023-04-15,"0-0.99","inc hosp",0,1841556.5
"US",2023-04-22,"0-0.99","rate hosp",0,1841556.5
"US",2023-04-22,"0-0.99","inc hosp",0,1841556.5
"US",2023-04-29,"0-0.99","rate hosp",0,1841556.5
"US",2023-04-29,"0-0.99","inc hosp",0,1841556.5
"US",2023-05-06,"0-0.99","rate hosp",0,1841556.5
"US",2023-05-06,"0-0.99","inc hosp",0,1841556.5
"US",2023-05-13,"0-0.99","rate hosp",0,1841556.5
"US",2023-05-13,"0-0.99","inc hosp",0,1841556.5
"US",2023-05-20,"0-0.99","rate hosp",0,1841556.5
"US",2023-05-20,"0-0.99","inc hosp",0,1841556.5
"US",2023-05-27,"0-0.99","rate hosp",0,1841556.5
"US",2023-05-27,"0-0.99","inc hosp",0,1841556.5
"US",2023-06-03,"0-0.99","rate hosp",0,1841556.5
"US",2023-06-03,"0-0.99","inc hosp",0,1841556.5
"US",2023-06-10,"0-0.99","rate hosp",0,1841556.5
"US",2023-06-10,"0-0.99","inc hosp",0,1841556.5
"US",2023-06-17,"0-0.99","rate hosp",0,1841556.5
"US",2023-06-17,"0-0.99","inc hosp",0,1841556.5
"US",2023-06-24,"0-0.99","rate hosp",0,1841556.5
"US",2023-06-24,"0-0.99","inc hosp",0,1841556.5
"US",2023-07-01,"0-0.99","rate hosp",0,1841556.5
"US",2023-07-01,"0-0.99","inc hosp",0,1841556.5
"US",2023-07-08,"0-0.99","rate hosp",0,1841556.5
"US",2023-07-08,"0-0.99","inc hosp",0,1841556.5
"US",2023-07-15,"0-0.99","rate hosp",0,1841556.5
"US",2023-07-15,"0-0.99","inc hosp",0,1841556.5
"US",2023-07-22,"0-0.99","rate hosp",0,1841556.5
"US",2023-07-22,"0-0.99","inc hosp",0,1841556.5
"US",2023-07-29,"0-0.99","rate hosp",0,1841556.5
"US",2023-07-29,"0-0.99","inc hosp",0,1841556.5
"US",2023-08-05,"0-0.99","rate hosp",0,1841556.5
"US",2023-08-05,"0-0.99","inc hosp",0,1841556.5
"US",2023-08-12,"0-0.99","rate hosp",0,1841556.5
"US",2023-08-12,"0-0.99","inc hosp",0,1841556.5
"US",2023-08-19,"0-0.99","rate hosp",0,1841556.5
"US",2023-08-19,"0-0.99","inc hosp",0,1841556.5
"US",2023-08-26,"0-0.99","rate hosp",0,1841556.5
"US",2023-08-26,"0-0.99","inc hosp",0,1841556.5
"US",2023-09-02,"0-0.99","rate hosp",0,1841556.5
"US",2023-09-02,"0-0.99","inc hosp",0,1841556.5
"US",2023-09-09,"0-0.99","rate hosp",0,1841556.5
"US",2023-09-09,"0-0.99","inc hosp",0,1841556.5
"US",2023-09-16,"0-0.99","rate hosp",0,1841556.5
"US",2023-09-16,"0-0.99","inc hosp",0,1841556.5
"US",2023-09-23,"0-0.99","rate hosp",0,1841556.5
"US",2023-09-23,"0-0.99","inc hosp",0,1841556.5
"US",2023-09-30,"0-0.99","rate hosp",0,1841556.5
"US",2023-09-30,"0-0.99","inc hosp",0,1841556.5
"US",2023-10-07,"0-0.99","rate hosp",13.4,1841556.5
"US",2023-10-07,"0-0.99","inc hosp",246.768571,1841556.5
"US",2023-10-14,"0-0.99","rate hosp",19.3,1841556.5
"US",2023-10-14,"0-0.99","inc hosp",355.4204045,1841556.5
"US",2023-10-21,"0-0.99","rate hosp",25.1,1841556.5
"US",2023-10-21,"0-0.99","inc hosp",462.2306815,1841556.5
"US",2023-10-28,"0-0.99","rate hosp",29.9,1841556.5
"US",2023-10-28,"0-0.99","inc hosp",550.6253935,1841556.5
"US",2023-11-04,"0-0.99","rate hosp",25.5,1841556.5
"US",2023-11-04,"0-0.99","inc hosp",469.5969075,1841556.5
"US",2023-11-11,"0-0.99","rate hosp",37.5,1841556.5
"US",2023-11-11,"0-0.99","inc hosp",690.5836875,1841556.5
"US",2023-11-18,"0-0.99","rate hosp",45.1,1841556.5
"US",2023-11-18,"0-0.99","inc hosp",830.5419815,1841556.5
"US",2023-11-25,"0-0.99","rate hosp",58.1,1841556.5
"US",2023-11-25,"0-0.99","inc hosp",1069.9443265,1841556.5
"US",2023-12-02,"0-0.99","rate hosp",71.9,1841556.5
"US",2023-12-02,"0-0.99","inc hosp",1324.0791235,1841556.5
"US",2023-12-09,"0-0.99","rate hosp",75,1841556.5
"US",2023-12-09,"0-0.99","inc hosp",1381.167375,1841556.5
"US",2023-12-16,"0-0.99","rate hosp",66.8,1841556.5
"US",2023-12-16,"0-0.99","inc hosp",1230.159742,1841556.5
"US",2023-12-23,"0-0.99","rate hosp",77.4,1841556.5
"US",2023-12-23,"0-0.99","inc hosp",1425.364731,1841556.5
"US",2023-12-30,"0-0.99","rate hosp",91.2,1841556.5
"US",2023-12-30,"0-0.99","inc hosp",1679.499528,1841556.5
"US",2024-01-06,"0-0.99","rate hosp",75.7,1841556.5
"US",2024-01-06,"0-0.99","inc hosp",1394.0582705,1841556.5
"US",2024-01-13,"0-0.99","rate hosp",46.8,1841556.5
"US",2024-01-13,"0-0.99","inc hosp",861.848442,1841556.5
"US",2024-01-20,"0-0.99","rate hosp",41.3,1841556.5
"US",2024-01-20,"0-0.99","inc hosp",760.5628345,1841556.5
"US",2024-01-27,"0-0.99","rate hosp",32,1841556.5
"US",2024-01-27,"0-0.99","inc hosp",589.29808,1841556.5
"US",2024-02-03,"0-0.99","rate hosp",29.6,1841556.5
"US",2024-02-03,"0-0.99","inc hosp",545.100724,1841556.5
"US",2024-02-10,"0-0.99","rate hosp",27.5,1841556.5
"US",2024-02-10,"0-0.99","inc hosp",506.4280375,1841556.5
"US",2024-02-17,"0-0.99","rate hosp",26.1,1841556.5
"US",2024-02-17,"0-0.99","inc hosp",480.6462465,1841556.5
"US",2024-02-24,"0-0.99","rate hosp",20.6,1841556.5
"US",2024-02-24,"0-0.99","inc hosp",379.360639,1841556.5
"US",2024-03-02,"0-0.99","rate hosp",15.1,1841556.5
"US",2024-03-02,"0-0.99","inc hosp",278.0750315,1841556.5
"US",2024-03-09,"0-0.99","rate hosp",16.9,1841556.5
"US",2024-03-09,"0-0.99","inc hosp",311.2230485,1841556.5
"US",2024-03-16,"0-0.99","rate hosp",10,1841556.5
"US",2024-03-16,"0-0.99","inc hosp",184.15565,1841556.5
"US",2024-03-23,"0-0.99","rate hosp",10.7,1841556.5
"US",2024-03-23,"0-0.99","inc hosp",197.0465455,1841556.5
"US",2024-03-30,"0-0.99","rate hosp",10.7,1841556.5
"US",2024-03-30,"0-0.99","inc hosp",197.0465455,1841556.5
"US",2024-04-06,"0-0.99","rate hosp",7.2,1841556.5
"US",2024-04-06,"0-0.99","inc hosp",132.592068,1841556.5
"US",2024-04-13,"0-0.99","rate hosp",3.4,1841556.5
"US",2024-04-13,"0-0.99","inc hosp",62.612921,1841556.5
"US",2024-04-20,"0-0.99","rate hosp",4.8,1841556.5
"US",2024-04-20,"0-0.99","inc hosp",88.394712,1841556.5
"US",2024-04-27,"0-0.99","rate hosp",3.8,1841556.5
"US",2024-04-27,"0-0.99","inc hosp",69.979147,1841556.5
"US",2024-05-04,"0-0.99","rate hosp",1.4,1841556.5
"US",2024-05-04,"0-0.99","inc hosp",25.781791,1841556.5
"US",2024-05-11,"0-0.99","rate hosp",0,1841556.5
"US",2024-05-11,"0-0.99","inc hosp",0,1841556.5
"US",2024-05-18,"0-0.99","rate hosp",0,1841556.5
"US",2024-05-18,"0-0.99","inc hosp",0,1841556.5
"US",2024-05-25,"0-0.99","rate hosp",0,1841556.5
"US",2024-05-25,"0-0.99","inc hosp",0,1841556.5
"US",2024-06-01,"0-0.99","rate hosp",0,1841556.5
"US",2024-06-01,"0-0.99","inc hosp",0,1841556.5
"US",2024-06-08,"0-0.99","rate hosp",0,1841556.5
"US",2024-06-08,"0-0.99","inc hosp",0,1841556.5
"US",2024-06-15,"0-0.99","rate hosp",0,1841556.5
"US",2024-06-15,"0-0.99","inc hosp",0,1841556.5
"US",2024-06-22,"0-0.99","rate hosp",0,1841556.5
"US",2024-06-22,"0-0.99","inc hosp",0,1841556.5
"US",2024-06-29,"0-0.99","rate hosp",0,1841556.5
"US",2024-06-29,"0-0.99","inc hosp",0,1841556.5
"US",2024-07-06,"0-0.99","rate hosp",0,1841556.5
"US",2024-07-06,"0-0.99","inc hosp",0,1841556.5
"US",2024-07-13,"0-0.99","rate hosp",0,1841556.5
"US",2024-07-13,"0-0.99","inc hosp",0,1841556.5
"US",2024-07-20,"0-0.99","rate hosp",0,1841556.5
"US",2024-07-20,"0-0.99","inc hosp",0,1841556.5
"US",2024-07-27,"0-0.99","rate hosp",0,1841556.5
"US",2024-07-27,"0-0.99","inc hosp",0,1841556.5
"US",2024-08-03,"0-0.99","rate hosp",0,1841556.5
"US",2024-08-03,"0-0.99","inc hosp",0,1841556.5
"US",2024-08-10,"0-0.99","rate hosp",0,1841556.5
"US",2024-08-10,"0-0.99","inc hosp",0,1841556.5
"US",2024-08-17,"0-0.99","rate hosp",0,1841556.5
"US",2024-08-17,"0-0.99","inc hosp",0,1841556.5
"US",2024-08-24,"0-0.99","rate hosp",0,1841556.5
"US",2024-08-24,"0-0.99","inc hosp",0,1841556.5
"US",2024-08-31,"0-0.99","rate hosp",0,1841556.5
"US",2024-08-31,"0-0.99","inc hosp",0,1841556.5
"US",2024-09-07,"0-0.99","rate hosp",0,1841556.5
"US",2024-09-07,"0-0.99","inc hosp",0,1841556.5
"US",2024-09-14,"0-0.99","rate hosp",0,1841556.5
"US",2024-09-14,"0-0.99","inc hosp",0,1841556.5
"US",2024-09-21,"0-0.99","rate hosp",0,1841556.5
"US",2024-09-21,"0-0.99","inc hosp",0,1841556.5
"US",2024-09-28,"0-0.99","rate hosp",0,1841556.5
"US",2024-09-28,"0-0.99","inc hosp",0,1841556.5
"US",2024-10-05,"0-0.99","rate hosp",3.1,1841556.5
"US",2024-10-05,"0-0.99","inc hosp",57.0882515,1841556.5
"US",2024-10-12,"0-0.99","rate hosp",5.8,1841556.5
"US",2024-10-12,"0-0.99","inc hosp",106.810277,1841556.5
"US",2024-10-19,"0-0.99","rate hosp",7.6,1841556.5
"US",2024-10-19,"0-0.99","inc hosp",139.958294,1841556.5
"US",2024-10-26,"0-0.99","rate hosp",16.2,1841556.5
"US",2024-10-26,"0-0.99","inc hosp",298.332153,1841556.5
"US",2024-11-02,"0-0.99","rate hosp",13.7,1841556.5
"US",2024-11-02,"0-0.99","inc hosp",252.2932405,1841556.5
"US",2024-11-09,"0-0.99","rate hosp",12.8,1841556.5
"US",2024-11-09,"0-0.99","inc hosp",235.719232,1841556.5
"US",2024-11-16,"0-0.99","rate hosp",19.2,1841556.5
"US",2024-11-16,"0-0.99","inc hosp",353.578848,1841556.5
"US",2024-11-23,"0-0.99","rate hosp",23.8,1841556.5
"US",2024-11-23,"0-0.99","inc hosp",438.290447,1841556.5
"US",2024-11-30,"0-0.99","rate hosp",24.7,1841556.5
"US",2024-11-30,"0-0.99","inc hosp",454.8644555,1841556.5
"US",2024-12-07,"0-0.99","rate hosp",25.9,1841556.5
"US",2024-12-07,"0-0.99","inc hosp",476.9631335,1841556.5
"US",2024-12-14,"0-0.99","rate hosp",25.3,1841556.5
"US",2024-12-14,"0-0.99","inc hosp",465.9137945,1841556.5
"US",2024-12-21,"0-0.99","rate hosp",37.2,1841556.5
"US",2024-12-21,"0-0.99","inc hosp",685.059018,1841556.5
"US",2024-12-28,"0-0.99","rate hosp",47.6,1841556.5
"US",2024-12-28,"0-0.99","inc hosp",876.580894,1841556.5
"US",2025-01-04,"0-0.99","rate hosp",45.8,1841556.5
"US",2025-01-04,"0-0.99","inc hosp",843.432877,1841556.5
"US",2025-01-11,"0-0.99","rate hosp",33.6,1841556.5
"US",2025-01-11,"0-0.99","inc hosp",618.762984,1841556.5
"US",2025-01-18,"0-0.99","rate hosp",25,1841556.5
"US",2025-01-18,"0-0.99","inc hosp",460.389125,1841556.5
"US",2025-01-25,"0-0.99","rate hosp",27.5,1841556.5
"US",2025-01-25,"0-0.99","inc hosp",506.4280375,1841556.5
"US",2025-02-01,"0-0.99","rate hosp",32.3,1841556.5
"US",2025-02-01,"0-0.99","inc hosp",594.8227495,1841556.5
"US",2025-02-08,"0-0.99","rate hosp",30.5,1841556.5
"US",2025-02-08,"0-0.99","inc hosp",561.6747325,1841556.5
"US",2025-02-15,"0-0.99","rate hosp",30.2,1841556.5
"US",2025-02-15,"0-0.99","inc hosp",556.150063,1841556.5
"US",2025-02-22,"0-0.99","rate hosp",31.1,1841556.5
"US",2025-02-22,"0-0.99","inc hosp",572.7240715,1841556.5
"US",2025-03-01,"0-0.99","rate hosp",26.2,1841556.5
"US",2025-03-01,"0-0.99","inc hosp",482.487803,1841556.5
"US",2025-03-08,"0-0.99","rate hosp",20.1,1841556.5
"US",2025-03-08,"0-0.99","inc hosp",370.1528565,1841556.5
"US",2025-03-15,"0-0.99","rate hosp",18.3,1841556.5
"US",2025-03-15,"0-0.99","inc hosp",337.0048395,1841556.5
"US",2025-03-22,"0-0.99","rate hosp",15.9,1841556.5
"US",2025-03-22,"0-0.99","inc hosp",292.8074835,1841556.5
"US",2025-03-29,"0-0.99","rate hosp",12.2,1841556.5
"US",2025-03-29,"0-0.99","inc hosp",224.669893,1841556.5
"US",2025-04-05,"0-0.99","rate hosp",14,1841556.5
"US",2025-04-05,"0-0.99","inc hosp",257.81791,1841556.5
"US",2025-04-12,"0-0.99","rate hosp",8.2,1841556.5
"US",2025-04-12,"0-0.99","inc hosp",151.007633,1841556.5
"US",2025-04-19,"0-0.99","rate hosp",7.3,1841556.5
"US",2025-04-19,"0-0.99","inc hosp",134.4336245,1841556.5
"US",2025-04-26,"0-0.99","rate hosp",4.9,1841556.5
"US",2025-04-26,"0-0.99","inc hosp",90.2362685,1841556.5
"US",2025-05-03,"0-0.99","rate hosp",1.8,1841556.5
"US",2025-05-03,"0-0.99","inc hosp",33.148017,1841556.5
"US",2025-05-10,"0-0.99","rate hosp",0,1841556.5
"US",2025-05-10,"0-0.99","inc hosp",0,1841556.5
"US",2025-05-17,"0-0.99","rate hosp",0,1841556.5
"US",2025-05-17,"0-0.99","inc hosp",0,1841556.5
"US",2025-05-24,"0-0.99","rate hosp",0,1841556.5
"US",2025-05-24,"0-0.99","inc hosp",0,1841556.5
"US",2025-05-31,"0-0.99","rate hosp",0,1841556.5
"US",2025-05-31,"0-0.99","inc hosp",0,1841556.5
"US",2025-06-07,"0-0.99","rate hosp",0,1841556.5
"US",2025-06-07,"0-0.99","inc hosp",0,1841556.5
"US",2025-06-14,"0-0.99","rate hosp",0,1841556.5
"US",2025-06-14,"0-0.99","inc hosp",0,1841556.5
"US",2025-06-21,"0-0.99","rate hosp",0,1841556.5
"US",2025-06-21,"0-0.99","inc hosp",0,1841556.5
"US",2025-06-28,"0-0.99","rate hosp",0,1841556.5
"US",2025-06-28,"0-0.99","inc hosp",0,1841556.5
"US",2025-07-05,"0-0.99","rate hosp",0,1841556.5
"US",2025-07-05,"0-0.99","inc hosp",0,1841556.5
"US",2025-07-12,"0-0.99","rate hosp",0,1841556.5
"US",2025-07-12,"0-0.99","inc hosp",0,1841556.5
"US",2025-07-19,"0-0.99","rate hosp",0,1841556.5
"US",2025-07-19,"0-0.99","inc hosp",0,1841556.5
"US",2025-07-26,"0-0.99","rate hosp",0,1841556.5
"US",2025-07-26,"0-0.99","inc hosp",0,1841556.5
"US",2025-08-02,"0-0.99","rate hosp",0,1841556.5
"US",2025-08-02,"0-0.99","inc hosp",0,1841556.5
"US",2025-08-09,"0-0.99","rate hosp",0,1841556.5
"US",2025-08-09,"0-0.99","inc hosp",0,1841556.5
"US",2025-08-16,"0-0.99","rate hosp",0,1841556.5
"US",2025-08-16,"0-0.99","inc hosp",0,1841556.5
"US",2025-08-23,"0-0.99","rate hosp",0,1841556.5
"US",2025-08-23,"0-0.99","inc hosp",0,1841556.5
"US",2025-08-30,"0-0.99","rate hosp",0,1841556.5
"US",2025-08-30,"0-0.99","inc hosp",0,1841556.5
"US",2025-09-06,"0-0.99","rate hosp",0,1841556.5
"US",2025-09-06,"0-0.99","inc hosp",0,1841556.5
"US",2025-09-13,"0-0.99","rate hosp",0,1841556.5
"US",2025-09-13,"0-0.99","inc hosp",0,1841556.5
"US",2025-09-20,"0-0.99","rate hosp",0,1841556.5
"US",2025-09-20,"0-0.99","inc hosp",0,1841556.5
"US",2025-09-27,"0-0.99","rate hosp",0,1841556.5
"US",2025-09-27,"0-0.99","inc hosp",0,1841556.5
"US",2025-10-04,"0-0.99","rate hosp",1.3,1841556.5
"US",2025-10-04,"0-0.99","inc hosp",23.9402345,1841556.5
"US",2025-10-11,"0-0.99","rate hosp",4.6,1841556.5
"US",2025-10-11,"0-0.99","inc hosp",84.711599,1841556.5
"US",2025-10-18,"0-0.99","rate hosp",4.6,1841556.5
"US",2025-10-18,"0-0.99","inc hosp",84.711599,1841556.5
"US",2025-10-25,"0-0.99","rate hosp",5.4,1841556.5
"US",2025-10-25,"0-0.99","inc hosp",99.444051,1841556.5
"US",2025-11-01,"0-0.99","rate hosp",4.1,1841556.5
"US",2025-11-01,"0-0.99","inc hosp",75.5038165,1841556.5
"US",2025-11-08,"0-0.99","rate hosp",5.4,1841556.5
"US",2025-11-08,"0-0.99","inc hosp",99.444051,1841556.5
"US",2025-11-15,"0-0.99","rate hosp",7.7,1841556.5
"US",2025-11-15,"0-0.99","inc hosp",141.7998505,1841556.5
"US",2025-11-22,"0-0.99","rate hosp",9.3,1841556.5
"US",2025-11-22,"0-0.99","inc hosp",171.2647545,1841556.5
"US",2025-11-29,"0-0.99","rate hosp",8.5,1841556.5
"US",2025-11-29,"0-0.99","inc hosp",156.5323025,1841556.5
"US",2025-12-06,"0-0.99","rate hosp",12.6,1841556.5
"US",2025-12-06,"0-0.99","inc hosp",232.036119,1841556.5
"US",2025-12-13,"0-0.99","rate hosp",11.6,1841556.5
"US",2025-12-13,"0-0.99","inc hosp",213.620554,1841556.5
"US",2025-12-20,"0-0.99","rate hosp",18.1,1841556.5
"US",2025-12-20,"0-0.99","inc hosp",333.3217265,1841556.5
"US",2025-12-27,"0-0.99","rate hosp",17.8,1841556.5
"US",2025-12-27,"0-0.99","inc hosp",327.797057,1841556.5
"US",2026-01-03,"0-0.99","rate hosp",23,1841556.5
"US",2026-01-03,"0-0.99","inc hosp",423.557995,1841556.5
"US",2026-01-10,"0-0.99","rate hosp",18.3,1841556.5
"US",2026-01-10,"0-0.99","inc hosp",337.0048395,1841556.5
"US",2026-01-17,"0-0.99","rate hosp",20.6,1841556.5
"US",2026-01-17,"0-0.99","inc hosp",379.360639,1841556.5
"US",2026-01-24,"0-0.99","rate hosp",19.9,1841556.5
"US",2026-01-24,"0-0.99","inc hosp",366.4697435,1841556.5
"US",2026-01-31,"0-0.99","rate hosp",22.2,1841556.5
"US",2026-01-31,"0-0.99","inc hosp",408.825543,1841556.5
"US",2026-02-07,"0-0.99","rate hosp",22.7,1841556.5
"US",2026-02-07,"0-0.99","inc hosp",418.0333255,1841556.5
"US",2026-02-14,"0-0.99","rate hosp",24.5,1841556.5
"US",2026-02-14,"0-0.99","inc hosp",451.1813425,1841556.5
"US",2026-02-21,"0-0.99","rate hosp",34.8,1841556.5
"US",2026-02-21,"0-0.99","inc hosp",640.861662,1841556.5
"US",2026-02-28,"0-0.99","rate hosp",30.7,1841556.5
"US",2026-02-28,"0-0.99","inc hosp",565.3578455,1841556.5
"US",2026-03-07,"0-0.99","rate hosp",26.8,1841556.5
"US",2026-03-07,"0-0.99","inc hosp",493.537142,1841556.5
"US",2026-03-14,"0-0.99","rate hosp",24,1841556.5
"US",2026-03-14,"0-0.99","inc hosp",441.97356,1841556.5
"US",2026-03-21,"0-0.99","rate hosp",21.7,1841556.5
"US",2026-03-21,"0-0.99","inc hosp",399.6177605,1841556.5
"US",2026-03-28,"0-0.99","rate hosp",20.4,1841556.5
"US",2026-03-28,"0-0.99","inc hosp",375.677526,1841556.5
"US",2026-04-04,"0-0.99","rate hosp",18.3,1841556.5
"US",2026-04-04,"0-0.99","inc hosp",337.0048395,1841556.5
"US",2026-04-11,"0-0.99","rate hosp",11.9,1841556.5
"US",2026-04-11,"0-0.99","inc hosp",219.1452235,1841556.5
"US",2026-04-18,"0-0.99","rate hosp",10.1,1841556.5
"US",2026-04-18,"0-0.99","inc hosp",185.9972065,1841556.5
"US",2026-04-25,"0-0.99","rate hosp",10.6,1841556.5
"US",2026-04-25,"0-0.99","inc hosp",195.204989,1841556.5
"US",2026-05-02,"0-0.99","rate hosp",8.5,1841556.5
"US",2026-05-02,"0-0.99","inc hosp",156.5323025,1841556.5
"US",2026-05-09,"0-0.99","rate hosp",0,1841556.5
"US",2026-05-09,"0-0.99","inc hosp",0,1841556.5
"US",2026-05-16,"0-0.99","rate hosp",0,1841556.5
"US",2026-05-16,"0-0.99","inc hosp",0,1841556.5
"US",2026-05-23,"0-0.99","rate hosp",0,1841556.5
"US",2026-05-23,"0-0.99","inc hosp",0,1841556.5
"US",2026-05-30,"0-0.99","rate hosp",0,1841556.5
"US",2026-05-30,"0-0.99","inc hosp",0,1841556.5
"US",2026-06-06,"0-0.99","rate hosp",0,1841556.5
"US",2026-06-06,"0-0.99","inc hosp",0,1841556.5
"US",2026-06-13,"0-0.99","rate hosp",0,1841556.5
"US",2026-06-13,"0-0.99","inc hosp",0,1841556.5
"US",2026-06-20,"0-0.99","rate hosp",0,1841556.5
"US",2026-06-20,"0-0.99","inc hosp",0,1841556.5
"US",2026-06-27,"0-0.99","rate hosp",0,1841556.5
"US",2026-06-27,"0-0.99","inc hosp",0,1841556.5
"US",2026-07-04,"0-0.99","rate hosp",0,1841556.5
"US",2026-07-04,"0-0.99","inc hosp",0,1841556.5
"US",2026-07-11,"0-0.99","rate hosp",0,1841556.5
"US",2026-07-11,"0-0.99","inc hosp",0,1841556.5
"US",2026-07-18,"0-0.99","rate hosp",0,1841556.5
"US",2026-07-18,"0-0.99","inc hosp",0,1841556.5
"US",2026-07-25,"0-0.99","rate hosp",0,1841556.5
"US",2026-07-25,"0-0.99","inc hosp",0,1841556.5
"US",2026-08-01,"0-0.99","rate hosp",0,1841556.5
"US",2026-08-01,"0-0.99","inc hosp",0,1841556.5
"US",2026-08-08,"0-0.99","rate hosp",0,1841556.5
"US",2026-08-08,"0-0.99","inc hosp",0,1841556.5
"US",2026-08-15,"0-0.99","rate hosp",0,1841556.5
"US",2026-08-15,"0-0.99","inc hosp",0,1841556.5
"US",2026-08-22,"0-0.99","rate hosp",0,1841556.5
"US",2026-08-22,"0-0.99","inc hosp",0,1841556.5
"US",2018-10-06,"1-4","rate hosp",0.6,15951619
"US",2018-10-06,"1-4","inc hosp",95.709714,15951619
"US",2018-10-13,"1-4","rate hosp",1.3,15951619
"US",2018-10-13,"1-4","inc hosp",207.371047,15951619
"US",2018-10-20,"1-4","rate hosp",1.3,15951619
"US",2018-10-20,"1-4","inc hosp",207.371047,15951619
"US",2018-10-27,"1-4","rate hosp",2.2,15951619
"US",2018-10-27,"1-4","inc hosp",350.935618,15951619
"US",2018-11-03,"1-4","rate hosp",2.2,15951619
"US",2018-11-03,"1-4","inc hosp",350.935618,15951619
"US",2018-11-10,"1-4","rate hosp",3.4,15951619
"US",2018-11-10,"1-4","inc hosp",542.355046,15951619
"US",2018-11-17,"1-4","rate hosp",3.3,15951619
"US",2018-11-17,"1-4","inc hosp",526.403427,15951619
"US",2018-11-24,"1-4","rate hosp",3.6,15951619
"US",2018-11-24,"1-4","inc hosp",574.258284,15951619
"US",2018-12-01,"1-4","rate hosp",4.5,15951619
"US",2018-12-01,"1-4","inc hosp",717.822855,15951619
"US",2018-12-08,"1-4","rate hosp",4.9,15951619
"US",2018-12-08,"1-4","inc hosp",781.629331,15951619
"US",2018-12-15,"1-4","rate hosp",6.9,15951619
"US",2018-12-15,"1-4","inc hosp",1100.661711,15951619
"US",2018-12-22,"1-4","rate hosp",7,15951619
"US",2018-12-22,"1-4","inc hosp",1116.61333,15951619
"US",2018-12-29,"1-4","rate hosp",8.5,15951619
"US",2018-12-29,"1-4","inc hosp",1355.887615,15951619
"US",2019-01-05,"1-4","rate hosp",6.6,15809112
"US",2019-01-05,"1-4","inc hosp",1043.401392,15809112
"US",2019-01-12,"1-4","rate hosp",6.5,15809112
"US",2019-01-12,"1-4","inc hosp",1027.59228,15809112
"US",2019-01-19,"1-4","rate hosp",7.1,15809112
"US",2019-01-19,"1-4","inc hosp",1122.446952,15809112
"US",2019-01-26,"1-4","rate hosp",7,15809112
"US",2019-01-26,"1-4","inc hosp",1106.63784,15809112
"US",2019-02-02,"1-4","rate hosp",6.4,15809112
"US",2019-02-02,"1-4","inc hosp",1011.783168,15809112
"US",2019-02-09,"1-4","rate hosp",7.5,15809112
"US",2019-02-09,"1-4","inc hosp",1185.6834,15809112
"US",2019-02-16,"1-4","rate hosp",5.1,15809112
"US",2019-02-16,"1-4","inc hosp",806.264712,15809112
"US",2019-02-23,"1-4","rate hosp",5.8,15809112
"US",2019-02-23,"1-4","inc hosp",916.928496,15809112
"US",2019-03-02,"1-4","rate hosp",4.2,15809112
"US",2019-03-02,"1-4","inc hosp",663.982704,15809112
"US",2019-03-09,"1-4","rate hosp",3,15809112
"US",2019-03-09,"1-4","inc hosp",474.27336,15809112
"US",2019-03-16,"1-4","rate hosp",3.4,15809112
"US",2019-03-16,"1-4","inc hosp",537.509808,15809112
"US",2019-03-23,"1-4","rate hosp",2.4,15809112
"US",2019-03-23,"1-4","inc hosp",379.418688,15809112
"US",2019-03-30,"1-4","rate hosp",1.9,15809112
"US",2019-03-30,"1-4","inc hosp",300.373128,15809112
"US",2019-04-06,"1-4","rate hosp",1.5,15809112
"US",2019-04-06,"1-4","inc hosp",237.13668,15809112
"US",2019-04-13,"1-4","rate hosp",1,15809112
"US",2019-04-13,"1-4","inc hosp",158.09112,15809112
"US",2019-04-20,"1-4","rate hosp",1.4,15809112
"US",2019-04-20,"1-4","inc hosp",221.327568,15809112
"US",2019-04-27,"1-4","rate hosp",0.5,15809112
"US",2019-04-27,"1-4","inc hosp",79.04556,15809112
"US",2019-05-04,"1-4","rate hosp",0.3,15809112
"US",2019-05-04,"1-4","inc hosp",47.427336,15809112
"US",2019-10-05,"1-4","rate hosp",0.8,15809112
"US",2019-10-05,"1-4","inc hosp",126.472896,15809112
"US",2019-10-12,"1-4","rate hosp",1,15809112
"US",2019-10-12,"1-4","inc hosp",158.09112,15809112
"US",2019-10-19,"1-4","rate hosp",2.4,15809112
"US",2019-10-19,"1-4","inc hosp",379.418688,15809112
"US",2019-10-26,"1-4","rate hosp",2.8,15809112
"US",2019-10-26,"1-4","inc hosp",442.655136,15809112
"US",2019-11-02,"1-4","rate hosp",3.5,15809112
"US",2019-11-02,"1-4","inc hosp",553.31892,15809112
"US",2019-11-09,"1-4","rate hosp",3.7,15809112
"US",2019-11-09,"1-4","inc hosp",584.937144,15809112
"US",2019-11-16,"1-4","rate hosp",5.4,15809112
"US",2019-11-16,"1-4","inc hosp",853.692048,15809112
"US",2019-11-23,"1-4","rate hosp",6.5,15809112
"US",2019-11-23,"1-4","inc hosp",1027.59228,15809112
"US",2019-11-30,"1-4","rate hosp",7.5,15809112
"US",2019-11-30,"1-4","inc hosp",1185.6834,15809112
"US",2019-12-07,"1-4","rate hosp",11.9,15809112
"US",2019-12-07,"1-4","inc hosp",1881.284328,15809112
"US",2019-12-14,"1-4","rate hosp",9.9,15809112
"US",2019-12-14,"1-4","inc hosp",1565.102088,15809112
"US",2019-12-21,"1-4","rate hosp",10.4,15809112
"US",2019-12-21,"1-4","inc hosp",1644.147648,15809112
"US",2019-12-28,"1-4","rate hosp",11.8,15809112
"US",2019-12-28,"1-4","inc hosp",1865.475216,15809112
"US",2020-01-04,"1-4","rate hosp",10.5,15400167
"US",2020-01-04,"1-4","inc hosp",1617.017535,15400167
"US",2020-01-11,"1-4","rate hosp",7.4,15400167
"US",2020-01-11,"1-4","inc hosp",1139.612358,15400167
"US",2020-01-18,"1-4","rate hosp",9.2,15400167
"US",2020-01-18,"1-4","inc hosp",1416.815364,15400167
"US",2020-01-25,"1-4","rate hosp",8.7,15400167
"US",2020-01-25,"1-4","inc hosp",1339.814529,15400167
"US",2020-02-01,"1-4","rate hosp",7.7,15400167
"US",2020-02-01,"1-4","inc hosp",1185.812859,15400167
"US",2020-02-08,"1-4","rate hosp",8.4,15400167
"US",2020-02-08,"1-4","inc hosp",1293.614028,15400167
"US",2020-02-15,"1-4","rate hosp",6.6,15400167
"US",2020-02-15,"1-4","inc hosp",1016.411022,15400167
"US",2020-02-22,"1-4","rate hosp",5.5,15400167
"US",2020-02-22,"1-4","inc hosp",847.009185,15400167
"US",2020-02-29,"1-4","rate hosp",4.5,15400167
"US",2020-02-29,"1-4","inc hosp",693.007515,15400167
"US",2020-03-07,"1-4","rate hosp",4.8,15400167
"US",2020-03-07,"1-4","inc hosp",739.208016,15400167
"US",2020-03-14,"1-4","rate hosp",3.7,15400167
"US",2020-03-14,"1-4","inc hosp",569.806179,15400167
"US",2020-03-21,"1-4","rate hosp",3.1,15400167
"US",2020-03-21,"1-4","inc hosp",477.405177,15400167
"US",2020-03-28,"1-4","rate hosp",1.6,15400167
"US",2020-03-28,"1-4","inc hosp",246.402672,15400167
"US",2020-04-04,"1-4","rate hosp",0.7,15400167
"US",2020-04-04,"1-4","inc hosp",107.801169,15400167
"US",2020-04-11,"1-4","rate hosp",0.2,15400167
"US",2020-04-11,"1-4","inc hosp",30.800334,15400167
"US",2020-04-18,"1-4","rate hosp",0.1,15400167
"US",2020-04-18,"1-4","inc hosp",15.400167,15400167
"US",2020-04-25,"1-4","rate hosp",0.1,15400167
"US",2020-04-25,"1-4","inc hosp",15.400167,15400167
"US",2020-05-02,"1-4","rate hosp",0.1,15400167
"US",2020-05-02,"1-4","inc hosp",15.400167,15400167
"US",2020-10-03,"1-4","rate hosp",0,15400167
"US",2020-10-03,"1-4","inc hosp",0,15400167
"US",2020-10-10,"1-4","rate hosp",0,15400167
"US",2020-10-10,"1-4","inc hosp",0,15400167
"US",2020-10-17,"1-4","rate hosp",0,15400167
"US",2020-10-17,"1-4","inc hosp",0,15400167
"US",2020-10-24,"1-4","rate hosp",0.1,15400167
"US",2020-10-24,"1-4","inc hosp",15.400167,15400167
"US",2020-10-31,"1-4","rate hosp",0,15400167
"US",2020-10-31,"1-4","inc hosp",0,15400167
"US",2020-11-07,"1-4","rate hosp",0,15400167
"US",2020-11-07,"1-4","inc hosp",0,15400167
"US",2020-11-14,"1-4","rate hosp",0,15400167
"US",2020-11-14,"1-4","inc hosp",0,15400167
"US",2020-11-21,"1-4","rate hosp",0.1,15400167
"US",2020-11-21,"1-4","inc hosp",15.400167,15400167
"US",2020-11-28,"1-4","rate hosp",0,15400167
"US",2020-11-28,"1-4","inc hosp",0,15400167
"US",2020-12-05,"1-4","rate hosp",0,15400167
"US",2020-12-05,"1-4","inc hosp",0,15400167
"US",2020-12-12,"1-4","rate hosp",0,15400167
"US",2020-12-12,"1-4","inc hosp",0,15400167
"US",2020-12-19,"1-4","rate hosp",0,15400167
"US",2020-12-19,"1-4","inc hosp",0,15400167
"US",2020-12-26,"1-4","rate hosp",0,15400167
"US",2020-12-26,"1-4","inc hosp",0,15400167
"US",2021-01-02,"1-4","rate hosp",0.1,15400167
"US",2021-01-02,"1-4","inc hosp",15.400167,15400167
"US",2021-01-09,"1-4","rate hosp",0.1,15106098
"US",2021-01-09,"1-4","inc hosp",15.106098,15106098
"US",2021-01-16,"1-4","rate hosp",0,15106098
"US",2021-01-16,"1-4","inc hosp",0,15106098
"US",2021-01-23,"1-4","rate hosp",0,15106098
"US",2021-01-23,"1-4","inc hosp",0,15106098
"US",2021-01-30,"1-4","rate hosp",0,15106098
"US",2021-01-30,"1-4","inc hosp",0,15106098
"US",2021-02-06,"1-4","rate hosp",0.1,15106098
"US",2021-02-06,"1-4","inc hosp",15.106098,15106098
"US",2021-02-13,"1-4","rate hosp",0,15106098
"US",2021-02-13,"1-4","inc hosp",0,15106098
"US",2021-02-20,"1-4","rate hosp",0.2,15106098
"US",2021-02-20,"1-4","inc hosp",30.212196,15106098
"US",2021-02-27,"1-4","rate hosp",0.1,15106098
"US",2021-02-27,"1-4","inc hosp",15.106098,15106098
"US",2021-03-06,"1-4","rate hosp",0.1,15106098
"US",2021-03-06,"1-4","inc hosp",15.106098,15106098
"US",2021-03-13,"1-4","rate hosp",0.1,15106098
"US",2021-03-13,"1-4","inc hosp",15.106098,15106098
"US",2021-03-20,"1-4","rate hosp",0,15106098
"US",2021-03-20,"1-4","inc hosp",0,15106098
"US",2021-03-27,"1-4","rate hosp",0.4,15106098
"US",2021-03-27,"1-4","inc hosp",60.424392,15106098
"US",2021-04-03,"1-4","rate hosp",0.1,15106098
"US",2021-04-03,"1-4","inc hosp",15.106098,15106098
"US",2021-04-10,"1-4","rate hosp",0.1,15106098
"US",2021-04-10,"1-4","inc hosp",15.106098,15106098
"US",2021-04-17,"1-4","rate hosp",0.5,15106098
"US",2021-04-17,"1-4","inc hosp",75.53049,15106098
"US",2021-04-24,"1-4","rate hosp",0.3,15106098
"US",2021-04-24,"1-4","inc hosp",45.318294,15106098
"US",2021-05-01,"1-4","rate hosp",0.5,15106098
"US",2021-05-01,"1-4","inc hosp",75.53049,15106098
"US",2021-05-08,"1-4","rate hosp",1.5,15106098
"US",2021-05-08,"1-4","inc hosp",226.59147,15106098
"US",2021-05-15,"1-4","rate hosp",1.2,15106098
"US",2021-05-15,"1-4","inc hosp",181.273176,15106098
"US",2021-05-22,"1-4","rate hosp",1.3,15106098
"US",2021-05-22,"1-4","inc hosp",196.379274,15106098
"US",2021-05-29,"1-4","rate hosp",1,15106098
"US",2021-05-29,"1-4","inc hosp",151.06098,15106098
"US",2021-06-05,"1-4","rate hosp",1.6,15106098
"US",2021-06-05,"1-4","inc hosp",241.697568,15106098
"US",2021-06-12,"1-4","rate hosp",2.1,15106098
"US",2021-06-12,"1-4","inc hosp",317.228058,15106098
"US",2021-06-19,"1-4","rate hosp",2.2,15106098
"US",2021-06-19,"1-4","inc hosp",332.334156,15106098
"US",2021-06-26,"1-4","rate hosp",2.3,15106098
"US",2021-06-26,"1-4","inc hosp",347.440254,15106098
"US",2021-07-03,"1-4","rate hosp",3.1,15106098
"US",2021-07-03,"1-4","inc hosp",468.289038,15106098
"US",2021-07-10,"1-4","rate hosp",2.8,15106098
"US",2021-07-10,"1-4","inc hosp",422.970744,15106098
"US",2021-07-17,"1-4","rate hosp",4,15106098
"US",2021-07-17,"1-4","inc hosp",604.24392,15106098
"US",2021-07-24,"1-4","rate hosp",5.9,15106098
"US",2021-07-24,"1-4","inc hosp",891.259782,15106098
"US",2021-07-31,"1-4","rate hosp",6.6,15106098
"US",2021-07-31,"1-4","inc hosp",997.002468,15106098
"US",2021-08-07,"1-4","rate hosp",6.8,15106098
"US",2021-08-07,"1-4","inc hosp",1027.214664,15106098
"US",2021-08-14,"1-4","rate hosp",7.1,15106098
"US",2021-08-14,"1-4","inc hosp",1072.532958,15106098
"US",2021-08-21,"1-4","rate hosp",7.1,15106098
"US",2021-08-21,"1-4","inc hosp",1072.532958,15106098
"US",2021-08-28,"1-4","rate hosp",7.1,15106098
"US",2021-08-28,"1-4","inc hosp",1072.532958,15106098
"US",2021-09-04,"1-4","rate hosp",7.7,15106098
"US",2021-09-04,"1-4","inc hosp",1163.169546,15106098
"US",2021-09-11,"1-4","rate hosp",7,15106098
"US",2021-09-11,"1-4","inc hosp",1057.42686,15106098
"US",2021-09-18,"1-4","rate hosp",6.3,15106098
"US",2021-09-18,"1-4","inc hosp",951.684174,15106098
"US",2021-09-25,"1-4","rate hosp",5.6,15106098
"US",2021-09-25,"1-4","inc hosp",845.941488,15106098
"US",2021-10-02,"1-4","rate hosp",5.9,15106098
"US",2021-10-02,"1-4","inc hosp",891.259782,15106098
"US",2021-10-09,"1-4","rate hosp",4.9,15106098
"US",2021-10-09,"1-4","inc hosp",740.198802,15106098
"US",2021-10-16,"1-4","rate hosp",6.7,15106098
"US",2021-10-16,"1-4","inc hosp",1012.108566,15106098
"US",2021-10-23,"1-4","rate hosp",6.5,15106098
"US",2021-10-23,"1-4","inc hosp",981.89637,15106098
"US",2021-10-30,"1-4","rate hosp",7.1,15106098
"US",2021-10-30,"1-4","inc hosp",1072.532958,15106098
"US",2021-11-06,"1-4","rate hosp",6.1,15106098
"US",2021-11-06,"1-4","inc hosp",921.471978,15106098
"US",2021-11-13,"1-4","rate hosp",5.8,15106098
"US",2021-11-13,"1-4","inc hosp",876.153684,15106098
"US",2021-11-20,"1-4","rate hosp",7,15106098
"US",2021-11-20,"1-4","inc hosp",1057.42686,15106098
"US",2021-11-27,"1-4","rate hosp",6.5,15106098
"US",2021-11-27,"1-4","inc hosp",981.89637,15106098
"US",2021-12-04,"1-4","rate hosp",6.1,15106098
"US",2021-12-04,"1-4","inc hosp",921.471978,15106098
"US",2021-12-11,"1-4","rate hosp",7.4,15106098
"US",2021-12-11,"1-4","inc hosp",1117.851252,15106098
"US",2021-12-18,"1-4","rate hosp",6.8,15106098
"US",2021-12-18,"1-4","inc hosp",1027.214664,15106098
"US",2021-12-25,"1-4","rate hosp",4.4,15106098
"US",2021-12-25,"1-4","inc hosp",664.668312,15106098
"US",2022-01-01,"1-4","rate hosp",5.8,15106098
"US",2022-01-01,"1-4","inc hosp",876.153684,15106098
"US",2022-01-08,"1-4","rate hosp",3.4,14855240
"US",2022-01-08,"1-4","inc hosp",505.07816,14855240
"US",2022-01-15,"1-4","rate hosp",1.8,14855240
"US",2022-01-15,"1-4","inc hosp",267.39432,14855240
"US",2022-01-22,"1-4","rate hosp",1.5,14855240
"US",2022-01-22,"1-4","inc hosp",222.8286,14855240
"US",2022-01-29,"1-4","rate hosp",1,14855240
"US",2022-01-29,"1-4","inc hosp",148.5524,14855240
"US",2022-02-05,"1-4","rate hosp",1,14855240
"US",2022-02-05,"1-4","inc hosp",148.5524,14855240
"US",2022-02-12,"1-4","rate hosp",0.3,14855240
"US",2022-02-12,"1-4","inc hosp",44.56572,14855240
"US",2022-02-19,"1-4","rate hosp",0.7,14855240
"US",2022-02-19,"1-4","inc hosp",103.98668,14855240
"US",2022-02-26,"1-4","rate hosp",0.8,14855240
"US",2022-02-26,"1-4","inc hosp",118.84192,14855240
"US",2022-03-05,"1-4","rate hosp",0.7,14855240
"US",2022-03-05,"1-4","inc hosp",103.98668,14855240
"US",2022-03-12,"1-4","rate hosp",1,14855240
"US",2022-03-12,"1-4","inc hosp",148.5524,14855240
"US",2022-03-19,"1-4","rate hosp",1,14855240
"US",2022-03-19,"1-4","inc hosp",148.5524,14855240
"US",2022-03-26,"1-4","rate hosp",0.7,14855240
"US",2022-03-26,"1-4","inc hosp",103.98668,14855240
"US",2022-04-02,"1-4","rate hosp",0.9,14855240
"US",2022-04-02,"1-4","inc hosp",133.69716,14855240
"US",2022-04-09,"1-4","rate hosp",0.7,14855240
"US",2022-04-09,"1-4","inc hosp",103.98668,14855240
"US",2022-04-16,"1-4","rate hosp",1,14855240
"US",2022-04-16,"1-4","inc hosp",148.5524,14855240
"US",2022-04-23,"1-4","rate hosp",0.7,14855240
"US",2022-04-23,"1-4","inc hosp",103.98668,14855240
"US",2022-04-30,"1-4","rate hosp",1.8,14855240
"US",2022-04-30,"1-4","inc hosp",267.39432,14855240
"US",2022-05-07,"1-4","rate hosp",0.8,14855240
"US",2022-05-07,"1-4","inc hosp",118.84192,14855240
"US",2022-05-14,"1-4","rate hosp",1.5,14855240
"US",2022-05-14,"1-4","inc hosp",222.8286,14855240
"US",2022-05-21,"1-4","rate hosp",1.3,14855240
"US",2022-05-21,"1-4","inc hosp",193.11812,14855240
"US",2022-05-28,"1-4","rate hosp",1.9,14855240
"US",2022-05-28,"1-4","inc hosp",282.24956,14855240
"US",2022-06-04,"1-4","rate hosp",1.9,14855240
"US",2022-06-04,"1-4","inc hosp",282.24956,14855240
"US",2022-06-11,"1-4","rate hosp",2.4,14855240
"US",2022-06-11,"1-4","inc hosp",356.52576,14855240
"US",2022-06-18,"1-4","rate hosp",2.9,14855240
"US",2022-06-18,"1-4","inc hosp",430.80196,14855240
"US",2022-06-25,"1-4","rate hosp",2.3,14855240
"US",2022-06-25,"1-4","inc hosp",341.67052,14855240
"US",2022-07-02,"1-4","rate hosp",1.5,14855240
"US",2022-07-02,"1-4","inc hosp",222.8286,14855240
"US",2022-07-09,"1-4","rate hosp",2.7,14855240
"US",2022-07-09,"1-4","inc hosp",401.09148,14855240
"US",2022-07-16,"1-4","rate hosp",3,14855240
"US",2022-07-16,"1-4","inc hosp",445.6572,14855240
"US",2022-07-23,"1-4","rate hosp",4.1,14855240
"US",2022-07-23,"1-4","inc hosp",609.06484,14855240
"US",2022-07-30,"1-4","rate hosp",3.2,14855240
"US",2022-07-30,"1-4","inc hosp",475.36768,14855240
"US",2022-08-06,"1-4","rate hosp",3.4,14855240
"US",2022-08-06,"1-4","inc hosp",505.07816,14855240
"US",2022-08-13,"1-4","rate hosp",3.9,14855240
"US",2022-08-13,"1-4","inc hosp",579.35436,14855240
"US",2022-08-20,"1-4","rate hosp",3.5,14855240
"US",2022-08-20,"1-4","inc hosp",519.9334,14855240
"US",2022-08-27,"1-4","rate hosp",4.3,14855240
"US",2022-08-27,"1-4","inc hosp",638.77532,14855240
"US",2022-09-03,"1-4","rate hosp",3.6,14855240
"US",2022-09-03,"1-4","inc hosp",534.78864,14855240
"US",2022-09-10,"1-4","rate hosp",4.6,14855240
"US",2022-09-10,"1-4","inc hosp",683.34104,14855240
"US",2022-09-17,"1-4","rate hosp",6.9,14855240
"US",2022-09-17,"1-4","inc hosp",1025.01156,14855240
"US",2022-09-24,"1-4","rate hosp",9.6,14855240
"US",2022-09-24,"1-4","inc hosp",1426.10304,14855240
"US",2022-10-01,"1-4","rate hosp",9.9,14855240
"US",2022-10-01,"1-4","inc hosp",1470.66876,14855240
"US",2022-10-08,"1-4","rate hosp",0,14855240
"US",2022-10-08,"1-4","inc hosp",0,14855240
"US",2022-10-15,"1-4","rate hosp",0,14855240
"US",2022-10-15,"1-4","inc hosp",0,14855240
"US",2022-10-22,"1-4","rate hosp",0,14855240
"US",2022-10-22,"1-4","inc hosp",0,14855240
"US",2022-10-29,"1-4","rate hosp",0,14855240
"US",2022-10-29,"1-4","inc hosp",0,14855240
"US",2022-11-05,"1-4","rate hosp",0,14855240
"US",2022-11-05,"1-4","inc hosp",0,14855240
"US",2022-11-12,"1-4","rate hosp",0,14855240
"US",2022-11-12,"1-4","inc hosp",0,14855240
"US",2022-11-19,"1-4","rate hosp",0,14855240
"US",2022-11-19,"1-4","inc hosp",0,14855240
"US",2022-11-26,"1-4","rate hosp",0,14855240
"US",2022-11-26,"1-4","inc hosp",0,14855240
"US",2022-12-03,"1-4","rate hosp",0,14855240
"US",2022-12-03,"1-4","inc hosp",0,14855240
"US",2022-12-10,"1-4","rate hosp",0,14855240
"US",2022-12-10,"1-4","inc hosp",0,14855240
"US",2022-12-17,"1-4","rate hosp",0,14855240
"US",2022-12-17,"1-4","inc hosp",0,14855240
"US",2022-12-24,"1-4","rate hosp",0,14855240
"US",2022-12-24,"1-4","inc hosp",0,14855240
"US",2022-12-31,"1-4","rate hosp",0,14855240
"US",2022-12-31,"1-4","inc hosp",0,14855240
"US",2023-01-07,"1-4","rate hosp",0,14855240
"US",2023-01-07,"1-4","inc hosp",0,14855240
"US",2023-01-14,"1-4","rate hosp",0,14855240
"US",2023-01-14,"1-4","inc hosp",0,14855240
"US",2023-01-21,"1-4","rate hosp",0,14855240
"US",2023-01-21,"1-4","inc hosp",0,14855240
"US",2023-01-28,"1-4","rate hosp",0,14855240
"US",2023-01-28,"1-4","inc hosp",0,14855240
"US",2023-02-04,"1-4","rate hosp",0,14855240
"US",2023-02-04,"1-4","inc hosp",0,14855240
"US",2023-02-11,"1-4","rate hosp",0,14855240
"US",2023-02-11,"1-4","inc hosp",0,14855240
"US",2023-02-18,"1-4","rate hosp",0,14855240
"US",2023-02-18,"1-4","inc hosp",0,14855240
"US",2023-02-25,"1-4","rate hosp",0,14855240
"US",2023-02-25,"1-4","inc hosp",0,14855240
"US",2023-03-04,"1-4","rate hosp",0,14855240
"US",2023-03-04,"1-4","inc hosp",0,14855240
"US",2023-03-11,"1-4","rate hosp",0,14855240
"US",2023-03-11,"1-4","inc hosp",0,14855240
"US",2023-03-18,"1-4","rate hosp",0,14855240
"US",2023-03-18,"1-4","inc hosp",0,14855240
"US",2023-03-25,"1-4","rate hosp",0,14855240
"US",2023-03-25,"1-4","inc hosp",0,14855240
"US",2023-04-01,"1-4","rate hosp",0,14855240
"US",2023-04-01,"1-4","inc hosp",0,14855240
"US",2023-04-08,"1-4","rate hosp",0,14855240
"US",2023-04-08,"1-4","inc hosp",0,14855240
"US",2023-04-15,"1-4","rate hosp",0,14855240
"US",2023-04-15,"1-4","inc hosp",0,14855240
"US",2023-04-22,"1-4","rate hosp",0,14855240
"US",2023-04-22,"1-4","inc hosp",0,14855240
"US",2023-04-29,"1-4","rate hosp",0,14855240
"US",2023-04-29,"1-4","inc hosp",0,14855240
"US",2023-05-06,"1-4","rate hosp",0,14855240
"US",2023-05-06,"1-4","inc hosp",0,14855240
"US",2023-05-13,"1-4","rate hosp",0,14855240
"US",2023-05-13,"1-4","inc hosp",0,14855240
"US",2023-05-20,"1-4","rate hosp",0,14855240
"US",2023-05-20,"1-4","inc hosp",0,14855240
"US",2023-05-27,"1-4","rate hosp",0,14855240
"US",2023-05-27,"1-4","inc hosp",0,14855240
"US",2023-06-03,"1-4","rate hosp",0,14855240
"US",2023-06-03,"1-4","inc hosp",0,14855240
"US",2023-06-10,"1-4","rate hosp",0,14855240
"US",2023-06-10,"1-4","inc hosp",0,14855240
"US",2023-06-17,"1-4","rate hosp",0,14855240
"US",2023-06-17,"1-4","inc hosp",0,14855240
"US",2023-06-24,"1-4","rate hosp",0,14855240
"US",2023-06-24,"1-4","inc hosp",0,14855240
"US",2023-07-01,"1-4","rate hosp",0,14855240
"US",2023-07-01,"1-4","inc hosp",0,14855240
"US",2023-07-08,"1-4","rate hosp",0,14855240
"US",2023-07-08,"1-4","inc hosp",0,14855240
"US",2023-07-15,"1-4","rate hosp",0,14855240
"US",2023-07-15,"1-4","inc hosp",0,14855240
"US",2023-07-22,"1-4","rate hosp",0,14855240
"US",2023-07-22,"1-4","inc hosp",0,14855240
"US",2023-07-29,"1-4","rate hosp",0,14855240
"US",2023-07-29,"1-4","inc hosp",0,14855240
"US",2023-08-05,"1-4","rate hosp",0,14855240
"US",2023-08-05,"1-4","inc hosp",0,14855240
"US",2023-08-12,"1-4","rate hosp",0,14855240
"US",2023-08-12,"1-4","inc hosp",0,14855240
"US",2023-08-19,"1-4","rate hosp",0,14855240
"US",2023-08-19,"1-4","inc hosp",0,14855240
"US",2023-08-26,"1-4","rate hosp",0,14855240
"US",2023-08-26,"1-4","inc hosp",0,14855240
"US",2023-09-02,"1-4","rate hosp",0,14855240
"US",2023-09-02,"1-4","inc hosp",0,14855240
"US",2023-09-09,"1-4","rate hosp",0,14855240
"US",2023-09-09,"1-4","inc hosp",0,14855240
"US",2023-09-16,"1-4","rate hosp",0,14855240
"US",2023-09-16,"1-4","inc hosp",0,14855240
"US",2023-09-23,"1-4","rate hosp",0,14855240
"US",2023-09-23,"1-4","inc hosp",0,14855240
"US",2023-09-30,"1-4","rate hosp",0,14855240
"US",2023-09-30,"1-4","inc hosp",0,14855240
"US",2023-10-07,"1-4","rate hosp",0,14855240
"US",2023-10-07,"1-4","inc hosp",0,14855240
"US",2023-10-14,"1-4","rate hosp",0,14855240
"US",2023-10-14,"1-4","inc hosp",0,14855240
"US",2023-10-21,"1-4","rate hosp",0,14855240
"US",2023-10-21,"1-4","inc hosp",0,14855240
"US",2023-10-28,"1-4","rate hosp",0,14855240
"US",2023-10-28,"1-4","inc hosp",0,14855240
"US",2023-11-04,"1-4","rate hosp",0,14855240
"US",2023-11-04,"1-4","inc hosp",0,14855240
"US",2023-11-11,"1-4","rate hosp",0,14855240
"US",2023-11-11,"1-4","inc hosp",0,14855240
"US",2023-11-18,"1-4","rate hosp",0,14855240
"US",2023-11-18,"1-4","inc hosp",0,14855240
"US",2023-11-25,"1-4","rate hosp",0,14855240
"US",2023-11-25,"1-4","inc hosp",0,14855240
"US",2023-12-02,"1-4","rate hosp",0,14855240
"US",2023-12-02,"1-4","inc hosp",0,14855240
"US",2023-12-09,"1-4","rate hosp",0,14855240
"US",2023-12-09,"1-4","inc hosp",0,14855240
"US",2023-12-16,"1-4","rate hosp",0,14855240
"US",2023-12-16,"1-4","inc hosp",0,14855240
"US",2023-12-23,"1-4","rate hosp",0,14855240
"US",2023-12-23,"1-4","inc hosp",0,14855240
"US",2023-12-30,"1-4","rate hosp",0,14855240
"US",2023-12-30,"1-4","inc hosp",0,14855240
"US",2024-01-06,"1-4","rate hosp",0,14855240
"US",2024-01-06,"1-4","inc hosp",0,14855240
"US",2024-01-13,"1-4","rate hosp",0,14855240
"US",2024-01-13,"1-4","inc hosp",0,14855240
"US",2024-01-20,"1-4","rate hosp",0,14855240
"US",2024-01-20,"1-4","inc hosp",0,14855240
"US",2024-01-27,"1-4","rate hosp",0,14855240
"US",2024-01-27,"1-4","inc hosp",0,14855240
"US",2024-02-03,"1-4","rate hosp",0,14855240
"US",2024-02-03,"1-4","inc hosp",0,14855240
"US",2024-02-10,"1-4","rate hosp",0,14855240
"US",2024-02-10,"1-4","inc hosp",0,14855240
"US",2024-02-17,"1-4","rate hosp",0,14855240
"US",2024-02-17,"1-4","inc hosp",0,14855240
"US",2024-02-24,"1-4","rate hosp",0,14855240
"US",2024-02-24,"1-4","inc hosp",0,14855240
"US",2024-03-02,"1-4","rate hosp",0,14855240
"US",2024-03-02,"1-4","inc hosp",0,14855240
"US",2024-03-09,"1-4","rate hosp",0,14855240
"US",2024-03-09,"1-4","inc hosp",0,14855240
"US",2024-03-16,"1-4","rate hosp",0,14855240
"US",2024-03-16,"1-4","inc hosp",0,14855240
"US",2024-03-23,"1-4","rate hosp",0,14855240
"US",2024-03-23,"1-4","inc hosp",0,14855240
"US",2024-03-30,"1-4","rate hosp",0,14855240
"US",2024-03-30,"1-4","inc hosp",0,14855240
"US",2024-04-06,"1-4","rate hosp",0,14855240
"US",2024-04-06,"1-4","inc hosp",0,14855240
"US",2024-04-13,"1-4","rate hosp",0,14855240
"US",2024-04-13,"1-4","inc hosp",0,14855240
"US",2024-04-20,"1-4","rate hosp",0,14855240
"US",2024-04-20,"1-4","inc hosp",0,14855240
"US",2024-04-27,"1-4","rate hosp",0,14855240
"US",2024-04-27,"1-4","inc hosp",0,14855240
"US",2024-05-04,"1-4","rate hosp",0,14855240
"US",2024-05-04,"1-4","inc hosp",0,14855240
"US",2024-05-11,"1-4","rate hosp",0,14855240
"US",2024-05-11,"1-4","inc hosp",0,14855240
"US",2024-05-18,"1-4","rate hosp",0,14855240
"US",2024-05-18,"1-4","inc hosp",0,14855240
"US",2024-05-25,"1-4","rate hosp",0,14855240
"US",2024-05-25,"1-4","inc hosp",0,14855240
"US",2024-06-01,"1-4","rate hosp",0,14855240
"US",2024-06-01,"1-4","inc hosp",0,14855240
"US",2024-06-08,"1-4","rate hosp",0,14855240
"US",2024-06-08,"1-4","inc hosp",0,14855240
"US",2024-06-15,"1-4","rate hosp",0,14855240
"US",2024-06-15,"1-4","inc hosp",0,14855240
"US",2024-06-22,"1-4","rate hosp",0,14855240
"US",2024-06-22,"1-4","inc hosp",0,14855240
"US",2024-06-29,"1-4","rate hosp",0,14855240
"US",2024-06-29,"1-4","inc hosp",0,14855240
"US",2024-07-06,"1-4","rate hosp",0,14855240
"US",2024-07-06,"1-4","inc hosp",0,14855240
"US",2024-07-13,"1-4","rate hosp",0,14855240
"US",2024-07-13,"1-4","inc hosp",0,14855240
"US",2024-07-20,"1-4","rate hosp",0,14855240
"US",2024-07-20,"1-4","inc hosp",0,14855240
"US",2024-07-27,"1-4","rate hosp",0,14855240
"US",2024-07-27,"1-4","inc hosp",0,14855240
"US",2024-08-03,"1-4","rate hosp",0,14855240
"US",2024-08-03,"1-4","inc hosp",0,14855240
"US",2024-08-10,"1-4","rate hosp",0,14855240
"US",2024-08-10,"1-4","inc hosp",0,14855240
"US",2024-08-17,"1-4","rate hosp",0,14855240
"US",2024-08-17,"1-4","inc hosp",0,14855240
"US",2024-08-24,"1-4","rate hosp",0,14855240
"US",2024-08-24,"1-4","inc hosp",0,14855240
"US",2024-08-31,"1-4","rate hosp",0,14855240
"US",2024-08-31,"1-4","inc hosp",0,14855240
"US",2024-09-07,"1-4","rate hosp",0,14855240
"US",2024-09-07,"1-4","inc hosp",0,14855240
"US",2024-09-14,"1-4","rate hosp",0,14855240
"US",2024-09-14,"1-4","inc hosp",0,14855240
"US",2024-09-21,"1-4","rate hosp",0,14855240
"US",2024-09-21,"1-4","inc hosp",0,14855240
"US",2024-09-28,"1-4","rate hosp",0,14855240
"US",2024-09-28,"1-4","inc hosp",0,14855240
"US",2024-10-05,"1-4","rate hosp",0,14855240
"US",2024-10-05,"1-4","inc hosp",0,14855240
"US",2024-10-12,"1-4","rate hosp",0,14855240
"US",2024-10-12,"1-4","inc hosp",0,14855240
"US",2024-10-19,"1-4","rate hosp",0,14855240
"US",2024-10-19,"1-4","inc hosp",0,14855240
"US",2024-10-26,"1-4","rate hosp",0,14855240
"US",2024-10-26,"1-4","inc hosp",0,14855240
"US",2024-11-02,"1-4","rate hosp",0,14855240
"US",2024-11-02,"1-4","inc hosp",0,14855240
"US",2024-11-09,"1-4","rate hosp",0,14855240
"US",2024-11-09,"1-4","inc hosp",0,14855240
"US",2024-11-16,"1-4","rate hosp",0,14855240
"US",2024-11-16,"1-4","inc hosp",0,14855240
"US",2024-11-23,"1-4","rate hosp",0,14855240
"US",2024-11-23,"1-4","inc hosp",0,14855240
"US",2024-11-30,"1-4","rate hosp",0,14855240
"US",2024-11-30,"1-4","inc hosp",0,14855240
"US",2024-12-07,"1-4","rate hosp",0,14855240
"US",2024-12-07,"1-4","inc hosp",0,14855240
"US",2024-12-14,"1-4","rate hosp",0,14855240
"US",2024-12-14,"1-4","inc hosp",0,14855240
"US",2024-12-21,"1-4","rate hosp",0,14855240
"US",2024-12-21,"1-4","inc hosp",0,14855240
"US",2024-12-28,"1-4","rate hosp",0,14855240
"US",2024-12-28,"1-4","inc hosp",0,14855240
"US",2025-01-04,"1-4","rate hosp",0,14855240
"US",2025-01-04,"1-4","inc hosp",0,14855240
"US",2025-01-11,"1-4","rate hosp",0,14855240
"US",2025-01-11,"1-4","inc hosp",0,14855240
"US",2025-01-18,"1-4","rate hosp",0,14855240
"US",2025-01-18,"1-4","inc hosp",0,14855240
"US",2025-01-25,"1-4","rate hosp",0,14855240
"US",2025-01-25,"1-4","inc hosp",0,14855240
"US",2025-02-01,"1-4","rate hosp",0,14855240
"US",2025-02-01,"1-4","inc hosp",0,14855240
"US",2025-02-08,"1-4","rate hosp",0,14855240
"US",2025-02-08,"1-4","inc hosp",0,14855240
"US",2025-02-15,"1-4","rate hosp",0,14855240
"US",2025-02-15,"1-4","inc hosp",0,14855240
"US",2025-02-22,"1-4","rate hosp",0,14855240
"US",2025-02-22,"1-4","inc hosp",0,14855240
"US",2025-03-01,"1-4","rate hosp",0,14855240
"US",2025-03-01,"1-4","inc hosp",0,14855240
"US",2025-03-08,"1-4","rate hosp",0,14855240
"US",2025-03-08,"1-4","inc hosp",0,14855240
"US",2025-03-15,"1-4","rate hosp",0,14855240
"US",2025-03-15,"1-4","inc hosp",0,14855240
"US",2025-03-22,"1-4","rate hosp",0,14855240
"US",2025-03-22,"1-4","inc hosp",0,14855240
"US",2025-03-29,"1-4","rate hosp",0,14855240
"US",2025-03-29,"1-4","inc hosp",0,14855240
"US",2025-04-05,"1-4","rate hosp",0,14855240
"US",2025-04-05,"1-4","inc hosp",0,14855240
"US",2025-04-12,"1-4","rate hosp",0,14855240
"US",2025-04-12,"1-4","inc hosp",0,14855240
"US",2025-04-19,"1-4","rate hosp",0,14855240
"US",2025-04-19,"1-4","inc hosp",0,14855240
"US",2025-04-26,"1-4","rate hosp",0,14855240
"US",2025-04-26,"1-4","inc hosp",0,14855240
"US",2025-05-03,"1-4","rate hosp",0,14855240
"US",2025-05-03,"1-4","inc hosp",0,14855240
"US",2025-05-10,"1-4","rate hosp",0,14855240
"US",2025-05-10,"1-4","inc hosp",0,14855240
"US",2025-05-17,"1-4","rate hosp",0,14855240
"US",2025-05-17,"1-4","inc hosp",0,14855240
"US",2025-05-24,"1-4","rate hosp",0,14855240
"US",2025-05-24,"1-4","inc hosp",0,14855240
"US",2025-05-31,"1-4","rate hosp",0,14855240
"US",2025-05-31,"1-4","inc hosp",0,14855240
"US",2025-06-07,"1-4","rate hosp",0,14855240
"US",2025-06-07,"1-4","inc hosp",0,14855240
"US",2025-06-14,"1-4","rate hosp",0,14855240
"US",2025-06-14,"1-4","inc hosp",0,14855240
"US",2025-06-21,"1-4","rate hosp",0,14855240
"US",2025-06-21,"1-4","inc hosp",0,14855240
"US",2025-06-28,"1-4","rate hosp",0,14855240
"US",2025-06-28,"1-4","inc hosp",0,14855240
"US",2025-07-05,"1-4","rate hosp",0,14855240
"US",2025-07-05,"1-4","inc hosp",0,14855240
"US",2025-07-12,"1-4","rate hosp",0,14855240
"US",2025-07-12,"1-4","inc hosp",0,14855240
"US",2025-07-19,"1-4","rate hosp",0,14855240
"US",2025-07-19,"1-4","inc hosp",0,14855240
"US",2025-07-26,"1-4","rate hosp",0,14855240
"US",2025-07-26,"1-4","inc hosp",0,14855240
"US",2025-08-02,"1-4","rate hosp",0,14855240
"US",2025-08-02,"1-4","inc hosp",0,14855240
"US",2025-08-09,"1-4","rate hosp",0,14855240
"US",2025-08-09,"1-4","inc hosp",0,14855240
"US",2025-08-16,"1-4","rate hosp",0,14855240
"US",2025-08-16,"1-4","inc hosp",0,14855240
"US",2025-08-23,"1-4","rate hosp",0,14855240
"US",2025-08-23,"1-4","inc hosp",0,14855240
"US",2025-08-30,"1-4","rate hosp",0,14855240
"US",2025-08-30,"1-4","inc hosp",0,14855240
"US",2025-09-06,"1-4","rate hosp",0,14855240
"US",2025-09-06,"1-4","inc hosp",0,14855240
"US",2025-09-13,"1-4","rate hosp",0,14855240
"US",2025-09-13,"1-4","inc hosp",0,14855240
"US",2025-09-20,"1-4","rate hosp",0,14855240
"US",2025-09-20,"1-4","inc hosp",0,14855240
"US",2025-09-27,"1-4","rate hosp",0,14855240
"US",2025-09-27,"1-4","inc hosp",0,14855240
"US",2025-10-04,"1-4","rate hosp",0,14855240
"US",2025-10-04,"1-4","inc hosp",0,14855240
"US",2025-10-11,"1-4","rate hosp",0,14855240
"US",2025-10-11,"1-4","inc hosp",0,14855240
"US",2025-10-18,"1-4","rate hosp",0,14855240
"US",2025-10-18,"1-4","inc hosp",0,14855240
"US",2025-10-25,"1-4","rate hosp",0,14855240
"US",2025-10-25,"1-4","inc hosp",0,14855240
"US",2025-11-01,"1-4","rate hosp",0,14855240
"US",2025-11-01,"1-4","inc hosp",0,14855240
"US",2025-11-08,"1-4","rate hosp",0,14855240
"US",2025-11-08,"1-4","inc hosp",0,14855240
"US",2025-11-15,"1-4","rate hosp",0,14855240
"US",2025-11-15,"1-4","inc hosp",0,14855240
"US",2025-11-22,"1-4","rate hosp",0,14855240
"US",2025-11-22,"1-4","inc hosp",0,14855240
"US",2025-11-29,"1-4","rate hosp",0,14855240
"US",2025-11-29,"1-4","inc hosp",0,14855240
"US",2025-12-06,"1-4","rate hosp",0,14855240
"US",2025-12-06,"1-4","inc hosp",0,14855240
"US",2025-12-13,"1-4","rate hosp",0,14855240
"US",2025-12-13,"1-4","inc hosp",0,14855240
"US",2025-12-20,"1-4","rate hosp",0,14855240
"US",2025-12-20,"1-4","inc hosp",0,14855240
"US",2025-12-27,"1-4","rate hosp",0,14855240
"US",2025-12-27,"1-4","inc hosp",0,14855240
"US",2026-01-03,"1-4","rate hosp",0,14855240
"US",2026-01-03,"1-4","inc hosp",0,14855240
"US",2026-01-10,"1-4","rate hosp",0,14855240
"US",2026-01-10,"1-4","inc hosp",0,14855240
"US",2026-01-17,"1-4","rate hosp",0,14855240
"US",2026-01-17,"1-4","inc hosp",0,14855240
"US",2026-01-24,"1-4","rate hosp",0,14855240
"US",2026-01-24,"1-4","inc hosp",0,14855240
"US",2026-01-31,"1-4","rate hosp",0,14855240
"US",2026-01-31,"1-4","inc hosp",0,14855240
"US",2026-02-07,"1-4","rate hosp",0,14855240
"US",2026-02-07,"1-4","inc hosp",0,14855240
"US",2026-02-14,"1-4","rate hosp",0,14855240
"US",2026-02-14,"1-4","inc hosp",0,14855240
"US",2026-02-21,"1-4","rate hosp",0,14855240
"US",2026-02-21,"1-4","inc hosp",0,14855240
"US",2026-02-28,"1-4","rate hosp",0,14855240
"US",2026-02-28,"1-4","inc hosp",0,14855240
"US",2026-03-07,"1-4","rate hosp",0,14855240
"US",2026-03-07,"1-4","inc hosp",0,14855240
"US",2026-03-14,"1-4","rate hosp",0,14855240
"US",2026-03-14,"1-4","inc hosp",0,14855240
"US",2026-03-21,"1-4","rate hosp",0,14855240
"US",2026-03-21,"1-4","inc hosp",0,14855240
"US",2026-03-28,"1-4","rate hosp",0,14855240
"US",2026-03-28,"1-4","inc hosp",0,14855240
"US",2026-04-04,"1-4","rate hosp",0,14855240
"US",2026-04-04,"1-4","inc hosp",0,14855240
"US",2026-04-11,"1-4","rate hosp",0,14855240
"US",2026-04-11,"1-4","inc hosp",0,14855240
"US",2026-04-18,"1-4","rate hosp",0,14855240
"US",2026-04-18,"1-4","inc hosp",0,14855240
"US",2026-04-25,"1-4","rate hosp",0,14855240
"US",2026-04-25,"1-4","inc hosp",0,14855240
"US",2026-05-02,"1-4","rate hosp",0,14855240
"US",2026-05-02,"1-4","inc hosp",0,14855240
"US",2026-05-09,"1-4","rate hosp",0,14855240
"US",2026-05-09,"1-4","inc hosp",0,14855240
"US",2026-05-16,"1-4","rate hosp",0,14855240
"US",2026-05-16,"1-4","inc hosp",0,14855240
"US",2026-05-23,"1-4","rate hosp",0,14855240
"US",2026-05-23,"1-4","inc hosp",0,14855240
"US",2026-05-30,"1-4","rate hosp",0,14855240
"US",2026-05-30,"1-4","inc hosp",0,14855240
"US",2026-06-06,"1-4","rate hosp",0,14855240
"US",2026-06-06,"1-4","inc hosp",0,14855240
"US",2026-06-13,"1-4","rate hosp",0,14855240
"US",2026-06-13,"1-4","inc hosp",0,14855240
"US",2026-06-20,"1-4","rate hosp",0,14855240
"US",2026-06-20,"1-4","inc hosp",0,14855240
"US",2026-06-27,"1-4","rate hosp",0,14855240
"US",2026-06-27,"1-4","inc hosp",0,14855240
"US",2026-07-04,"1-4","rate hosp",0,14855240
"US",2026-07-04,"1-4","inc hosp",0,14855240
"US",2026-07-11,"1-4","rate hosp",0,14855240
"US",2026-07-11,"1-4","inc hosp",0,14855240
"US",2026-07-18,"1-4","rate hosp",0,14855240
"US",2026-07-18,"1-4","inc hosp",0,14855240
"US",2026-07-25,"1-4","rate hosp",0,14855240
"US",2026-07-25,"1-4","inc hosp",0,14855240
"US",2026-08-01,"1-4","rate hosp",0,14855240
"US",2026-08-01,"1-4","inc hosp",0,14855240
"US",2026-08-08,"1-4","rate hosp",0,14855240
"US",2026-08-08,"1-4","inc hosp",0,14855240
"US",2026-08-15,"1-4","rate hosp",0,14855240
"US",2026-08-15,"1-4","inc hosp",0,14855240
"US",2026-08-22,"1-4","rate hosp",0,14855240
"US",2026-08-22,"1-4","inc hosp",0,14855240
"US",2018-10-06,"75-130","rate hosp",0,21909599
"US",2018-10-06,"75-130","inc hosp",0,21909599
"US",2018-10-13,"75-130","rate hosp",0.2,21909599
"US",2018-10-13,"75-130","inc hosp",43.819198,21909599
"US",2018-10-20,"75-130","rate hosp",0.2,21909599
"US",2018-10-20,"75-130","inc hosp",43.819198,21909599
"US",2018-10-27,"75-130","rate hosp",0.3,21909599
"US",2018-10-27,"75-130","inc hosp",65.728797,21909599
"US",2018-11-03,"75-130","rate hosp",0.6,21909599
"US",2018-11-03,"75-130","inc hosp",131.457594,21909599
"US",2018-11-10,"75-130","rate hosp",0.2,21909599
"US",2018-11-10,"75-130","inc hosp",43.819198,21909599
"US",2018-11-17,"75-130","rate hosp",0.5,21909599
"US",2018-11-17,"75-130","inc hosp",109.547995,21909599
"US",2018-11-24,"75-130","rate hosp",0.6,21909599
"US",2018-11-24,"75-130","inc hosp",131.457594,21909599
"US",2018-12-01,"75-130","rate hosp",1.9,21909599
"US",2018-12-01,"75-130","inc hosp",416.282381,21909599
"US",2018-12-08,"75-130","rate hosp",1.2,21909599
"US",2018-12-08,"75-130","inc hosp",262.915188,21909599
"US",2018-12-15,"75-130","rate hosp",1.5,21909599
"US",2018-12-15,"75-130","inc hosp",328.643985,21909599
"US",2018-12-22,"75-130","rate hosp",2.6,21909599
"US",2018-12-22,"75-130","inc hosp",569.649574,21909599
"US",2018-12-29,"75-130","rate hosp",3.7,21909599
"US",2018-12-29,"75-130","inc hosp",810.655163,21909599
"US",2019-01-05,"75-130","rate hosp",5.8,22565391
"US",2019-01-05,"75-130","inc hosp",1308.792678,22565391
"US",2019-01-12,"75-130","rate hosp",5.4,22565391
"US",2019-01-12,"75-130","inc hosp",1218.531114,22565391
"US",2019-01-19,"75-130","rate hosp",3.3,22565391
"US",2019-01-19,"75-130","inc hosp",744.657903,22565391
"US",2019-01-26,"75-130","rate hosp",3.8,22565391
"US",2019-01-26,"75-130","inc hosp",857.484858,22565391
"US",2019-02-02,"75-130","rate hosp",3.7,22565391
"US",2019-02-02,"75-130","inc hosp",834.919467,22565391
"US",2019-02-09,"75-130","rate hosp",3.5,22565391
"US",2019-02-09,"75-130","inc hosp",789.788685,22565391
"US",2019-02-16,"75-130","rate hosp",3.7,22565391
"US",2019-02-16,"75-130","inc hosp",834.919467,22565391
"US",2019-02-23,"75-130","rate hosp",3.7,22565391
"US",2019-02-23,"75-130","inc hosp",834.919467,22565391
"US",2019-03-02,"75-130","rate hosp",3.5,22565391
"US",2019-03-02,"75-130","inc hosp",789.788685,22565391
"US",2019-03-09,"75-130","rate hosp",2.5,22565391
"US",2019-03-09,"75-130","inc hosp",564.134775,22565391
"US",2019-03-16,"75-130","rate hosp",2.2,22565391
"US",2019-03-16,"75-130","inc hosp",496.438602,22565391
"US",2019-03-23,"75-130","rate hosp",2.7,22565391
"US",2019-03-23,"75-130","inc hosp",609.265557,22565391
"US",2019-03-30,"75-130","rate hosp",2.3,22565391
"US",2019-03-30,"75-130","inc hosp",519.003993,22565391
"US",2019-04-06,"75-130","rate hosp",1.8,22565391
"US",2019-04-06,"75-130","inc hosp",406.177038,22565391
"US",2019-04-13,"75-130","rate hosp",0.9,22565391
"US",2019-04-13,"75-130","inc hosp",203.088519,22565391
"US",2019-04-20,"75-130","rate hosp",0.9,22565391
"US",2019-04-20,"75-130","inc hosp",203.088519,22565391
"US",2019-04-27,"75-130","rate hosp",0.4,22565391
"US",2019-04-27,"75-130","inc hosp",90.261564,22565391
"US",2019-05-04,"75-130","rate hosp",0.2,22565391
"US",2019-05-04,"75-130","inc hosp",45.130782,22565391
"US",2019-10-05,"75-130","rate hosp",0.2,22565391
"US",2019-10-05,"75-130","inc hosp",45.130782,22565391
"US",2019-10-12,"75-130","rate hosp",0.3,22565391
"US",2019-10-12,"75-130","inc hosp",67.696173,22565391
"US",2019-10-19,"75-130","rate hosp",0.2,22565391
"US",2019-10-19,"75-130","inc hosp",45.130782,22565391
"US",2019-10-26,"75-130","rate hosp",0.3,22565391
"US",2019-10-26,"75-130","inc hosp",67.696173,22565391
"US",2019-11-02,"75-130","rate hosp",0.2,22565391
"US",2019-11-02,"75-130","inc hosp",45.130782,22565391
"US",2019-11-09,"75-130","rate hosp",0.4,22565391
"US",2019-11-09,"75-130","inc hosp",90.261564,22565391
"US",2019-11-16,"75-130","rate hosp",1,22565391
"US",2019-11-16,"75-130","inc hosp",225.65391,22565391
"US",2019-11-23,"75-130","rate hosp",0.9,22565391
"US",2019-11-23,"75-130","inc hosp",203.088519,22565391
"US",2019-11-30,"75-130","rate hosp",1.4,22565391
"US",2019-11-30,"75-130","inc hosp",315.915474,22565391
"US",2019-12-07,"75-130","rate hosp",2.7,22565391
"US",2019-12-07,"75-130","inc hosp",609.265557,22565391
"US",2019-12-14,"75-130","rate hosp",2.9,22565391
"US",2019-12-14,"75-130","inc hosp",654.396339,22565391
"US",2019-12-21,"75-130","rate hosp",3.7,22565391
"US",2019-12-21,"75-130","inc hosp",834.919467,22565391
"US",2019-12-28,"75-130","rate hosp",4.9,22565391
"US",2019-12-28,"75-130","inc hosp",1105.704159,22565391
"US",2020-01-04,"75-130","rate hosp",7.8,22454915
"US",2020-01-04,"75-130","inc hosp",1751.48337,22454915
"US",2020-01-11,"75-130","rate hosp",6.6,22454915
"US",2020-01-11,"75-130","inc hosp",1482.02439,22454915
"US",2020-01-18,"75-130","rate hosp",5.5,22454915
"US",2020-01-18,"75-130","inc hosp",1235.020325,22454915
"US",2020-01-25,"75-130","rate hosp",4.9,22454915
"US",2020-01-25,"75-130","inc hosp",1100.290835,22454915
"US",2020-02-01,"75-130","rate hosp",4.7,22454915
"US",2020-02-01,"75-130","inc hosp",1055.381005,22454915
"US",2020-02-08,"75-130","rate hosp",4.2,22454915
"US",2020-02-08,"75-130","inc hosp",943.10643,22454915
"US",2020-02-15,"75-130","rate hosp",3.8,22454915
"US",2020-02-15,"75-130","inc hosp",853.28677,22454915
"US",2020-02-22,"75-130","rate hosp",4.3,22454915
"US",2020-02-22,"75-130","inc hosp",965.561345,22454915
"US",2020-02-29,"75-130","rate hosp",2.8,22454915
"US",2020-02-29,"75-130","inc hosp",628.73762,22454915
"US",2020-03-07,"75-130","rate hosp",3.6,22454915
"US",2020-03-07,"75-130","inc hosp",808.37694,22454915
"US",2020-03-14,"75-130","rate hosp",3.3,22454915
"US",2020-03-14,"75-130","inc hosp",741.012195,22454915
"US",2020-03-21,"75-130","rate hosp",1.9,22454915
"US",2020-03-21,"75-130","inc hosp",426.643385,22454915
"US",2020-03-28,"75-130","rate hosp",0.7,22454915
"US",2020-03-28,"75-130","inc hosp",157.184405,22454915
"US",2020-04-04,"75-130","rate hosp",0.6,22454915
"US",2020-04-04,"75-130","inc hosp",134.72949,22454915
"US",2020-04-11,"75-130","rate hosp",0.1,22454915
"US",2020-04-11,"75-130","inc hosp",22.454915,22454915
"US",2020-04-18,"75-130","rate hosp",0,22454915
"US",2020-04-18,"75-130","inc hosp",0,22454915
"US",2020-04-25,"75-130","rate hosp",0.1,22454915
"US",2020-04-25,"75-130","inc hosp",22.454915,22454915
"US",2020-05-02,"75-130","rate hosp",0,22454915
"US",2020-05-02,"75-130","inc hosp",0,22454915
"US",2020-10-03,"75-130","rate hosp",0,22454915
"US",2020-10-03,"75-130","inc hosp",0,22454915
"US",2020-10-10,"75-130","rate hosp",0,22454915
"US",2020-10-10,"75-130","inc hosp",0,22454915
"US",2020-10-17,"75-130","rate hosp",0,22454915
"US",2020-10-17,"75-130","inc hosp",0,22454915
"US",2020-10-24,"75-130","rate hosp",0,22454915
"US",2020-10-24,"75-130","inc hosp",0,22454915
"US",2020-10-31,"75-130","rate hosp",0.1,22454915
"US",2020-10-31,"75-130","inc hosp",22.454915,22454915
"US",2020-11-07,"75-130","rate hosp",0,22454915
"US",2020-11-07,"75-130","inc hosp",0,22454915
"US",2020-11-14,"75-130","rate hosp",0,22454915
"US",2020-11-14,"75-130","inc hosp",0,22454915
"US",2020-11-21,"75-130","rate hosp",0,22454915
"US",2020-11-21,"75-130","inc hosp",0,22454915
"US",2020-11-28,"75-130","rate hosp",0,22454915
"US",2020-11-28,"75-130","inc hosp",0,22454915
"US",2020-12-05,"75-130","rate hosp",0,22454915
"US",2020-12-05,"75-130","inc hosp",0,22454915
"US",2020-12-12,"75-130","rate hosp",0,22454915
"US",2020-12-12,"75-130","inc hosp",0,22454915
"US",2020-12-19,"75-130","rate hosp",0,22454915
"US",2020-12-19,"75-130","inc hosp",0,22454915
"US",2020-12-26,"75-130","rate hosp",0,22454915
"US",2020-12-26,"75-130","inc hosp",0,22454915
"US",2021-01-02,"75-130","rate hosp",0,22454915
"US",2021-01-02,"75-130","inc hosp",0,22454915
"US",2021-01-09,"75-130","rate hosp",0.1,22806453
"US",2021-01-09,"75-130","inc hosp",22.806453,22806453
"US",2021-01-16,"75-130","rate hosp",0,22806453
"US",2021-01-16,"75-130","inc hosp",0,22806453
"US",2021-01-23,"75-130","rate hosp",0.1,22806453
"US",2021-01-23,"75-130","inc hosp",22.806453,22806453
"US",2021-01-30,"75-130","rate hosp",0,22806453
"US",2021-01-30,"75-130","inc hosp",0,22806453
"US",2021-02-06,"75-130","rate hosp",0,22806453
"US",2021-02-06,"75-130","inc hosp",0,22806453
"US",2021-02-13,"75-130","rate hosp",0,22806453
"US",2021-02-13,"75-130","inc hosp",0,22806453
"US",2021-02-20,"75-130","rate hosp",0,22806453
"US",2021-02-20,"75-130","inc hosp",0,22806453
"US",2021-02-27,"75-130","rate hosp",0.1,22806453
"US",2021-02-27,"75-130","inc hosp",22.806453,22806453
"US",2021-03-06,"75-130","rate hosp",0,22806453
"US",2021-03-06,"75-130","inc hosp",0,22806453
"US",2021-03-13,"75-130","rate hosp",0,22806453
"US",2021-03-13,"75-130","inc hosp",0,22806453
"US",2021-03-20,"75-130","rate hosp",0,22806453
"US",2021-03-20,"75-130","inc hosp",0,22806453
"US",2021-03-27,"75-130","rate hosp",0,22806453
"US",2021-03-27,"75-130","inc hosp",0,22806453
"US",2021-04-03,"75-130","rate hosp",0,22806453
"US",2021-04-03,"75-130","inc hosp",0,22806453
"US",2021-04-10,"75-130","rate hosp",0.1,22806453
"US",2021-04-10,"75-130","inc hosp",22.806453,22806453
"US",2021-04-17,"75-130","rate hosp",0,22806453
"US",2021-04-17,"75-130","inc hosp",0,22806453
"US",2021-04-24,"75-130","rate hosp",0,22806453
"US",2021-04-24,"75-130","inc hosp",0,22806453
"US",2021-05-01,"75-130","rate hosp",0,22806453
"US",2021-05-01,"75-130","inc hosp",0,22806453
"US",2021-05-08,"75-130","rate hosp",0,22806453
"US",2021-05-08,"75-130","inc hosp",0,22806453
"US",2021-05-15,"75-130","rate hosp",0.1,22806453
"US",2021-05-15,"75-130","inc hosp",22.806453,22806453
"US",2021-05-22,"75-130","rate hosp",0.2,22806453
"US",2021-05-22,"75-130","inc hosp",45.612906,22806453
"US",2021-05-29,"75-130","rate hosp",0.1,22806453
"US",2021-05-29,"75-130","inc hosp",22.806453,22806453
"US",2021-06-05,"75-130","rate hosp",0.2,22806453
"US",2021-06-05,"75-130","inc hosp",45.612906,22806453
"US",2021-06-12,"75-130","rate hosp",0.1,22806453
"US",2021-06-12,"75-130","inc hosp",22.806453,22806453
"US",2021-06-19,"75-130","rate hosp",0.1,22806453
"US",2021-06-19,"75-130","inc hosp",22.806453,22806453
"US",2021-06-26,"75-130","rate hosp",0.2,22806453
"US",2021-06-26,"75-130","inc hosp",45.612906,22806453
"US",2021-07-03,"75-130","rate hosp",0.2,22806453
"US",2021-07-03,"75-130","inc hosp",45.612906,22806453
"US",2021-07-10,"75-130","rate hosp",0.3,22806453
"US",2021-07-10,"75-130","inc hosp",68.419359,22806453
"US",2021-07-17,"75-130","rate hosp",0.3,22806453
"US",2021-07-17,"75-130","inc hosp",68.419359,22806453
"US",2021-07-24,"75-130","rate hosp",0.6,22806453
"US",2021-07-24,"75-130","inc hosp",136.838718,22806453
"US",2021-07-31,"75-130","rate hosp",0.6,22806453
"US",2021-07-31,"75-130","inc hosp",136.838718,22806453
"US",2021-08-07,"75-130","rate hosp",0.5,22806453
"US",2021-08-07,"75-130","inc hosp",114.032265,22806453
"US",2021-08-14,"75-130","rate hosp",0.2,22806453
"US",2021-08-14,"75-130","inc hosp",45.612906,22806453
"US",2021-08-21,"75-130","rate hosp",0.6,22806453
"US",2021-08-21,"75-130","inc hosp",136.838718,22806453
"US",2021-08-28,"75-130","rate hosp",0.6,22806453
"US",2021-08-28,"75-130","inc hosp",136.838718,22806453
"US",2021-09-04,"75-130","rate hosp",0.6,22806453
"US",2021-09-04,"75-130","inc hosp",136.838718,22806453
"US",2021-09-11,"75-130","rate hosp",0.6,22806453
"US",2021-09-11,"75-130","inc hosp",136.838718,22806453
"US",2021-09-18,"75-130","rate hosp",0.5,22806453
"US",2021-09-18,"75-130","inc hosp",114.032265,22806453
"US",2021-09-25,"75-130","rate hosp",0.3,22806453
"US",2021-09-25,"75-130","inc hosp",68.419359,22806453
"US",2021-10-02,"75-130","rate hosp",0.9,22806453
"US",2021-10-02,"75-130","inc hosp",205.258077,22806453
"US",2021-10-09,"75-130","rate hosp",1,22806453
"US",2021-10-09,"75-130","inc hosp",228.06453,22806453
"US",2021-10-16,"75-130","rate hosp",1.3,22806453
"US",2021-10-16,"75-130","inc hosp",296.483889,22806453
"US",2021-10-23,"75-130","rate hosp",1.4,22806453
"US",2021-10-23,"75-130","inc hosp",319.290342,22806453
"US",2021-10-30,"75-130","rate hosp",1.4,22806453
"US",2021-10-30,"75-130","inc hosp",319.290342,22806453
"US",2021-11-06,"75-130","rate hosp",1.4,22806453
"US",2021-11-06,"75-130","inc hosp",319.290342,22806453
"US",2021-11-13,"75-130","rate hosp",2.6,22806453
"US",2021-11-13,"75-130","inc hosp",592.967778,22806453
"US",2021-11-20,"75-130","rate hosp",1.8,22806453
"US",2021-11-20,"75-130","inc hosp",410.516154,22806453
"US",2021-11-27,"75-130","rate hosp",1.5,22806453
"US",2021-11-27,"75-130","inc hosp",342.096795,22806453
"US",2021-12-04,"75-130","rate hosp",2.9,22806453
"US",2021-12-04,"75-130","inc hosp",661.387137,22806453
"US",2021-12-11,"75-130","rate hosp",3.8,22806453
"US",2021-12-11,"75-130","inc hosp",866.645214,22806453
"US",2021-12-18,"75-130","rate hosp",3.1,22806453
"US",2021-12-18,"75-130","inc hosp",707.000043,22806453
"US",2021-12-25,"75-130","rate hosp",2.5,22806453
"US",2021-12-25,"75-130","inc hosp",570.161325,22806453
"US",2022-01-01,"75-130","rate hosp",2.8,22806453
"US",2022-01-01,"75-130","inc hosp",638.580684,22806453
"US",2022-01-08,"75-130","rate hosp",3.2,24006413
"US",2022-01-08,"75-130","inc hosp",768.205216,24006413
"US",2022-01-15,"75-130","rate hosp",1.4,24006413
"US",2022-01-15,"75-130","inc hosp",336.089782,24006413
"US",2022-01-22,"75-130","rate hosp",1.2,24006413
"US",2022-01-22,"75-130","inc hosp",288.076956,24006413
"US",2022-01-29,"75-130","rate hosp",0.5,24006413
"US",2022-01-29,"75-130","inc hosp",120.032065,24006413
"US",2022-02-05,"75-130","rate hosp",0.9,24006413
"US",2022-02-05,"75-130","inc hosp",216.057717,24006413
"US",2022-02-12,"75-130","rate hosp",0.3,24006413
"US",2022-02-12,"75-130","inc hosp",72.019239,24006413
"US",2022-02-19,"75-130","rate hosp",0.4,24006413
"US",2022-02-19,"75-130","inc hosp",96.025652,24006413
"US",2022-02-26,"75-130","rate hosp",0.2,24006413
"US",2022-02-26,"75-130","inc hosp",48.012826,24006413
"US",2022-03-05,"75-130","rate hosp",0.4,24006413
"US",2022-03-05,"75-130","inc hosp",96.025652,24006413
"US",2022-03-12,"75-130","rate hosp",0.6,24006413
"US",2022-03-12,"75-130","inc hosp",144.038478,24006413
"US",2022-03-19,"75-130","rate hosp",0.5,24006413
"US",2022-03-19,"75-130","inc hosp",120.032065,24006413
"US",2022-03-26,"75-130","rate hosp",0.3,24006413
"US",2022-03-26,"75-130","inc hosp",72.019239,24006413
"US",2022-04-02,"75-130","rate hosp",0.5,24006413
"US",2022-04-02,"75-130","inc hosp",120.032065,24006413
"US",2022-04-09,"75-130","rate hosp",0.5,24006413
"US",2022-04-09,"75-130","inc hosp",120.032065,24006413
"US",2022-04-16,"75-130","rate hosp",0.5,24006413
"US",2022-04-16,"75-130","inc hosp",120.032065,24006413
"US",2022-04-23,"75-130","rate hosp",0.6,24006413
"US",2022-04-23,"75-130","inc hosp",144.038478,24006413
"US",2022-04-30,"75-130","rate hosp",0.6,24006413
"US",2022-04-30,"75-130","inc hosp",144.038478,24006413
"US",2022-05-07,"75-130","rate hosp",0.4,24006413
"US",2022-05-07,"75-130","inc hosp",96.025652,24006413
"US",2022-05-14,"75-130","rate hosp",0.4,24006413
"US",2022-05-14,"75-130","inc hosp",96.025652,24006413
"US",2022-05-21,"75-130","rate hosp",0.2,24006413
"US",2022-05-21,"75-130","inc hosp",48.012826,24006413
"US",2022-05-28,"75-130","rate hosp",0.3,24006413
"US",2022-05-28,"75-130","inc hosp",72.019239,24006413
"US",2022-06-04,"75-130","rate hosp",0.2,24006413
"US",2022-06-04,"75-130","inc hosp",48.012826,24006413
"US",2022-06-11,"75-130","rate hosp",0.2,24006413
"US",2022-06-11,"75-130","inc hosp",48.012826,24006413
"US",2022-06-18,"75-130","rate hosp",0.5,24006413
"US",2022-06-18,"75-130","inc hosp",120.032065,24006413
"US",2022-06-25,"75-130","rate hosp",0.2,24006413
"US",2022-06-25,"75-130","inc hosp",48.012826,24006413
"US",2022-07-02,"75-130","rate hosp",0.5,24006413
"US",2022-07-02,"75-130","inc hosp",120.032065,24006413
"US",2022-07-09,"75-130","rate hosp",0.8,24006413
"US",2022-07-09,"75-130","inc hosp",192.051304,24006413
"US",2022-07-16,"75-130","rate hosp",0.4,24006413
"US",2022-07-16,"75-130","inc hosp",96.025652,24006413
"US",2022-07-23,"75-130","rate hosp",0.2,24006413
"US",2022-07-23,"75-130","inc hosp",48.012826,24006413
"US",2022-07-30,"75-130","rate hosp",0.6,24006413
"US",2022-07-30,"75-130","inc hosp",144.038478,24006413
"US",2022-08-06,"75-130","rate hosp",0.3,24006413
"US",2022-08-06,"75-130","inc hosp",72.019239,24006413
"US",2022-08-13,"75-130","rate hosp",0.6,24006413
"US",2022-08-13,"75-130","inc hosp",144.038478,24006413
"US",2022-08-20,"75-130","rate hosp",0.5,24006413
"US",2022-08-20,"75-130","inc hosp",120.032065,24006413
"US",2022-08-27,"75-130","rate hosp",0.4,24006413
"US",2022-08-27,"75-130","inc hosp",96.025652,24006413
"US",2022-09-03,"75-130","rate hosp",0.5,24006413
"US",2022-09-03,"75-130","inc hosp",120.032065,24006413
"US",2022-09-10,"75-130","rate hosp",0.3,24006413
"US",2022-09-10,"75-130","inc hosp",72.019239,24006413
"US",2022-09-17,"75-130","rate hosp",0.9,24006413
"US",2022-09-17,"75-130","inc hosp",216.057717,24006413
"US",2022-09-24,"75-130","rate hosp",0.9,24006413
"US",2022-09-24,"75-130","inc hosp",216.057717,24006413
"US",2022-10-01,"75-130","rate hosp",1.3,24006413
"US",2022-10-01,"75-130","inc hosp",312.083369,24006413
"US",2022-10-08,"75-130","rate hosp",0,24006413
"US",2022-10-08,"75-130","inc hosp",0,24006413
"US",2022-10-15,"75-130","rate hosp",0,24006413
"US",2022-10-15,"75-130","inc hosp",0,24006413
"US",2022-10-22,"75-130","rate hosp",0,24006413
"US",2022-10-22,"75-130","inc hosp",0,24006413
"US",2022-10-29,"75-130","rate hosp",0,24006413
"US",2022-10-29,"75-130","inc hosp",0,24006413
"US",2022-11-05,"75-130","rate hosp",0,24006413
"US",2022-11-05,"75-130","inc hosp",0,24006413
"US",2022-11-12,"75-130","rate hosp",0,24006413
"US",2022-11-12,"75-130","inc hosp",0,24006413
"US",2022-11-19,"75-130","rate hosp",0,24006413
"US",2022-11-19,"75-130","inc hosp",0,24006413
"US",2022-11-26,"75-130","rate hosp",0,24006413
"US",2022-11-26,"75-130","inc hosp",0,24006413
"US",2022-12-03,"75-130","rate hosp",0,24006413
"US",2022-12-03,"75-130","inc hosp",0,24006413
"US",2022-12-10,"75-130","rate hosp",0,24006413
"US",2022-12-10,"75-130","inc hosp",0,24006413
"US",2022-12-17,"75-130","rate hosp",0,24006413
"US",2022-12-17,"75-130","inc hosp",0,24006413
"US",2022-12-24,"75-130","rate hosp",0,24006413
"US",2022-12-24,"75-130","inc hosp",0,24006413
"US",2022-12-31,"75-130","rate hosp",0,24006413
"US",2022-12-31,"75-130","inc hosp",0,24006413
"US",2023-01-07,"75-130","rate hosp",0,24006413
"US",2023-01-07,"75-130","inc hosp",0,24006413
"US",2023-01-14,"75-130","rate hosp",0,24006413
"US",2023-01-14,"75-130","inc hosp",0,24006413
"US",2023-01-21,"75-130","rate hosp",0,24006413
"US",2023-01-21,"75-130","inc hosp",0,24006413
"US",2023-01-28,"75-130","rate hosp",0,24006413
"US",2023-01-28,"75-130","inc hosp",0,24006413
"US",2023-02-04,"75-130","rate hosp",0,24006413
"US",2023-02-04,"75-130","inc hosp",0,24006413
"US",2023-02-11,"75-130","rate hosp",0,24006413
"US",2023-02-11,"75-130","inc hosp",0,24006413
"US",2023-02-18,"75-130","rate hosp",0,24006413
"US",2023-02-18,"75-130","inc hosp",0,24006413
"US",2023-02-25,"75-130","rate hosp",0,24006413
"US",2023-02-25,"75-130","inc hosp",0,24006413
"US",2023-03-04,"75-130","rate hosp",0,24006413
"US",2023-03-04,"75-130","inc hosp",0,24006413
"US",2023-03-11,"75-130","rate hosp",0,24006413
"US",2023-03-11,"75-130","inc hosp",0,24006413
"US",2023-03-18,"75-130","rate hosp",0,24006413
"US",2023-03-18,"75-130","inc hosp",0,24006413
"US",2023-03-25,"75-130","rate hosp",0,24006413
"US",2023-03-25,"75-130","inc hosp",0,24006413
"US",2023-04-01,"75-130","rate hosp",0,24006413
"US",2023-04-01,"75-130","inc hosp",0,24006413
"US",2023-04-08,"75-130","rate hosp",0,24006413
"US",2023-04-08,"75-130","inc hosp",0,24006413
"US",2023-04-15,"75-130","rate hosp",0,24006413
"US",2023-04-15,"75-130","inc hosp",0,24006413
"US",2023-04-22,"75-130","rate hosp",0,24006413
"US",2023-04-22,"75-130","inc hosp",0,24006413
"US",2023-04-29,"75-130","rate hosp",0,24006413
"US",2023-04-29,"75-130","inc hosp",0,24006413
"US",2023-05-06,"75-130","rate hosp",0,24006413
"US",2023-05-06,"75-130","inc hosp",0,24006413
"US",2023-05-13,"75-130","rate hosp",0,24006413
"US",2023-05-13,"75-130","inc hosp",0,24006413
"US",2023-05-20,"75-130","rate hosp",0,24006413
"US",2023-05-20,"75-130","inc hosp",0,24006413
"US",2023-05-27,"75-130","rate hosp",0,24006413
"US",2023-05-27,"75-130","inc hosp",0,24006413
"US",2023-06-03,"75-130","rate hosp",0,24006413
"US",2023-06-03,"75-130","inc hosp",0,24006413
"US",2023-06-10,"75-130","rate hosp",0,24006413
"US",2023-06-10,"75-130","inc hosp",0,24006413
"US",2023-06-17,"75-130","rate hosp",0,24006413
"US",2023-06-17,"75-130","inc hosp",0,24006413
"US",2023-06-24,"75-130","rate hosp",0,24006413
"US",2023-06-24,"75-130","inc hosp",0,24006413
"US",2023-07-01,"75-130","rate hosp",0,24006413
"US",2023-07-01,"75-130","inc hosp",0,24006413
"US",2023-07-08,"75-130","rate hosp",0,24006413
"US",2023-07-08,"75-130","inc hosp",0,24006413
"US",2023-07-15,"75-130","rate hosp",0,24006413
"US",2023-07-15,"75-130","inc hosp",0,24006413
"US",2023-07-22,"75-130","rate hosp",0,24006413
"US",2023-07-22,"75-130","inc hosp",0,24006413
"US",2023-07-29,"75-130","rate hosp",0,24006413
"US",2023-07-29,"75-130","inc hosp",0,24006413
"US",2023-08-05,"75-130","rate hosp",0,24006413
"US",2023-08-05,"75-130","inc hosp",0,24006413
"US",2023-08-12,"75-130","rate hosp",0,24006413
"US",2023-08-12,"75-130","inc hosp",0,24006413
"US",2023-08-19,"75-130","rate hosp",0,24006413
"US",2023-08-19,"75-130","inc hosp",0,24006413
"US",2023-08-26,"75-130","rate hosp",0,24006413
"US",2023-08-26,"75-130","inc hosp",0,24006413
"US",2023-09-02,"75-130","rate hosp",0,24006413
"US",2023-09-02,"75-130","inc hosp",0,24006413
"US",2023-09-09,"75-130","rate hosp",0,24006413
"US",2023-09-09,"75-130","inc hosp",0,24006413
"US",2023-09-16,"75-130","rate hosp",0,24006413
"US",2023-09-16,"75-130","inc hosp",0,24006413
"US",2023-09-23,"75-130","rate hosp",0,24006413
"US",2023-09-23,"75-130","inc hosp",0,24006413
"US",2023-09-30,"75-130","rate hosp",0,24006413
"US",2023-09-30,"75-130","inc hosp",0,24006413
"US",2023-10-07,"75-130","rate hosp",0,24006413
"US",2023-10-07,"75-130","inc hosp",0,24006413
"US",2023-10-14,"75-130","rate hosp",0,24006413
"US",2023-10-14,"75-130","inc hosp",0,24006413
"US",2023-10-21,"75-130","rate hosp",0,24006413
"US",2023-10-21,"75-130","inc hosp",0,24006413
"US",2023-10-28,"75-130","rate hosp",0,24006413
"US",2023-10-28,"75-130","inc hosp",0,24006413
"US",2023-11-04,"75-130","rate hosp",0,24006413
"US",2023-11-04,"75-130","inc hosp",0,24006413
"US",2023-11-11,"75-130","rate hosp",0,24006413
"US",2023-11-11,"75-130","inc hosp",0,24006413
"US",2023-11-18,"75-130","rate hosp",0,24006413
"US",2023-11-18,"75-130","inc hosp",0,24006413
"US",2023-11-25,"75-130","rate hosp",0,24006413
"US",2023-11-25,"75-130","inc hosp",0,24006413
"US",2023-12-02,"75-130","rate hosp",0,24006413
"US",2023-12-02,"75-130","inc hosp",0,24006413
"US",2023-12-09,"75-130","rate hosp",0,24006413
"US",2023-12-09,"75-130","inc hosp",0,24006413
"US",2023-12-16,"75-130","rate hosp",0,24006413
"US",2023-12-16,"75-130","inc hosp",0,24006413
"US",2023-12-23,"75-130","rate hosp",0,24006413
"US",2023-12-23,"75-130","inc hosp",0,24006413
"US",2023-12-30,"75-130","rate hosp",0,24006413
"US",2023-12-30,"75-130","inc hosp",0,24006413
"US",2024-01-06,"75-130","rate hosp",0,24006413
"US",2024-01-06,"75-130","inc hosp",0,24006413
"US",2024-01-13,"75-130","rate hosp",0,24006413
"US",2024-01-13,"75-130","inc hosp",0,24006413
"US",2024-01-20,"75-130","rate hosp",0,24006413
"US",2024-01-20,"75-130","inc hosp",0,24006413
"US",2024-01-27,"75-130","rate hosp",0,24006413
"US",2024-01-27,"75-130","inc hosp",0,24006413
"US",2024-02-03,"75-130","rate hosp",0,24006413
"US",2024-02-03,"75-130","inc hosp",0,24006413
"US",2024-02-10,"75-130","rate hosp",0,24006413
"US",2024-02-10,"75-130","inc hosp",0,24006413
"US",2024-02-17,"75-130","rate hosp",0,24006413
"US",2024-02-17,"75-130","inc hosp",0,24006413
"US",2024-02-24,"75-130","rate hosp",0,24006413
"US",2024-02-24,"75-130","inc hosp",0,24006413
"US",2024-03-02,"75-130","rate hosp",0,24006413
"US",2024-03-02,"75-130","inc hosp",0,24006413
"US",2024-03-09,"75-130","rate hosp",0,24006413
"US",2024-03-09,"75-130","inc hosp",0,24006413
"US",2024-03-16,"75-130","rate hosp",0,24006413
"US",2024-03-16,"75-130","inc hosp",0,24006413
"US",2024-03-23,"75-130","rate hosp",0,24006413
"US",2024-03-23,"75-130","inc hosp",0,24006413
"US",2024-03-30,"75-130","rate hosp",0,24006413
"US",2024-03-30,"75-130","inc hosp",0,24006413
"US",2024-04-06,"75-130","rate hosp",0,24006413
"US",2024-04-06,"75-130","inc hosp",0,24006413
"US",2024-04-13,"75-130","rate hosp",0,24006413
"US",2024-04-13,"75-130","inc hosp",0,24006413
"US",2024-04-20,"75-130","rate hosp",0,24006413
"US",2024-04-20,"75-130","inc hosp",0,24006413
"US",2024-04-27,"75-130","rate hosp",0,24006413
"US",2024-04-27,"75-130","inc hosp",0,24006413
"US",2024-05-04,"75-130","rate hosp",0,24006413
"US",2024-05-04,"75-130","inc hosp",0,24006413
"US",2024-05-11,"75-130","rate hosp",0,24006413
"US",2024-05-11,"75-130","inc hosp",0,24006413
"US",2024-05-18,"75-130","rate hosp",0,24006413
"US",2024-05-18,"75-130","inc hosp",0,24006413
"US",2024-05-25,"75-130","rate hosp",0,24006413
"US",2024-05-25,"75-130","inc hosp",0,24006413
"US",2024-06-01,"75-130","rate hosp",0,24006413
"US",2024-06-01,"75-130","inc hosp",0,24006413
"US",2024-06-08,"75-130","rate hosp",0,24006413
"US",2024-06-08,"75-130","inc hosp",0,24006413
"US",2024-06-15,"75-130","rate hosp",0,24006413
"US",2024-06-15,"75-130","inc hosp",0,24006413
"US",2024-06-22,"75-130","rate hosp",0,24006413
"US",2024-06-22,"75-130","inc hosp",0,24006413
"US",2024-06-29,"75-130","rate hosp",0,24006413
"US",2024-06-29,"75-130","inc hosp",0,24006413
"US",2024-07-06,"75-130","rate hosp",0,24006413
"US",2024-07-06,"75-130","inc hosp",0,24006413
"US",2024-07-13,"75-130","rate hosp",0,24006413
"US",2024-07-13,"75-130","inc hosp",0,24006413
"US",2024-07-20,"75-130","rate hosp",0,24006413
"US",2024-07-20,"75-130","inc hosp",0,24006413
"US",2024-07-27,"75-130","rate hosp",0,24006413
"US",2024-07-27,"75-130","inc hosp",0,24006413
"US",2024-08-03,"75-130","rate hosp",0,24006413
"US",2024-08-03,"75-130","inc hosp",0,24006413
"US",2024-08-10,"75-130","rate hosp",0,24006413
"US",2024-08-10,"75-130","inc hosp",0,24006413
"US",2024-08-17,"75-130","rate hosp",0,24006413
"US",2024-08-17,"75-130","inc hosp",0,24006413
"US",2024-08-24,"75-130","rate hosp",0,24006413
"US",2024-08-24,"75-130","inc hosp",0,24006413
"US",2024-08-31,"75-130","rate hosp",0,24006413
"US",2024-08-31,"75-130","inc hosp",0,24006413
"US",2024-09-07,"75-130","rate hosp",0,24006413
"US",2024-09-07,"75-130","inc hosp",0,24006413
"US",2024-09-14,"75-130","rate hosp",0,24006413
"US",2024-09-14,"75-130","inc hosp",0,24006413
"US",2024-09-21,"75-130","rate hosp",0,24006413
"US",2024-09-21,"75-130","inc hosp",0,24006413
"US",2024-09-28,"75-130","rate hosp",0,24006413
"US",2024-09-28,"75-130","inc hosp",0,24006413
"US",2024-10-05,"75-130","rate hosp",0,24006413
"US",2024-10-05,"75-130","inc hosp",0,24006413
"US",2024-10-12,"75-130","rate hosp",0,24006413
"US",2024-10-12,"75-130","inc hosp",0,24006413
"US",2024-10-19,"75-130","rate hosp",0,24006413
"US",2024-10-19,"75-130","inc hosp",0,24006413
"US",2024-10-26,"75-130","rate hosp",0,24006413
"US",2024-10-26,"75-130","inc hosp",0,24006413
"US",2024-11-02,"75-130","rate hosp",0,24006413
"US",2024-11-02,"75-130","inc hosp",0,24006413
"US",2024-11-09,"75-130","rate hosp",0,24006413
"US",2024-11-09,"75-130","inc hosp",0,24006413
"US",2024-11-16,"75-130","rate hosp",0,24006413
"US",2024-11-16,"75-130","inc hosp",0,24006413
"US",2024-11-23,"75-130","rate hosp",0,24006413
"US",2024-11-23,"75-130","inc hosp",0,24006413
"US",2024-11-30,"75-130","rate hosp",0,24006413
"US",2024-11-30,"75-130","inc hosp",0,24006413
"US",2024-12-07,"75-130","rate hosp",0,24006413
"US",2024-12-07,"75-130","inc hosp",0,24006413
"US",2024-12-14,"75-130","rate hosp",0,24006413
"US",2024-12-14,"75-130","inc hosp",0,24006413
"US",2024-12-21,"75-130","rate hosp",0,24006413
"US",2024-12-21,"75-130","inc hosp",0,24006413
"US",2024-12-28,"75-130","rate hosp",0,24006413
"US",2024-12-28,"75-130","inc hosp",0,24006413
"US",2025-01-04,"75-130","rate hosp",0,24006413
"US",2025-01-04,"75-130","inc hosp",0,24006413
"US",2025-01-11,"75-130","rate hosp",0,24006413
"US",2025-01-11,"75-130","inc hosp",0,24006413
"US",2025-01-18,"75-130","rate hosp",0,24006413
"US",2025-01-18,"75-130","inc hosp",0,24006413
"US",2025-01-25,"75-130","rate hosp",0,24006413
"US",2025-01-25,"75-130","inc hosp",0,24006413
"US",2025-02-01,"75-130","rate hosp",0,24006413
"US",2025-02-01,"75-130","inc hosp",0,24006413
"US",2025-02-08,"75-130","rate hosp",0,24006413
"US",2025-02-08,"75-130","inc hosp",0,24006413
"US",2025-02-15,"75-130","rate hosp",0,24006413
"US",2025-02-15,"75-130","inc hosp",0,24006413
"US",2025-02-22,"75-130","rate hosp",0,24006413
"US",2025-02-22,"75-130","inc hosp",0,24006413
"US",2025-03-01,"75-130","rate hosp",0,24006413
"US",2025-03-01,"75-130","inc hosp",0,24006413
"US",2025-03-08,"75-130","rate hosp",0,24006413
"US",2025-03-08,"75-130","inc hosp",0,24006413
"US",2025-03-15,"75-130","rate hosp",0,24006413
"US",2025-03-15,"75-130","inc hosp",0,24006413
"US",2025-03-22,"75-130","rate hosp",0,24006413
"US",2025-03-22,"75-130","inc hosp",0,24006413
"US",2025-03-29,"75-130","rate hosp",0,24006413
"US",2025-03-29,"75-130","inc hosp",0,24006413
"US",2025-04-05,"75-130","rate hosp",0,24006413
"US",2025-04-05,"75-130","inc hosp",0,24006413
"US",2025-04-12,"75-130","rate hosp",0,24006413
"US",2025-04-12,"75-130","inc hosp",0,24006413
"US",2025-04-19,"75-130","rate hosp",0,24006413
"US",2025-04-19,"75-130","inc hosp",0,24006413
"US",2025-04-26,"75-130","rate hosp",0,24006413
"US",2025-04-26,"75-130","inc hosp",0,24006413
"US",2025-05-03,"75-130","rate hosp",0,24006413
"US",2025-05-03,"75-130","inc hosp",0,24006413
"US",2025-05-10,"75-130","rate hosp",0,24006413
"US",2025-05-10,"75-130","inc hosp",0,24006413
"US",2025-05-17,"75-130","rate hosp",0,24006413
"US",2025-05-17,"75-130","inc hosp",0,24006413
"US",2025-05-24,"75-130","rate hosp",0,24006413
"US",2025-05-24,"75-130","inc hosp",0,24006413
"US",2025-05-31,"75-130","rate hosp",0,24006413
"US",2025-05-31,"75-130","inc hosp",0,24006413
"US",2025-06-07,"75-130","rate hosp",0,24006413
"US",2025-06-07,"75-130","inc hosp",0,24006413
"US",2025-06-14,"75-130","rate hosp",0,24006413
"US",2025-06-14,"75-130","inc hosp",0,24006413
"US",2025-06-21,"75-130","rate hosp",0,24006413
"US",2025-06-21,"75-130","inc hosp",0,24006413
"US",2025-06-28,"75-130","rate hosp",0,24006413
"US",2025-06-28,"75-130","inc hosp",0,24006413
"US",2025-07-05,"75-130","rate hosp",0,24006413
"US",2025-07-05,"75-130","inc hosp",0,24006413
"US",2025-07-12,"75-130","rate hosp",0,24006413
"US",2025-07-12,"75-130","inc hosp",0,24006413
"US",2025-07-19,"75-130","rate hosp",0,24006413
"US",2025-07-19,"75-130","inc hosp",0,24006413
"US",2025-07-26,"75-130","rate hosp",0,24006413
"US",2025-07-26,"75-130","inc hosp",0,24006413
"US",2025-08-02,"75-130","rate hosp",0,24006413
"US",2025-08-02,"75-130","inc hosp",0,24006413
"US",2025-08-09,"75-130","rate hosp",0,24006413
"US",2025-08-09,"75-130","inc hosp",0,24006413
"US",2025-08-16,"75-130","rate hosp",0,24006413
"US",2025-08-16,"75-130","inc hosp",0,24006413
"US",2025-08-23,"75-130","rate hosp",0,24006413
"US",2025-08-23,"75-130","inc hosp",0,24006413
"US",2025-08-30,"75-130","rate hosp",0,24006413
"US",2025-08-30,"75-130","inc hosp",0,24006413
"US",2025-09-06,"75-130","rate hosp",0,24006413
"US",2025-09-06,"75-130","inc hosp",0,24006413
"US",2025-09-13,"75-130","rate hosp",0,24006413
"US",2025-09-13,"75-130","inc hosp",0,24006413
"US",2025-09-20,"75-130","rate hosp",0,24006413
"US",2025-09-20,"75-130","inc hosp",0,24006413
"US",2025-09-27,"75-130","rate hosp",0,24006413
"US",2025-09-27,"75-130","inc hosp",0,24006413
"US",2025-10-04,"75-130","rate hosp",0,24006413
"US",2025-10-04,"75-130","inc hosp",0,24006413
"US",2025-10-11,"75-130","rate hosp",0,24006413
"US",2025-10-11,"75-130","inc hosp",0,24006413
"US",2025-10-18,"75-130","rate hosp",0,24006413
"US",2025-10-18,"75-130","inc hosp",0,24006413
"US",2025-10-25,"75-130","rate hosp",0,24006413
"US",2025-10-25,"75-130","inc hosp",0,24006413
"US",2025-11-01,"75-130","rate hosp",0,24006413
"US",2025-11-01,"75-130","inc hosp",0,24006413
"US",2025-11-08,"75-130","rate hosp",0,24006413
"US",2025-11-08,"75-130","inc hosp",0,24006413
"US",2025-11-15,"75-130","rate hosp",0,24006413
"US",2025-11-15,"75-130","inc hosp",0,24006413
"US",2025-11-22,"75-130","rate hosp",0,24006413
"US",2025-11-22,"75-130","inc hosp",0,24006413
"US",2025-11-29,"75-130","rate hosp",0,24006413
"US",2025-11-29,"75-130","inc hosp",0,24006413
"US",2025-12-06,"75-130","rate hosp",0,24006413
"US",2025-12-06,"75-130","inc hosp",0,24006413
"US",2025-12-13,"75-130","rate hosp",0,24006413
"US",2025-12-13,"75-130","inc hosp",0,24006413
"US",2025-12-20,"75-130","rate hosp",0,24006413
"US",2025-12-20,"75-130","inc hosp",0,24006413
"US",2025-12-27,"75-130","rate hosp",0,24006413
"US",2025-12-27,"75-130","inc hosp",0,24006413
"US",2026-01-03,"75-130","rate hosp",0,24006413
"US",2026-01-03,"75-130","inc hosp",0,24006413
"US",2026-01-10,"75-130","rate hosp",0,24006413
"US",2026-01-10,"75-130","inc hosp",0,24006413
"US",2026-01-17,"75-130","rate hosp",0,24006413
"US",2026-01-17,"75-130","inc hosp",0,24006413
"US",2026-01-24,"75-130","rate hosp",0,24006413
"US",2026-01-24,"75-130","inc hosp",0,24006413
"US",2026-01-31,"75-130","rate hosp",0,24006413
"US",2026-01-31,"75-130","inc hosp",0,24006413
"US",2026-02-07,"75-130","rate hosp",0,24006413
"US",2026-02-07,"75-130","inc hosp",0,24006413
"US",2026-02-14,"75-130","rate hosp",0,24006413
"US",2026-02-14,"75-130","inc hosp",0,24006413
"US",2026-02-21,"75-130","rate hosp",0,24006413
"US",2026-02-21,"75-130","inc hosp",0,24006413
"US",2026-02-28,"75-130","rate hosp",0,24006413
"US",2026-02-28,"75-130","inc hosp",0,24006413
"US",2026-03-07,"75-130","rate hosp",0,24006413
"US",2026-03-07,"75-130","inc hosp",0,24006413
"US",2026-03-14,"75-130","rate hosp",0,24006413
"US",2026-03-14,"75-130","inc hosp",0,24006413
"US",2026-03-21,"75-130","rate hosp",0,24006413
"US",2026-03-21,"75-130","inc hosp",0,24006413
"US",2026-03-28,"75-130","rate hosp",0,24006413
"US",2026-03-28,"75-130","inc hosp",0,24006413
"US",2026-04-04,"75-130","rate hosp",0,24006413
"US",2026-04-04,"75-130","inc hosp",0,24006413
"US",2026-04-11,"75-130","rate hosp",0,24006413
"US",2026-04-11,"75-130","inc hosp",0,24006413
"US",2026-04-18,"75-130","rate hosp",0,24006413
"US",2026-04-18,"75-130","inc hosp",0,24006413
"US",2026-04-25,"75-130","rate hosp",0,24006413
"US",2026-04-25,"75-130","inc hosp",0,24006413
"US",2026-05-02,"75-130","rate hosp",0,24006413
"US",2026-05-02,"75-130","inc hosp",0,24006413
"US",2026-05-09,"75-130","rate hosp",0,24006413
"US",2026-05-09,"75-130","inc hosp",0,24006413
"US",2026-05-16,"75-130","rate hosp",0,24006413
"US",2026-05-16,"75-130","inc hosp",0,24006413
"US",2026-05-23,"75-130","rate hosp",0,24006413
"US",2026-05-23,"75-130","inc hosp",0,24006413
"US",2026-05-30,"75-130","rate hosp",0,24006413
"US",2026-05-30,"75-130","inc hosp",0,24006413
"US",2026-06-06,"75-130","rate hosp",0,24006413
"US",2026-06-06,"75-130","inc hosp",0,24006413
"US",2026-06-13,"75-130","rate hosp",0,24006413
"US",2026-06-13,"75-130","inc hosp",0,24006413
"US",2026-06-20,"75-130","rate hosp",0,24006413
"US",2026-06-20,"75-130","inc hosp",0,24006413
"US",2026-06-27,"75-130","rate hosp",0,24006413
"US",2026-06-27,"75-130","inc hosp",0,24006413
"US",2026-07-04,"75-130","rate hosp",0,24006413
"US",2026-07-04,"75-130","inc hosp",0,24006413
"US",2026-07-11,"75-130","rate hosp",0,24006413
"US",2026-07-11,"75-130","inc hosp",0,24006413
"US",2026-07-18,"75-130","rate hosp",0,24006413
"US",2026-07-18,"75-130","inc hosp",0,24006413
"US",2026-07-25,"75-130","rate hosp",0,24006413
"US",2026-07-25,"75-130","inc hosp",0,24006413
"US",2026-08-01,"75-130","rate hosp",0,24006413
"US",2026-08-01,"75-130","inc hosp",0,24006413
"US",2026-08-08,"75-130","rate hosp",0,24006413
"US",2026-08-08,"75-130","inc hosp",0,24006413
"US",2026-08-15,"75-130","rate hosp",0,24006413
"US",2026-08-15,"75-130","inc hosp",0,24006413
"US",2026-08-22,"75-130","rate hosp",0,24006413
"US",2026-08-22,"75-130","inc hosp",0,24006413
"US",2018-10-06,"18-130","rate hosp",0,252267000
"US",2018-10-06,"18-130","inc hosp",0,252267000
"US",2018-10-13,"18-130","rate hosp",0,252267000
"US",2018-10-13,"18-130","inc hosp",0,252267000
"US",2018-10-20,"18-130","rate hosp",0.1,252267000
"US",2018-10-20,"18-130","inc hosp",252.267,252267000
"US",2018-10-27,"18-130","rate hosp",0.1,252267000
"US",2018-10-27,"18-130","inc hosp",252.267,252267000
"US",2018-11-03,"18-130","rate hosp",0.1,252267000
"US",2018-11-03,"18-130","inc hosp",252.267,252267000
"US",2018-11-10,"18-130","rate hosp",0.1,252267000
"US",2018-11-10,"18-130","inc hosp",252.267,252267000
"US",2018-11-17,"18-130","rate hosp",0.1,252267000
"US",2018-11-17,"18-130","inc hosp",252.267,252267000
"US",2018-11-24,"18-130","rate hosp",0.1,252267000
"US",2018-11-24,"18-130","inc hosp",252.267,252267000
"US",2018-12-01,"18-130","rate hosp",0.3,252267000
"US",2018-12-01,"18-130","inc hosp",756.801,252267000
"US",2018-12-08,"18-130","rate hosp",0.3,252267000
"US",2018-12-08,"18-130","inc hosp",756.801,252267000
"US",2018-12-15,"18-130","rate hosp",0.3,252267000
"US",2018-12-15,"18-130","inc hosp",756.801,252267000
"US",2018-12-22,"18-130","rate hosp",0.5,252267000
"US",2018-12-22,"18-130","inc hosp",1261.335,252267000
"US",2018-12-29,"18-130","rate hosp",0.7,252267000
"US",2018-12-29,"18-130","inc hosp",1765.869,252267000
"US",2019-01-05,"18-130","rate hosp",1,254055580
"US",2019-01-05,"18-130","inc hosp",2540.5558,254055580
"US",2019-01-12,"18-130","rate hosp",1,254055580
"US",2019-01-12,"18-130","inc hosp",2540.5558,254055580
"US",2019-01-19,"18-130","rate hosp",0.7,254055580
"US",2019-01-19,"18-130","inc hosp",1778.38906,254055580
"US",2019-01-26,"18-130","rate hosp",0.6,254055580
"US",2019-01-26,"18-130","inc hosp",1524.33348,254055580
"US",2019-02-02,"18-130","rate hosp",0.7,254055580
"US",2019-02-02,"18-130","inc hosp",1778.38906,254055580
"US",2019-02-09,"18-130","rate hosp",0.6,254055580
"US",2019-02-09,"18-130","inc hosp",1524.33348,254055580
"US",2019-02-16,"18-130","rate hosp",0.7,254055580
"US",2019-02-16,"18-130","inc hosp",1778.38906,254055580
"US",2019-02-23,"18-130","rate hosp",0.7,254055580
"US",2019-02-23,"18-130","inc hosp",1778.38906,254055580
"US",2019-03-02,"18-130","rate hosp",0.6,254055580
"US",2019-03-02,"18-130","inc hosp",1524.33348,254055580
"US",2019-03-09,"18-130","rate hosp",0.5,254055580
"US",2019-03-09,"18-130","inc hosp",1270.2779,254055580
"US",2019-03-16,"18-130","rate hosp",0.4,254055580
"US",2019-03-16,"18-130","inc hosp",1016.22232,254055580
"US",2019-03-23,"18-130","rate hosp",0.4,254055580
"US",2019-03-23,"18-130","inc hosp",1016.22232,254055580
"US",2019-03-30,"18-130","rate hosp",0.3,254055580
"US",2019-03-30,"18-130","inc hosp",762.16674,254055580
"US",2019-04-06,"18-130","rate hosp",0.3,254055580
"US",2019-04-06,"18-130","inc hosp",762.16674,254055580
"US",2019-04-13,"18-130","rate hosp",0.2,254055580
"US",2019-04-13,"18-130","inc hosp",508.11116,254055580
"US",2019-04-20,"18-130","rate hosp",0.1,254055580
"US",2019-04-20,"18-130","inc hosp",254.05558,254055580
"US",2019-04-27,"18-130","rate hosp",0.1,254055580
"US",2019-04-27,"18-130","inc hosp",254.05558,254055580
"US",2019-05-04,"18-130","rate hosp",0,254055580
"US",2019-05-04,"18-130","inc hosp",0,254055580
"US",2019-10-05,"18-130","rate hosp",0,254055580
"US",2019-10-05,"18-130","inc hosp",0,254055580
"US",2019-10-12,"18-130","rate hosp",0.1,254055580
"US",2019-10-12,"18-130","inc hosp",254.05558,254055580
"US",2019-10-19,"18-130","rate hosp",0,254055580
"US",2019-10-19,"18-130","inc hosp",0,254055580
"US",2019-10-26,"18-130","rate hosp",0.1,254055580
"US",2019-10-26,"18-130","inc hosp",254.05558,254055580
"US",2019-11-02,"18-130","rate hosp",0.1,254055580
"US",2019-11-02,"18-130","inc hosp",254.05558,254055580
"US",2019-11-09,"18-130","rate hosp",0.1,254055580
"US",2019-11-09,"18-130","inc hosp",254.05558,254055580
"US",2019-11-16,"18-130","rate hosp",0.2,254055580
"US",2019-11-16,"18-130","inc hosp",508.11116,254055580
"US",2019-11-23,"18-130","rate hosp",0.2,254055580
"US",2019-11-23,"18-130","inc hosp",508.11116,254055580
"US",2019-11-30,"18-130","rate hosp",0.3,254055580
"US",2019-11-30,"18-130","inc hosp",762.16674,254055580
"US",2019-12-07,"18-130","rate hosp",0.6,254055580
"US",2019-12-07,"18-130","inc hosp",1524.33348,254055580
"US",2019-12-14,"18-130","rate hosp",0.7,254055580
"US",2019-12-14,"18-130","inc hosp",1778.38906,254055580
"US",2019-12-21,"18-130","rate hosp",0.8,254055580
"US",2019-12-21,"18-130","inc hosp",2032.44464,254055580
"US",2019-12-28,"18-130","rate hosp",1,254055580
"US",2019-12-28,"18-130","inc hosp",2540.5558,254055580
"US",2020-01-04,"18-130","rate hosp",1.5,256982353
"US",2020-01-04,"18-130","inc hosp",3854.735295,256982353
"US",2020-01-11,"18-130","rate hosp",1.2,256982353
"US",2020-01-11,"18-130","inc hosp",3083.788236,256982353
"US",2020-01-18,"18-130","rate hosp",0.9,256982353
"US",2020-01-18,"18-130","inc hosp",2312.841177,256982353
"US",2020-01-25,"18-130","rate hosp",0.9,256982353
"US",2020-01-25,"18-130","inc hosp",2312.841177,256982353
"US",2020-02-01,"18-130","rate hosp",0.9,256982353
"US",2020-02-01,"18-130","inc hosp",2312.841177,256982353
"US",2020-02-08,"18-130","rate hosp",0.7,256982353
"US",2020-02-08,"18-130","inc hosp",1798.876471,256982353
"US",2020-02-15,"18-130","rate hosp",0.8,256982353
"US",2020-02-15,"18-130","inc hosp",2055.858824,256982353
"US",2020-02-22,"18-130","rate hosp",0.7,256982353
"US",2020-02-22,"18-130","inc hosp",1798.876471,256982353
"US",2020-02-29,"18-130","rate hosp",0.6,256982353
"US",2020-02-29,"18-130","inc hosp",1541.894118,256982353
"US",2020-03-07,"18-130","rate hosp",0.6,256982353
"US",2020-03-07,"18-130","inc hosp",1541.894118,256982353
"US",2020-03-14,"18-130","rate hosp",0.6,256982353
"US",2020-03-14,"18-130","inc hosp",1541.894118,256982353
"US",2020-03-21,"18-130","rate hosp",0.4,256982353
"US",2020-03-21,"18-130","inc hosp",1027.929412,256982353
"US",2020-03-28,"18-130","rate hosp",0.2,256982353
"US",2020-03-28,"18-130","inc hosp",513.964706,256982353
"US",2020-04-04,"18-130","rate hosp",0.1,256982353
"US",2020-04-04,"18-130","inc hosp",256.982353,256982353
"US",2020-04-11,"18-130","rate hosp",0,256982353
"US",2020-04-11,"18-130","inc hosp",0,256982353
"US",2020-04-18,"18-130","rate hosp",0,256982353
"US",2020-04-18,"18-130","inc hosp",0,256982353
"US",2020-04-25,"18-130","rate hosp",0,256982353
"US",2020-04-25,"18-130","inc hosp",0,256982353
"US",2020-05-02,"18-130","rate hosp",0,256982353
"US",2020-05-02,"18-130","inc hosp",0,256982353
"US",2020-10-03,"18-130","rate hosp",0,256982353
"US",2020-10-03,"18-130","inc hosp",0,256982353
"US",2020-10-10,"18-130","rate hosp",0,256982353
"US",2020-10-10,"18-130","inc hosp",0,256982353
"US",2020-10-17,"18-130","rate hosp",0,256982353
"US",2020-10-17,"18-130","inc hosp",0,256982353
"US",2020-10-24,"18-130","rate hosp",0,256982353
"US",2020-10-24,"18-130","inc hosp",0,256982353
"US",2020-10-31,"18-130","rate hosp",0,256982353
"US",2020-10-31,"18-130","inc hosp",0,256982353
"US",2020-11-07,"18-130","rate hosp",0,256982353
"US",2020-11-07,"18-130","inc hosp",0,256982353
"US",2020-11-14,"18-130","rate hosp",0,256982353
"US",2020-11-14,"18-130","inc hosp",0,256982353
"US",2020-11-21,"18-130","rate hosp",0,256982353
"US",2020-11-21,"18-130","inc hosp",0,256982353
"US",2020-11-28,"18-130","rate hosp",0,256982353
"US",2020-11-28,"18-130","inc hosp",0,256982353
"US",2020-12-05,"18-130","rate hosp",0,256982353
"US",2020-12-05,"18-130","inc hosp",0,256982353
"US",2020-12-12,"18-130","rate hosp",0,256982353
"US",2020-12-12,"18-130","inc hosp",0,256982353
"US",2020-12-19,"18-130","rate hosp",0,256982353
"US",2020-12-19,"18-130","inc hosp",0,256982353
"US",2020-12-26,"18-130","rate hosp",0,256982353
"US",2020-12-26,"18-130","inc hosp",0,256982353
"US",2021-01-02,"18-130","rate hosp",0,256982353
"US",2021-01-02,"18-130","inc hosp",0,256982353
"US",2021-01-09,"18-130","rate hosp",0,258091544
"US",2021-01-09,"18-130","inc hosp",0,258091544
"US",2021-01-16,"18-130","rate hosp",0,258091544
"US",2021-01-16,"18-130","inc hosp",0,258091544
"US",2021-01-23,"18-130","rate hosp",0,258091544
"US",2021-01-23,"18-130","inc hosp",0,258091544
"US",2021-01-30,"18-130","rate hosp",0,258091544
"US",2021-01-30,"18-130","inc hosp",0,258091544
"US",2021-02-06,"18-130","rate hosp",0,258091544
"US",2021-02-06,"18-130","inc hosp",0,258091544
"US",2021-02-13,"18-130","rate hosp",0,258091544
"US",2021-02-13,"18-130","inc hosp",0,258091544
"US",2021-02-20,"18-130","rate hosp",0,258091544
"US",2021-02-20,"18-130","inc hosp",0,258091544
"US",2021-02-27,"18-130","rate hosp",0,258091544
"US",2021-02-27,"18-130","inc hosp",0,258091544
"US",2021-03-06,"18-130","rate hosp",0,258091544
"US",2021-03-06,"18-130","inc hosp",0,258091544
"US",2021-03-13,"18-130","rate hosp",0,258091544
"US",2021-03-13,"18-130","inc hosp",0,258091544
"US",2021-03-20,"18-130","rate hosp",0,258091544
"US",2021-03-20,"18-130","inc hosp",0,258091544
"US",2021-03-27,"18-130","rate hosp",0,258091544
"US",2021-03-27,"18-130","inc hosp",0,258091544
"US",2021-04-03,"18-130","rate hosp",0,258091544
"US",2021-04-03,"18-130","inc hosp",0,258091544
"US",2021-04-10,"18-130","rate hosp",0,258091544
"US",2021-04-10,"18-130","inc hosp",0,258091544
"US",2021-04-17,"18-130","rate hosp",0,258091544
"US",2021-04-17,"18-130","inc hosp",0,258091544
"US",2021-04-24,"18-130","rate hosp",0,258091544
"US",2021-04-24,"18-130","inc hosp",0,258091544
"US",2021-05-01,"18-130","rate hosp",0,258091544
"US",2021-05-01,"18-130","inc hosp",0,258091544
"US",2021-05-08,"18-130","rate hosp",0,258091544
"US",2021-05-08,"18-130","inc hosp",0,258091544
"US",2021-05-15,"18-130","rate hosp",0,258091544
"US",2021-05-15,"18-130","inc hosp",0,258091544
"US",2021-05-22,"18-130","rate hosp",0,258091544
"US",2021-05-22,"18-130","inc hosp",0,258091544
"US",2021-05-29,"18-130","rate hosp",0,258091544
"US",2021-05-29,"18-130","inc hosp",0,258091544
"US",2021-06-05,"18-130","rate hosp",0,258091544
"US",2021-06-05,"18-130","inc hosp",0,258091544
"US",2021-06-12,"18-130","rate hosp",0,258091544
"US",2021-06-12,"18-130","inc hosp",0,258091544
"US",2021-06-19,"18-130","rate hosp",0,258091544
"US",2021-06-19,"18-130","inc hosp",0,258091544
"US",2021-06-26,"18-130","rate hosp",0.1,258091544
"US",2021-06-26,"18-130","inc hosp",258.091544,258091544
"US",2021-07-03,"18-130","rate hosp",0.1,258091544
"US",2021-07-03,"18-130","inc hosp",258.091544,258091544
"US",2021-07-10,"18-130","rate hosp",0.1,258091544
"US",2021-07-10,"18-130","inc hosp",258.091544,258091544
"US",2021-07-17,"18-130","rate hosp",0.1,258091544
"US",2021-07-17,"18-130","inc hosp",258.091544,258091544
"US",2021-07-24,"18-130","rate hosp",0.2,258091544
"US",2021-07-24,"18-130","inc hosp",516.183088,258091544
"US",2021-07-31,"18-130","rate hosp",0.2,258091544
"US",2021-07-31,"18-130","inc hosp",516.183088,258091544
"US",2021-08-07,"18-130","rate hosp",0.2,258091544
"US",2021-08-07,"18-130","inc hosp",516.183088,258091544
"US",2021-08-14,"18-130","rate hosp",0.2,258091544
"US",2021-08-14,"18-130","inc hosp",516.183088,258091544
"US",2021-08-21,"18-130","rate hosp",0.1,258091544
"US",2021-08-21,"18-130","inc hosp",258.091544,258091544
"US",2021-08-28,"18-130","rate hosp",0.2,258091544
"US",2021-08-28,"18-130","inc hosp",516.183088,258091544
"US",2021-09-04,"18-130","rate hosp",0.2,258091544
"US",2021-09-04,"18-130","inc hosp",516.183088,258091544
"US",2021-09-11,"18-130","rate hosp",0.2,258091544
"US",2021-09-11,"18-130","inc hosp",516.183088,258091544
"US",2021-09-18,"18-130","rate hosp",0.2,258091544
"US",2021-09-18,"18-130","inc hosp",516.183088,258091544
"US",2021-09-25,"18-130","rate hosp",0.2,258091544
"US",2021-09-25,"18-130","inc hosp",516.183088,258091544
"US",2021-10-02,"18-130","rate hosp",0.3,258091544
"US",2021-10-02,"18-130","inc hosp",774.274632,258091544
"US",2021-10-09,"18-130","rate hosp",0.3,258091544
"US",2021-10-09,"18-130","inc hosp",774.274632,258091544
"US",2021-10-16,"18-130","rate hosp",0.3,258091544
"US",2021-10-16,"18-130","inc hosp",774.274632,258091544
"US",2021-10-23,"18-130","rate hosp",0.4,258091544
"US",2021-10-23,"18-130","inc hosp",1032.366176,258091544
"US",2021-10-30,"18-130","rate hosp",0.4,258091544
"US",2021-10-30,"18-130","inc hosp",1032.366176,258091544
"US",2021-11-06,"18-130","rate hosp",0.4,258091544
"US",2021-11-06,"18-130","inc hosp",1032.366176,258091544
"US",2021-11-13,"18-130","rate hosp",0.5,258091544
"US",2021-11-13,"18-130","inc hosp",1290.45772,258091544
"US",2021-11-20,"18-130","rate hosp",0.4,258091544
"US",2021-11-20,"18-130","inc hosp",1032.366176,258091544
"US",2021-11-27,"18-130","rate hosp",0.4,258091544
"US",2021-11-27,"18-130","inc hosp",1032.366176,258091544
"US",2021-12-04,"18-130","rate hosp",0.6,258091544
"US",2021-12-04,"18-130","inc hosp",1548.549264,258091544
"US",2021-12-11,"18-130","rate hosp",0.7,258091544
"US",2021-12-11,"18-130","inc hosp",1806.640808,258091544
"US",2021-12-18,"18-130","rate hosp",0.6,258091544
"US",2021-12-18,"18-130","inc hosp",1548.549264,258091544
"US",2021-12-25,"18-130","rate hosp",0.6,258091544
"US",2021-12-25,"18-130","inc hosp",1548.549264,258091544
"US",2022-01-01,"18-130","rate hosp",0.6,258091544
"US",2022-01-01,"18-130","inc hosp",1548.549264,258091544
"US",2022-01-08,"18-130","rate hosp",0.5,259751171
"US",2022-01-08,"18-130","inc hosp",1298.755855,259751171
"US",2022-01-15,"18-130","rate hosp",0.3,259751171
"US",2022-01-15,"18-130","inc hosp",779.253513,259751171
"US",2022-01-22,"18-130","rate hosp",0.2,259751171
"US",2022-01-22,"18-130","inc hosp",519.502342,259751171
"US",2022-01-29,"18-130","rate hosp",0.1,259751171
"US",2022-01-29,"18-130","inc hosp",259.751171,259751171
"US",2022-02-05,"18-130","rate hosp",0.1,259751171
"US",2022-02-05,"18-130","inc hosp",259.751171,259751171
"US",2022-02-12,"18-130","rate hosp",0.1,259751171
"US",2022-02-12,"18-130","inc hosp",259.751171,259751171
"US",2022-02-19,"18-130","rate hosp",0.1,259751171
"US",2022-02-19,"18-130","inc hosp",259.751171,259751171
"US",2022-02-26,"18-130","rate hosp",0.1,259751171
"US",2022-02-26,"18-130","inc hosp",259.751171,259751171
"US",2022-03-05,"18-130","rate hosp",0.1,259751171
"US",2022-03-05,"18-130","inc hosp",259.751171,259751171
"US",2022-03-12,"18-130","rate hosp",0.1,259751171
"US",2022-03-12,"18-130","inc hosp",259.751171,259751171
"US",2022-03-19,"18-130","rate hosp",0.1,259751171
"US",2022-03-19,"18-130","inc hosp",259.751171,259751171
"US",2022-03-26,"18-130","rate hosp",0.1,259751171
"US",2022-03-26,"18-130","inc hosp",259.751171,259751171
"US",2022-04-02,"18-130","rate hosp",0.1,259751171
"US",2022-04-02,"18-130","inc hosp",259.751171,259751171
"US",2022-04-09,"18-130","rate hosp",0.1,259751171
"US",2022-04-09,"18-130","inc hosp",259.751171,259751171
"US",2022-04-16,"18-130","rate hosp",0.1,259751171
"US",2022-04-16,"18-130","inc hosp",259.751171,259751171
"US",2022-04-23,"18-130","rate hosp",0.1,259751171
"US",2022-04-23,"18-130","inc hosp",259.751171,259751171
"US",2022-04-30,"18-130","rate hosp",0.1,259751171
"US",2022-04-30,"18-130","inc hosp",259.751171,259751171
"US",2022-05-07,"18-130","rate hosp",0,259751171
"US",2022-05-07,"18-130","inc hosp",0,259751171
"US",2022-05-14,"18-130","rate hosp",0.1,259751171
"US",2022-05-14,"18-130","inc hosp",259.751171,259751171
"US",2022-05-21,"18-130","rate hosp",0,259751171
"US",2022-05-21,"18-130","inc hosp",0,259751171
"US",2022-05-28,"18-130","rate hosp",0.1,259751171
"US",2022-05-28,"18-130","inc hosp",259.751171,259751171
"US",2022-06-04,"18-130","rate hosp",0,259751171
"US",2022-06-04,"18-130","inc hosp",0,259751171
"US",2022-06-11,"18-130","rate hosp",0.1,259751171
"US",2022-06-11,"18-130","inc hosp",259.751171,259751171
"US",2022-06-18,"18-130","rate hosp",0.1,259751171
"US",2022-06-18,"18-130","inc hosp",259.751171,259751171
"US",2022-06-25,"18-130","rate hosp",0.1,259751171
"US",2022-06-25,"18-130","inc hosp",259.751171,259751171
"US",2022-07-02,"18-130","rate hosp",0.1,259751171
"US",2022-07-02,"18-130","inc hosp",259.751171,259751171
"US",2022-07-09,"18-130","rate hosp",0.1,259751171
"US",2022-07-09,"18-130","inc hosp",259.751171,259751171
"US",2022-07-16,"18-130","rate hosp",0.1,259751171
"US",2022-07-16,"18-130","inc hosp",259.751171,259751171
"US",2022-07-23,"18-130","rate hosp",0.1,259751171
"US",2022-07-23,"18-130","inc hosp",259.751171,259751171
"US",2022-07-30,"18-130","rate hosp",0.1,259751171
"US",2022-07-30,"18-130","inc hosp",259.751171,259751171
"US",2022-08-06,"18-130","rate hosp",0.1,259751171
"US",2022-08-06,"18-130","inc hosp",259.751171,259751171
"US",2022-08-13,"18-130","rate hosp",0.1,259751171
"US",2022-08-13,"18-130","inc hosp",259.751171,259751171
"US",2022-08-20,"18-130","rate hosp",0.1,259751171
"US",2022-08-20,"18-130","inc hosp",259.751171,259751171
"US",2022-08-27,"18-130","rate hosp",0.1,259751171
"US",2022-08-27,"18-130","inc hosp",259.751171,259751171
"US",2022-09-03,"18-130","rate hosp",0.2,259751171
"US",2022-09-03,"18-130","inc hosp",519.502342,259751171
"US",2022-09-10,"18-130","rate hosp",0.2,259751171
"US",2022-09-10,"18-130","inc hosp",519.502342,259751171
"US",2022-09-17,"18-130","rate hosp",0.3,259751171
"US",2022-09-17,"18-130","inc hosp",779.253513,259751171
"US",2022-09-24,"18-130","rate hosp",0.2,259751171
"US",2022-09-24,"18-130","inc hosp",519.502342,259751171
"US",2022-10-01,"18-130","rate hosp",0.3,259751171
"US",2022-10-01,"18-130","inc hosp",779.253513,259751171
"US",2022-10-08,"18-130","rate hosp",0,259751171
"US",2022-10-08,"18-130","inc hosp",0,259751171
"US",2022-10-15,"18-130","rate hosp",0,259751171
"US",2022-10-15,"18-130","inc hosp",0,259751171
"US",2022-10-22,"18-130","rate hosp",0,259751171
"US",2022-10-22,"18-130","inc hosp",0,259751171
"US",2022-10-29,"18-130","rate hosp",0,259751171
"US",2022-10-29,"18-130","inc hosp",0,259751171
"US",2022-11-05,"18-130","rate hosp",0,259751171
"US",2022-11-05,"18-130","inc hosp",0,259751171
"US",2022-11-12,"18-130","rate hosp",0,259751171
"US",2022-11-12,"18-130","inc hosp",0,259751171
"US",2022-11-19,"18-130","rate hosp",0,259751171
"US",2022-11-19,"18-130","inc hosp",0,259751171
"US",2022-11-26,"18-130","rate hosp",0,259751171
"US",2022-11-26,"18-130","inc hosp",0,259751171
"US",2022-12-03,"18-130","rate hosp",0,259751171
"US",2022-12-03,"18-130","inc hosp",0,259751171
"US",2022-12-10,"18-130","rate hosp",0,259751171
"US",2022-12-10,"18-130","inc hosp",0,259751171
"US",2022-12-17,"18-130","rate hosp",0,259751171
"US",2022-12-17,"18-130","inc hosp",0,259751171
"US",2022-12-24,"18-130","rate hosp",0,259751171
"US",2022-12-24,"18-130","inc hosp",0,259751171
"US",2022-12-31,"18-130","rate hosp",0,259751171
"US",2022-12-31,"18-130","inc hosp",0,259751171
"US",2023-01-07,"18-130","rate hosp",0,259751171
"US",2023-01-07,"18-130","inc hosp",0,259751171
"US",2023-01-14,"18-130","rate hosp",0,259751171
"US",2023-01-14,"18-130","inc hosp",0,259751171
"US",2023-01-21,"18-130","rate hosp",0,259751171
"US",2023-01-21,"18-130","inc hosp",0,259751171
"US",2023-01-28,"18-130","rate hosp",0,259751171
"US",2023-01-28,"18-130","inc hosp",0,259751171
"US",2023-02-04,"18-130","rate hosp",0,259751171
"US",2023-02-04,"18-130","inc hosp",0,259751171
"US",2023-02-11,"18-130","rate hosp",0,259751171
"US",2023-02-11,"18-130","inc hosp",0,259751171
"US",2023-02-18,"18-130","rate hosp",0,259751171
"US",2023-02-18,"18-130","inc hosp",0,259751171
"US",2023-02-25,"18-130","rate hosp",0,259751171
"US",2023-02-25,"18-130","inc hosp",0,259751171
"US",2023-03-04,"18-130","rate hosp",0,259751171
"US",2023-03-04,"18-130","inc hosp",0,259751171
"US",2023-03-11,"18-130","rate hosp",0,259751171
"US",2023-03-11,"18-130","inc hosp",0,259751171
"US",2023-03-18,"18-130","rate hosp",0,259751171
"US",2023-03-18,"18-130","inc hosp",0,259751171
"US",2023-03-25,"18-130","rate hosp",0,259751171
"US",2023-03-25,"18-130","inc hosp",0,259751171
"US",2023-04-01,"18-130","rate hosp",0,259751171
"US",2023-04-01,"18-130","inc hosp",0,259751171
"US",2023-04-08,"18-130","rate hosp",0,259751171
"US",2023-04-08,"18-130","inc hosp",0,259751171
"US",2023-04-15,"18-130","rate hosp",0,259751171
"US",2023-04-15,"18-130","inc hosp",0,259751171
"US",2023-04-22,"18-130","rate hosp",0,259751171
"US",2023-04-22,"18-130","inc hosp",0,259751171
"US",2023-04-29,"18-130","rate hosp",0,259751171
"US",2023-04-29,"18-130","inc hosp",0,259751171
"US",2023-05-06,"18-130","rate hosp",0,259751171
"US",2023-05-06,"18-130","inc hosp",0,259751171
"US",2023-05-13,"18-130","rate hosp",0,259751171
"US",2023-05-13,"18-130","inc hosp",0,259751171
"US",2023-05-20,"18-130","rate hosp",0,259751171
"US",2023-05-20,"18-130","inc hosp",0,259751171
"US",2023-05-27,"18-130","rate hosp",0,259751171
"US",2023-05-27,"18-130","inc hosp",0,259751171
"US",2023-06-03,"18-130","rate hosp",0,259751171
"US",2023-06-03,"18-130","inc hosp",0,259751171
"US",2023-06-10,"18-130","rate hosp",0,259751171
"US",2023-06-10,"18-130","inc hosp",0,259751171
"US",2023-06-17,"18-130","rate hosp",0,259751171
"US",2023-06-17,"18-130","inc hosp",0,259751171
"US",2023-06-24,"18-130","rate hosp",0,259751171
"US",2023-06-24,"18-130","inc hosp",0,259751171
"US",2023-07-01,"18-130","rate hosp",0,259751171
"US",2023-07-01,"18-130","inc hosp",0,259751171
"US",2023-07-08,"18-130","rate hosp",0,259751171
"US",2023-07-08,"18-130","inc hosp",0,259751171
"US",2023-07-15,"18-130","rate hosp",0,259751171
"US",2023-07-15,"18-130","inc hosp",0,259751171
"US",2023-07-22,"18-130","rate hosp",0,259751171
"US",2023-07-22,"18-130","inc hosp",0,259751171
"US",2023-07-29,"18-130","rate hosp",0,259751171
"US",2023-07-29,"18-130","inc hosp",0,259751171
"US",2023-08-05,"18-130","rate hosp",0,259751171
"US",2023-08-05,"18-130","inc hosp",0,259751171
"US",2023-08-12,"18-130","rate hosp",0,259751171
"US",2023-08-12,"18-130","inc hosp",0,259751171
"US",2023-08-19,"18-130","rate hosp",0,259751171
"US",2023-08-19,"18-130","inc hosp",0,259751171
"US",2023-08-26,"18-130","rate hosp",0,259751171
"US",2023-08-26,"18-130","inc hosp",0,259751171
"US",2023-09-02,"18-130","rate hosp",0,259751171
"US",2023-09-02,"18-130","inc hosp",0,259751171
"US",2023-09-09,"18-130","rate hosp",0,259751171
"US",2023-09-09,"18-130","inc hosp",0,259751171
"US",2023-09-16,"18-130","rate hosp",0,259751171
"US",2023-09-16,"18-130","inc hosp",0,259751171
"US",2023-09-23,"18-130","rate hosp",0,259751171
"US",2023-09-23,"18-130","inc hosp",0,259751171
"US",2023-09-30,"18-130","rate hosp",0,259751171
"US",2023-09-30,"18-130","inc hosp",0,259751171
"US",2023-10-07,"18-130","rate hosp",0,259751171
"US",2023-10-07,"18-130","inc hosp",0,259751171
"US",2023-10-14,"18-130","rate hosp",0,259751171
"US",2023-10-14,"18-130","inc hosp",0,259751171
"US",2023-10-21,"18-130","rate hosp",0,259751171
"US",2023-10-21,"18-130","inc hosp",0,259751171
"US",2023-10-28,"18-130","rate hosp",0,259751171
"US",2023-10-28,"18-130","inc hosp",0,259751171
"US",2023-11-04,"18-130","rate hosp",0,259751171
"US",2023-11-04,"18-130","inc hosp",0,259751171
"US",2023-11-11,"18-130","rate hosp",0,259751171
"US",2023-11-11,"18-130","inc hosp",0,259751171
"US",2023-11-18,"18-130","rate hosp",0,259751171
"US",2023-11-18,"18-130","inc hosp",0,259751171
"US",2023-11-25,"18-130","rate hosp",0,259751171
"US",2023-11-25,"18-130","inc hosp",0,259751171
"US",2023-12-02,"18-130","rate hosp",0,259751171
"US",2023-12-02,"18-130","inc hosp",0,259751171
"US",2023-12-09,"18-130","rate hosp",0,259751171
"US",2023-12-09,"18-130","inc hosp",0,259751171
"US",2023-12-16,"18-130","rate hosp",0,259751171
"US",2023-12-16,"18-130","inc hosp",0,259751171
"US",2023-12-23,"18-130","rate hosp",0,259751171
"US",2023-12-23,"18-130","inc hosp",0,259751171
"US",2023-12-30,"18-130","rate hosp",0,259751171
"US",2023-12-30,"18-130","inc hosp",0,259751171
"US",2024-01-06,"18-130","rate hosp",0,259751171
"US",2024-01-06,"18-130","inc hosp",0,259751171
"US",2024-01-13,"18-130","rate hosp",0,259751171
"US",2024-01-13,"18-130","inc hosp",0,259751171
"US",2024-01-20,"18-130","rate hosp",0,259751171
"US",2024-01-20,"18-130","inc hosp",0,259751171
"US",2024-01-27,"18-130","rate hosp",0,259751171
"US",2024-01-27,"18-130","inc hosp",0,259751171
"US",2024-02-03,"18-130","rate hosp",0,259751171
"US",2024-02-03,"18-130","inc hosp",0,259751171
"US",2024-02-10,"18-130","rate hosp",0,259751171
"US",2024-02-10,"18-130","inc hosp",0,259751171
"US",2024-02-17,"18-130","rate hosp",0,259751171
"US",2024-02-17,"18-130","inc hosp",0,259751171
"US",2024-02-24,"18-130","rate hosp",0,259751171
"US",2024-02-24,"18-130","inc hosp",0,259751171
"US",2024-03-02,"18-130","rate hosp",0,259751171
"US",2024-03-02,"18-130","inc hosp",0,259751171
"US",2024-03-09,"18-130","rate hosp",0,259751171
"US",2024-03-09,"18-130","inc hosp",0,259751171
"US",2024-03-16,"18-130","rate hosp",0,259751171
"US",2024-03-16,"18-130","inc hosp",0,259751171
"US",2024-03-23,"18-130","rate hosp",0,259751171
"US",2024-03-23,"18-130","inc hosp",0,259751171
"US",2024-03-30,"18-130","rate hosp",0,259751171
"US",2024-03-30,"18-130","inc hosp",0,259751171
"US",2024-04-06,"18-130","rate hosp",0,259751171
"US",2024-04-06,"18-130","inc hosp",0,259751171
"US",2024-04-13,"18-130","rate hosp",0,259751171
"US",2024-04-13,"18-130","inc hosp",0,259751171
"US",2024-04-20,"18-130","rate hosp",0,259751171
"US",2024-04-20,"18-130","inc hosp",0,259751171
"US",2024-04-27,"18-130","rate hosp",0,259751171
"US",2024-04-27,"18-130","inc hosp",0,259751171
"US",2024-05-04,"18-130","rate hosp",0,259751171
"US",2024-05-04,"18-130","inc hosp",0,259751171
"US",2024-05-11,"18-130","rate hosp",0,259751171
"US",2024-05-11,"18-130","inc hosp",0,259751171
"US",2024-05-18,"18-130","rate hosp",0,259751171
"US",2024-05-18,"18-130","inc hosp",0,259751171
"US",2024-05-25,"18-130","rate hosp",0,259751171
"US",2024-05-25,"18-130","inc hosp",0,259751171
"US",2024-06-01,"18-130","rate hosp",0,259751171
"US",2024-06-01,"18-130","inc hosp",0,259751171
"US",2024-06-08,"18-130","rate hosp",0,259751171
"US",2024-06-08,"18-130","inc hosp",0,259751171
"US",2024-06-15,"18-130","rate hosp",0,259751171
"US",2024-06-15,"18-130","inc hosp",0,259751171
"US",2024-06-22,"18-130","rate hosp",0,259751171
"US",2024-06-22,"18-130","inc hosp",0,259751171
"US",2024-06-29,"18-130","rate hosp",0,259751171
"US",2024-06-29,"18-130","inc hosp",0,259751171
"US",2024-07-06,"18-130","rate hosp",0,259751171
"US",2024-07-06,"18-130","inc hosp",0,259751171
"US",2024-07-13,"18-130","rate hosp",0,259751171
"US",2024-07-13,"18-130","inc hosp",0,259751171
"US",2024-07-20,"18-130","rate hosp",0,259751171
"US",2024-07-20,"18-130","inc hosp",0,259751171
"US",2024-07-27,"18-130","rate hosp",0,259751171
"US",2024-07-27,"18-130","inc hosp",0,259751171
"US",2024-08-03,"18-130","rate hosp",0,259751171
"US",2024-08-03,"18-130","inc hosp",0,259751171
"US",2024-08-10,"18-130","rate hosp",0,259751171
"US",2024-08-10,"18-130","inc hosp",0,259751171
"US",2024-08-17,"18-130","rate hosp",0,259751171
"US",2024-08-17,"18-130","inc hosp",0,259751171
"US",2024-08-24,"18-130","rate hosp",0,259751171
"US",2024-08-24,"18-130","inc hosp",0,259751171
"US",2024-08-31,"18-130","rate hosp",0,259751171
"US",2024-08-31,"18-130","inc hosp",0,259751171
"US",2024-09-07,"18-130","rate hosp",0,259751171
"US",2024-09-07,"18-130","inc hosp",0,259751171
"US",2024-09-14,"18-130","rate hosp",0,259751171
"US",2024-09-14,"18-130","inc hosp",0,259751171
"US",2024-09-21,"18-130","rate hosp",0,259751171
"US",2024-09-21,"18-130","inc hosp",0,259751171
"US",2024-09-28,"18-130","rate hosp",0,259751171
"US",2024-09-28,"18-130","inc hosp",0,259751171
"US",2024-10-05,"18-130","rate hosp",0,259751171
"US",2024-10-05,"18-130","inc hosp",0,259751171
"US",2024-10-12,"18-130","rate hosp",0,259751171
"US",2024-10-12,"18-130","inc hosp",0,259751171
"US",2024-10-19,"18-130","rate hosp",0,259751171
"US",2024-10-19,"18-130","inc hosp",0,259751171
"US",2024-10-26,"18-130","rate hosp",0,259751171
"US",2024-10-26,"18-130","inc hosp",0,259751171
"US",2024-11-02,"18-130","rate hosp",0,259751171
"US",2024-11-02,"18-130","inc hosp",0,259751171
"US",2024-11-09,"18-130","rate hosp",0,259751171
"US",2024-11-09,"18-130","inc hosp",0,259751171
"US",2024-11-16,"18-130","rate hosp",0,259751171
"US",2024-11-16,"18-130","inc hosp",0,259751171
"US",2024-11-23,"18-130","rate hosp",0,259751171
"US",2024-11-23,"18-130","inc hosp",0,259751171
"US",2024-11-30,"18-130","rate hosp",0,259751171
"US",2024-11-30,"18-130","inc hosp",0,259751171
"US",2024-12-07,"18-130","rate hosp",0,259751171
"US",2024-12-07,"18-130","inc hosp",0,259751171
"US",2024-12-14,"18-130","rate hosp",0,259751171
"US",2024-12-14,"18-130","inc hosp",0,259751171
"US",2024-12-21,"18-130","rate hosp",0,259751171
"US",2024-12-21,"18-130","inc hosp",0,259751171
"US",2024-12-28,"18-130","rate hosp",0,259751171
"US",2024-12-28,"18-130","inc hosp",0,259751171
"US",2025-01-04,"18-130","rate hosp",0,259751171
"US",2025-01-04,"18-130","inc hosp",0,259751171
"US",2025-01-11,"18-130","rate hosp",0,259751171
"US",2025-01-11,"18-130","inc hosp",0,259751171
"US",2025-01-18,"18-130","rate hosp",0,259751171
"US",2025-01-18,"18-130","inc hosp",0,259751171
"US",2025-01-25,"18-130","rate hosp",0,259751171
"US",2025-01-25,"18-130","inc hosp",0,259751171
"US",2025-02-01,"18-130","rate hosp",0,259751171
"US",2025-02-01,"18-130","inc hosp",0,259751171
"US",2025-02-08,"18-130","rate hosp",0,259751171
"US",2025-02-08,"18-130","inc hosp",0,259751171
"US",2025-02-15,"18-130","rate hosp",0,259751171
"US",2025-02-15,"18-130","inc hosp",0,259751171
"US",2025-02-22,"18-130","rate hosp",0,259751171
"US",2025-02-22,"18-130","inc hosp",0,259751171
"US",2025-03-01,"18-130","rate hosp",0,259751171
"US",2025-03-01,"18-130","inc hosp",0,259751171
"US",2025-03-08,"18-130","rate hosp",0,259751171
"US",2025-03-08,"18-130","inc hosp",0,259751171
"US",2025-03-15,"18-130","rate hosp",0,259751171
"US",2025-03-15,"18-130","inc hosp",0,259751171
"US",2025-03-22,"18-130","rate hosp",0,259751171
"US",2025-03-22,"18-130","inc hosp",0,259751171
"US",2025-03-29,"18-130","rate hosp",0,259751171
"US",2025-03-29,"18-130","inc hosp",0,259751171
"US",2025-04-05,"18-130","rate hosp",0,259751171
"US",2025-04-05,"18-130","inc hosp",0,259751171
"US",2025-04-12,"18-130","rate hosp",0,259751171
"US",2025-04-12,"18-130","inc hosp",0,259751171
"US",2025-04-19,"18-130","rate hosp",0,259751171
"US",2025-04-19,"18-130","inc hosp",0,259751171
"US",2025-04-26,"18-130","rate hosp",0,259751171
"US",2025-04-26,"18-130","inc hosp",0,259751171
"US",2025-05-03,"18-130","rate hosp",0,259751171
"US",2025-05-03,"18-130","inc hosp",0,259751171
"US",2025-05-10,"18-130","rate hosp",0,259751171
"US",2025-05-10,"18-130","inc hosp",0,259751171
"US",2025-05-17,"18-130","rate hosp",0,259751171
"US",2025-05-17,"18-130","inc hosp",0,259751171
"US",2025-05-24,"18-130","rate hosp",0,259751171
"US",2025-05-24,"18-130","inc hosp",0,259751171
"US",2025-05-31,"18-130","rate hosp",0,259751171
"US",2025-05-31,"18-130","inc hosp",0,259751171
"US",2025-06-07,"18-130","rate hosp",0,259751171
"US",2025-06-07,"18-130","inc hosp",0,259751171
"US",2025-06-14,"18-130","rate hosp",0,259751171
"US",2025-06-14,"18-130","inc hosp",0,259751171
"US",2025-06-21,"18-130","rate hosp",0,259751171
"US",2025-06-21,"18-130","inc hosp",0,259751171
"US",2025-06-28,"18-130","rate hosp",0,259751171
"US",2025-06-28,"18-130","inc hosp",0,259751171
"US",2025-07-05,"18-130","rate hosp",0,259751171
"US",2025-07-05,"18-130","inc hosp",0,259751171
"US",2025-07-12,"18-130","rate hosp",0,259751171
"US",2025-07-12,"18-130","inc hosp",0,259751171
"US",2025-07-19,"18-130","rate hosp",0,259751171
"US",2025-07-19,"18-130","inc hosp",0,259751171
"US",2025-07-26,"18-130","rate hosp",0,259751171
"US",2025-07-26,"18-130","inc hosp",0,259751171
"US",2025-08-02,"18-130","rate hosp",0,259751171
"US",2025-08-02,"18-130","inc hosp",0,259751171
"US",2025-08-09,"18-130","rate hosp",0,259751171
"US",2025-08-09,"18-130","inc hosp",0,259751171
"US",2025-08-16,"18-130","rate hosp",0,259751171
"US",2025-08-16,"18-130","inc hosp",0,259751171
"US",2025-08-23,"18-130","rate hosp",0,259751171
"US",2025-08-23,"18-130","inc hosp",0,259751171
"US",2025-08-30,"18-130","rate hosp",0,259751171
"US",2025-08-30,"18-130","inc hosp",0,259751171
"US",2025-09-06,"18-130","rate hosp",0,259751171
"US",2025-09-06,"18-130","inc hosp",0,259751171
"US",2025-09-13,"18-130","rate hosp",0,259751171
"US",2025-09-13,"18-130","inc hosp",0,259751171
"US",2025-09-20,"18-130","rate hosp",0,259751171
"US",2025-09-20,"18-130","inc hosp",0,259751171
"US",2025-09-27,"18-130","rate hosp",0,259751171
"US",2025-09-27,"18-130","inc hosp",0,259751171
"US",2025-10-04,"18-130","rate hosp",0,259751171
"US",2025-10-04,"18-130","inc hosp",0,259751171
"US",2025-10-11,"18-130","rate hosp",0,259751171
"US",2025-10-11,"18-130","inc hosp",0,259751171
"US",2025-10-18,"18-130","rate hosp",0,259751171
"US",2025-10-18,"18-130","inc hosp",0,259751171
"US",2025-10-25,"18-130","rate hosp",0,259751171
"US",2025-10-25,"18-130","inc hosp",0,259751171
"US",2025-11-01,"18-130","rate hosp",0,259751171
"US",2025-11-01,"18-130","inc hosp",0,259751171
"US",2025-11-08,"18-130","rate hosp",0,259751171
"US",2025-11-08,"18-130","inc hosp",0,259751171
"US",2025-11-15,"18-130","rate hosp",0,259751171
"US",2025-11-15,"18-130","inc hosp",0,259751171
"US",2025-11-22,"18-130","rate hosp",0,259751171
"US",2025-11-22,"18-130","inc hosp",0,259751171
"US",2025-11-29,"18-130","rate hosp",0,259751171
"US",2025-11-29,"18-130","inc hosp",0,259751171
"US",2025-12-06,"18-130","rate hosp",0,259751171
"US",2025-12-06,"18-130","inc hosp",0,259751171
"US",2025-12-13,"18-130","rate hosp",0,259751171
"US",2025-12-13,"18-130","inc hosp",0,259751171
"US",2025-12-20,"18-130","rate hosp",0,259751171
"US",2025-12-20,"18-130","inc hosp",0,259751171
"US",2025-12-27,"18-130","rate hosp",0,259751171
"US",2025-12-27,"18-130","inc hosp",0,259751171
"US",2026-01-03,"18-130","rate hosp",0,259751171
"US",2026-01-03,"18-130","inc hosp",0,259751171
"US",2026-01-10,"18-130","rate hosp",0,259751171
"US",2026-01-10,"18-130","inc hosp",0,259751171
"US",2026-01-17,"18-130","rate hosp",0,259751171
"US",2026-01-17,"18-130","inc hosp",0,259751171
"US",2026-01-24,"18-130","rate hosp",0,259751171
"US",2026-01-24,"18-130","inc hosp",0,259751171
"US",2026-01-31,"18-130","rate hosp",0,259751171
"US",2026-01-31,"18-130","inc hosp",0,259751171
"US",2026-02-07,"18-130","rate hosp",0,259751171
"US",2026-02-07,"18-130","inc hosp",0,259751171
"US",2026-02-14,"18-130","rate hosp",0,259751171
"US",2026-02-14,"18-130","inc hosp",0,259751171
"US",2026-02-21,"18-130","rate hosp",0,259751171
"US",2026-02-21,"18-130","inc hosp",0,259751171
"US",2026-02-28,"18-130","rate hosp",0,259751171
"US",2026-02-28,"18-130","inc hosp",0,259751171
"US",2026-03-07,"18-130","rate hosp",0,259751171
"US",2026-03-07,"18-130","inc hosp",0,259751171
"US",2026-03-14,"18-130","rate hosp",0,259751171
"US",2026-03-14,"18-130","inc hosp",0,259751171
"US",2026-03-21,"18-130","rate hosp",0,259751171
"US",2026-03-21,"18-130","inc hosp",0,259751171
"US",2026-03-28,"18-130","rate hosp",0,259751171
"US",2026-03-28,"18-130","inc hosp",0,259751171
"US",2026-04-04,"18-130","rate hosp",0,259751171
"US",2026-04-04,"18-130","inc hosp",0,259751171
"US",2026-04-11,"18-130","rate hosp",0,259751171
"US",2026-04-11,"18-130","inc hosp",0,259751171
"US",2026-04-18,"18-130","rate hosp",0,259751171
"US",2026-04-18,"18-130","inc hosp",0,259751171
"US",2026-04-25,"18-130","rate hosp",0,259751171
"US",2026-04-25,"18-130","inc hosp",0,259751171
"US",2026-05-02,"18-130","rate hosp",0,259751171
"US",2026-05-02,"18-130","inc hosp",0,259751171
"US",2026-05-09,"18-130","rate hosp",0,259751171
"US",2026-05-09,"18-130","inc hosp",0,259751171
"US",2026-05-16,"18-130","rate hosp",0,259751171
"US",2026-05-16,"18-130","inc hosp",0,259751171
"US",2026-05-23,"18-130","rate hosp",0,259751171
"US",2026-05-23,"18-130","inc hosp",0,259751171
"US",2026-05-30,"18-130","rate hosp",0,259751171
"US",2026-05-30,"18-130","inc hosp",0,259751171
"US",2026-06-06,"18-130","rate hosp",0,259751171
"US",2026-06-06,"18-130","inc hosp",0,259751171
"US",2026-06-13,"18-130","rate hosp",0,259751171
"US",2026-06-13,"18-130","inc hosp",0,259751171
"US",2026-06-20,"18-130","rate hosp",0,259751171
"US",2026-06-20,"18-130","inc hosp",0,259751171
"US",2026-06-27,"18-130","rate hosp",0,259751171
"US",2026-06-27,"18-130","inc hosp",0,259751171
"US",2026-07-04,"18-130","rate hosp",0,259751171
"US",2026-07-04,"18-130","inc hosp",0,259751171
"US",2026-07-11,"18-130","rate hosp",0,259751171
"US",2026-07-11,"18-130","inc hosp",0,259751171
"US",2026-07-18,"18-130","rate hosp",0,259751171
"US",2026-07-18,"18-130","inc hosp",0,259751171
"US",2026-07-25,"18-130","rate hosp",0,259751171
"US",2026-07-25,"18-130","inc hosp",0,259751171
"US",2026-08-01,"18-130","rate hosp",0,259751171
"US",2026-08-01,"18-130","inc hosp",0,259751171
"US",2026-08-08,"18-130","rate hosp",0,259751171
"US",2026-08-08,"18-130","inc hosp",0,259751171
"US",2026-08-15,"18-130","rate hosp",0,259751171
"US",2026-08-15,"18-130","inc hosp",0,259751171
"US",2026-08-22,"18-130","rate hosp",0,259751171
"US",2026-08-22,"18-130","inc hosp",0,259751171
"06",2018-10-06,"0-130","rate hosp",0,39281374
"06",2018-10-06,"0-130","inc hosp",0,39281374
"06",2018-10-13,"0-130","rate hosp",0.1,39281374
"06",2018-10-13,"0-130","inc hosp",39.281374,39281374
"06",2018-10-20,"0-130","rate hosp",0.1,39281374
"06",2018-10-20,"0-130","inc hosp",39.281374,39281374
"06",2018-10-27,"0-130","rate hosp",0.2,39281374
"06",2018-10-27,"0-130","inc hosp",78.562748,39281374
"06",2018-11-03,"0-130","rate hosp",0.2,39281374
"06",2018-11-03,"0-130","inc hosp",78.562748,39281374
"06",2018-11-10,"0-130","rate hosp",0.2,39281374
"06",2018-11-10,"0-130","inc hosp",78.562748,39281374
"06",2018-11-17,"0-130","rate hosp",0.2,39281374
"06",2018-11-17,"0-130","inc hosp",78.562748,39281374
"06",2018-11-24,"0-130","rate hosp",0.1,39281374
"06",2018-11-24,"0-130","inc hosp",39.281374,39281374
"06",2018-12-01,"0-130","rate hosp",0.4,39281374
"06",2018-12-01,"0-130","inc hosp",157.125496,39281374
"06",2018-12-08,"0-130","rate hosp",0.7,39281374
"06",2018-12-08,"0-130","inc hosp",274.969618,39281374
"06",2018-12-15,"0-130","rate hosp",0.6,39281374
"06",2018-12-15,"0-130","inc hosp",235.688244,39281374
"06",2018-12-22,"0-130","rate hosp",0.9,39281374
"06",2018-12-22,"0-130","inc hosp",353.532366,39281374
"06",2018-12-29,"0-130","rate hosp",1.3,39281374
"06",2018-12-29,"0-130","inc hosp",510.657862,39281374
"06",2019-01-05,"0-130","rate hosp",1.4,39281537
"06",2019-01-05,"0-130","inc hosp",549.941518,39281537
"06",2019-01-12,"0-130","rate hosp",1.4,39281537
"06",2019-01-12,"0-130","inc hosp",549.941518,39281537
"06",2019-01-19,"0-130","rate hosp",1.2,39281537
"06",2019-01-19,"0-130","inc hosp",471.378444,39281537
"06",2019-01-26,"0-130","rate hosp",1.7,39281537
"06",2019-01-26,"0-130","inc hosp",667.786129,39281537
"06",2019-02-02,"0-130","rate hosp",1.8,39281537
"06",2019-02-02,"0-130","inc hosp",707.067666,39281537
"06",2019-02-09,"0-130","rate hosp",1.8,39281537
"06",2019-02-09,"0-130","inc hosp",707.067666,39281537
"06",2019-02-16,"0-130","rate hosp",1.3,39281537
"06",2019-02-16,"0-130","inc hosp",510.659981,39281537
"06",2019-02-23,"0-130","rate hosp",1.9,39281537
"06",2019-02-23,"0-130","inc hosp",746.349203,39281537
"06",2019-03-02,"0-130","rate hosp",1.7,39281537
"06",2019-03-02,"0-130","inc hosp",667.786129,39281537
"06",2019-03-09,"0-130","rate hosp",1.4,39281537
"06",2019-03-09,"0-130","inc hosp",549.941518,39281537
"06",2019-03-16,"0-130","rate hosp",1,39281537
"06",2019-03-16,"0-130","inc hosp",392.81537,39281537
"06",2019-03-23,"0-130","rate hosp",1,39281537
"06",2019-03-23,"0-130","inc hosp",392.81537,39281537
"06",2019-03-30,"0-130","rate hosp",0.8,39281537
"06",2019-03-30,"0-130","inc hosp",314.252296,39281537
"06",2019-04-06,"0-130","rate hosp",0.7,39281537
"06",2019-04-06,"0-130","inc hosp",274.970759,39281537
"06",2019-04-13,"0-130","rate hosp",0.4,39281537
"06",2019-04-13,"0-130","inc hosp",157.126148,39281537
"06",2019-04-20,"0-130","rate hosp",0.4,39281537
"06",2019-04-20,"0-130","inc hosp",157.126148,39281537
"06",2019-04-27,"0-130","rate hosp",0.1,39281537
"06",2019-04-27,"0-130","inc hosp",39.281537,39281537
"06",2019-05-04,"0-130","rate hosp",0.1,39281537
"06",2019-05-04,"0-130","inc hosp",39.281537,39281537
"08",2018-10-06,"0-130","rate hosp",0,5661221
"08",2018-10-06,"0-130","inc hosp",0,5661221
"08",2018-10-13,"0-130","rate hosp",0,5661221
"08",2018-10-13,"0-130","inc hosp",0,5661221
"08",2018-10-20,"0-130","rate hosp",0,5661221
"08",2018-10-20,"0-130","inc hosp",0,5661221
"08",2018-10-27,"0-130","rate hosp",0,5661221
"08",2018-10-27,"0-130","inc hosp",0,5661221
"08",2018-11-03,"0-130","rate hosp",0,5661221
"08",2018-11-03,"0-130","inc hosp",0,5661221
"08",2018-11-10,"0-130","rate hosp",0,5661221
"08",2018-11-10,"0-130","inc hosp",0,5661221
"08",2018-11-17,"0-130","rate hosp",0.1,5661221
"08",2018-11-17,"0-130","inc hosp",5.661221,5661221
"08",2018-11-24,"0-130","rate hosp",0.1,5661221
"08",2018-11-24,"0-130","inc hosp",5.661221,5661221
"08",2018-12-01,"0-130","rate hosp",0.2,5661221
"08",2018-12-01,"0-130","inc hosp",11.322442,5661221
"08",2018-12-08,"0-130","rate hosp",0.2,5661221
"08",2018-12-08,"0-130","inc hosp",11.322442,5661221
"08",2018-12-15,"0-130","rate hosp",0.4,5661221
"08",2018-12-15,"0-130","inc hosp",22.644884,5661221
"08",2018-12-22,"0-130","rate hosp",0.3,5661221
"08",2018-12-22,"0-130","inc hosp",16.983663,5661221
"08",2018-12-29,"0-130","rate hosp",0.5,5661221
"08",2018-12-29,"0-130","inc hosp",28.306105,5661221
"08",2019-01-05,"0-130","rate hosp",0.6,5722553
"08",2019-01-05,"0-130","inc hosp",34.335318,5722553
"08",2019-01-12,"0-130","rate hosp",0.9,5722553
"08",2019-01-12,"0-130","inc hosp",51.502977,5722553
"08",2019-01-19,"0-130","rate hosp",1.1,5722553
"08",2019-01-19,"0-130","inc hosp",62.948083,5722553
"08",2019-01-26,"0-130","rate hosp",1.2,5722553
"08",2019-01-26,"0-130","inc hosp",68.670636,5722553
"08",2019-02-02,"0-130","rate hosp",1.2,5722553
"08",2019-02-02,"0-130","inc hosp",68.670636,5722553
"08",2019-02-09,"0-130","rate hosp",1.6,5722553
"08",2019-02-09,"0-130","inc hosp",91.560848,5722553
"08",2019-02-16,"0-130","rate hosp",1.7,5722553
"08",2019-02-16,"0-130","inc hosp",97.283401,5722553
"08",2019-02-23,"0-130","rate hosp",1.4,5722553
"08",2019-02-23,"0-130","inc hosp",80.115742,5722553
"08",2019-03-02,"0-130","rate hosp",1.5,5722553
"08",2019-03-02,"0-130","inc hosp",85.838295,5722553
"08",2019-03-09,"0-130","rate hosp",1.1,5722553
"08",2019-03-09,"0-130","inc hosp",62.948083,5722553
"08",2019-03-16,"0-130","rate hosp",0.9,5722553
"08",2019-03-16,"0-130","inc hosp",51.502977,5722553
"08",2019-03-23,"0-130","rate hosp",0.7,5722553
"08",2019-03-23,"0-130","inc hosp",40.057871,5722553
"08",2019-03-30,"0-130","rate hosp",0.1,5722553
"08",2019-03-30,"0-130","inc hosp",5.722553,5722553
"08",2019-04-06,"0-130","rate hosp",0.3,5722553
"08",2019-04-06,"0-130","inc hosp",17.167659,5722553
"08",2019-04-13,"0-130","rate hosp",0.3,5722553
"08",2019-04-13,"0-130","inc hosp",17.167659,5722553
"08",2019-04-20,"0-130","rate hosp",0.2,5722553
"08",2019-04-20,"0-130","inc hosp",11.445106,5722553
"08",2019-04-27,"0-130","rate hosp",0,5722553
"08",2019-04-27,"0-130","inc hosp",0,5722553
"08",2019-05-04,"0-130","rate hosp",0,5722553
"08",2019-05-04,"0-130","inc hosp",0,5722553
"09",2018-10-06,"0-130","rate hosp",0,3567649
"09",2018-10-06,"0-130","inc hosp",0,3567649
"09",2018-10-13,"0-130","rate hosp",0.2,3567649
"09",2018-10-13,"0-130","inc hosp",7.135298,3567649
"09",2018-10-20,"0-130","rate hosp",0.4,3567649
"09",2018-10-20,"0-130","inc hosp",14.270596,3567649
"09",2018-10-27,"0-130","rate hosp",0.2,3567649
"09",2018-10-27,"0-130","inc hosp",7.135298,3567649
"09",2018-11-03,"0-130","rate hosp",0.2,3567649
"09",2018-11-03,"0-130","inc hosp",7.135298,3567649
"09",2018-11-10,"0-130","rate hosp",0.4,3567649
"09",2018-11-10,"0-130","inc hosp",14.270596,3567649
"09",2018-11-17,"0-130","rate hosp",0.4,3567649
"09",2018-11-17,"0-130","inc hosp",14.270596,3567649
"09",2018-11-24,"0-130","rate hosp",0.6,3567649
"09",2018-11-24,"0-130","inc hosp",21.405894,3567649
"09",2018-12-01,"0-130","rate hosp",1.1,3567649
"09",2018-12-01,"0-130","inc hosp",39.244139,3567649
"09",2018-12-08,"0-130","rate hosp",0.7,3567649
"09",2018-12-08,"0-130","inc hosp",24.973543,3567649
"09",2018-12-15,"0-130","rate hosp",0.7,3567649
"09",2018-12-15,"0-130","inc hosp",24.973543,3567649
"09",2018-12-22,"0-130","rate hosp",2.2,3567649
"09",2018-12-22,"0-130","inc hosp",78.488278,3567649
"09",2018-12-29,"0-130","rate hosp",4.4,3567649
"09",2018-12-29,"0-130","inc hosp",156.976556,3567649
"09",2019-01-05,"0-130","rate hosp",3.3,3559112
"09",2019-01-05,"0-130","inc hosp",117.450696,3559112
"09",2019-01-12,"0-130","rate hosp",3.4,3559112
"09",2019-01-12,"0-130","inc hosp",121.009808,3559112
"09",2019-01-19,"0-130","rate hosp",1.8,3559112
"09",2019-01-19,"0-130","inc hosp",64.064016,3559112
"09",2019-01-26,"0-130","rate hosp",1.5,3559112
"09",2019-01-26,"0-130","inc hosp",53.38668,3559112
"09",2019-02-02,"0-130","rate hosp",2.7,3559112
"09",2019-02-02,"0-130","inc hosp",96.096024,3559112
"09",2019-02-09,"0-130","rate hosp",0.9,3559112
"09",2019-02-09,"0-130","inc hosp",32.032008,3559112
"09",2019-02-16,"0-130","rate hosp",1.2,3559112
"09",2019-02-16,"0-130","inc hosp",42.709344,3559112
"09",2019-02-23,"0-130","rate hosp",1.4,3559112
"09",2019-02-23,"0-130","inc hosp",49.827568,3559112
"09",2019-03-02,"0-130","rate hosp",0.4,3559112
"09",2019-03-02,"0-130","inc hosp",14.236448,3559112
"09",2019-03-09,"0-130","rate hosp",0.5,3559112
"09",2019-03-09,"0-130","inc hosp",17.79556,3559112
"09",2019-03-16,"0-130","rate hosp",0.9,3559112
"09",2019-03-16,"0-130","inc hosp",32.032008,3559112
"09",2019-03-23,"0-130","rate hosp",0.4,3559112
"09",2019-03-23,"0-130","inc hosp",14.236448,3559112
"09",2019-03-30,"0-130","rate hosp",0.2,3559112
"09",2019-03-30,"0-130","inc hosp",7.118224,3559112
"09",2019-04-06,"0-130","rate hosp",0.2,3559112
"09",2019-04-06,"0-130","inc hosp",7.118224,3559112
"09",2019-04-13,"0-130","rate hosp",0.2,3559112
"09",2019-04-13,"0-130","inc hosp",7.118224,3559112
"09",2019-04-20,"0-130","rate hosp",0,3559112
"09",2019-04-20,"0-130","inc hosp",0,3559112
"09",2019-04-27,"0-130","rate hosp",0.2,3559112
"09",2019-04-27,"0-130","inc hosp",7.118224,3559112
"09",2019-05-04,"0-130","rate hosp",0,3559112
"09",2019-05-04,"0-130","inc hosp",0,3559112
"13",2018-10-06,"0-130","rate hosp",0.4,10456534
"13",2018-10-06,"0-130","inc hosp",41.826136,10456534
"13",2018-10-13,"0-130","rate hosp",0.6,10456534
"13",2018-10-13,"0-130","inc hosp",62.739204,10456534
"13",2018-10-20,"0-130","rate hosp",0.7,10456534
"13",2018-10-20,"0-130","inc hosp",73.195738,10456534
"13",2018-10-27,"0-130","rate hosp",0.8,10456534
"13",2018-10-27,"0-130","inc hosp",83.652272,10456534
"13",2018-11-03,"0-130","rate hosp",0.6,10456534
"13",2018-11-03,"0-130","inc hosp",62.739204,10456534
"13",2018-11-10,"0-130","rate hosp",1.1,10456534
"13",2018-11-10,"0-130","inc hosp",115.021874,10456534
"13",2018-11-17,"0-130","rate hosp",1.3,10456534
"13",2018-11-17,"0-130","inc hosp",135.934942,10456534
"13",2018-11-24,"0-130","rate hosp",1,10456534
"13",2018-11-24,"0-130","inc hosp",104.56534,10456534
"13",2018-12-01,"0-130","rate hosp",1.6,10456534
"13",2018-12-01,"0-130","inc hosp",167.304544,10456534
"13",2018-12-08,"0-130","rate hosp",0.9,10456534
"13",2018-12-08,"0-130","inc hosp",94.108806,10456534
"13",2018-12-15,"0-130","rate hosp",1.1,10456534
"13",2018-12-15,"0-130","inc hosp",115.021874,10456534
"13",2018-12-22,"0-130","rate hosp",1.4,10456534
"13",2018-12-22,"0-130","inc hosp",146.391476,10456534
"13",2018-12-29,"0-130","rate hosp",1.1,10456534
"13",2018-12-29,"0-130","inc hosp",115.021874,10456534
"13",2019-01-05,"0-130","rate hosp",0.9,10565165
"13",2019-01-05,"0-130","inc hosp",95.086485,10565165
"13",2019-01-12,"0-130","rate hosp",0.7,10565165
"13",2019-01-12,"0-130","inc hosp",73.956155,10565165
"13",2019-01-19,"0-130","rate hosp",0.6,10565165
"13",2019-01-19,"0-130","inc hosp",63.39099,10565165
"13",2019-01-26,"0-130","rate hosp",0.3,10565165
"13",2019-01-26,"0-130","inc hosp",31.695495,10565165
"13",2019-02-02,"0-130","rate hosp",0.5,10565165
"13",2019-02-02,"0-130","inc hosp",52.825825,10565165
"13",2019-02-09,"0-130","rate hosp",0.4,10565165
"13",2019-02-09,"0-130","inc hosp",42.26066,10565165
"13",2019-02-16,"0-130","rate hosp",0.4,10565165
"13",2019-02-16,"0-130","inc hosp",42.26066,10565165
"13",2019-02-23,"0-130","rate hosp",0.2,10565165
"13",2019-02-23,"0-130","inc hosp",21.13033,10565165
"13",2019-03-02,"0-130","rate hosp",0.4,10565165
"13",2019-03-02,"0-130","inc hosp",42.26066,10565165
"13",2019-03-09,"0-130","rate hosp",0.3,10565165
"13",2019-03-09,"0-130","inc hosp",31.695495,10565165
"13",2019-03-16,"0-130","rate hosp",0.2,10565165
"13",2019-03-16,"0-130","inc hosp",21.13033,10565165
"13",2019-03-23,"0-130","rate hosp",0.2,10565165
"13",2019-03-23,"0-130","inc hosp",21.13033,10565165
"13",2019-03-30,"0-130","rate hosp",0.2,10565165
"13",2019-03-30,"0-130","inc hosp",21.13033,10565165
"13",2019-04-06,"0-130","rate hosp",0.2,10565165
"13",2019-04-06,"0-130","inc hosp",21.13033,10565165
"13",2019-04-13,"0-130","rate hosp",0.1,10565165
"13",2019-04-13,"0-130","inc hosp",10.565165,10565165
"13",2019-04-20,"0-130","rate hosp",0.2,10565165
"13",2019-04-20,"0-130","inc hosp",21.13033,10565165
"13",2019-04-27,"0-130","rate hosp",0,10565165
"13",2019-04-27,"0-130","inc hosp",0,10565165
"13",2019-05-04,"0-130","rate hosp",0.1,10565165
"13",2019-05-04,"0-130","inc hosp",10.565165,10565165
"24",2018-10-06,"0-130","rate hosp",0.1,6006597
"24",2018-10-06,"0-130","inc hosp",6.006597,6006597
"24",2018-10-13,"0-130","rate hosp",0.1,6006597
"24",2018-10-13,"0-130","inc hosp",6.006597,6006597
"24",2018-10-20,"0-130","rate hosp",0.1,6006597
"24",2018-10-20,"0-130","inc hosp",6.006597,6006597
"24",2018-10-27,"0-130","rate hosp",0.2,6006597
"24",2018-10-27,"0-130","inc hosp",12.013194,6006597
"24",2018-11-03,"0-130","rate hosp",0.2,6006597
"24",2018-11-03,"0-130","inc hosp",12.013194,6006597
"24",2018-11-10,"0-130","rate hosp",0.4,6006597
"24",2018-11-10,"0-130","inc hosp",24.026388,6006597
"24",2018-11-17,"0-130","rate hosp",0.4,6006597
"24",2018-11-17,"0-130","inc hosp",24.026388,6006597
"24",2018-11-24,"0-130","rate hosp",0.4,6006597
"24",2018-11-24,"0-130","inc hosp",24.026388,6006597
"24",2018-12-01,"0-130","rate hosp",0.8,6006597
"24",2018-12-01,"0-130","inc hosp",48.052776,6006597
"24",2018-12-08,"0-130","rate hosp",0.7,6006597
"24",2018-12-08,"0-130","inc hosp",42.046179,6006597
"24",2018-12-15,"0-130","rate hosp",1,6006597
"24",2018-12-15,"0-130","inc hosp",60.06597,6006597
"24",2018-12-22,"0-130","rate hosp",1.1,6006597
"24",2018-12-22,"0-130","inc hosp",66.072567,6006597
"24",2018-12-29,"0-130","rate hosp",1.4,6006597
"24",2018-12-29,"0-130","inc hosp",84.092358,6006597
"24",2019-01-05,"0-130","rate hosp",1.8,6019398
"24",2019-01-05,"0-130","inc hosp",108.349164,6019398
"24",2019-01-12,"0-130","rate hosp",1.6,6019398
"24",2019-01-12,"0-130","inc hosp",96.310368,6019398
"24",2019-01-19,"0-130","rate hosp",1.2,6019398
"24",2019-01-19,"0-130","inc hosp",72.232776,6019398
"24",2019-01-26,"0-130","rate hosp",1.1,6019398
"24",2019-01-26,"0-130","inc hosp",66.213378,6019398
"24",2019-02-02,"0-130","rate hosp",1,6019398
"24",2019-02-02,"0-130","inc hosp",60.19398,6019398
"24",2019-02-09,"0-130","rate hosp",1.1,6019398
"24",2019-02-09,"0-130","inc hosp",66.213378,6019398
"24",2019-02-16,"0-130","rate hosp",1,6019398
"24",2019-02-16,"0-130","inc hosp",60.19398,6019398
"24",2019-02-23,"0-130","rate hosp",0.8,6019398
"24",2019-02-23,"0-130","inc hosp",48.155184,6019398
"24",2019-03-02,"0-130","rate hosp",0.5,6019398
"24",2019-03-02,"0-130","inc hosp",30.09699,6019398
"24",2019-03-09,"0-130","rate hosp",0.5,6019398
"24",2019-03-09,"0-130","inc hosp",30.09699,6019398
"24",2019-03-16,"0-130","rate hosp",0.2,6019398
"24",2019-03-16,"0-130","inc hosp",12.038796,6019398
"24",2019-03-23,"0-130","rate hosp",0.4,6019398
"24",2019-03-23,"0-130","inc hosp",24.077592,6019398
"24",2019-03-30,"0-130","rate hosp",0.3,6019398
"24",2019-03-30,"0-130","inc hosp",18.058194,6019398
"24",2019-04-06,"0-130","rate hosp",0.4,6019398
"24",2019-04-06,"0-130","inc hosp",24.077592,6019398
"24",2019-04-13,"0-130","rate hosp",0.2,6019398
"24",2019-04-13,"0-130","inc hosp",12.038796,6019398
"24",2019-04-20,"0-130","rate hosp",0.1,6019398
"24",2019-04-20,"0-130","inc hosp",6.019398,6019398
"24",2019-04-27,"0-130","rate hosp",0.1,6019398
"24",2019-04-27,"0-130","inc hosp",6.019398,6019398
"24",2019-05-04,"0-130","rate hosp",0,6019398
"24",2019-05-04,"0-130","inc hosp",0,6019398
"26",2018-10-06,"0-130","rate hosp",0.4,9983577
"26",2018-10-06,"0-130","inc hosp",39.934308,9983577
"26",2018-10-13,"0-130","rate hosp",0,9983577
"26",2018-10-13,"0-130","inc hosp",0,9983577
"26",2018-10-20,"0-130","rate hosp",0.1,9983577
"26",2018-10-20,"0-130","inc hosp",9.983577,9983577
"26",2018-10-27,"0-130","rate hosp",0,9983577
"26",2018-10-27,"0-130","inc hosp",0,9983577
"26",2018-11-03,"0-130","rate hosp",0.6,9983577
"26",2018-11-03,"0-130","inc hosp",59.901462,9983577
"26",2018-11-10,"0-130","rate hosp",0.8,9983577
"26",2018-11-10,"0-130","inc hosp",79.868616,9983577
"26",2018-11-17,"0-130","rate hosp",0.6,9983577
"26",2018-11-17,"0-130","inc hosp",59.901462,9983577
"26",2018-11-24,"0-130","rate hosp",0.9,9983577
"26",2018-11-24,"0-130","inc hosp",89.852193,9983577
"26",2018-12-01,"0-130","rate hosp",0.9,9983577
"26",2018-12-01,"0-130","inc hosp",89.852193,9983577
"26",2018-12-08,"0-130","rate hosp",1.8,9983577
"26",2018-12-08,"0-130","inc hosp",179.704386,9983577
"26",2018-12-15,"0-130","rate hosp",2.5,9983577
"26",2018-12-15,"0-130","inc hosp",249.589425,9983577
"26",2018-12-22,"0-130","rate hosp",4,9983577
"26",2018-12-22,"0-130","inc hosp",399.34308,9983577
"26",2018-12-29,"0-130","rate hosp",4,9983577
"26",2018-12-29,"0-130","inc hosp",399.34308,9983577
"26",2019-01-05,"0-130","rate hosp",3.2,9981086
"26",2019-01-05,"0-130","inc hosp",319.394752,9981086
"26",2019-01-12,"0-130","rate hosp",3.9,9981086
"26",2019-01-12,"0-130","inc hosp",389.262354,9981086
"26",2019-01-19,"0-130","rate hosp",2.7,9981086
"26",2019-01-19,"0-130","inc hosp",269.489322,9981086
"26",2019-01-26,"0-130","rate hosp",1.4,9981086
"26",2019-01-26,"0-130","inc hosp",139.735204,9981086
"26",2019-02-02,"0-130","rate hosp",2.1,9981086
"26",2019-02-02,"0-130","inc hosp",209.602806,9981086
"26",2019-02-09,"0-130","rate hosp",0.9,9981086
"26",2019-02-09,"0-130","inc hosp",89.829774,9981086
"26",2019-02-16,"0-130","rate hosp",0.5,9981086
"26",2019-02-16,"0-130","inc hosp",49.90543,9981086
"26",2019-02-23,"0-130","rate hosp",0.8,9981086
"26",2019-02-23,"0-130","inc hosp",79.848688,9981086
"26",2019-03-02,"0-130","rate hosp",0.6,9981086
"26",2019-03-02,"0-130","inc hosp",59.886516,9981086
"26",2019-03-09,"0-130","rate hosp",0.5,9981086
"26",2019-03-09,"0-130","inc hosp",49.90543,9981086
"26",2019-03-16,"0-130","rate hosp",0.4,9981086
"26",2019-03-16,"0-130","inc hosp",39.924344,9981086
"26",2019-03-23,"0-130","rate hosp",0.8,9981086
"26",2019-03-23,"0-130","inc hosp",79.848688,9981086
"26",2019-03-30,"0-130","rate hosp",0.5,9981086
"26",2019-03-30,"0-130","inc hosp",49.90543,9981086
"26",2019-04-06,"0-130","rate hosp",0.3,9981086
"26",2019-04-06,"0-130","inc hosp",29.943258,9981086
"26",2019-04-13,"0-130","rate hosp",0.3,9981086
"26",2019-04-13,"0-130","inc hosp",29.943258,9981086
"26",2019-04-20,"0-130","rate hosp",0.3,9981086
"26",2019-04-20,"0-130","inc hosp",29.943258,9981086
"26",2019-04-27,"0-130","rate hosp",0.1,9981086
"26",2019-04-27,"0-130","inc hosp",9.981086,9981086
"26",2019-05-04,"0-130","rate hosp",0,9981086
"26",2019-05-04,"0-130","inc hosp",0,9981086
"27",2018-10-06,"0-130","rate hosp",0.1,5606626
"27",2018-10-06,"0-130","inc hosp",5.606626,5606626
"27",2018-10-13,"0-130","rate hosp",0.2,5606626
"27",2018-10-13,"0-130","inc hosp",11.213252,5606626
"27",2018-10-20,"0-130","rate hosp",0.4,5606626
"27",2018-10-20,"0-130","inc hosp",22.426504,5606626
"27",2018-10-27,"0-130","rate hosp",0.3,5606626
"27",2018-10-27,"0-130","inc hosp",16.819878,5606626
"27",2018-11-03,"0-130","rate hosp",0.4,5606626
"27",2018-11-03,"0-130","inc hosp",22.426504,5606626
"27",2018-11-10,"0-130","rate hosp",0.6,5606626
"27",2018-11-10,"0-130","inc hosp",33.639756,5606626
"27",2018-11-17,"0-130","rate hosp",0.7,5606626
"27",2018-11-17,"0-130","inc hosp",39.246382,5606626
"27",2018-11-24,"0-130","rate hosp",0.9,5606626
"27",2018-11-24,"0-130","inc hosp",50.459634,5606626
"27",2018-12-01,"0-130","rate hosp",1.4,5606626
"27",2018-12-01,"0-130","inc hosp",78.492764,5606626
"27",2018-12-08,"0-130","rate hosp",1.6,5606626
"27",2018-12-08,"0-130","inc hosp",89.706016,5606626
"27",2018-12-15,"0-130","rate hosp",2.2,5606626
"27",2018-12-15,"0-130","inc hosp",123.345772,5606626
"27",2018-12-22,"0-130","rate hosp",1.9,5606626
"27",2018-12-22,"0-130","inc hosp",106.525894,5606626
"27",2018-12-29,"0-130","rate hosp",2,5606626
"27",2018-12-29,"0-130","inc hosp",112.13252,5606626
"27",2019-01-05,"0-130","rate hosp",2.2,5637917
"27",2019-01-05,"0-130","inc hosp",124.034174,5637917
"27",2019-01-12,"0-130","rate hosp",1.9,5637917
"27",2019-01-12,"0-130","inc hosp",107.120423,5637917
"27",2019-01-19,"0-130","rate hosp",1.2,5637917
"27",2019-01-19,"0-130","inc hosp",67.655004,5637917
"27",2019-01-26,"0-130","rate hosp",1,5637917
"27",2019-01-26,"0-130","inc hosp",56.37917,5637917
"27",2019-02-02,"0-130","rate hosp",0.9,5637917
"27",2019-02-02,"0-130","inc hosp",50.741253,5637917
"27",2019-02-09,"0-130","rate hosp",0.7,5637917
"27",2019-02-09,"0-130","inc hosp",39.465419,5637917
"27",2019-02-16,"0-130","rate hosp",0.3,5637917
"27",2019-02-16,"0-130","inc hosp",16.913751,5637917
"27",2019-02-23,"0-130","rate hosp",0.5,5637917
"27",2019-02-23,"0-130","inc hosp",28.189585,5637917
"27",2019-03-02,"0-130","rate hosp",0.4,5637917
"27",2019-03-02,"0-130","inc hosp",22.551668,5637917
"27",2019-03-09,"0-130","rate hosp",0.3,5637917
"27",2019-03-09,"0-130","inc hosp",16.913751,5637917
"27",2019-03-16,"0-130","rate hosp",0.2,5637917
"27",2019-03-16,"0-130","inc hosp",11.275834,5637917
"27",2019-03-23,"0-130","rate hosp",0.4,5637917
"27",2019-03-23,"0-130","inc hosp",22.551668,5637917
"27",2019-03-30,"0-130","rate hosp",0,5637917
"27",2019-03-30,"0-130","inc hosp",0,5637917
"27",2019-04-06,"0-130","rate hosp",0.2,5637917
"27",2019-04-06,"0-130","inc hosp",11.275834,5637917
"27",2019-04-13,"0-130","rate hosp",0.1,5637917
"27",2019-04-13,"0-130","inc hosp",5.637917,5637917
"27",2019-04-20,"0-130","rate hosp",0.1,5637917
"27",2019-04-20,"0-130","inc hosp",5.637917,5637917
"27",2019-04-27,"0-130","rate hosp",0.1,5637917
"27",2019-04-27,"0-130","inc hosp",5.637917,5637917
"27",2019-05-04,"0-130","rate hosp",0.1,5637917
"27",2019-05-04,"0-130","inc hosp",5.637917,5637917
"35",2018-10-06,"0-130","rate hosp",0,2082103
"35",2018-10-06,"0-130","inc hosp",0,2082103
"35",2018-10-13,"0-130","rate hosp",0,2082103
"35",2018-10-13,"0-130","inc hosp",0,2082103
"35",2018-10-20,"0-130","rate hosp",0.1,2082103
"35",2018-10-20,"0-130","inc hosp",2.082103,2082103
"35",2018-10-27,"0-130","rate hosp",0,2082103
"35",2018-10-27,"0-130","inc hosp",0,2082103
"35",2018-11-03,"0-130","rate hosp",0,2082103
"35",2018-11-03,"0-130","inc hosp",0,2082103
"35",2018-11-10,"0-130","rate hosp",0,2082103
"35",2018-11-10,"0-130","inc hosp",0,2082103
"35",2018-11-17,"0-130","rate hosp",0.1,2082103
"35",2018-11-17,"0-130","inc hosp",2.082103,2082103
"35",2018-11-24,"0-130","rate hosp",0.1,2082103
"35",2018-11-24,"0-130","inc hosp",2.082103,2082103
"35",2018-12-01,"0-130","rate hosp",0.3,2082103
"35",2018-12-01,"0-130","inc hosp",6.246309,2082103
"35",2018-12-08,"0-130","rate hosp",0.3,2082103
"35",2018-12-08,"0-130","inc hosp",6.246309,2082103
"35",2018-12-15,"0-130","rate hosp",0.1,2082103
"35",2018-12-15,"0-130","inc hosp",2.082103,2082103
"35",2018-12-22,"0-130","rate hosp",0.6,2082103
"35",2018-12-22,"0-130","inc hosp",12.492618,2082103
"35",2018-12-29,"0-130","rate hosp",1.3,2082103
"35",2018-12-29,"0-130","inc hosp",27.067339,2082103
"35",2019-01-05,"0-130","rate hosp",1.5,2087979
"35",2019-01-05,"0-130","inc hosp",31.319685,2087979
"35",2019-01-12,"0-130","rate hosp",2.4,2087979
"35",2019-01-12,"0-130","inc hosp",50.111496,2087979
"35",2019-01-19,"0-130","rate hosp",2.7,2087979
"35",2019-01-19,"0-130","inc hosp",56.375433,2087979
"35",2019-01-26,"0-130","rate hosp",3.1,2087979
"35",2019-01-26,"0-130","inc hosp",64.727349,2087979
"35",2019-02-02,"0-130","rate hosp",5.2,2087979
"35",2019-02-02,"0-130","inc hosp",108.574908,2087979
"35",2019-02-09,"0-130","rate hosp",4.7,2087979
"35",2019-02-09,"0-130","inc hosp",98.135013,2087979
"35",2019-02-16,"0-130","rate hosp",4.1,2087979
"35",2019-02-16,"0-130","inc hosp",85.607139,2087979
"35",2019-02-23,"0-130","rate hosp",4.1,2087979
"35",2019-02-23,"0-130","inc hosp",85.607139,2087979
"35",2019-03-02,"0-130","rate hosp",4.4,2087979
"35",2019-03-02,"0-130","inc hosp",91.871076,2087979
"35",2019-03-09,"0-130","rate hosp",4.1,2087979
"35",2019-03-09,"0-130","inc hosp",85.607139,2087979
"35",2019-03-16,"0-130","rate hosp",2.8,2087979
"35",2019-03-16,"0-130","inc hosp",58.463412,2087979
"35",2019-03-23,"0-130","rate hosp",2.9,2087979
"35",2019-03-23,"0-130","inc hosp",60.551391,2087979
"35",2019-03-30,"0-130","rate hosp",1.9,2087979
"35",2019-03-30,"0-130","inc hosp",39.671601,2087979
"35",2019-04-06,"0-130","rate hosp",1.5,2087979
"35",2019-04-06,"0-130","inc hosp",31.319685,2087979
"35",2019-04-13,"0-130","rate hosp",2.2,2087979
"35",2019-04-13,"0-130","inc hosp",45.935538,2087979
"35",2019-04-20,"0-130","rate hosp",1.2,2087979
"35",2019-04-20,"0-130","inc hosp",25.055748,2087979
"35",2019-04-27,"0-130","rate hosp",0.6,2087979
"35",2019-04-27,"0-130","inc hosp",12.527874,2087979
"35",2019-05-04,"0-130","rate hosp",0.1,2087979
"35",2019-05-04,"0-130","inc hosp",2.087979,2087979
"36",2018-10-06,"0-130","rate hosp",0,19519158
"36",2018-10-06,"0-130","inc hosp",0,19519158
"36",2018-10-13,"0-130","rate hosp",0,19519158
"36",2018-10-13,"0-130","inc hosp",0,19519158
"36",2018-10-20,"0-130","rate hosp",0.1,19519158
"36",2018-10-20,"0-130","inc hosp",19.519158,19519158
"36",2018-10-27,"0-130","rate hosp",0,19519158
"36",2018-10-27,"0-130","inc hosp",0,19519158
"36",2018-11-03,"0-130","rate hosp",0.3,19519158
"36",2018-11-03,"0-130","inc hosp",58.557474,19519158
"36",2018-11-10,"0-130","rate hosp",0.8,19519158
"36",2018-11-10,"0-130","inc hosp",156.153264,19519158
"36",2018-11-17,"0-130","rate hosp",0.3,19519158
"36",2018-11-17,"0-130","inc hosp",58.557474,19519158
"36",2018-11-24,"0-130","rate hosp",0.6,19519158
"36",2018-11-24,"0-130","inc hosp",117.114948,19519158
"36",2018-12-01,"0-130","rate hosp",1.6,19519158
"36",2018-12-01,"0-130","inc hosp",312.306528,19519158
"36",2018-12-08,"0-130","rate hosp",2.1,19519158
"36",2018-12-08,"0-130","inc hosp",409.902318,19519158
"36",2018-12-15,"0-130","rate hosp",2.3,19519158
"36",2018-12-15,"0-130","inc hosp",448.940634,19519158
"36",2018-12-22,"0-130","rate hosp",5,19519158
"36",2018-12-22,"0-130","inc hosp",975.9579,19519158
"36",2018-12-29,"0-130","rate hosp",5,19519158
"36",2018-12-29,"0-130","inc hosp",975.9579,19519158
"36",2019-01-05,"0-130","rate hosp",5.8,19438191
"36",2019-01-05,"0-130","inc hosp",1127.415078,19438191
"36",2019-01-12,"0-130","rate hosp",5,19438191
"36",2019-01-12,"0-130","inc hosp",971.90955,19438191
"36",2019-01-19,"0-130","rate hosp",3.1,19438191
"36",2019-01-19,"0-130","inc hosp",602.583921,19438191
"36",2019-01-26,"0-130","rate hosp",3.5,19438191
"36",2019-01-26,"0-130","inc hosp",680.336685,19438191
"36",2019-02-02,"0-130","rate hosp",3.5,19438191
"36",2019-02-02,"0-130","inc hosp",680.336685,19438191
"36",2019-02-09,"0-130","rate hosp",2.8,19438191
"36",2019-02-09,"0-130","inc hosp",544.269348,19438191
"36",2019-02-16,"0-130","rate hosp",3,19438191
"36",2019-02-16,"0-130","inc hosp",583.14573,19438191
"36",2019-02-23,"0-130","rate hosp",1.4,19438191
"36",2019-02-23,"0-130","inc hosp",272.134674,19438191
"36",2019-03-02,"0-130","rate hosp",2,19438191
"36",2019-03-02,"0-130","inc hosp",388.76382,19438191
"36",2019-03-09,"0-130","rate hosp",0.8,19438191
"36",2019-03-09,"0-130","inc hosp",155.505528,19438191
"36",2019-03-16,"0-130","rate hosp",1,19438191
"36",2019-03-16,"0-130","inc hosp",194.38191,19438191
"36",2019-03-23,"0-130","rate hosp",1,19438191
"36",2019-03-23,"0-130","inc hosp",194.38191,19438191
"36",2019-03-30,"0-130","rate hosp",0.3,19438191
"36",2019-03-30,"0-130","inc hosp",58.314573,19438191
"36",2019-04-06,"0-130","rate hosp",0.6,19438191
"36",2019-04-06,"0-130","inc hosp",116.629146,19438191
"36",2019-04-13,"0-130","rate hosp",1,19438191
"36",2019-04-13,"0-130","inc hosp",194.38191,19438191
"36",2019-04-20,"0-130","rate hosp",0.6,19438191
"36",2019-04-20,"0-130","inc hosp",116.629146,19438191
"36",2019-04-27,"0-130","rate hosp",0.6,19438191
"36",2019-04-27,"0-130","inc hosp",116.629146,19438191
"36",2019-05-04,"0-130","rate hosp",0.1,19438191
"36",2019-05-04,"0-130","inc hosp",19.438191,19438191
"41",2018-10-06,"0-130","rate hosp",0,4180959
"41",2018-10-06,"0-130","inc hosp",0,4180959
"41",2018-10-13,"0-130","rate hosp",0.1,4180959
"41",2018-10-13,"0-130","inc hosp",4.180959,4180959
"41",2018-10-20,"0-130","rate hosp",0.1,4180959
"41",2018-10-20,"0-130","inc hosp",4.180959,4180959
"41",2018-10-27,"0-130","rate hosp",0.1,4180959
"41",2018-10-27,"0-130","inc hosp",4.180959,4180959
"41",2018-11-03,"0-130","rate hosp",0.1,4180959
"41",2018-11-03,"0-130","inc hosp",4.180959,4180959
"41",2018-11-10,"0-130","rate hosp",0.2,4180959
"41",2018-11-10,"0-130","inc hosp",8.361918,4180959
"41",2018-11-17,"0-130","rate hosp",0.1,4180959
"41",2018-11-17,"0-130","inc hosp",4.180959,4180959
"41",2018-11-24,"0-130","rate hosp",0.3,4180959
"41",2018-11-24,"0-130","inc hosp",12.542877,4180959
"41",2018-12-01,"0-130","rate hosp",0.1,4180959
"41",2018-12-01,"0-130","inc hosp",4.180959,4180959
"41",2018-12-08,"0-130","rate hosp",0.5,4180959
"41",2018-12-08,"0-130","inc hosp",20.904795,4180959
"41",2018-12-15,"0-130","rate hosp",0.7,4180959
"41",2018-12-15,"0-130","inc hosp",29.266713,4180959
"41",2018-12-22,"0-130","rate hosp",0.5,4180959
"41",2018-12-22,"0-130","inc hosp",20.904795,4180959
"41",2018-12-29,"0-130","rate hosp",0.7,4180959
"41",2018-12-29,"0-130","inc hosp",29.266713,4180959
"41",2019-01-05,"0-130","rate hosp",0.5,4213537
"41",2019-01-05,"0-130","inc hosp",21.067685,4213537
"41",2019-01-12,"0-130","rate hosp",1,4213537
"41",2019-01-12,"0-130","inc hosp",42.13537,4213537
"41",2019-01-19,"0-130","rate hosp",1.4,4213537
"41",2019-01-19,"0-130","inc hosp",58.989518,4213537
"41",2019-01-26,"0-130","rate hosp",1,4213537
"41",2019-01-26,"0-130","inc hosp",42.13537,4213537
"41",2019-02-02,"0-130","rate hosp",1,4213537
"41",2019-02-02,"0-130","inc hosp",42.13537,4213537
"41",2019-02-09,"0-130","rate hosp",1.4,4213537
"41",2019-02-09,"0-130","inc hosp",58.989518,4213537
"41",2019-02-16,"0-130","rate hosp",2.3,4213537
"41",2019-02-16,"0-130","inc hosp",96.911351,4213537
"41",2019-02-23,"0-130","rate hosp",1.6,4213537
"41",2019-02-23,"0-130","inc hosp",67.416592,4213537
"41",2019-03-02,"0-130","rate hosp",1.5,4213537
"41",2019-03-02,"0-130","inc hosp",63.203055,4213537
"41",2019-03-09,"0-130","rate hosp",1.5,4213537
"41",2019-03-09,"0-130","inc hosp",63.203055,4213537
"41",2019-03-16,"0-130","rate hosp",1.7,4213537
"41",2019-03-16,"0-130","inc hosp",71.630129,4213537
"41",2019-03-23,"0-130","rate hosp",2,4213537
"41",2019-03-23,"0-130","inc hosp",84.27074,4213537
"41",2019-03-30,"0-130","rate hosp",1.5,4213537
"41",2019-03-30,"0-130","inc hosp",63.203055,4213537
"41",2019-04-06,"0-130","rate hosp",0.9,4213537
"41",2019-04-06,"0-130","inc hosp",37.921833,4213537
"41",2019-04-13,"0-130","rate hosp",1,4213537
"41",2019-04-13,"0-130","inc hosp",42.13537,4213537
"41",2019-04-20,"0-130","rate hosp",0.3,4213537
"41",2019-04-20,"0-130","inc hosp",12.640611,4213537
"41",2019-04-27,"0-130","rate hosp",0.3,4213537
"41",2019-04-27,"0-130","inc hosp",12.640611,4213537
"41",2019-05-04,"0-130","rate hosp",0.3,4213537
"41",2019-05-04,"0-130","inc hosp",12.640611,4213537
"US",2018-10-06,"0-130","rate hosp",0.1,325651278
"US",2018-10-06,"0-130","inc hosp",325.651278,325651278
"US",2018-10-13,"0-130","rate hosp",0.2,325651278
"US",2018-10-13,"0-130","inc hosp",651.302556,325651278
"US",2018-10-20,"0-130","rate hosp",0.2,325651278
"US",2018-10-20,"0-130","inc hosp",651.302556,325651278
"US",2018-10-27,"0-130","rate hosp",0.3,325651278
"US",2018-10-27,"0-130","inc hosp",976.953834,325651278
"US",2018-11-03,"0-130","rate hosp",0.3,325651278
"US",2018-11-03,"0-130","inc hosp",976.953834,325651278
"US",2018-11-10,"0-130","rate hosp",0.5,325651278
"US",2018-11-10,"0-130","inc hosp",1628.25639,325651278
"US",2018-11-17,"0-130","rate hosp",0.5,325651278
"US",2018-11-17,"0-130","inc hosp",1628.25639,325651278
"US",2018-11-24,"0-130","rate hosp",0.5,325651278
"US",2018-11-24,"0-130","inc hosp",1628.25639,325651278
"US",2018-12-01,"0-130","rate hosp",0.9,325651278
"US",2018-12-01,"0-130","inc hosp",2930.861502,325651278
"US",2018-12-08,"0-130","rate hosp",0.9,325651278
"US",2018-12-08,"0-130","inc hosp",2930.861502,325651278
"US",2018-12-15,"0-130","rate hosp",1.1,325651278
"US",2018-12-15,"0-130","inc hosp",3582.164058,325651278
"US",2018-12-22,"0-130","rate hosp",1.4,325651278
"US",2018-12-22,"0-130","inc hosp",4559.117892,325651278
"US",2018-12-29,"0-130","rate hosp",1.7,325651278
"US",2018-12-29,"0-130","inc hosp",5536.071726,325651278
"US",2019-01-05,"0-130","rate hosp",1.8,327143032
"US",2019-01-05,"0-130","inc hosp",5888.574576,327143032
"US",2019-01-12,"0-130","rate hosp",1.8,327143032
"US",2019-01-12,"0-130","inc hosp",5888.574576,327143032
"US",2019-01-19,"0-130","rate hosp",1.4,327143032
"US",2019-01-19,"0-130","inc hosp",4580.002448,327143032
"US",2019-01-26,"0-130","rate hosp",1.3,327143032
"US",2019-01-26,"0-130","inc hosp",4252.859416,327143032
"US",2019-02-02,"0-130","rate hosp",1.5,327143032
"US",2019-02-02,"0-130","inc hosp",4907.14548,327143032
"US",2019-02-09,"0-130","rate hosp",1.4,327143032
"US",2019-02-09,"0-130","inc hosp",4580.002448,327143032
"US",2019-02-16,"0-130","rate hosp",1.2,327143032
"US",2019-02-16,"0-130","inc hosp",3925.716384,327143032
"US",2019-02-23,"0-130","rate hosp",1.2,327143032
"US",2019-02-23,"0-130","inc hosp",3925.716384,327143032
"US",2019-03-02,"0-130","rate hosp",1.1,327143032
"US",2019-03-02,"0-130","inc hosp",3598.573352,327143032
"US",2019-03-09,"0-130","rate hosp",0.8,327143032
"US",2019-03-09,"0-130","inc hosp",2617.144256,327143032
"US",2019-03-16,"0-130","rate hosp",0.7,327143032
"US",2019-03-16,"0-130","inc hosp",2290.001224,327143032
"US",2019-03-23,"0-130","rate hosp",0.7,327143032
"US",2019-03-23,"0-130","inc hosp",2290.001224,327143032
"US",2019-03-30,"0-130","rate hosp",0.5,327143032
"US",2019-03-30,"0-130","inc hosp",1635.71516,327143032
"US",2019-04-06,"0-130","rate hosp",0.4,327143032
"US",2019-04-06,"0-130","inc hosp",1308.572128,327143032
"US",2019-04-13,"0-130","rate hosp",0.3,327143032
"US",2019-04-13,"0-130","inc hosp",981.429096,327143032
"US",2019-04-20,"0-130","rate hosp",0.3,327143032
"US",2019-04-20,"0-130","inc hosp",981.429096,327143032
"US",2019-04-27,"0-130","rate hosp",0.1,327143032
"US",2019-04-27,"0-130","inc hosp",327.143032,327143032
"US",2019-05-04,"0-130","rate hosp",0.1,327143032
"US",2019-05-04,"0-130","inc hosp",327.143032,327143032
"47",2018-10-06,"0-130","rate hosp",0.1,6757828
"47",2018-10-06,"0-130","inc hosp",6.757828,6757828
"47",2018-10-13,"0-130","rate hosp",0.5,6757828
"47",2018-10-13,"0-130","inc hosp",33.78914,6757828
"47",2018-10-20,"0-130","rate hosp",0.7,6757828
"47",2018-10-20,"0-130","inc hosp",47.304796,6757828
"47",2018-10-27,"0-130","rate hosp",0.7,6757828
"47",2018-10-27,"0-130","inc hosp",47.304796,6757828
"47",2018-11-03,"0-130","rate hosp",0.6,6757828
"47",2018-11-03,"0-130","inc hosp",40.546968,6757828
"47",2018-11-10,"0-130","rate hosp",1,6757828
"47",2018-11-10,"0-130","inc hosp",67.57828,6757828
"47",2018-11-17,"0-130","rate hosp",1.1,6757828
"47",2018-11-17,"0-130","inc hosp",74.336108,6757828
"47",2018-11-24,"0-130","rate hosp",1.4,6757828
"47",2018-11-24,"0-130","inc hosp",94.609592,6757828
"47",2018-12-01,"0-130","rate hosp",2.2,6757828
"47",2018-12-01,"0-130","inc hosp",148.672216,6757828
"47",2018-12-08,"0-130","rate hosp",2.2,6757828
"47",2018-12-08,"0-130","inc hosp",148.672216,6757828
"47",2018-12-15,"0-130","rate hosp",2.1,6757828
"47",2018-12-15,"0-130","inc hosp",141.914388,6757828
"47",2018-12-22,"0-130","rate hosp",2.3,6757828
"47",2018-12-22,"0-130","inc hosp",155.430044,6757828
"47",2018-12-29,"0-130","rate hosp",2.6,6757828
"47",2018-12-29,"0-130","inc hosp",175.703528,6757828
"47",2019-01-05,"0-130","rate hosp",3.5,6809974
"47",2019-01-05,"0-130","inc hosp",238.34909,6809974
"47",2019-01-12,"0-130","rate hosp",2.3,6809974
"47",2019-01-12,"0-130","inc hosp",156.629402,6809974
"47",2019-01-19,"0-130","rate hosp",1.3,6809974
"47",2019-01-19,"0-130","inc hosp",88.529662,6809974
"47",2019-01-26,"0-130","rate hosp",1,6809974
"47",2019-01-26,"0-130","inc hosp",68.09974,6809974
"47",2019-02-02,"0-130","rate hosp",0.8,6809974
"47",2019-02-02,"0-130","inc hosp",54.479792,6809974
"47",2019-02-09,"0-130","rate hosp",0.6,6809974
"47",2019-02-09,"0-130","inc hosp",40.859844,6809974
"47",2019-02-16,"0-130","rate hosp",0.5,6809974
"47",2019-02-16,"0-130","inc hosp",34.04987,6809974
"47",2019-02-23,"0-130","rate hosp",0.9,6809974
"47",2019-02-23,"0-130","inc hosp",61.289766,6809974
"47",2019-03-02,"0-130","rate hosp",0.5,6809974
"47",2019-03-02,"0-130","inc hosp",34.04987,6809974
"47",2019-03-09,"0-130","rate hosp",0.3,6809974
"47",2019-03-09,"0-130","inc hosp",20.429922,6809974
"47",2019-03-16,"0-130","rate hosp",0.5,6809974
"47",2019-03-16,"0-130","inc hosp",34.04987,6809974
"47",2019-03-23,"0-130","rate hosp",0.5,6809974
"47",2019-03-23,"0-130","inc hosp",34.04987,6809974
"47",2019-03-30,"0-130","rate hosp",0.2,6809974
"47",2019-03-30,"0-130","inc hosp",13.619948,6809974
"47",2019-04-06,"0-130","rate hosp",0.2,6809974
"47",2019-04-06,"0-130","inc hosp",13.619948,6809974
"47",2019-04-13,"0-130","rate hosp",0.2,6809974
"47",2019-04-13,"0-130","inc hosp",13.619948,6809974
"47",2019-04-20,"0-130","rate hosp",0.2,6809974
"47",2019-04-20,"0-130","inc hosp",13.619948,6809974
"47",2019-04-27,"0-130","rate hosp",0.1,6809974
"47",2019-04-27,"0-130","inc hosp",6.809974,6809974
"47",2019-05-04,"0-130","rate hosp",0,6809974
"47",2019-05-04,"0-130","inc hosp",0,6809974
"49",2018-10-06,"0-130","rate hosp",0.1,3150318
"49",2018-10-06,"0-130","inc hosp",3.150318,3150318
"49",2018-10-13,"0-130","rate hosp",0,3150318
"49",2018-10-13,"0-130","inc hosp",0,3150318
"49",2018-10-20,"0-130","rate hosp",0,3150318
"49",2018-10-20,"0-130","inc hosp",0,3150318
"49",2018-10-27,"0-130","rate hosp",0.1,3150318
"49",2018-10-27,"0-130","inc hosp",3.150318,3150318
"49",2018-11-03,"0-130","rate hosp",0,3150318
"49",2018-11-03,"0-130","inc hosp",0,3150318
"49",2018-11-10,"0-130","rate hosp",0.1,3150318
"49",2018-11-10,"0-130","inc hosp",3.150318,3150318
"49",2018-11-17,"0-130","rate hosp",0.2,3150318
"49",2018-11-17,"0-130","inc hosp",6.300636,3150318
"49",2018-11-24,"0-130","rate hosp",0.1,3150318
"49",2018-11-24,"0-130","inc hosp",3.150318,3150318
"49",2018-12-01,"0-130","rate hosp",0.8,3150318
"49",2018-12-01,"0-130","inc hosp",25.202544,3150318
"49",2018-12-08,"0-130","rate hosp",0.2,3150318
"49",2018-12-08,"0-130","inc hosp",6.300636,3150318
"49",2018-12-15,"0-130","rate hosp",0.9,3150318
"49",2018-12-15,"0-130","inc hosp",28.352862,3150318
"49",2018-12-22,"0-130","rate hosp",1.2,3150318
"49",2018-12-22,"0-130","inc hosp",37.803816,3150318
"49",2018-12-29,"0-130","rate hosp",2.8,3150318
"49",2018-12-29,"0-130","inc hosp",88.208904,3150318
"49",2019-01-05,"0-130","rate hosp",2,3198547
"49",2019-01-05,"0-130","inc hosp",63.97094,3198547
"49",2019-01-12,"0-130","rate hosp",4.1,3198547
"49",2019-01-12,"0-130","inc hosp",131.140427,3198547
"49",2019-01-19,"0-130","rate hosp",3,3198547
"49",2019-01-19,"0-130","inc hosp",95.95641,3198547
"49",2019-01-26,"0-130","rate hosp",3.5,3198547
"49",2019-01-26,"0-130","inc hosp",111.949145,3198547
"49",2019-02-02,"0-130","rate hosp",5,3198547
"49",2019-02-02,"0-130","inc hosp",159.92735,3198547
"49",2019-02-09,"0-130","rate hosp",5.4,3198547
"49",2019-02-09,"0-130","inc hosp",172.721538,3198547
"49",2019-02-16,"0-130","rate hosp",3.1,3198547
"49",2019-02-16,"0-130","inc hosp",99.154957,3198547
"49",2019-02-23,"0-130","rate hosp",4,3198547
"49",2019-02-23,"0-130","inc hosp",127.94188,3198547
"49",2019-03-02,"0-130","rate hosp",3.5,3198547
"49",2019-03-02,"0-130","inc hosp",111.949145,3198547
"49",2019-03-09,"0-130","rate hosp",1.6,3198547
"49",2019-03-09,"0-130","inc hosp",51.176752,3198547
"49",2019-03-16,"0-130","rate hosp",1.6,3198547
"49",2019-03-16,"0-130","inc hosp",51.176752,3198547
"49",2019-03-23,"0-130","rate hosp",0.9,3198547
"49",2019-03-23,"0-130","inc hosp",28.786923,3198547
"49",2019-03-30,"0-130","rate hosp",1,3198547
"49",2019-03-30,"0-130","inc hosp",31.98547,3198547
"49",2019-04-06,"0-130","rate hosp",0.9,3198547
"49",2019-04-06,"0-130","inc hosp",28.786923,3198547
"49",2019-04-13,"0-130","rate hosp",0.5,3198547
"49",2019-04-13,"0-130","inc hosp",15.992735,3198547
"49",2019-04-20,"0-130","rate hosp",0.8,3198547
"49",2019-04-20,"0-130","inc hosp",25.588376,3198547
"49",2019-04-27,"0-130","rate hosp",0.1,3198547
"49",2019-04-27,"0-130","inc hosp",3.198547,3198547
"49",2019-05-04,"0-130","rate hosp",0.1,3198547
"49",2019-05-04,"0-130","inc hosp",3.198547,3198547
"06",2019-10-05,"0-130","rate hosp",0,39281537
"06",2019-10-05,"0-130","inc hosp",0,39281537
"06",2019-10-12,"0-130","rate hosp",0,39281537
"06",2019-10-12,"0-130","inc hosp",0,39281537
"06",2019-10-19,"0-130","rate hosp",0.1,39281537
"06",2019-10-19,"0-130","inc hosp",39.281537,39281537
"06",2019-10-26,"0-130","rate hosp",0.2,39281537
"06",2019-10-26,"0-130","inc hosp",78.563074,39281537
"06",2019-11-02,"0-130","rate hosp",0.1,39281537
"06",2019-11-02,"0-130","inc hosp",39.281537,39281537
"06",2019-11-09,"0-130","rate hosp",0.3,39281537
"06",2019-11-09,"0-130","inc hosp",117.844611,39281537
"06",2019-11-16,"0-130","rate hosp",0.3,39281537
"06",2019-11-16,"0-130","inc hosp",117.844611,39281537
"06",2019-11-23,"0-130","rate hosp",0.4,39281537
"06",2019-11-23,"0-130","inc hosp",157.126148,39281537
"06",2019-11-30,"0-130","rate hosp",0.4,39281537
"06",2019-11-30,"0-130","inc hosp",157.126148,39281537
"06",2019-12-07,"0-130","rate hosp",0.8,39281537
"06",2019-12-07,"0-130","inc hosp",314.252296,39281537
"06",2019-12-14,"0-130","rate hosp",0.8,39281537
"06",2019-12-14,"0-130","inc hosp",314.252296,39281537
"06",2019-12-21,"0-130","rate hosp",0.9,39281537
"06",2019-12-21,"0-130","inc hosp",353.533833,39281537
"06",2019-12-28,"0-130","rate hosp",1.1,39281537
"06",2019-12-28,"0-130","inc hosp",432.096907,39281537
"06",2020-01-04,"0-130","rate hosp",1.8,39355967
"06",2020-01-04,"0-130","inc hosp",708.407406,39355967
"06",2020-01-11,"0-130","rate hosp",1.7,39355967
"06",2020-01-11,"0-130","inc hosp",669.051439,39355967
"06",2020-01-18,"0-130","rate hosp",1.5,39355967
"06",2020-01-18,"0-130","inc hosp",590.339505,39355967
"06",2020-01-25,"0-130","rate hosp",1.7,39355967
"06",2020-01-25,"0-130","inc hosp",669.051439,39355967
"06",2020-02-01,"0-130","rate hosp",1.7,39355967
"06",2020-02-01,"0-130","inc hosp",669.051439,39355967
"06",2020-02-08,"0-130","rate hosp",1.6,39355967
"06",2020-02-08,"0-130","inc hosp",629.695472,39355967
"06",2020-02-15,"0-130","rate hosp",1.6,39355967
"06",2020-02-15,"0-130","inc hosp",629.695472,39355967
"06",2020-02-22,"0-130","rate hosp",1.6,39355967
"06",2020-02-22,"0-130","inc hosp",629.695472,39355967
"06",2020-02-29,"0-130","rate hosp",1.6,39355967
"06",2020-02-29,"0-130","inc hosp",629.695472,39355967
"06",2020-03-07,"0-130","rate hosp",1,39355967
"06",2020-03-07,"0-130","inc hosp",393.55967,39355967
"06",2020-03-14,"0-130","rate hosp",0.8,39355967
"06",2020-03-14,"0-130","inc hosp",314.847736,39355967
"06",2020-03-21,"0-130","rate hosp",0.4,39355967
"06",2020-03-21,"0-130","inc hosp",157.423868,39355967
"06",2020-03-28,"0-130","rate hosp",0.3,39355967
"06",2020-03-28,"0-130","inc hosp",118.067901,39355967
"06",2020-04-04,"0-130","rate hosp",0.1,39355967
"06",2020-04-04,"0-130","inc hosp",39.355967,39355967
"06",2020-04-11,"0-130","rate hosp",0.1,39355967
"06",2020-04-11,"0-130","inc hosp",39.355967,39355967
"06",2020-04-18,"0-130","rate hosp",0,39355967
"06",2020-04-18,"0-130","inc hosp",0,39355967
"06",2020-04-25,"0-130","rate hosp",0,39355967
"06",2020-04-25,"0-130","inc hosp",0,39355967
"06",2020-05-02,"0-130","rate hosp",0,39355967
"06",2020-05-02,"0-130","inc hosp",0,39355967
"08",2019-10-05,"0-130","rate hosp",0,5722553
"08",2019-10-05,"0-130","inc hosp",0,5722553
"08",2019-10-12,"0-130","rate hosp",0,5722553
"08",2019-10-12,"0-130","inc hosp",0,5722553
"08",2019-10-19,"0-130","rate hosp",0,5722553
"08",2019-10-19,"0-130","inc hosp",0,5722553
"08",2019-10-26,"0-130","rate hosp",0,5722553
"08",2019-10-26,"0-130","inc hosp",0,5722553
"08",2019-11-02,"0-130","rate hosp",0.1,5722553
"08",2019-11-02,"0-130","inc hosp",5.722553,5722553
"08",2019-11-09,"0-130","rate hosp",0.2,5722553
"08",2019-11-09,"0-130","inc hosp",11.445106,5722553
"08",2019-11-16,"0-130","rate hosp",0.3,5722553
"08",2019-11-16,"0-130","inc hosp",17.167659,5722553
"08",2019-11-23,"0-130","rate hosp",0.3,5722553
"08",2019-11-23,"0-130","inc hosp",17.167659,5722553
"08",2019-11-30,"0-130","rate hosp",0.5,5722553
"08",2019-11-30,"0-130","inc hosp",28.612765,5722553
"08",2019-12-07,"0-130","rate hosp",1,5722553
"08",2019-12-07,"0-130","inc hosp",57.22553,5722553
"08",2019-12-14,"0-130","rate hosp",0.7,5722553
"08",2019-12-14,"0-130","inc hosp",40.057871,5722553
"08",2019-12-21,"0-130","rate hosp",1.6,5722553
"08",2019-12-21,"0-130","inc hosp",91.560848,5722553
"08",2019-12-28,"0-130","rate hosp",2.5,5722553
"08",2019-12-28,"0-130","inc hosp",143.063825,5722553
"08",2020-01-04,"0-130","rate hosp",2.3,5747519
"08",2020-01-04,"0-130","inc hosp",132.192937,5747519
"08",2020-01-11,"0-130","rate hosp",2.4,5747519
"08",2020-01-11,"0-130","inc hosp",137.940456,5747519
"08",2020-01-18,"0-130","rate hosp",2.6,5747519
"08",2020-01-18,"0-130","inc hosp",149.435494,5747519
"08",2020-01-25,"0-130","rate hosp",2.8,5747519
"08",2020-01-25,"0-130","inc hosp",160.930532,5747519
"08",2020-02-01,"0-130","rate hosp",2.6,5747519
"08",2020-02-01,"0-130","inc hosp",149.435494,5747519
"08",2020-02-08,"0-130","rate hosp",2.1,5747519
"08",2020-02-08,"0-130","inc hosp",120.697899,5747519
"08",2020-02-15,"0-130","rate hosp",2.3,5747519
"08",2020-02-15,"0-130","inc hosp",132.192937,5747519
"08",2020-02-22,"0-130","rate hosp",1.4,5747519
"08",2020-02-22,"0-130","inc hosp",80.465266,5747519
"08",2020-02-29,"0-130","rate hosp",2,5747519
"08",2020-02-29,"0-130","inc hosp",114.95038,5747519
"08",2020-03-07,"0-130","rate hosp",2.3,5747519
"08",2020-03-07,"0-130","inc hosp",132.192937,5747519
"08",2020-03-14,"0-130","rate hosp",1.9,5747519
"08",2020-03-14,"0-130","inc hosp",109.202861,5747519
"08",2020-03-21,"0-130","rate hosp",1.6,5747519
"08",2020-03-21,"0-130","inc hosp",91.960304,5747519
"08",2020-03-28,"0-130","rate hosp",0.9,5747519
"08",2020-03-28,"0-130","inc hosp",51.727671,5747519
"08",2020-04-04,"0-130","rate hosp",0.3,5747519
"08",2020-04-04,"0-130","inc hosp",17.242557,5747519
"08",2020-04-11,"0-130","rate hosp",0.2,5747519
"08",2020-04-11,"0-130","inc hosp",11.495038,5747519
"08",2020-04-18,"0-130","rate hosp",0.1,5747519
"08",2020-04-18,"0-130","inc hosp",5.747519,5747519
"08",2020-04-25,"0-130","rate hosp",0,5747519
"08",2020-04-25,"0-130","inc hosp",0,5747519
"08",2020-05-02,"0-130","rate hosp",0,5747519
"08",2020-05-02,"0-130","inc hosp",0,5747519
"09",2019-10-05,"0-130","rate hosp",0.1,3559112
"09",2019-10-05,"0-130","inc hosp",3.559112,3559112
"09",2019-10-12,"0-130","rate hosp",0.4,3559112
"09",2019-10-12,"0-130","inc hosp",14.236448,3559112
"09",2019-10-19,"0-130","rate hosp",0.1,3559112
"09",2019-10-19,"0-130","inc hosp",3.559112,3559112
"09",2019-10-26,"0-130","rate hosp",0.4,3559112
"09",2019-10-26,"0-130","inc hosp",14.236448,3559112
"09",2019-11-02,"0-130","rate hosp",0.5,3559112
"09",2019-11-02,"0-130","inc hosp",17.79556,3559112
"09",2019-11-09,"0-130","rate hosp",0.4,3559112
"09",2019-11-09,"0-130","inc hosp",14.236448,3559112
"09",2019-11-16,"0-130","rate hosp",0.4,3559112
"09",2019-11-16,"0-130","inc hosp",14.236448,3559112
"09",2019-11-23,"0-130","rate hosp",0.8,3559112
"09",2019-11-23,"0-130","inc hosp",28.472896,3559112
"09",2019-11-30,"0-130","rate hosp",0.6,3559112
"09",2019-11-30,"0-130","inc hosp",21.354672,3559112
"09",2019-12-07,"0-130","rate hosp",1.1,3559112
"09",2019-12-07,"0-130","inc hosp",39.150232,3559112
"09",2019-12-14,"0-130","rate hosp",3.2,3559112
"09",2019-12-14,"0-130","inc hosp",113.891584,3559112
"09",2019-12-21,"0-130","rate hosp",2.9,3559112
"09",2019-12-21,"0-130","inc hosp",103.214248,3559112
"09",2019-12-28,"0-130","rate hosp",3.3,3559112
"09",2019-12-28,"0-130","inc hosp",117.450696,3559112
"09",2020-01-04,"0-130","rate hosp",3.6,3592521
"09",2020-01-04,"0-130","inc hosp",129.330756,3592521
"09",2020-01-11,"0-130","rate hosp",2.3,3592521
"09",2020-01-11,"0-130","inc hosp",82.627983,3592521
"09",2020-01-18,"0-130","rate hosp",2.1,3592521
"09",2020-01-18,"0-130","inc hosp",75.442941,3592521
"09",2020-01-25,"0-130","rate hosp",1.5,3592521
"09",2020-01-25,"0-130","inc hosp",53.887815,3592521
"09",2020-02-01,"0-130","rate hosp",1.6,3592521
"09",2020-02-01,"0-130","inc hosp",57.480336,3592521
"09",2020-02-08,"0-130","rate hosp",0.7,3592521
"09",2020-02-08,"0-130","inc hosp",25.147647,3592521
"09",2020-02-15,"0-130","rate hosp",1.8,3592521
"09",2020-02-15,"0-130","inc hosp",64.665378,3592521
"09",2020-02-22,"0-130","rate hosp",0.7,3592521
"09",2020-02-22,"0-130","inc hosp",25.147647,3592521
"09",2020-02-29,"0-130","rate hosp",0.9,3592521
"09",2020-02-29,"0-130","inc hosp",32.332689,3592521
"09",2020-03-07,"0-130","rate hosp",0.8,3592521
"09",2020-03-07,"0-130","inc hosp",28.740168,3592521
"09",2020-03-14,"0-130","rate hosp",0.9,3592521
"09",2020-03-14,"0-130","inc hosp",32.332689,3592521
"09",2020-03-21,"0-130","rate hosp",0.7,3592521
"09",2020-03-21,"0-130","inc hosp",25.147647,3592521
"09",2020-03-28,"0-130","rate hosp",0.4,3592521
"09",2020-03-28,"0-130","inc hosp",14.370084,3592521
"09",2020-04-04,"0-130","rate hosp",0,3592521
"09",2020-04-04,"0-130","inc hosp",0,3592521
"09",2020-04-11,"0-130","rate hosp",0,3592521
"09",2020-04-11,"0-130","inc hosp",0,3592521
"09",2020-04-18,"0-130","rate hosp",0,3592521
"09",2020-04-18,"0-130","inc hosp",0,3592521
"09",2020-04-25,"0-130","rate hosp",0,3592521
"09",2020-04-25,"0-130","inc hosp",0,3592521
"09",2020-05-02,"0-130","rate hosp",0,3592521
"09",2020-05-02,"0-130","inc hosp",0,3592521
"13",2019-10-05,"0-130","rate hosp",0.5,10565165
"13",2019-10-05,"0-130","inc hosp",52.825825,10565165
"13",2019-10-12,"0-130","rate hosp",0.5,10565165
"13",2019-10-12,"0-130","inc hosp",52.825825,10565165
"13",2019-10-19,"0-130","rate hosp",1,10565165
"13",2019-10-19,"0-130","inc hosp",105.65165,10565165
"13",2019-10-26,"0-130","rate hosp",1.2,10565165
"13",2019-10-26,"0-130","inc hosp",126.78198,10565165
"13",2019-11-02,"0-130","rate hosp",1.6,10565165
"13",2019-11-02,"0-130","inc hosp",169.04264,10565165
"13",2019-11-09,"0-130","rate hosp",1.4,10565165
"13",2019-11-09,"0-130","inc hosp",147.91231,10565165
"13",2019-11-16,"0-130","rate hosp",1.8,10565165
"13",2019-11-16,"0-130","inc hosp",190.17297,10565165
"13",2019-11-23,"0-130","rate hosp",2,10565165
"13",2019-11-23,"0-130","inc hosp",211.3033,10565165
"13",2019-11-30,"0-130","rate hosp",1.4,10565165
"13",2019-11-30,"0-130","inc hosp",147.91231,10565165
"13",2019-12-07,"0-130","rate hosp",2.1,10565165
"13",2019-12-07,"0-130","inc hosp",221.868465,10565165
"13",2019-12-14,"0-130","rate hosp",1.5,10565165
"13",2019-12-14,"0-130","inc hosp",158.477475,10565165
"13",2019-12-21,"0-130","rate hosp",1.3,10565165
"13",2019-12-21,"0-130","inc hosp",137.347145,10565165
"13",2019-12-28,"0-130","rate hosp",1.1,10565165
"13",2019-12-28,"0-130","inc hosp",116.216815,10565165
"13",2020-01-04,"0-130","rate hosp",1.3,10667486
"13",2020-01-04,"0-130","inc hosp",138.677318,10667486
"13",2020-01-11,"0-130","rate hosp",0.8,10667486
"13",2020-01-11,"0-130","inc hosp",85.339888,10667486
"13",2020-01-18,"0-130","rate hosp",0.6,10667486
"13",2020-01-18,"0-130","inc hosp",64.004916,10667486
"13",2020-01-25,"0-130","rate hosp",0.4,10667486
"13",2020-01-25,"0-130","inc hosp",42.669944,10667486
"13",2020-02-01,"0-130","rate hosp",0.5,10667486
"13",2020-02-01,"0-130","inc hosp",53.33743,10667486
"13",2020-02-08,"0-130","rate hosp",0.5,10667486
"13",2020-02-08,"0-130","inc hosp",53.33743,10667486
"13",2020-02-15,"0-130","rate hosp",0.4,10667486
"13",2020-02-15,"0-130","inc hosp",42.669944,10667486
"13",2020-02-22,"0-130","rate hosp",0.3,10667486
"13",2020-02-22,"0-130","inc hosp",32.002458,10667486
"13",2020-02-29,"0-130","rate hosp",0.3,10667486
"13",2020-02-29,"0-130","inc hosp",32.002458,10667486
"13",2020-03-07,"0-130","rate hosp",0.2,10667486
"13",2020-03-07,"0-130","inc hosp",21.334972,10667486
"13",2020-03-14,"0-130","rate hosp",0.4,10667486
"13",2020-03-14,"0-130","inc hosp",42.669944,10667486
"13",2020-03-21,"0-130","rate hosp",0.1,10667486
"13",2020-03-21,"0-130","inc hosp",10.667486,10667486
"13",2020-03-28,"0-130","rate hosp",0,10667486
"13",2020-03-28,"0-130","inc hosp",0,10667486
"13",2020-04-04,"0-130","rate hosp",0.1,10667486
"13",2020-04-04,"0-130","inc hosp",10.667486,10667486
"13",2020-04-11,"0-130","rate hosp",0,10667486
"13",2020-04-11,"0-130","inc hosp",0,10667486
"13",2020-04-18,"0-130","rate hosp",0,10667486
"13",2020-04-18,"0-130","inc hosp",0,10667486
"13",2020-04-25,"0-130","rate hosp",0,10667486
"13",2020-04-25,"0-130","inc hosp",0,10667486
"13",2020-05-02,"0-130","rate hosp",0,10667486
"13",2020-05-02,"0-130","inc hosp",0,10667486
"24",2019-10-05,"0-130","rate hosp",0.1,6019398
"24",2019-10-05,"0-130","inc hosp",6.019398,6019398
"24",2019-10-12,"0-130","rate hosp",0.1,6019398
"24",2019-10-12,"0-130","inc hosp",6.019398,6019398
"24",2019-10-19,"0-130","rate hosp",0.2,6019398
"24",2019-10-19,"0-130","inc hosp",12.038796,6019398
"24",2019-10-26,"0-130","rate hosp",0.3,6019398
"24",2019-10-26,"0-130","inc hosp",18.058194,6019398
"24",2019-11-02,"0-130","rate hosp",0.4,6019398
"24",2019-11-02,"0-130","inc hosp",24.077592,6019398
"24",2019-11-09,"0-130","rate hosp",0.7,6019398
"24",2019-11-09,"0-130","inc hosp",42.135786,6019398
"24",2019-11-16,"0-130","rate hosp",0.9,6019398
"24",2019-11-16,"0-130","inc hosp",54.174582,6019398
"24",2019-11-23,"0-130","rate hosp",1,6019398
"24",2019-11-23,"0-130","inc hosp",60.19398,6019398
"24",2019-11-30,"0-130","rate hosp",1.6,6019398
"24",2019-11-30,"0-130","inc hosp",96.310368,6019398
"24",2019-12-07,"0-130","rate hosp",2.3,6019398
"24",2019-12-07,"0-130","inc hosp",138.446154,6019398
"24",2019-12-14,"0-130","rate hosp",1.8,6019398
"24",2019-12-14,"0-130","inc hosp",108.349164,6019398
"24",2019-12-21,"0-130","rate hosp",1.7,6019398
"24",2019-12-21,"0-130","inc hosp",102.329766,6019398
"24",2019-12-28,"0-130","rate hosp",2.1,6019398
"24",2019-12-28,"0-130","inc hosp",126.407358,6019398
"24",2020-01-04,"0-130","rate hosp",2.5,6141413
"24",2020-01-04,"0-130","inc hosp",153.535325,6141413
"24",2020-01-11,"0-130","rate hosp",2.1,6141413
"24",2020-01-11,"0-130","inc hosp",128.969673,6141413
"24",2020-01-18,"0-130","rate hosp",1.2,6141413
"24",2020-01-18,"0-130","inc hosp",73.696956,6141413
"24",2020-01-25,"0-130","rate hosp",1.3,6141413
"24",2020-01-25,"0-130","inc hosp",79.838369,6141413
"24",2020-02-01,"0-130","rate hosp",1.1,6141413
"24",2020-02-01,"0-130","inc hosp",67.555543,6141413
"24",2020-02-08,"0-130","rate hosp",0.7,6141413
"24",2020-02-08,"0-130","inc hosp",42.989891,6141413
"24",2020-02-15,"0-130","rate hosp",0.8,6141413
"24",2020-02-15,"0-130","inc hosp",49.131304,6141413
"24",2020-02-22,"0-130","rate hosp",0.5,6141413
"24",2020-02-22,"0-130","inc hosp",30.707065,6141413
"24",2020-02-29,"0-130","rate hosp",0.4,6141413
"24",2020-02-29,"0-130","inc hosp",24.565652,6141413
"24",2020-03-07,"0-130","rate hosp",0.4,6141413
"24",2020-03-07,"0-130","inc hosp",24.565652,6141413
"24",2020-03-14,"0-130","rate hosp",0.5,6141413
"24",2020-03-14,"0-130","inc hosp",30.707065,6141413
"24",2020-03-21,"0-130","rate hosp",0.2,6141413
"24",2020-03-21,"0-130","inc hosp",12.282826,6141413
"24",2020-03-28,"0-130","rate hosp",0,6141413
"24",2020-03-28,"0-130","inc hosp",0,6141413
"24",2020-04-04,"0-130","rate hosp",0,6141413
"24",2020-04-04,"0-130","inc hosp",0,6141413
"24",2020-04-11,"0-130","rate hosp",0.1,6141413
"24",2020-04-11,"0-130","inc hosp",6.141413,6141413
"24",2020-04-18,"0-130","rate hosp",0,6141413
"24",2020-04-18,"0-130","inc hosp",0,6141413
"24",2020-04-25,"0-130","rate hosp",0,6141413
"24",2020-04-25,"0-130","inc hosp",0,6141413
"24",2020-05-02,"0-130","rate hosp",0,6141413
"24",2020-05-02,"0-130","inc hosp",0,6141413
"26",2019-10-05,"0-130","rate hosp",0,9981086
"26",2019-10-05,"0-130","inc hosp",0,9981086
"26",2019-10-12,"0-130","rate hosp",0.1,9981086
"26",2019-10-12,"0-130","inc hosp",9.981086,9981086
"26",2019-10-19,"0-130","rate hosp",0.3,9981086
"26",2019-10-19,"0-130","inc hosp",29.943258,9981086
"26",2019-10-26,"0-130","rate hosp",0.3,9981086
"26",2019-10-26,"0-130","inc hosp",29.943258,9981086
"26",2019-11-02,"0-130","rate hosp",0.1,9981086
"26",2019-11-02,"0-130","inc hosp",9.981086,9981086
"26",2019-11-09,"0-130","rate hosp",0.1,9981086
"26",2019-11-09,"0-130","inc hosp",9.981086,9981086
"26",2019-11-16,"0-130","rate hosp",0.5,9981086
"26",2019-11-16,"0-130","inc hosp",49.90543,9981086
"26",2019-11-23,"0-130","rate hosp",1.7,9981086
"26",2019-11-23,"0-130","inc hosp",169.678462,9981086
"26",2019-11-30,"0-130","rate hosp",2.1,9981086
"26",2019-11-30,"0-130","inc hosp",209.602806,9981086
"26",2019-12-07,"0-130","rate hosp",2.5,9981086
"26",2019-12-07,"0-130","inc hosp",249.52715,9981086
"26",2019-12-14,"0-130","rate hosp",4,9981086
"26",2019-12-14,"0-130","inc hosp",399.24344,9981086
"26",2019-12-21,"0-130","rate hosp",4.1,9981086
"26",2019-12-21,"0-130","inc hosp",409.224526,9981086
"26",2019-12-28,"0-130","rate hosp",5.1,9981086
"26",2019-12-28,"0-130","inc hosp",509.035386,9981086
"26",2020-01-04,"0-130","rate hosp",6.6,10067422
"26",2020-01-04,"0-130","inc hosp",664.449852,10067422
"26",2020-01-11,"0-130","rate hosp",3.9,10067422
"26",2020-01-11,"0-130","inc hosp",392.629458,10067422
"26",2020-01-18,"0-130","rate hosp",3.1,10067422
"26",2020-01-18,"0-130","inc hosp",312.090082,10067422
"26",2020-01-25,"0-130","rate hosp",2.5,10067422
"26",2020-01-25,"0-130","inc hosp",251.68555,10067422
"26",2020-02-01,"0-130","rate hosp",2.2,10067422
"26",2020-02-01,"0-130","inc hosp",221.483284,10067422
"26",2020-02-08,"0-130","rate hosp",1.6,10067422
"26",2020-02-08,"0-130","inc hosp",161.078752,10067422
"26",2020-02-15,"0-130","rate hosp",1.9,10067422
"26",2020-02-15,"0-130","inc hosp",191.281018,10067422
"26",2020-02-22,"0-130","rate hosp",1.9,10067422
"26",2020-02-22,"0-130","inc hosp",191.281018,10067422
"26",2020-02-29,"0-130","rate hosp",0.8,10067422
"26",2020-02-29,"0-130","inc hosp",80.539376,10067422
"26",2020-03-07,"0-130","rate hosp",1.3,10067422
"26",2020-03-07,"0-130","inc hosp",130.876486,10067422
"26",2020-03-14,"0-130","rate hosp",0.4,10067422
"26",2020-03-14,"0-130","inc hosp",40.269688,10067422
"26",2020-03-21,"0-130","rate hosp",0.3,10067422
"26",2020-03-21,"0-130","inc hosp",30.202266,10067422
"26",2020-03-28,"0-130","rate hosp",0.4,10067422
"26",2020-03-28,"0-130","inc hosp",40.269688,10067422
"26",2020-04-04,"0-130","rate hosp",0,10067422
"26",2020-04-04,"0-130","inc hosp",0,10067422
"26",2020-04-11,"0-130","rate hosp",0,10067422
"26",2020-04-11,"0-130","inc hosp",0,10067422
"26",2020-04-18,"0-130","rate hosp",0.1,10067422
"26",2020-04-18,"0-130","inc hosp",10.067422,10067422
"26",2020-04-25,"0-130","rate hosp",0,10067422
"26",2020-04-25,"0-130","inc hosp",0,10067422
"26",2020-05-02,"0-130","rate hosp",0.1,10067422
"26",2020-05-02,"0-130","inc hosp",10.067422,10067422
"27",2019-10-05,"0-130","rate hosp",0.1,5637917
"27",2019-10-05,"0-130","inc hosp",5.637917,5637917
"27",2019-10-12,"0-130","rate hosp",0.2,5637917
"27",2019-10-12,"0-130","inc hosp",11.275834,5637917
"27",2019-10-19,"0-130","rate hosp",0.4,5637917
"27",2019-10-19,"0-130","inc hosp",22.551668,5637917
"27",2019-10-26,"0-130","rate hosp",0.3,5637917
"27",2019-10-26,"0-130","inc hosp",16.913751,5637917
"27",2019-11-02,"0-130","rate hosp",0.2,5637917
"27",2019-11-02,"0-130","inc hosp",11.275834,5637917
"27",2019-11-09,"0-130","rate hosp",0.6,5637917
"27",2019-11-09,"0-130","inc hosp",33.827502,5637917
"27",2019-11-16,"0-130","rate hosp",0.8,5637917
"27",2019-11-16,"0-130","inc hosp",45.103336,5637917
"27",2019-11-23,"0-130","rate hosp",0.3,5637917
"27",2019-11-23,"0-130","inc hosp",16.913751,5637917
"27",2019-11-30,"0-130","rate hosp",1.2,5637917
"27",2019-11-30,"0-130","inc hosp",67.655004,5637917
"27",2019-12-07,"0-130","rate hosp",1.8,5637917
"27",2019-12-07,"0-130","inc hosp",101.482506,5637917
"27",2019-12-14,"0-130","rate hosp",1.7,5637917
"27",2019-12-14,"0-130","inc hosp",95.844589,5637917
"27",2019-12-21,"0-130","rate hosp",1.6,5637917
"27",2019-12-21,"0-130","inc hosp",90.206672,5637917
"27",2019-12-28,"0-130","rate hosp",2.4,5637917
"27",2019-12-28,"0-130","inc hosp",135.310008,5637917
"27",2020-01-04,"0-130","rate hosp",1.9,5709157
"27",2020-01-04,"0-130","inc hosp",108.473983,5709157
"27",2020-01-11,"0-130","rate hosp",1.8,5709157
"27",2020-01-11,"0-130","inc hosp",102.764826,5709157
"27",2020-01-18,"0-130","rate hosp",1.4,5709157
"27",2020-01-18,"0-130","inc hosp",79.928198,5709157
"27",2020-01-25,"0-130","rate hosp",1.4,5709157
"27",2020-01-25,"0-130","inc hosp",79.928198,5709157
"27",2020-02-01,"0-130","rate hosp",1.1,5709157
"27",2020-02-01,"0-130","inc hosp",62.800727,5709157
"27",2020-02-08,"0-130","rate hosp",1,5709157
"27",2020-02-08,"0-130","inc hosp",57.09157,5709157
"27",2020-02-15,"0-130","rate hosp",0.8,5709157
"27",2020-02-15,"0-130","inc hosp",45.673256,5709157
"27",2020-02-22,"0-130","rate hosp",0.7,5709157
"27",2020-02-22,"0-130","inc hosp",39.964099,5709157
"27",2020-02-29,"0-130","rate hosp",0.4,5709157
"27",2020-02-29,"0-130","inc hosp",22.836628,5709157
"27",2020-03-07,"0-130","rate hosp",0.7,5709157
"27",2020-03-07,"0-130","inc hosp",39.964099,5709157
"27",2020-03-14,"0-130","rate hosp",0.8,5709157
"27",2020-03-14,"0-130","inc hosp",45.673256,5709157
"27",2020-03-21,"0-130","rate hosp",0.6,5709157
"27",2020-03-21,"0-130","inc hosp",34.254942,5709157
"27",2020-03-28,"0-130","rate hosp",0.3,5709157
"27",2020-03-28,"0-130","inc hosp",17.127471,5709157
"27",2020-04-04,"0-130","rate hosp",0.2,5709157
"27",2020-04-04,"0-130","inc hosp",11.418314,5709157
"27",2020-04-11,"0-130","rate hosp",0,5709157
"27",2020-04-11,"0-130","inc hosp",0,5709157
"27",2020-04-18,"0-130","rate hosp",0,5709157
"27",2020-04-18,"0-130","inc hosp",0,5709157
"27",2020-04-25,"0-130","rate hosp",0,5709157
"27",2020-04-25,"0-130","inc hosp",0,5709157
"27",2020-05-02,"0-130","rate hosp",0,5709157
"27",2020-05-02,"0-130","inc hosp",0,5709157
"35",2019-10-05,"0-130","rate hosp",0,2087979
"35",2019-10-05,"0-130","inc hosp",0,2087979
"35",2019-10-12,"0-130","rate hosp",0,2087979
"35",2019-10-12,"0-130","inc hosp",0,2087979
"35",2019-10-19,"0-130","rate hosp",0,2087979
"35",2019-10-19,"0-130","inc hosp",0,2087979
"35",2019-10-26,"0-130","rate hosp",0.1,2087979
"35",2019-10-26,"0-130","inc hosp",2.087979,2087979
"35",2019-11-02,"0-130","rate hosp",0.1,2087979
"35",2019-11-02,"0-130","inc hosp",2.087979,2087979
"35",2019-11-09,"0-130","rate hosp",0.3,2087979
"35",2019-11-09,"0-130","inc hosp",6.263937,2087979
"35",2019-11-16,"0-130","rate hosp",0.6,2087979
"35",2019-11-16,"0-130","inc hosp",12.527874,2087979
"35",2019-11-23,"0-130","rate hosp",0.7,2087979
"35",2019-11-23,"0-130","inc hosp",14.615853,2087979
"35",2019-11-30,"0-130","rate hosp",0.7,2087979
"35",2019-11-30,"0-130","inc hosp",14.615853,2087979
"35",2019-12-07,"0-130","rate hosp",1.5,2087979
"35",2019-12-07,"0-130","inc hosp",31.319685,2087979
"35",2019-12-14,"0-130","rate hosp",2.9,2087979
"35",2019-12-14,"0-130","inc hosp",60.551391,2087979
"35",2019-12-21,"0-130","rate hosp",2.3,2087979
"35",2019-12-21,"0-130","inc hosp",48.023517,2087979
"35",2019-12-28,"0-130","rate hosp",4.1,2087979
"35",2019-12-28,"0-130","inc hosp",85.607139,2087979
"35",2020-01-04,"0-130","rate hosp",4.8,2105467
"35",2020-01-04,"0-130","inc hosp",101.062416,2105467
"35",2020-01-11,"0-130","rate hosp",4.8,2105467
"35",2020-01-11,"0-130","inc hosp",101.062416,2105467
"35",2020-01-18,"0-130","rate hosp",6.5,2105467
"35",2020-01-18,"0-130","inc hosp",136.855355,2105467
"35",2020-01-25,"0-130","rate hosp",6.5,2105467
"35",2020-01-25,"0-130","inc hosp",136.855355,2105467
"35",2020-02-01,"0-130","rate hosp",7,2105467
"35",2020-02-01,"0-130","inc hosp",147.38269,2105467
"35",2020-02-08,"0-130","rate hosp",8.7,2105467
"35",2020-02-08,"0-130","inc hosp",183.175629,2105467
"35",2020-02-15,"0-130","rate hosp",8.4,2105467
"35",2020-02-15,"0-130","inc hosp",176.859228,2105467
"35",2020-02-22,"0-130","rate hosp",7.8,2105467
"35",2020-02-22,"0-130","inc hosp",164.226426,2105467
"35",2020-02-29,"0-130","rate hosp",5.6,2105467
"35",2020-02-29,"0-130","inc hosp",117.906152,2105467
"35",2020-03-07,"0-130","rate hosp",5.9,2105467
"35",2020-03-07,"0-130","inc hosp",124.222553,2105467
"35",2020-03-14,"0-130","rate hosp",3.1,2105467
"35",2020-03-14,"0-130","inc hosp",65.269477,2105467
"35",2020-03-21,"0-130","rate hosp",1.6,2105467
"35",2020-03-21,"0-130","inc hosp",33.687472,2105467
"35",2020-03-28,"0-130","rate hosp",1.5,2105467
"35",2020-03-28,"0-130","inc hosp",31.582005,2105467
"35",2020-04-04,"0-130","rate hosp",0.3,2105467
"35",2020-04-04,"0-130","inc hosp",6.316401,2105467
"35",2020-04-11,"0-130","rate hosp",0,2105467
"35",2020-04-11,"0-130","inc hosp",0,2105467
"35",2020-04-18,"0-130","rate hosp",0,2105467
"35",2020-04-18,"0-130","inc hosp",0,2105467
"35",2020-04-25,"0-130","rate hosp",0,2105467
"35",2020-04-25,"0-130","inc hosp",0,2105467
"35",2020-05-02,"0-130","rate hosp",0,2105467
"35",2020-05-02,"0-130","inc hosp",0,2105467
"36",2019-10-05,"0-130","rate hosp",0.1,19438191
"36",2019-10-05,"0-130","inc hosp",19.438191,19438191
"36",2019-10-12,"0-130","rate hosp",0.3,19438191
"36",2019-10-12,"0-130","inc hosp",58.314573,19438191
"36",2019-10-19,"0-130","rate hosp",0.1,19438191
"36",2019-10-19,"0-130","inc hosp",19.438191,19438191
"36",2019-10-26,"0-130","rate hosp",0.2,19438191
"36",2019-10-26,"0-130","inc hosp",38.876382,19438191
"36",2019-11-02,"0-130","rate hosp",0.6,19438191
"36",2019-11-02,"0-130","inc hosp",116.629146,19438191
"36",2019-11-09,"0-130","rate hosp",0.6,19438191
"36",2019-11-09,"0-130","inc hosp",116.629146,19438191
"36",2019-11-16,"0-130","rate hosp",0.7,19438191
"36",2019-11-16,"0-130","inc hosp",136.067337,19438191
"36",2019-11-23,"0-130","rate hosp",1,19438191
"36",2019-11-23,"0-130","inc hosp",194.38191,19438191
"36",2019-11-30,"0-130","rate hosp",1.7,19438191
"36",2019-11-30,"0-130","inc hosp",330.449247,19438191
"36",2019-12-07,"0-130","rate hosp",3,19438191
"36",2019-12-07,"0-130","inc hosp",583.14573,19438191
"36",2019-12-14,"0-130","rate hosp",3,19438191
"36",2019-12-14,"0-130","inc hosp",583.14573,19438191
"36",2019-12-21,"0-130","rate hosp",3.7,19438191
"36",2019-12-21,"0-130","inc hosp",719.213067,19438191
"36",2019-12-28,"0-130","rate hosp",4.8,19438191
"36",2019-12-28,"0-130","inc hosp",933.033168,19438191
"36",2020-01-04,"0-130","rate hosp",6.3,20088162
"36",2020-01-04,"0-130","inc hosp",1265.554206,20088162
"36",2020-01-11,"0-130","rate hosp",3.3,20088162
"36",2020-01-11,"0-130","inc hosp",662.909346,20088162
"36",2020-01-18,"0-130","rate hosp",3.3,20088162
"36",2020-01-18,"0-130","inc hosp",662.909346,20088162
"36",2020-01-25,"0-130","rate hosp",3.3,20088162
"36",2020-01-25,"0-130","inc hosp",662.909346,20088162
"36",2020-02-01,"0-130","rate hosp",2.9,20088162
"36",2020-02-01,"0-130","inc hosp",582.556698,20088162
"36",2020-02-08,"0-130","rate hosp",1.9,20088162
"36",2020-02-08,"0-130","inc hosp",381.675078,20088162
"36",2020-02-15,"0-130","rate hosp",2.1,20088162
"36",2020-02-15,"0-130","inc hosp",421.851402,20088162
"36",2020-02-22,"0-130","rate hosp",1.9,20088162
"36",2020-02-22,"0-130","inc hosp",381.675078,20088162
"36",2020-02-29,"0-130","rate hosp",1.2,20088162
"36",2020-02-29,"0-130","inc hosp",241.057944,20088162
"36",2020-03-07,"0-130","rate hosp",0.8,20088162
"36",2020-03-07,"0-130","inc hosp",160.705296,20088162
"36",2020-03-14,"0-130","rate hosp",0.7,20088162
"36",2020-03-14,"0-130","inc hosp",140.617134,20088162
"36",2020-03-21,"0-130","rate hosp",0.5,20088162
"36",2020-03-21,"0-130","inc hosp",100.44081,20088162
"36",2020-03-28,"0-130","rate hosp",0.3,20088162
"36",2020-03-28,"0-130","inc hosp",60.264486,20088162
"36",2020-04-04,"0-130","rate hosp",0.3,20088162
"36",2020-04-04,"0-130","inc hosp",60.264486,20088162
"36",2020-04-11,"0-130","rate hosp",0.1,20088162
"36",2020-04-11,"0-130","inc hosp",20.088162,20088162
"36",2020-04-18,"0-130","rate hosp",0,20088162
"36",2020-04-18,"0-130","inc hosp",0,20088162
"36",2020-04-25,"0-130","rate hosp",0,20088162
"36",2020-04-25,"0-130","inc hosp",0,20088162
"36",2020-05-02,"0-130","rate hosp",0,20088162
"36",2020-05-02,"0-130","inc hosp",0,20088162
"41",2019-10-05,"0-130","rate hosp",0.1,4213537
"41",2019-10-05,"0-130","inc hosp",4.213537,4213537
"41",2019-10-12,"0-130","rate hosp",0,4213537
"41",2019-10-12,"0-130","inc hosp",0,4213537
"41",2019-10-19,"0-130","rate hosp",0.1,4213537
"41",2019-10-19,"0-130","inc hosp",4.213537,4213537
"41",2019-10-26,"0-130","rate hosp",0.1,4213537
"41",2019-10-26,"0-130","inc hosp",4.213537,4213537
"41",2019-11-02,"0-130","rate hosp",0.2,4213537
"41",2019-11-02,"0-130","inc hosp",8.427074,4213537
"41",2019-11-09,"0-130","rate hosp",0.2,4213537
"41",2019-11-09,"0-130","inc hosp",8.427074,4213537
"41",2019-11-16,"0-130","rate hosp",0.4,4213537
"41",2019-11-16,"0-130","inc hosp",16.854148,4213537
"41",2019-11-23,"0-130","rate hosp",0.5,4213537
"41",2019-11-23,"0-130","inc hosp",21.067685,4213537
"41",2019-11-30,"0-130","rate hosp",1,4213537
"41",2019-11-30,"0-130","inc hosp",42.13537,4213537
"41",2019-12-07,"0-130","rate hosp",1.2,4213537
"41",2019-12-07,"0-130","inc hosp",50.562444,4213537
"41",2019-12-14,"0-130","rate hosp",2,4213537
"41",2019-12-14,"0-130","inc hosp",84.27074,4213537
"41",2019-12-21,"0-130","rate hosp",1.8,4213537
"41",2019-12-21,"0-130","inc hosp",75.843666,4213537
"41",2019-12-28,"0-130","rate hosp",2,4213537
"41",2019-12-28,"0-130","inc hosp",84.27074,4213537
"41",2020-01-04,"0-130","rate hosp",3.4,4243332
"41",2020-01-04,"0-130","inc hosp",144.273288,4243332
"41",2020-01-11,"0-130","rate hosp",2,4243332
"41",2020-01-11,"0-130","inc hosp",84.86664,4243332
"41",2020-01-18,"0-130","rate hosp",2.7,4243332
"41",2020-01-18,"0-130","inc hosp",114.569964,4243332
"41",2020-01-25,"0-130","rate hosp",2,4243332
"41",2020-01-25,"0-130","inc hosp",84.86664,4243332
"41",2020-02-01,"0-130","rate hosp",2.2,4243332
"41",2020-02-01,"0-130","inc hosp",93.353304,4243332
"41",2020-02-08,"0-130","rate hosp",1.6,4243332
"41",2020-02-08,"0-130","inc hosp",67.893312,4243332
"41",2020-02-15,"0-130","rate hosp",1.9,4243332
"41",2020-02-15,"0-130","inc hosp",80.623308,4243332
"41",2020-02-22,"0-130","rate hosp",1.6,4243332
"41",2020-02-22,"0-130","inc hosp",67.893312,4243332
"41",2020-02-29,"0-130","rate hosp",1.1,4243332
"41",2020-02-29,"0-130","inc hosp",46.676652,4243332
"41",2020-03-07,"0-130","rate hosp",1.7,4243332
"41",2020-03-07,"0-130","inc hosp",72.136644,4243332
"41",2020-03-14,"0-130","rate hosp",1.1,4243332
"41",2020-03-14,"0-130","inc hosp",46.676652,4243332
"41",2020-03-21,"0-130","rate hosp",1.1,4243332
"41",2020-03-21,"0-130","inc hosp",46.676652,4243332
"41",2020-03-28,"0-130","rate hosp",0.5,4243332
"41",2020-03-28,"0-130","inc hosp",21.21666,4243332
"41",2020-04-04,"0-130","rate hosp",0.2,4243332
"41",2020-04-04,"0-130","inc hosp",8.486664,4243332
"41",2020-04-11,"0-130","rate hosp",0.1,4243332
"41",2020-04-11,"0-130","inc hosp",4.243332,4243332
"41",2020-04-18,"0-130","rate hosp",0.1,4243332
"41",2020-04-18,"0-130","inc hosp",4.243332,4243332
"41",2020-04-25,"0-130","rate hosp",0,4243332
"41",2020-04-25,"0-130","inc hosp",0,4243332
"41",2020-05-02,"0-130","rate hosp",0.1,4243332
"41",2020-05-02,"0-130","inc hosp",4.243332,4243332
"US",2019-10-05,"0-130","rate hosp",0.1,327143032
"US",2019-10-05,"0-130","inc hosp",327.143032,327143032
"US",2019-10-12,"0-130","rate hosp",0.2,327143032
"US",2019-10-12,"0-130","inc hosp",654.286064,327143032
"US",2019-10-19,"0-130","rate hosp",0.3,327143032
"US",2019-10-19,"0-130","inc hosp",981.429096,327143032
"US",2019-10-26,"0-130","rate hosp",0.3,327143032
"US",2019-10-26,"0-130","inc hosp",981.429096,327143032
"US",2019-11-02,"0-130","rate hosp",0.4,327143032
"US",2019-11-02,"0-130","inc hosp",1308.572128,327143032
"US",2019-11-09,"0-130","rate hosp",0.6,327143032
"US",2019-11-09,"0-130","inc hosp",1962.858192,327143032
"US",2019-11-16,"0-130","rate hosp",0.8,327143032
"US",2019-11-16,"0-130","inc hosp",2617.144256,327143032
"US",2019-11-23,"0-130","rate hosp",0.9,327143032
"US",2019-11-23,"0-130","inc hosp",2944.287288,327143032
"US",2019-11-30,"0-130","rate hosp",1.2,327143032
"US",2019-11-30,"0-130","inc hosp",3925.716384,327143032
"US",2019-12-07,"0-130","rate hosp",1.8,327143032
"US",2019-12-07,"0-130","inc hosp",5888.574576,327143032
"US",2019-12-14,"0-130","rate hosp",1.8,327143032
"US",2019-12-14,"0-130","inc hosp",5888.574576,327143032
"US",2019-12-21,"0-130","rate hosp",1.9,327143032
"US",2019-12-21,"0-130","inc hosp",6215.717608,327143032
"US",2019-12-28,"0-130","rate hosp",2.3,327143032
"US",2019-12-28,"0-130","inc hosp",7524.289736,327143032
"US",2020-01-04,"0-130","rate hosp",2.8,330396837
"US",2020-01-04,"0-130","inc hosp",9251.111436,330396837
"US",2020-01-11,"0-130","rate hosp",2.1,330396837
"US",2020-01-11,"0-130","inc hosp",6938.333577,330396837
"US",2020-01-18,"0-130","rate hosp",1.9,330396837
"US",2020-01-18,"0-130","inc hosp",6277.539903,330396837
"US",2020-01-25,"0-130","rate hosp",1.8,330396837
"US",2020-01-25,"0-130","inc hosp",5947.143066,330396837
"US",2020-02-01,"0-130","rate hosp",1.8,330396837
"US",2020-02-01,"0-130","inc hosp",5947.143066,330396837
"US",2020-02-08,"0-130","rate hosp",1.5,330396837
"US",2020-02-08,"0-130","inc hosp",4955.952555,330396837
"US",2020-02-15,"0-130","rate hosp",1.5,330396837
"US",2020-02-15,"0-130","inc hosp",4955.952555,330396837
"US",2020-02-22,"0-130","rate hosp",1.3,330396837
"US",2020-02-22,"0-130","inc hosp",4295.158881,330396837
"US",2020-02-29,"0-130","rate hosp",1,330396837
"US",2020-02-29,"0-130","inc hosp",3303.96837,330396837
"US",2020-03-07,"0-130","rate hosp",1.1,330396837
"US",2020-03-07,"0-130","inc hosp",3634.365207,330396837
"US",2020-03-14,"0-130","rate hosp",0.9,330396837
"US",2020-03-14,"0-130","inc hosp",2973.571533,330396837
"US",2020-03-21,"0-130","rate hosp",0.6,330396837
"US",2020-03-21,"0-130","inc hosp",1982.381022,330396837
"US",2020-03-28,"0-130","rate hosp",0.3,330396837
"US",2020-03-28,"0-130","inc hosp",991.190511,330396837
"US",2020-04-04,"0-130","rate hosp",0.2,330396837
"US",2020-04-04,"0-130","inc hosp",660.793674,330396837
"US",2020-04-11,"0-130","rate hosp",0.1,330396837
"US",2020-04-11,"0-130","inc hosp",330.396837,330396837
"US",2020-04-18,"0-130","rate hosp",0,330396837
"US",2020-04-18,"0-130","inc hosp",0,330396837
"US",2020-04-25,"0-130","rate hosp",0,330396837
"US",2020-04-25,"0-130","inc hosp",0,330396837
"US",2020-05-02,"0-130","rate hosp",0,330396837
"US",2020-05-02,"0-130","inc hosp",0,330396837
"47",2019-10-05,"0-130","rate hosp",0.1,6809974
"47",2019-10-05,"0-130","inc hosp",6.809974,6809974
"47",2019-10-12,"0-130","rate hosp",0.1,6809974
"47",2019-10-12,"0-130","inc hosp",6.809974,6809974
"47",2019-10-19,"0-130","rate hosp",0.1,6809974
"47",2019-10-19,"0-130","inc hosp",6.809974,6809974
"47",2019-10-26,"0-130","rate hosp",0.1,6809974
"47",2019-10-26,"0-130","inc hosp",6.809974,6809974
"47",2019-11-02,"0-130","rate hosp",0.2,6809974
"47",2019-11-02,"0-130","inc hosp",13.619948,6809974
"47",2019-11-09,"0-130","rate hosp",0.4,6809974
"47",2019-11-09,"0-130","inc hosp",27.239896,6809974
"47",2019-11-16,"0-130","rate hosp",0.8,6809974
"47",2019-11-16,"0-130","inc hosp",54.479792,6809974
"47",2019-11-23,"0-130","rate hosp",1.4,6809974
"47",2019-11-23,"0-130","inc hosp",95.339636,6809974
"47",2019-11-30,"0-130","rate hosp",2.2,6809974
"47",2019-11-30,"0-130","inc hosp",149.819428,6809974
"47",2019-12-07,"0-130","rate hosp",3.5,6809974
"47",2019-12-07,"0-130","inc hosp",238.34909,6809974
"47",2019-12-14,"0-130","rate hosp",3.4,6809974
"47",2019-12-14,"0-130","inc hosp",231.539116,6809974
"47",2019-12-21,"0-130","rate hosp",5.1,6809974
"47",2019-12-21,"0-130","inc hosp",347.308674,6809974
"47",2019-12-28,"0-130","rate hosp",3.6,6809974
"47",2019-12-28,"0-130","inc hosp",245.159064,6809974
"47",2020-01-04,"0-130","rate hosp",4.2,6905257
"47",2020-01-04,"0-130","inc hosp",290.020794,6905257
"47",2020-01-11,"0-130","rate hosp",2.8,6905257
"47",2020-01-11,"0-130","inc hosp",193.347196,6905257
"47",2020-01-18,"0-130","rate hosp",2.1,6905257
"47",2020-01-18,"0-130","inc hosp",145.010397,6905257
"47",2020-01-25,"0-130","rate hosp",1.7,6905257
"47",2020-01-25,"0-130","inc hosp",117.389369,6905257
"47",2020-02-01,"0-130","rate hosp",1.7,6905257
"47",2020-02-01,"0-130","inc hosp",117.389369,6905257
"47",2020-02-08,"0-130","rate hosp",1.4,6905257
"47",2020-02-08,"0-130","inc hosp",96.673598,6905257
"47",2020-02-15,"0-130","rate hosp",1,6905257
"47",2020-02-15,"0-130","inc hosp",69.05257,6905257
"47",2020-02-22,"0-130","rate hosp",0.8,6905257
"47",2020-02-22,"0-130","inc hosp",55.242056,6905257
"47",2020-02-29,"0-130","rate hosp",0.7,6905257
"47",2020-02-29,"0-130","inc hosp",48.336799,6905257
"47",2020-03-07,"0-130","rate hosp",0.7,6905257
"47",2020-03-07,"0-130","inc hosp",48.336799,6905257
"47",2020-03-14,"0-130","rate hosp",0.4,6905257
"47",2020-03-14,"0-130","inc hosp",27.621028,6905257
"47",2020-03-21,"0-130","rate hosp",0.4,6905257
"47",2020-03-21,"0-130","inc hosp",27.621028,6905257
"47",2020-03-28,"0-130","rate hosp",0.2,6905257
"47",2020-03-28,"0-130","inc hosp",13.810514,6905257
"47",2020-04-04,"0-130","rate hosp",0.1,6905257
"47",2020-04-04,"0-130","inc hosp",6.905257,6905257
"47",2020-04-11,"0-130","rate hosp",0.1,6905257
"47",2020-04-11,"0-130","inc hosp",6.905257,6905257
"47",2020-04-18,"0-130","rate hosp",0,6905257
"47",2020-04-18,"0-130","inc hosp",0,6905257
"47",2020-04-25,"0-130","rate hosp",0,6905257
"47",2020-04-25,"0-130","inc hosp",0,6905257
"47",2020-05-02,"0-130","rate hosp",0.1,6905257
"47",2020-05-02,"0-130","inc hosp",6.905257,6905257
"49",2019-10-05,"0-130","rate hosp",0,3198547
"49",2019-10-05,"0-130","inc hosp",0,3198547
"49",2019-10-12,"0-130","rate hosp",0,3198547
"49",2019-10-12,"0-130","inc hosp",0,3198547
"49",2019-10-19,"0-130","rate hosp",0,3198547
"49",2019-10-19,"0-130","inc hosp",0,3198547
"49",2019-10-26,"0-130","rate hosp",0,3198547
"49",2019-10-26,"0-130","inc hosp",0,3198547
"49",2019-11-02,"0-130","rate hosp",0,3198547
"49",2019-11-02,"0-130","inc hosp",0,3198547
"49",2019-11-09,"0-130","rate hosp",0.2,3198547
"49",2019-11-09,"0-130","inc hosp",6.397094,3198547
"49",2019-11-16,"0-130","rate hosp",0.2,3198547
"49",2019-11-16,"0-130","inc hosp",6.397094,3198547
"49",2019-11-23,"0-130","rate hosp",0.2,3198547
"49",2019-11-23,"0-130","inc hosp",6.397094,3198547
"49",2019-11-30,"0-130","rate hosp",0.1,3198547
"49",2019-11-30,"0-130","inc hosp",3.198547,3198547
"49",2019-12-07,"0-130","rate hosp",0.3,3198547
"49",2019-12-07,"0-130","inc hosp",9.595641,3198547
"49",2019-12-14,"0-130","rate hosp",0.7,3198547
"49",2019-12-14,"0-130","inc hosp",22.389829,3198547
"49",2019-12-21,"0-130","rate hosp",0.7,3198547
"49",2019-12-21,"0-130","inc hosp",22.389829,3198547
"49",2019-12-28,"0-130","rate hosp",2.1,3198547
"49",2019-12-28,"0-130","inc hosp",67.169487,3198547
"49",2020-01-04,"0-130","rate hosp",2.8,3279045
"49",2020-01-04,"0-130","inc hosp",91.81326,3279045
"49",2020-01-11,"0-130","rate hosp",2.7,3279045
"49",2020-01-11,"0-130","inc hosp",88.534215,3279045
"49",2020-01-18,"0-130","rate hosp",3.1,3279045
"49",2020-01-18,"0-130","inc hosp",101.650395,3279045
"49",2020-01-25,"0-130","rate hosp",3.5,3279045
"49",2020-01-25,"0-130","inc hosp",114.766575,3279045
"49",2020-02-01,"0-130","rate hosp",4,3279045
"49",2020-02-01,"0-130","inc hosp",131.1618,3279045
"49",2020-02-08,"0-130","rate hosp",4.9,3279045
"49",2020-02-08,"0-130","inc hosp",160.673205,3279045
"49",2020-02-15,"0-130","rate hosp",2.7,3279045
"49",2020-02-15,"0-130","inc hosp",88.534215,3279045
"49",2020-02-22,"0-130","rate hosp",3.8,3279045
"49",2020-02-22,"0-130","inc hosp",124.60371,3279045
"49",2020-02-29,"0-130","rate hosp",2.4,3279045
"49",2020-02-29,"0-130","inc hosp",78.69708,3279045
"49",2020-03-07,"0-130","rate hosp",2.5,3279045
"49",2020-03-07,"0-130","inc hosp",81.976125,3279045
"49",2020-03-14,"0-130","rate hosp",1.6,3279045
"49",2020-03-14,"0-130","inc hosp",52.46472,3279045
"49",2020-03-21,"0-130","rate hosp",1.7,3279045
"49",2020-03-21,"0-130","inc hosp",55.743765,3279045
"49",2020-03-28,"0-130","rate hosp",0.8,3279045
"49",2020-03-28,"0-130","inc hosp",26.23236,3279045
"49",2020-04-04,"0-130","rate hosp",0.5,3279045
"49",2020-04-04,"0-130","inc hosp",16.395225,3279045
"49",2020-04-11,"0-130","rate hosp",0.2,3279045
"49",2020-04-11,"0-130","inc hosp",6.55809,3279045
"49",2020-04-18,"0-130","rate hosp",0,3279045
"49",2020-04-18,"0-130","inc hosp",0,3279045
"49",2020-04-25,"0-130","rate hosp",0,3279045
"49",2020-04-25,"0-130","inc hosp",0,3279045
"49",2020-05-02,"0-130","rate hosp",0,3279045
"49",2020-05-02,"0-130","inc hosp",0,3279045
"06",2020-10-03,"0-130","rate hosp",0,39355967
"06",2020-10-03,"0-130","inc hosp",0,39355967
"06",2020-10-10,"0-130","rate hosp",0,39355967
"06",2020-10-10,"0-130","inc hosp",0,39355967
"06",2020-10-17,"0-130","rate hosp",0,39355967
"06",2020-10-17,"0-130","inc hosp",0,39355967
"06",2020-10-24,"0-130","rate hosp",0,39355967
"06",2020-10-24,"0-130","inc hosp",0,39355967
"06",2020-10-31,"0-130","rate hosp",0,39355967
"06",2020-10-31,"0-130","inc hosp",0,39355967
"06",2020-11-07,"0-130","rate hosp",0,39355967
"06",2020-11-07,"0-130","inc hosp",0,39355967
"06",2020-11-14,"0-130","rate hosp",0,39355967
"06",2020-11-14,"0-130","inc hosp",0,39355967
"06",2020-11-21,"0-130","rate hosp",0,39355967
"06",2020-11-21,"0-130","inc hosp",0,39355967
"06",2020-11-28,"0-130","rate hosp",0,39355967
"06",2020-11-28,"0-130","inc hosp",0,39355967
"06",2020-12-05,"0-130","rate hosp",0,39355967
"06",2020-12-05,"0-130","inc hosp",0,39355967
"06",2020-12-12,"0-130","rate hosp",0,39355967
"06",2020-12-12,"0-130","inc hosp",0,39355967
"06",2020-12-19,"0-130","rate hosp",0,39355967
"06",2020-12-19,"0-130","inc hosp",0,39355967
"06",2020-12-26,"0-130","rate hosp",0,39355967
"06",2020-12-26,"0-130","inc hosp",0,39355967
"06",2021-01-02,"0-130","rate hosp",0,39355967
"06",2021-01-02,"0-130","inc hosp",0,39355967
"06",2021-01-09,"0-130","rate hosp",0,38996431
"06",2021-01-09,"0-130","inc hosp",0,38996431
"06",2021-01-16,"0-130","rate hosp",0,38996431
"06",2021-01-16,"0-130","inc hosp",0,38996431
"06",2021-01-23,"0-130","rate hosp",0,38996431
"06",2021-01-23,"0-130","inc hosp",0,38996431
"06",2021-01-30,"0-130","rate hosp",0,38996431
"06",2021-01-30,"0-130","inc hosp",0,38996431
"06",2021-02-06,"0-130","rate hosp",0,38996431
"06",2021-02-06,"0-130","inc hosp",0,38996431
"06",2021-02-13,"0-130","rate hosp",0,38996431
"06",2021-02-13,"0-130","inc hosp",0,38996431
"06",2021-02-20,"0-130","rate hosp",0,38996431
"06",2021-02-20,"0-130","inc hosp",0,38996431
"06",2021-02-27,"0-130","rate hosp",0,38996431
"06",2021-02-27,"0-130","inc hosp",0,38996431
"06",2021-03-06,"0-130","rate hosp",0,38996431
"06",2021-03-06,"0-130","inc hosp",0,38996431
"06",2021-03-13,"0-130","rate hosp",0,38996431
"06",2021-03-13,"0-130","inc hosp",0,38996431
"06",2021-03-20,"0-130","rate hosp",0,38996431
"06",2021-03-20,"0-130","inc hosp",0,38996431
"06",2021-03-27,"0-130","rate hosp",0,38996431
"06",2021-03-27,"0-130","inc hosp",0,38996431
"06",2021-04-03,"0-130","rate hosp",0,38996431
"06",2021-04-03,"0-130","inc hosp",0,38996431
"06",2021-04-10,"0-130","rate hosp",0,38996431
"06",2021-04-10,"0-130","inc hosp",0,38996431
"06",2021-04-17,"0-130","rate hosp",0,38996431
"06",2021-04-17,"0-130","inc hosp",0,38996431
"06",2021-04-24,"0-130","rate hosp",0,38996431
"06",2021-04-24,"0-130","inc hosp",0,38996431
"06",2021-05-01,"0-130","rate hosp",0,38996431
"06",2021-05-01,"0-130","inc hosp",0,38996431
"06",2021-05-08,"0-130","rate hosp",0,38996431
"06",2021-05-08,"0-130","inc hosp",0,38996431
"06",2021-05-15,"0-130","rate hosp",0,38996431
"06",2021-05-15,"0-130","inc hosp",0,38996431
"06",2021-05-22,"0-130","rate hosp",0,38996431
"06",2021-05-22,"0-130","inc hosp",0,38996431
"06",2021-05-29,"0-130","rate hosp",0,38996431
"06",2021-05-29,"0-130","inc hosp",0,38996431
"06",2021-06-05,"0-130","rate hosp",0,38996431
"06",2021-06-05,"0-130","inc hosp",0,38996431
"06",2021-06-12,"0-130","rate hosp",0,38996431
"06",2021-06-12,"0-130","inc hosp",0,38996431
"06",2021-06-19,"0-130","rate hosp",0,38996431
"06",2021-06-19,"0-130","inc hosp",0,38996431
"06",2021-06-26,"0-130","rate hosp",0,38996431
"06",2021-06-26,"0-130","inc hosp",0,38996431
"06",2021-07-03,"0-130","rate hosp",0,38996431
"06",2021-07-03,"0-130","inc hosp",0,38996431
"06",2021-07-10,"0-130","rate hosp",0,38996431
"06",2021-07-10,"0-130","inc hosp",0,38996431
"06",2021-07-17,"0-130","rate hosp",0,38996431
"06",2021-07-17,"0-130","inc hosp",0,38996431
"06",2021-07-24,"0-130","rate hosp",0,38996431
"06",2021-07-24,"0-130","inc hosp",0,38996431
"06",2021-07-31,"0-130","rate hosp",0.1,38996431
"06",2021-07-31,"0-130","inc hosp",38.996431,38996431
"06",2021-08-07,"0-130","rate hosp",0.1,38996431
"06",2021-08-07,"0-130","inc hosp",38.996431,38996431
"06",2021-08-14,"0-130","rate hosp",0.2,38996431
"06",2021-08-14,"0-130","inc hosp",77.992862,38996431
"06",2021-08-21,"0-130","rate hosp",0.1,38996431
"06",2021-08-21,"0-130","inc hosp",38.996431,38996431
"06",2021-08-28,"0-130","rate hosp",0.1,38996431
"06",2021-08-28,"0-130","inc hosp",38.996431,38996431
"06",2021-09-04,"0-130","rate hosp",0.1,38996431
"06",2021-09-04,"0-130","inc hosp",38.996431,38996431
"06",2021-09-11,"0-130","rate hosp",0.2,38996431
"06",2021-09-11,"0-130","inc hosp",77.992862,38996431
"06",2021-09-18,"0-130","rate hosp",0.1,38996431
"06",2021-09-18,"0-130","inc hosp",38.996431,38996431
"06",2021-09-25,"0-130","rate hosp",0.1,38996431
"06",2021-09-25,"0-130","inc hosp",38.996431,38996431
"06",2021-10-02,"0-130","rate hosp",0.2,38996431
"06",2021-10-02,"0-130","inc hosp",77.992862,38996431
"08",2020-10-03,"0-130","rate hosp",0,5747519
"08",2020-10-03,"0-130","inc hosp",0,5747519
"08",2020-10-10,"0-130","rate hosp",0,5747519
"08",2020-10-10,"0-130","inc hosp",0,5747519
"08",2020-10-17,"0-130","rate hosp",0,5747519
"08",2020-10-17,"0-130","inc hosp",0,5747519
"08",2020-10-24,"0-130","rate hosp",0,5747519
"08",2020-10-24,"0-130","inc hosp",0,5747519
"08",2020-10-31,"0-130","rate hosp",0,5747519
"08",2020-10-31,"0-130","inc hosp",0,5747519
"08",2020-11-07,"0-130","rate hosp",0,5747519
"08",2020-11-07,"0-130","inc hosp",0,5747519
"08",2020-11-14,"0-130","rate hosp",0,5747519
"08",2020-11-14,"0-130","inc hosp",0,5747519
"08",2020-11-21,"0-130","rate hosp",0,5747519
"08",2020-11-21,"0-130","inc hosp",0,5747519
"08",2020-11-28,"0-130","rate hosp",0,5747519
"08",2020-11-28,"0-130","inc hosp",0,5747519
"08",2020-12-05,"0-130","rate hosp",0,5747519
"08",2020-12-05,"0-130","inc hosp",0,5747519
"08",2020-12-12,"0-130","rate hosp",0,5747519
"08",2020-12-12,"0-130","inc hosp",0,5747519
"08",2020-12-19,"0-130","rate hosp",0,5747519
"08",2020-12-19,"0-130","inc hosp",0,5747519
"08",2020-12-26,"0-130","rate hosp",0,5747519
"08",2020-12-26,"0-130","inc hosp",0,5747519
"08",2021-01-02,"0-130","rate hosp",0,5747519
"08",2021-01-02,"0-130","inc hosp",0,5747519
"08",2021-01-09,"0-130","rate hosp",0,5772964
"08",2021-01-09,"0-130","inc hosp",0,5772964
"08",2021-01-16,"0-130","rate hosp",0,5772964
"08",2021-01-16,"0-130","inc hosp",0,5772964
"08",2021-01-23,"0-130","rate hosp",0,5772964
"08",2021-01-23,"0-130","inc hosp",0,5772964
"08",2021-01-30,"0-130","rate hosp",0,5772964
"08",2021-01-30,"0-130","inc hosp",0,5772964
"08",2021-02-06,"0-130","rate hosp",0,5772964
"08",2021-02-06,"0-130","inc hosp",0,5772964
"08",2021-02-13,"0-130","rate hosp",0,5772964
"08",2021-02-13,"0-130","inc hosp",0,5772964
"08",2021-02-20,"0-130","rate hosp",0,5772964
"08",2021-02-20,"0-130","inc hosp",0,5772964
"08",2021-02-27,"0-130","rate hosp",0,5772964
"08",2021-02-27,"0-130","inc hosp",0,5772964
"08",2021-03-06,"0-130","rate hosp",0,5772964
"08",2021-03-06,"0-130","inc hosp",0,5772964
"08",2021-03-13,"0-130","rate hosp",0,5772964
"08",2021-03-13,"0-130","inc hosp",0,5772964
"08",2021-03-20,"0-130","rate hosp",0,5772964
"08",2021-03-20,"0-130","inc hosp",0,5772964
"08",2021-03-27,"0-130","rate hosp",0,5772964
"08",2021-03-27,"0-130","inc hosp",0,5772964
"08",2021-04-03,"0-130","rate hosp",0,5772964
"08",2021-04-03,"0-130","inc hosp",0,5772964
"08",2021-04-10,"0-130","rate hosp",0,5772964
"08",2021-04-10,"0-130","inc hosp",0,5772964
"08",2021-04-17,"0-130","rate hosp",0,5772964
"08",2021-04-17,"0-130","inc hosp",0,5772964
"08",2021-04-24,"0-130","rate hosp",0,5772964
"08",2021-04-24,"0-130","inc hosp",0,5772964
"08",2021-05-01,"0-130","rate hosp",0,5772964
"08",2021-05-01,"0-130","inc hosp",0,5772964
"08",2021-05-08,"0-130","rate hosp",0.1,5772964
"08",2021-05-08,"0-130","inc hosp",5.772964,5772964
"08",2021-05-15,"0-130","rate hosp",0.1,5772964
"08",2021-05-15,"0-130","inc hosp",5.772964,5772964
"08",2021-05-22,"0-130","rate hosp",0.1,5772964
"08",2021-05-22,"0-130","inc hosp",5.772964,5772964
"08",2021-05-29,"0-130","rate hosp",0,5772964
"08",2021-05-29,"0-130","inc hosp",0,5772964
"08",2021-06-05,"0-130","rate hosp",0,5772964
"08",2021-06-05,"0-130","inc hosp",0,5772964
"08",2021-06-12,"0-130","rate hosp",0.1,5772964
"08",2021-06-12,"0-130","inc hosp",5.772964,5772964
"08",2021-06-19,"0-130","rate hosp",0.1,5772964
"08",2021-06-19,"0-130","inc hosp",5.772964,5772964
"08",2021-06-26,"0-130","rate hosp",0.1,5772964
"08",2021-06-26,"0-130","inc hosp",5.772964,5772964
"08",2021-07-03,"0-130","rate hosp",0.1,5772964
"08",2021-07-03,"0-130","inc hosp",5.772964,5772964
"08",2021-07-10,"0-130","rate hosp",0.2,5772964
"08",2021-07-10,"0-130","inc hosp",11.545928,5772964
"08",2021-07-17,"0-130","rate hosp",0.3,5772964
"08",2021-07-17,"0-130","inc hosp",17.318892,5772964
"08",2021-07-24,"0-130","rate hosp",0.7,5772964
"08",2021-07-24,"0-130","inc hosp",40.410748,5772964
"08",2021-07-31,"0-130","rate hosp",0.5,5772964
"08",2021-07-31,"0-130","inc hosp",28.86482,5772964
"08",2021-08-07,"0-130","rate hosp",0.6,5772964
"08",2021-08-07,"0-130","inc hosp",34.637784,5772964
"08",2021-08-14,"0-130","rate hosp",0.7,5772964
"08",2021-08-14,"0-130","inc hosp",40.410748,5772964
"08",2021-08-21,"0-130","rate hosp",1,5772964
"08",2021-08-21,"0-130","inc hosp",57.72964,5772964
"08",2021-08-28,"0-130","rate hosp",1.1,5772964
"08",2021-08-28,"0-130","inc hosp",63.502604,5772964
"08",2021-09-04,"0-130","rate hosp",0.9,5772964
"08",2021-09-04,"0-130","inc hosp",51.956676,5772964
"08",2021-09-11,"0-130","rate hosp",0.7,5772964
"08",2021-09-11,"0-130","inc hosp",40.410748,5772964
"08",2021-09-18,"0-130","rate hosp",0.9,5772964
"08",2021-09-18,"0-130","inc hosp",51.956676,5772964
"08",2021-09-25,"0-130","rate hosp",0.6,5772964
"08",2021-09-25,"0-130","inc hosp",34.637784,5772964
"08",2021-10-02,"0-130","rate hosp",0.7,5772964
"08",2021-10-02,"0-130","inc hosp",40.410748,5772964
"09",2020-10-03,"0-130","rate hosp",0,3592521
"09",2020-10-03,"0-130","inc hosp",0,3592521
"09",2020-10-10,"0-130","rate hosp",0,3592521
"09",2020-10-10,"0-130","inc hosp",0,3592521
"09",2020-10-17,"0-130","rate hosp",0,3592521
"09",2020-10-17,"0-130","inc hosp",0,3592521
"09",2020-10-24,"0-130","rate hosp",0,3592521
"09",2020-10-24,"0-130","inc hosp",0,3592521
"09",2020-10-31,"0-130","rate hosp",0,3592521
"09",2020-10-31,"0-130","inc hosp",0,3592521
"09",2020-11-07,"0-130","rate hosp",0,3592521
"09",2020-11-07,"0-130","inc hosp",0,3592521
"09",2020-11-14,"0-130","rate hosp",0,3592521
"09",2020-11-14,"0-130","inc hosp",0,3592521
"09",2020-11-21,"0-130","rate hosp",0,3592521
"09",2020-11-21,"0-130","inc hosp",0,3592521
"09",2020-11-28,"0-130","rate hosp",0,3592521
"09",2020-11-28,"0-130","inc hosp",0,3592521
"09",2020-12-05,"0-130","rate hosp",0,3592521
"09",2020-12-05,"0-130","inc hosp",0,3592521
"09",2020-12-12,"0-130","rate hosp",0,3592521
"09",2020-12-12,"0-130","inc hosp",0,3592521
"09",2020-12-19,"0-130","rate hosp",0,3592521
"09",2020-12-19,"0-130","inc hosp",0,3592521
"09",2020-12-26,"0-130","rate hosp",0,3592521
"09",2020-12-26,"0-130","inc hosp",0,3592521
"09",2021-01-02,"0-130","rate hosp",0,3592521
"09",2021-01-02,"0-130","inc hosp",0,3592521
"09",2021-01-09,"0-130","rate hosp",0,3617955
"09",2021-01-09,"0-130","inc hosp",0,3617955
"09",2021-01-16,"0-130","rate hosp",0,3617955
"09",2021-01-16,"0-130","inc hosp",0,3617955
"09",2021-01-23,"0-130","rate hosp",0,3617955
"09",2021-01-23,"0-130","inc hosp",0,3617955
"09",2021-01-30,"0-130","rate hosp",0,3617955
"09",2021-01-30,"0-130","inc hosp",0,3617955
"09",2021-02-06,"0-130","rate hosp",0,3617955
"09",2021-02-06,"0-130","inc hosp",0,3617955
"09",2021-02-13,"0-130","rate hosp",0,3617955
"09",2021-02-13,"0-130","inc hosp",0,3617955
"09",2021-02-20,"0-130","rate hosp",0,3617955
"09",2021-02-20,"0-130","inc hosp",0,3617955
"09",2021-02-27,"0-130","rate hosp",0,3617955
"09",2021-02-27,"0-130","inc hosp",0,3617955
"09",2021-03-06,"0-130","rate hosp",0,3617955
"09",2021-03-06,"0-130","inc hosp",0,3617955
"09",2021-03-13,"0-130","rate hosp",0,3617955
"09",2021-03-13,"0-130","inc hosp",0,3617955
"09",2021-03-20,"0-130","rate hosp",0,3617955
"09",2021-03-20,"0-130","inc hosp",0,3617955
"09",2021-03-27,"0-130","rate hosp",0.1,3617955
"09",2021-03-27,"0-130","inc hosp",3.617955,3617955
"09",2021-04-03,"0-130","rate hosp",0,3617955
"09",2021-04-03,"0-130","inc hosp",0,3617955
"09",2021-04-10,"0-130","rate hosp",0,3617955
"09",2021-04-10,"0-130","inc hosp",0,3617955
"09",2021-04-17,"0-130","rate hosp",0.1,3617955
"09",2021-04-17,"0-130","inc hosp",3.617955,3617955
"09",2021-04-24,"0-130","rate hosp",0,3617955
"09",2021-04-24,"0-130","inc hosp",0,3617955
"09",2021-05-01,"0-130","rate hosp",0,3617955
"09",2021-05-01,"0-130","inc hosp",0,3617955
"09",2021-05-08,"0-130","rate hosp",0.1,3617955
"09",2021-05-08,"0-130","inc hosp",3.617955,3617955
"09",2021-05-15,"0-130","rate hosp",0,3617955
"09",2021-05-15,"0-130","inc hosp",0,3617955
"09",2021-05-22,"0-130","rate hosp",0.2,3617955
"09",2021-05-22,"0-130","inc hosp",7.23591,3617955
"09",2021-05-29,"0-130","rate hosp",0,3617955
"09",2021-05-29,"0-130","inc hosp",0,3617955
"09",2021-06-05,"0-130","rate hosp",0,3617955
"09",2021-06-05,"0-130","inc hosp",0,3617955
"09",2021-06-12,"0-130","rate hosp",0.4,3617955
"09",2021-06-12,"0-130","inc hosp",14.47182,3617955
"09",2021-06-19,"0-130","rate hosp",0.1,3617955
"09",2021-06-19,"0-130","inc hosp",3.617955,3617955
"09",2021-06-26,"0-130","rate hosp",0.4,3617955
"09",2021-06-26,"0-130","inc hosp",14.47182,3617955
"09",2021-07-03,"0-130","rate hosp",0.1,3617955
"09",2021-07-03,"0-130","inc hosp",3.617955,3617955
"09",2021-07-10,"0-130","rate hosp",0.6,3617955
"09",2021-07-10,"0-130","inc hosp",21.70773,3617955
"09",2021-07-17,"0-130","rate hosp",1.1,3617955
"09",2021-07-17,"0-130","inc hosp",39.797505,3617955
"09",2021-07-24,"0-130","rate hosp",0.8,3617955
"09",2021-07-24,"0-130","inc hosp",28.94364,3617955
"09",2021-07-31,"0-130","rate hosp",1.2,3617955
"09",2021-07-31,"0-130","inc hosp",43.41546,3617955
"09",2021-08-07,"0-130","rate hosp",1.5,3617955
"09",2021-08-07,"0-130","inc hosp",54.269325,3617955
"09",2021-08-14,"0-130","rate hosp",1.1,3617955
"09",2021-08-14,"0-130","inc hosp",39.797505,3617955
"09",2021-08-21,"0-130","rate hosp",1.8,3617955
"09",2021-08-21,"0-130","inc hosp",65.12319,3617955
"09",2021-08-28,"0-130","rate hosp",1.5,3617955
"09",2021-08-28,"0-130","inc hosp",54.269325,3617955
"09",2021-09-04,"0-130","rate hosp",1.6,3617955
"09",2021-09-04,"0-130","inc hosp",57.88728,3617955
"09",2021-09-11,"0-130","rate hosp",1.3,3617955
"09",2021-09-11,"0-130","inc hosp",47.033415,3617955
"09",2021-09-18,"0-130","rate hosp",1.4,3617955
"09",2021-09-18,"0-130","inc hosp",50.65137,3617955
"09",2021-09-25,"0-130","rate hosp",2,3617955
"09",2021-09-25,"0-130","inc hosp",72.3591,3617955
"09",2021-10-02,"0-130","rate hosp",0.8,3617955
"09",2021-10-02,"0-130","inc hosp",28.94364,3617955
"13",2020-10-03,"0-130","rate hosp",0,10667486
"13",2020-10-03,"0-130","inc hosp",0,10667486
"13",2020-10-10,"0-130","rate hosp",0,10667486
"13",2020-10-10,"0-130","inc hosp",0,10667486
"13",2020-10-17,"0-130","rate hosp",0,10667486
"13",2020-10-17,"0-130","inc hosp",0,10667486
"13",2020-10-24,"0-130","rate hosp",0,10667486
"13",2020-10-24,"0-130","inc hosp",0,10667486
"13",2020-10-31,"0-130","rate hosp",0,10667486
"13",2020-10-31,"0-130","inc hosp",0,10667486
"13",2020-11-07,"0-130","rate hosp",0,10667486
"13",2020-11-07,"0-130","inc hosp",0,10667486
"13",2020-11-14,"0-130","rate hosp",0,10667486
"13",2020-11-14,"0-130","inc hosp",0,10667486
"13",2020-11-21,"0-130","rate hosp",0,10667486
"13",2020-11-21,"0-130","inc hosp",0,10667486
"13",2020-11-28,"0-130","rate hosp",0,10667486
"13",2020-11-28,"0-130","inc hosp",0,10667486
"13",2020-12-05,"0-130","rate hosp",0,10667486
"13",2020-12-05,"0-130","inc hosp",0,10667486
"13",2020-12-12,"0-130","rate hosp",0,10667486
"13",2020-12-12,"0-130","inc hosp",0,10667486
"13",2020-12-19,"0-130","rate hosp",0,10667486
"13",2020-12-19,"0-130","inc hosp",0,10667486
"13",2020-12-26,"0-130","rate hosp",0,10667486
"13",2020-12-26,"0-130","inc hosp",0,10667486
"13",2021-01-02,"0-130","rate hosp",0,10667486
"13",2021-01-02,"0-130","inc hosp",0,10667486
"13",2021-01-09,"0-130","rate hosp",0,10725220
"13",2021-01-09,"0-130","inc hosp",0,10725220
"13",2021-01-16,"0-130","rate hosp",0,10725220
"13",2021-01-16,"0-130","inc hosp",0,10725220
"13",2021-01-23,"0-130","rate hosp",0,10725220
"13",2021-01-23,"0-130","inc hosp",0,10725220
"13",2021-01-30,"0-130","rate hosp",0,10725220
"13",2021-01-30,"0-130","inc hosp",0,10725220
"13",2021-02-06,"0-130","rate hosp",0,10725220
"13",2021-02-06,"0-130","inc hosp",0,10725220
"13",2021-02-13,"0-130","rate hosp",0,10725220
"13",2021-02-13,"0-130","inc hosp",0,10725220
"13",2021-02-20,"0-130","rate hosp",0.1,10725220
"13",2021-02-20,"0-130","inc hosp",10.72522,10725220
"13",2021-02-27,"0-130","rate hosp",0,10725220
"13",2021-02-27,"0-130","inc hosp",0,10725220
"13",2021-03-06,"0-130","rate hosp",0,10725220
"13",2021-03-06,"0-130","inc hosp",0,10725220
"13",2021-03-13,"0-130","rate hosp",0.1,10725220
"13",2021-03-13,"0-130","inc hosp",10.72522,10725220
"13",2021-03-20,"0-130","rate hosp",0,10725220
"13",2021-03-20,"0-130","inc hosp",0,10725220
"13",2021-03-27,"0-130","rate hosp",0.2,10725220
"13",2021-03-27,"0-130","inc hosp",21.45044,10725220
"13",2021-04-03,"0-130","rate hosp",0.1,10725220
"13",2021-04-03,"0-130","inc hosp",10.72522,10725220
"13",2021-04-10,"0-130","rate hosp",0.3,10725220
"13",2021-04-10,"0-130","inc hosp",32.17566,10725220
"13",2021-04-17,"0-130","rate hosp",0.2,10725220
"13",2021-04-17,"0-130","inc hosp",21.45044,10725220
"13",2021-04-24,"0-130","rate hosp",0.2,10725220
"13",2021-04-24,"0-130","inc hosp",21.45044,10725220
"13",2021-05-01,"0-130","rate hosp",0.2,10725220
"13",2021-05-01,"0-130","inc hosp",21.45044,10725220
"13",2021-05-08,"0-130","rate hosp",0.5,10725220
"13",2021-05-08,"0-130","inc hosp",53.6261,10725220
"13",2021-05-15,"0-130","rate hosp",0.6,10725220
"13",2021-05-15,"0-130","inc hosp",64.35132,10725220
"13",2021-05-22,"0-130","rate hosp",0.6,10725220
"13",2021-05-22,"0-130","inc hosp",64.35132,10725220
"13",2021-05-29,"0-130","rate hosp",0.6,10725220
"13",2021-05-29,"0-130","inc hosp",64.35132,10725220
"13",2021-06-05,"0-130","rate hosp",0.8,10725220
"13",2021-06-05,"0-130","inc hosp",85.80176,10725220
"13",2021-06-12,"0-130","rate hosp",0.7,10725220
"13",2021-06-12,"0-130","inc hosp",75.07654,10725220
"13",2021-06-19,"0-130","rate hosp",0.9,10725220
"13",2021-06-19,"0-130","inc hosp",96.52698,10725220
"13",2021-06-26,"0-130","rate hosp",0.7,10725220
"13",2021-06-26,"0-130","inc hosp",75.07654,10725220
"13",2021-07-03,"0-130","rate hosp",0.7,10725220
"13",2021-07-03,"0-130","inc hosp",75.07654,10725220
"13",2021-07-10,"0-130","rate hosp",0.8,10725220
"13",2021-07-10,"0-130","inc hosp",85.80176,10725220
"13",2021-07-17,"0-130","rate hosp",1.2,10725220
"13",2021-07-17,"0-130","inc hosp",128.70264,10725220
"13",2021-07-24,"0-130","rate hosp",1.4,10725220
"13",2021-07-24,"0-130","inc hosp",150.15308,10725220
"13",2021-07-31,"0-130","rate hosp",1.3,10725220
"13",2021-07-31,"0-130","inc hosp",139.42786,10725220
"13",2021-08-07,"0-130","rate hosp",1.4,10725220
"13",2021-08-07,"0-130","inc hosp",150.15308,10725220
"13",2021-08-14,"0-130","rate hosp",1.5,10725220
"13",2021-08-14,"0-130","inc hosp",160.8783,10725220
"13",2021-08-21,"0-130","rate hosp",1.4,10725220
"13",2021-08-21,"0-130","inc hosp",150.15308,10725220
"13",2021-08-28,"0-130","rate hosp",1,10725220
"13",2021-08-28,"0-130","inc hosp",107.2522,10725220
"13",2021-09-04,"0-130","rate hosp",1.2,10725220
"13",2021-09-04,"0-130","inc hosp",128.70264,10725220
"13",2021-09-11,"0-130","rate hosp",1.3,10725220
"13",2021-09-11,"0-130","inc hosp",139.42786,10725220
"13",2021-09-18,"0-130","rate hosp",1,10725220
"13",2021-09-18,"0-130","inc hosp",107.2522,10725220
"13",2021-09-25,"0-130","rate hosp",0.8,10725220
"13",2021-09-25,"0-130","inc hosp",85.80176,10725220
"13",2021-10-02,"0-130","rate hosp",1.4,10725220
"13",2021-10-02,"0-130","inc hosp",150.15308,10725220
"24",2020-10-03,"0-130","rate hosp",0,6141413
"24",2020-10-03,"0-130","inc hosp",0,6141413
"24",2020-10-10,"0-130","rate hosp",0,6141413
"24",2020-10-10,"0-130","inc hosp",0,6141413
"24",2020-10-17,"0-130","rate hosp",0,6141413
"24",2020-10-17,"0-130","inc hosp",0,6141413
"24",2020-10-24,"0-130","rate hosp",0,6141413
"24",2020-10-24,"0-130","inc hosp",0,6141413
"24",2020-10-31,"0-130","rate hosp",0,6141413
"24",2020-10-31,"0-130","inc hosp",0,6141413
"24",2020-11-07,"0-130","rate hosp",0,6141413
"24",2020-11-07,"0-130","inc hosp",0,6141413
"24",2020-11-14,"0-130","rate hosp",0,6141413
"24",2020-11-14,"0-130","inc hosp",0,6141413
"24",2020-11-21,"0-130","rate hosp",0,6141413
"24",2020-11-21,"0-130","inc hosp",0,6141413
"24",2020-11-28,"0-130","rate hosp",0,6141413
"24",2020-11-28,"0-130","inc hosp",0,6141413
"24",2020-12-05,"0-130","rate hosp",0,6141413
"24",2020-12-05,"0-130","inc hosp",0,6141413
"24",2020-12-12,"0-130","rate hosp",0,6141413
"24",2020-12-12,"0-130","inc hosp",0,6141413
"24",2020-12-19,"0-130","rate hosp",0,6141413
"24",2020-12-19,"0-130","inc hosp",0,6141413
"24",2020-12-26,"0-130","rate hosp",0,6141413
"24",2020-12-26,"0-130","inc hosp",0,6141413
"24",2021-01-02,"0-130","rate hosp",0,6141413
"24",2021-01-02,"0-130","inc hosp",0,6141413
"24",2021-01-09,"0-130","rate hosp",0,6142162
"24",2021-01-09,"0-130","inc hosp",0,6142162
"24",2021-01-16,"0-130","rate hosp",0,6142162
"24",2021-01-16,"0-130","inc hosp",0,6142162
"24",2021-01-23,"0-130","rate hosp",0,6142162
"24",2021-01-23,"0-130","inc hosp",0,6142162
"24",2021-01-30,"0-130","rate hosp",0,6142162
"24",2021-01-30,"0-130","inc hosp",0,6142162
"24",2021-02-06,"0-130","rate hosp",0,6142162
"24",2021-02-06,"0-130","inc hosp",0,6142162
"24",2021-02-13,"0-130","rate hosp",0,6142162
"24",2021-02-13,"0-130","inc hosp",0,6142162
"24",2021-02-20,"0-130","rate hosp",0,6142162
"24",2021-02-20,"0-130","inc hosp",0,6142162
"24",2021-02-27,"0-130","rate hosp",0,6142162
"24",2021-02-27,"0-130","inc hosp",0,6142162
"24",2021-03-06,"0-130","rate hosp",0,6142162
"24",2021-03-06,"0-130","inc hosp",0,6142162
"24",2021-03-13,"0-130","rate hosp",0,6142162
"24",2021-03-13,"0-130","inc hosp",0,6142162
"24",2021-03-20,"0-130","rate hosp",0,6142162
"24",2021-03-20,"0-130","inc hosp",0,6142162
"24",2021-03-27,"0-130","rate hosp",0,6142162
"24",2021-03-27,"0-130","inc hosp",0,6142162
"24",2021-04-03,"0-130","rate hosp",0,6142162
"24",2021-04-03,"0-130","inc hosp",0,6142162
"24",2021-04-10,"0-130","rate hosp",0,6142162
"24",2021-04-10,"0-130","inc hosp",0,6142162
"24",2021-04-17,"0-130","rate hosp",0,6142162
"24",2021-04-17,"0-130","inc hosp",0,6142162
"24",2021-04-24,"0-130","rate hosp",0,6142162
"24",2021-04-24,"0-130","inc hosp",0,6142162
"24",2021-05-01,"0-130","rate hosp",0,6142162
"24",2021-05-01,"0-130","inc hosp",0,6142162
"24",2021-05-08,"0-130","rate hosp",0,6142162
"24",2021-05-08,"0-130","inc hosp",0,6142162
"24",2021-05-15,"0-130","rate hosp",0,6142162
"24",2021-05-15,"0-130","inc hosp",0,6142162
"24",2021-05-22,"0-130","rate hosp",0,6142162
"24",2021-05-22,"0-130","inc hosp",0,6142162
"24",2021-05-29,"0-130","rate hosp",0.1,6142162
"24",2021-05-29,"0-130","inc hosp",6.142162,6142162
"24",2021-06-05,"0-130","rate hosp",0.1,6142162
"24",2021-06-05,"0-130","inc hosp",6.142162,6142162
"24",2021-06-12,"0-130","rate hosp",0.1,6142162
"24",2021-06-12,"0-130","inc hosp",6.142162,6142162
"24",2021-06-19,"0-130","rate hosp",0.2,6142162
"24",2021-06-19,"0-130","inc hosp",12.284324,6142162
"24",2021-06-26,"0-130","rate hosp",0.2,6142162
"24",2021-06-26,"0-130","inc hosp",12.284324,6142162
"24",2021-07-03,"0-130","rate hosp",0.4,6142162
"24",2021-07-03,"0-130","inc hosp",24.568648,6142162
"24",2021-07-10,"0-130","rate hosp",0.2,6142162
"24",2021-07-10,"0-130","inc hosp",12.284324,6142162
"24",2021-07-17,"0-130","rate hosp",0.3,6142162
"24",2021-07-17,"0-130","inc hosp",18.426486,6142162
"24",2021-07-24,"0-130","rate hosp",0.7,6142162
"24",2021-07-24,"0-130","inc hosp",42.995134,6142162
"24",2021-07-31,"0-130","rate hosp",0.8,6142162
"24",2021-07-31,"0-130","inc hosp",49.137296,6142162
"24",2021-08-07,"0-130","rate hosp",0.6,6142162
"24",2021-08-07,"0-130","inc hosp",36.852972,6142162
"24",2021-08-14,"0-130","rate hosp",0.7,6142162
"24",2021-08-14,"0-130","inc hosp",42.995134,6142162
"24",2021-08-21,"0-130","rate hosp",0.7,6142162
"24",2021-08-21,"0-130","inc hosp",42.995134,6142162
"24",2021-08-28,"0-130","rate hosp",0.8,6142162
"24",2021-08-28,"0-130","inc hosp",49.137296,6142162
"24",2021-09-04,"0-130","rate hosp",0.6,6142162
"24",2021-09-04,"0-130","inc hosp",36.852972,6142162
"24",2021-09-11,"0-130","rate hosp",0.7,6142162
"24",2021-09-11,"0-130","inc hosp",42.995134,6142162
"24",2021-09-18,"0-130","rate hosp",0.8,6142162
"24",2021-09-18,"0-130","inc hosp",49.137296,6142162
"24",2021-09-25,"0-130","rate hosp",1,6142162
"24",2021-09-25,"0-130","inc hosp",61.42162,6142162
"24",2021-10-02,"0-130","rate hosp",1.1,6142162
"24",2021-10-02,"0-130","inc hosp",67.563782,6142162
"26",2020-10-03,"0-130","rate hosp",0,10067422
"26",2020-10-03,"0-130","inc hosp",0,10067422
"26",2020-10-10,"0-130","rate hosp",0,10067422
"26",2020-10-10,"0-130","inc hosp",0,10067422
"26",2020-10-17,"0-130","rate hosp",0,10067422
"26",2020-10-17,"0-130","inc hosp",0,10067422
"26",2020-10-24,"0-130","rate hosp",0,10067422
"26",2020-10-24,"0-130","inc hosp",0,10067422
"26",2020-10-31,"0-130","rate hosp",0,10067422
"26",2020-10-31,"0-130","inc hosp",0,10067422
"26",2020-11-07,"0-130","rate hosp",0,10067422
"26",2020-11-07,"0-130","inc hosp",0,10067422
"26",2020-11-14,"0-130","rate hosp",0,10067422
"26",2020-11-14,"0-130","inc hosp",0,10067422
"26",2020-11-21,"0-130","rate hosp",0,10067422
"26",2020-11-21,"0-130","inc hosp",0,10067422
"26",2020-11-28,"0-130","rate hosp",0,10067422
"26",2020-11-28,"0-130","inc hosp",0,10067422
"26",2020-12-05,"0-130","rate hosp",0,10067422
"26",2020-12-05,"0-130","inc hosp",0,10067422
"26",2020-12-12,"0-130","rate hosp",0,10067422
"26",2020-12-12,"0-130","inc hosp",0,10067422
"26",2020-12-19,"0-130","rate hosp",0,10067422
"26",2020-12-19,"0-130","inc hosp",0,10067422
"26",2020-12-26,"0-130","rate hosp",0,10067422
"26",2020-12-26,"0-130","inc hosp",0,10067422
"26",2021-01-02,"0-130","rate hosp",0,10067422
"26",2021-01-02,"0-130","inc hosp",0,10067422
"26",2021-01-09,"0-130","rate hosp",0,10035356
"26",2021-01-09,"0-130","inc hosp",0,10035356
"26",2021-01-16,"0-130","rate hosp",0,10035356
"26",2021-01-16,"0-130","inc hosp",0,10035356
"26",2021-01-23,"0-130","rate hosp",0,10035356
"26",2021-01-23,"0-130","inc hosp",0,10035356
"26",2021-01-30,"0-130","rate hosp",0,10035356
"26",2021-01-30,"0-130","inc hosp",0,10035356
"26",2021-02-06,"0-130","rate hosp",0,10035356
"26",2021-02-06,"0-130","inc hosp",0,10035356
"26",2021-02-13,"0-130","rate hosp",0,10035356
"26",2021-02-13,"0-130","inc hosp",0,10035356
"26",2021-02-20,"0-130","rate hosp",0,10035356
"26",2021-02-20,"0-130","inc hosp",0,10035356
"26",2021-02-27,"0-130","rate hosp",0,10035356
"26",2021-02-27,"0-130","inc hosp",0,10035356
"26",2021-03-06,"0-130","rate hosp",0,10035356
"26",2021-03-06,"0-130","inc hosp",0,10035356
"26",2021-03-13,"0-130","rate hosp",0,10035356
"26",2021-03-13,"0-130","inc hosp",0,10035356
"26",2021-03-20,"0-130","rate hosp",0,10035356
"26",2021-03-20,"0-130","inc hosp",0,10035356
"26",2021-03-27,"0-130","rate hosp",0,10035356
"26",2021-03-27,"0-130","inc hosp",0,10035356
"26",2021-04-03,"0-130","rate hosp",0,10035356
"26",2021-04-03,"0-130","inc hosp",0,10035356
"26",2021-04-10,"0-130","rate hosp",0.1,10035356
"26",2021-04-10,"0-130","inc hosp",10.035356,10035356
"26",2021-04-17,"0-130","rate hosp",0,10035356
"26",2021-04-17,"0-130","inc hosp",0,10035356
"26",2021-04-24,"0-130","rate hosp",0,10035356
"26",2021-04-24,"0-130","inc hosp",0,10035356
"26",2021-05-01,"0-130","rate hosp",0,10035356
"26",2021-05-01,"0-130","inc hosp",0,10035356
"26",2021-05-08,"0-130","rate hosp",0,10035356
"26",2021-05-08,"0-130","inc hosp",0,10035356
"26",2021-05-15,"0-130","rate hosp",0,10035356
"26",2021-05-15,"0-130","inc hosp",0,10035356
"26",2021-05-22,"0-130","rate hosp",0,10035356
"26",2021-05-22,"0-130","inc hosp",0,10035356
"26",2021-05-29,"0-130","rate hosp",0,10035356
"26",2021-05-29,"0-130","inc hosp",0,10035356
"26",2021-06-05,"0-130","rate hosp",0.1,10035356
"26",2021-06-05,"0-130","inc hosp",10.035356,10035356
"26",2021-06-12,"0-130","rate hosp",0.4,10035356
"26",2021-06-12,"0-130","inc hosp",40.141424,10035356
"26",2021-06-19,"0-130","rate hosp",0,10035356
"26",2021-06-19,"0-130","inc hosp",0,10035356
"26",2021-06-26,"0-130","rate hosp",0.3,10035356
"26",2021-06-26,"0-130","inc hosp",30.106068,10035356
"26",2021-07-03,"0-130","rate hosp",0.1,10035356
"26",2021-07-03,"0-130","inc hosp",10.035356,10035356
"26",2021-07-10,"0-130","rate hosp",0.4,10035356
"26",2021-07-10,"0-130","inc hosp",40.141424,10035356
"26",2021-07-17,"0-130","rate hosp",0.4,10035356
"26",2021-07-17,"0-130","inc hosp",40.141424,10035356
"26",2021-07-24,"0-130","rate hosp",0.6,10035356
"26",2021-07-24,"0-130","inc hosp",60.212136,10035356
"26",2021-07-31,"0-130","rate hosp",0.4,10035356
"26",2021-07-31,"0-130","inc hosp",40.141424,10035356
"26",2021-08-07,"0-130","rate hosp",1.7,10035356
"26",2021-08-07,"0-130","inc hosp",170.601052,10035356
"26",2021-08-14,"0-130","rate hosp",0.4,10035356
"26",2021-08-14,"0-130","inc hosp",40.141424,10035356
"26",2021-08-21,"0-130","rate hosp",0.6,10035356
"26",2021-08-21,"0-130","inc hosp",60.212136,10035356
"26",2021-08-28,"0-130","rate hosp",0.8,10035356
"26",2021-08-28,"0-130","inc hosp",80.282848,10035356
"26",2021-09-04,"0-130","rate hosp",1,10035356
"26",2021-09-04,"0-130","inc hosp",100.35356,10035356
"26",2021-09-11,"0-130","rate hosp",1,10035356
"26",2021-09-11,"0-130","inc hosp",100.35356,10035356
"26",2021-09-18,"0-130","rate hosp",0.9,10035356
"26",2021-09-18,"0-130","inc hosp",90.318204,10035356
"26",2021-09-25,"0-130","rate hosp",1.2,10035356
"26",2021-09-25,"0-130","inc hosp",120.424272,10035356
"26",2021-10-02,"0-130","rate hosp",1.7,10035356
"26",2021-10-02,"0-130","inc hosp",170.601052,10035356
"27",2020-10-03,"0-130","rate hosp",0,5709157
"27",2020-10-03,"0-130","inc hosp",0,5709157
"27",2020-10-10,"0-130","rate hosp",0,5709157
"27",2020-10-10,"0-130","inc hosp",0,5709157
"27",2020-10-17,"0-130","rate hosp",0,5709157
"27",2020-10-17,"0-130","inc hosp",0,5709157
"27",2020-10-24,"0-130","rate hosp",0,5709157
"27",2020-10-24,"0-130","inc hosp",0,5709157
"27",2020-10-31,"0-130","rate hosp",0,5709157
"27",2020-10-31,"0-130","inc hosp",0,5709157
"27",2020-11-07,"0-130","rate hosp",0,5709157
"27",2020-11-07,"0-130","inc hosp",0,5709157
"27",2020-11-14,"0-130","rate hosp",0,5709157
"27",2020-11-14,"0-130","inc hosp",0,5709157
"27",2020-11-21,"0-130","rate hosp",0,5709157
"27",2020-11-21,"0-130","inc hosp",0,5709157
"27",2020-11-28,"0-130","rate hosp",0,5709157
"27",2020-11-28,"0-130","inc hosp",0,5709157
"27",2020-12-05,"0-130","rate hosp",0,5709157
"27",2020-12-05,"0-130","inc hosp",0,5709157
"27",2020-12-12,"0-130","rate hosp",0,5709157
"27",2020-12-12,"0-130","inc hosp",0,5709157
"27",2020-12-19,"0-130","rate hosp",0,5709157
"27",2020-12-19,"0-130","inc hosp",0,5709157
"27",2020-12-26,"0-130","rate hosp",0,5709157
"27",2020-12-26,"0-130","inc hosp",0,5709157
"27",2021-01-02,"0-130","rate hosp",0,5709157
"27",2021-01-02,"0-130","inc hosp",0,5709157
"27",2021-01-09,"0-130","rate hosp",0,5710777
"27",2021-01-09,"0-130","inc hosp",0,5710777
"27",2021-01-16,"0-130","rate hosp",0,5710777
"27",2021-01-16,"0-130","inc hosp",0,5710777
"27",2021-01-23,"0-130","rate hosp",0,5710777
"27",2021-01-23,"0-130","inc hosp",0,5710777
"27",2021-01-30,"0-130","rate hosp",0,5710777
"27",2021-01-30,"0-130","inc hosp",0,5710777
"27",2021-02-06,"0-130","rate hosp",0,5710777
"27",2021-02-06,"0-130","inc hosp",0,5710777
"27",2021-02-13,"0-130","rate hosp",0,5710777
"27",2021-02-13,"0-130","inc hosp",0,5710777
"27",2021-02-20,"0-130","rate hosp",0,5710777
"27",2021-02-20,"0-130","inc hosp",0,5710777
"27",2021-02-27,"0-130","rate hosp",0.1,5710777
"27",2021-02-27,"0-130","inc hosp",5.710777,5710777
"27",2021-03-06,"0-130","rate hosp",0,5710777
"27",2021-03-06,"0-130","inc hosp",0,5710777
"27",2021-03-13,"0-130","rate hosp",0,5710777
"27",2021-03-13,"0-130","inc hosp",0,5710777
"27",2021-03-20,"0-130","rate hosp",0,5710777
"27",2021-03-20,"0-130","inc hosp",0,5710777
"27",2021-03-27,"0-130","rate hosp",0,5710777
"27",2021-03-27,"0-130","inc hosp",0,5710777
"27",2021-04-03,"0-130","rate hosp",0,5710777
"27",2021-04-03,"0-130","inc hosp",0,5710777
"27",2021-04-10,"0-130","rate hosp",0,5710777
"27",2021-04-10,"0-130","inc hosp",0,5710777
"27",2021-04-17,"0-130","rate hosp",0,5710777
"27",2021-04-17,"0-130","inc hosp",0,5710777
"27",2021-04-24,"0-130","rate hosp",0,5710777
"27",2021-04-24,"0-130","inc hosp",0,5710777
"27",2021-05-01,"0-130","rate hosp",0,5710777
"27",2021-05-01,"0-130","inc hosp",0,5710777
"27",2021-05-08,"0-130","rate hosp",0.1,5710777
"27",2021-05-08,"0-130","inc hosp",5.710777,5710777
"27",2021-05-15,"0-130","rate hosp",0.1,5710777
"27",2021-05-15,"0-130","inc hosp",5.710777,5710777
"27",2021-05-22,"0-130","rate hosp",0.1,5710777
"27",2021-05-22,"0-130","inc hosp",5.710777,5710777
"27",2021-05-29,"0-130","rate hosp",0.1,5710777
"27",2021-05-29,"0-130","inc hosp",5.710777,5710777
"27",2021-06-05,"0-130","rate hosp",0.3,5710777
"27",2021-06-05,"0-130","inc hosp",17.132331,5710777
"27",2021-06-12,"0-130","rate hosp",0.3,5710777
"27",2021-06-12,"0-130","inc hosp",17.132331,5710777
"27",2021-06-19,"0-130","rate hosp",0.4,5710777
"27",2021-06-19,"0-130","inc hosp",22.843108,5710777
"27",2021-06-26,"0-130","rate hosp",0.4,5710777
"27",2021-06-26,"0-130","inc hosp",22.843108,5710777
"27",2021-07-03,"0-130","rate hosp",0.7,5710777
"27",2021-07-03,"0-130","inc hosp",39.975439,5710777
"27",2021-07-10,"0-130","rate hosp",0.6,5710777
"27",2021-07-10,"0-130","inc hosp",34.264662,5710777
"27",2021-07-17,"0-130","rate hosp",1.1,5710777
"27",2021-07-17,"0-130","inc hosp",62.818547,5710777
"27",2021-07-24,"0-130","rate hosp",1.3,5710777
"27",2021-07-24,"0-130","inc hosp",74.240101,5710777
"27",2021-07-31,"0-130","rate hosp",1.3,5710777
"27",2021-07-31,"0-130","inc hosp",74.240101,5710777
"27",2021-08-07,"0-130","rate hosp",1.8,5710777
"27",2021-08-07,"0-130","inc hosp",102.793986,5710777
"27",2021-08-14,"0-130","rate hosp",2,5710777
"27",2021-08-14,"0-130","inc hosp",114.21554,5710777
"27",2021-08-21,"0-130","rate hosp",1.6,5710777
"27",2021-08-21,"0-130","inc hosp",91.372432,5710777
"27",2021-08-28,"0-130","rate hosp",1.6,5710777
"27",2021-08-28,"0-130","inc hosp",91.372432,5710777
"27",2021-09-04,"0-130","rate hosp",1.9,5710777
"27",2021-09-04,"0-130","inc hosp",108.504763,5710777
"27",2021-09-11,"0-130","rate hosp",1.9,5710777
"27",2021-09-11,"0-130","inc hosp",108.504763,5710777
"27",2021-09-18,"0-130","rate hosp",1.5,5710777
"27",2021-09-18,"0-130","inc hosp",85.661655,5710777
"27",2021-09-25,"0-130","rate hosp",1.4,5710777
"27",2021-09-25,"0-130","inc hosp",79.950878,5710777
"27",2021-10-02,"0-130","rate hosp",1.2,5710777
"27",2021-10-02,"0-130","inc hosp",68.529324,5710777
"35",2020-10-03,"0-130","rate hosp",0,2105467
"35",2020-10-03,"0-130","inc hosp",0,2105467
"35",2020-10-10,"0-130","rate hosp",0,2105467
"35",2020-10-10,"0-130","inc hosp",0,2105467
"35",2020-10-17,"0-130","rate hosp",0,2105467
"35",2020-10-17,"0-130","inc hosp",0,2105467
"35",2020-10-24,"0-130","rate hosp",0,2105467
"35",2020-10-24,"0-130","inc hosp",0,2105467
"35",2020-10-31,"0-130","rate hosp",0.1,2105467
"35",2020-10-31,"0-130","inc hosp",2.105467,2105467
"35",2020-11-07,"0-130","rate hosp",0.1,2105467
"35",2020-11-07,"0-130","inc hosp",2.105467,2105467
"35",2020-11-14,"0-130","rate hosp",0.1,2105467
"35",2020-11-14,"0-130","inc hosp",2.105467,2105467
"35",2020-11-21,"0-130","rate hosp",0,2105467
"35",2020-11-21,"0-130","inc hosp",0,2105467
"35",2020-11-28,"0-130","rate hosp",0,2105467
"35",2020-11-28,"0-130","inc hosp",0,2105467
"35",2020-12-05,"0-130","rate hosp",0,2105467
"35",2020-12-05,"0-130","inc hosp",0,2105467
"35",2020-12-12,"0-130","rate hosp",0,2105467
"35",2020-12-12,"0-130","inc hosp",0,2105467
"35",2020-12-19,"0-130","rate hosp",0,2105467
"35",2020-12-19,"0-130","inc hosp",0,2105467
"35",2020-12-26,"0-130","rate hosp",0,2105467
"35",2020-12-26,"0-130","inc hosp",0,2105467
"35",2021-01-02,"0-130","rate hosp",0,2105467
"35",2021-01-02,"0-130","inc hosp",0,2105467
"35",2021-01-09,"0-130","rate hosp",0.1,2103749
"35",2021-01-09,"0-130","inc hosp",2.103749,2103749
"35",2021-01-16,"0-130","rate hosp",0,2103749
"35",2021-01-16,"0-130","inc hosp",0,2103749
"35",2021-01-23,"0-130","rate hosp",0,2103749
"35",2021-01-23,"0-130","inc hosp",0,2103749
"35",2021-01-30,"0-130","rate hosp",0,2103749
"35",2021-01-30,"0-130","inc hosp",0,2103749
"35",2021-02-06,"0-130","rate hosp",0,2103749
"35",2021-02-06,"0-130","inc hosp",0,2103749
"35",2021-02-13,"0-130","rate hosp",0,2103749
"35",2021-02-13,"0-130","inc hosp",0,2103749
"35",2021-02-20,"0-130","rate hosp",0,2103749
"35",2021-02-20,"0-130","inc hosp",0,2103749
"35",2021-02-27,"0-130","rate hosp",0,2103749
"35",2021-02-27,"0-130","inc hosp",0,2103749
"35",2021-03-06,"0-130","rate hosp",0,2103749
"35",2021-03-06,"0-130","inc hosp",0,2103749
"35",2021-03-13,"0-130","rate hosp",0,2103749
"35",2021-03-13,"0-130","inc hosp",0,2103749
"35",2021-03-20,"0-130","rate hosp",0,2103749
"35",2021-03-20,"0-130","inc hosp",0,2103749
"35",2021-03-27,"0-130","rate hosp",0,2103749
"35",2021-03-27,"0-130","inc hosp",0,2103749
"35",2021-04-03,"0-130","rate hosp",0,2103749
"35",2021-04-03,"0-130","inc hosp",0,2103749
"35",2021-04-10,"0-130","rate hosp",0,2103749
"35",2021-04-10,"0-130","inc hosp",0,2103749
"35",2021-04-17,"0-130","rate hosp",0,2103749
"35",2021-04-17,"0-130","inc hosp",0,2103749
"35",2021-04-24,"0-130","rate hosp",0,2103749
"35",2021-04-24,"0-130","inc hosp",0,2103749
"35",2021-05-01,"0-130","rate hosp",0,2103749
"35",2021-05-01,"0-130","inc hosp",0,2103749
"35",2021-05-08,"0-130","rate hosp",0.1,2103749
"35",2021-05-08,"0-130","inc hosp",2.103749,2103749
"35",2021-05-15,"0-130","rate hosp",0,2103749
"35",2021-05-15,"0-130","inc hosp",0,2103749
"35",2021-05-22,"0-130","rate hosp",0,2103749
"35",2021-05-22,"0-130","inc hosp",0,2103749
"35",2021-05-29,"0-130","rate hosp",0,2103749
"35",2021-05-29,"0-130","inc hosp",0,2103749
"35",2021-06-05,"0-130","rate hosp",0,2103749
"35",2021-06-05,"0-130","inc hosp",0,2103749
"35",2021-06-12,"0-130","rate hosp",0,2103749
"35",2021-06-12,"0-130","inc hosp",0,2103749
"35",2021-06-19,"0-130","rate hosp",0.1,2103749
"35",2021-06-19,"0-130","inc hosp",2.103749,2103749
"35",2021-06-26,"0-130","rate hosp",0,2103749
"35",2021-06-26,"0-130","inc hosp",0,2103749
"35",2021-07-03,"0-130","rate hosp",0.3,2103749
"35",2021-07-03,"0-130","inc hosp",6.311247,2103749
"35",2021-07-10,"0-130","rate hosp",0.3,2103749
"35",2021-07-10,"0-130","inc hosp",6.311247,2103749
"35",2021-07-17,"0-130","rate hosp",0.3,2103749
"35",2021-07-17,"0-130","inc hosp",6.311247,2103749
"35",2021-07-24,"0-130","rate hosp",0.3,2103749
"35",2021-07-24,"0-130","inc hosp",6.311247,2103749
"35",2021-07-31,"0-130","rate hosp",0.3,2103749
"35",2021-07-31,"0-130","inc hosp",6.311247,2103749
"35",2021-08-07,"0-130","rate hosp",0.6,2103749
"35",2021-08-07,"0-130","inc hosp",12.622494,2103749
"35",2021-08-14,"0-130","rate hosp",0.4,2103749
"35",2021-08-14,"0-130","inc hosp",8.414996,2103749
"35",2021-08-21,"0-130","rate hosp",0.3,2103749
"35",2021-08-21,"0-130","inc hosp",6.311247,2103749
"35",2021-08-28,"0-130","rate hosp",0.4,2103749
"35",2021-08-28,"0-130","inc hosp",8.414996,2103749
"35",2021-09-04,"0-130","rate hosp",0.7,2103749
"35",2021-09-04,"0-130","inc hosp",14.726243,2103749
"35",2021-09-11,"0-130","rate hosp",0.4,2103749
"35",2021-09-11,"0-130","inc hosp",8.414996,2103749
"35",2021-09-18,"0-130","rate hosp",0.9,2103749
"35",2021-09-18,"0-130","inc hosp",18.933741,2103749
"35",2021-09-25,"0-130","rate hosp",0.3,2103749
"35",2021-09-25,"0-130","inc hosp",6.311247,2103749
"35",2021-10-02,"0-130","rate hosp",0.7,2103749
"35",2021-10-02,"0-130","inc hosp",14.726243,2103749
"36",2020-10-03,"0-130","rate hosp",0,20088162
"36",2020-10-03,"0-130","inc hosp",0,20088162
"36",2020-10-10,"0-130","rate hosp",0,20088162
"36",2020-10-10,"0-130","inc hosp",0,20088162
"36",2020-10-17,"0-130","rate hosp",0,20088162
"36",2020-10-17,"0-130","inc hosp",0,20088162
"36",2020-10-24,"0-130","rate hosp",0,20088162
"36",2020-10-24,"0-130","inc hosp",0,20088162
"36",2020-10-31,"0-130","rate hosp",0,20088162
"36",2020-10-31,"0-130","inc hosp",0,20088162
"36",2020-11-07,"0-130","rate hosp",0,20088162
"36",2020-11-07,"0-130","inc hosp",0,20088162
"36",2020-11-14,"0-130","rate hosp",0,20088162
"36",2020-11-14,"0-130","inc hosp",0,20088162
"36",2020-11-21,"0-130","rate hosp",0,20088162
"36",2020-11-21,"0-130","inc hosp",0,20088162
"36",2020-11-28,"0-130","rate hosp",0,20088162
"36",2020-11-28,"0-130","inc hosp",0,20088162
"36",2020-12-05,"0-130","rate hosp",0,20088162
"36",2020-12-05,"0-130","inc hosp",0,20088162
"36",2020-12-12,"0-130","rate hosp",0,20088162
"36",2020-12-12,"0-130","inc hosp",0,20088162
"36",2020-12-19,"0-130","rate hosp",0,20088162
"36",2020-12-19,"0-130","inc hosp",0,20088162
"36",2020-12-26,"0-130","rate hosp",0,20088162
"36",2020-12-26,"0-130","inc hosp",0,20088162
"36",2021-01-02,"0-130","rate hosp",0,20088162
"36",2021-01-02,"0-130","inc hosp",0,20088162
"36",2021-01-09,"0-130","rate hosp",0,19836566
"36",2021-01-09,"0-130","inc hosp",0,19836566
"36",2021-01-16,"0-130","rate hosp",0,19836566
"36",2021-01-16,"0-130","inc hosp",0,19836566
"36",2021-01-23,"0-130","rate hosp",0,19836566
"36",2021-01-23,"0-130","inc hosp",0,19836566
"36",2021-01-30,"0-130","rate hosp",0,19836566
"36",2021-01-30,"0-130","inc hosp",0,19836566
"36",2021-02-06,"0-130","rate hosp",0,19836566
"36",2021-02-06,"0-130","inc hosp",0,19836566
"36",2021-02-13,"0-130","rate hosp",0,19836566
"36",2021-02-13,"0-130","inc hosp",0,19836566
"36",2021-02-20,"0-130","rate hosp",0,19836566
"36",2021-02-20,"0-130","inc hosp",0,19836566
"36",2021-02-27,"0-130","rate hosp",0,19836566
"36",2021-02-27,"0-130","inc hosp",0,19836566
"36",2021-03-06,"0-130","rate hosp",0,19836566
"36",2021-03-06,"0-130","inc hosp",0,19836566
"36",2021-03-13,"0-130","rate hosp",0,19836566
"36",2021-03-13,"0-130","inc hosp",0,19836566
"36",2021-03-20,"0-130","rate hosp",0,19836566
"36",2021-03-20,"0-130","inc hosp",0,19836566
"36",2021-03-27,"0-130","rate hosp",0,19836566
"36",2021-03-27,"0-130","inc hosp",0,19836566
"36",2021-04-03,"0-130","rate hosp",0,19836566
"36",2021-04-03,"0-130","inc hosp",0,19836566
"36",2021-04-10,"0-130","rate hosp",0,19836566
"36",2021-04-10,"0-130","inc hosp",0,19836566
"36",2021-04-17,"0-130","rate hosp",0,19836566
"36",2021-04-17,"0-130","inc hosp",0,19836566
"36",2021-04-24,"0-130","rate hosp",0,19836566
"36",2021-04-24,"0-130","inc hosp",0,19836566
"36",2021-05-01,"0-130","rate hosp",0,19836566
"36",2021-05-01,"0-130","inc hosp",0,19836566
"36",2021-05-08,"0-130","rate hosp",0,19836566
"36",2021-05-08,"0-130","inc hosp",0,19836566
"36",2021-05-15,"0-130","rate hosp",0.1,19836566
"36",2021-05-15,"0-130","inc hosp",19.836566,19836566
"36",2021-05-22,"0-130","rate hosp",0.1,19836566
"36",2021-05-22,"0-130","inc hosp",19.836566,19836566
"36",2021-05-29,"0-130","rate hosp",0.1,19836566
"36",2021-05-29,"0-130","inc hosp",19.836566,19836566
"36",2021-06-05,"0-130","rate hosp",0.2,19836566
"36",2021-06-05,"0-130","inc hosp",39.673132,19836566
"36",2021-06-12,"0-130","rate hosp",0.1,19836566
"36",2021-06-12,"0-130","inc hosp",19.836566,19836566
"36",2021-06-19,"0-130","rate hosp",0,19836566
"36",2021-06-19,"0-130","inc hosp",0,19836566
"36",2021-06-26,"0-130","rate hosp",0.1,19836566
"36",2021-06-26,"0-130","inc hosp",19.836566,19836566
"36",2021-07-03,"0-130","rate hosp",0.2,19836566
"36",2021-07-03,"0-130","inc hosp",39.673132,19836566
"36",2021-07-10,"0-130","rate hosp",0.1,19836566
"36",2021-07-10,"0-130","inc hosp",19.836566,19836566
"36",2021-07-17,"0-130","rate hosp",0.5,19836566
"36",2021-07-17,"0-130","inc hosp",99.18283,19836566
"36",2021-07-24,"0-130","rate hosp",0.7,19836566
"36",2021-07-24,"0-130","inc hosp",138.855962,19836566
"36",2021-07-31,"0-130","rate hosp",0.9,19836566
"36",2021-07-31,"0-130","inc hosp",178.529094,19836566
"36",2021-08-07,"0-130","rate hosp",1.1,19836566
"36",2021-08-07,"0-130","inc hosp",218.202226,19836566
"36",2021-08-14,"0-130","rate hosp",0.9,19836566
"36",2021-08-14,"0-130","inc hosp",178.529094,19836566
"36",2021-08-21,"0-130","rate hosp",0.6,19836566
"36",2021-08-21,"0-130","inc hosp",119.019396,19836566
"36",2021-08-28,"0-130","rate hosp",1.2,19836566
"36",2021-08-28,"0-130","inc hosp",238.038792,19836566
"36",2021-09-04,"0-130","rate hosp",2.2,19836566
"36",2021-09-04,"0-130","inc hosp",436.404452,19836566
"36",2021-09-11,"0-130","rate hosp",1.6,19836566
"36",2021-09-11,"0-130","inc hosp",317.385056,19836566
"36",2021-09-18,"0-130","rate hosp",1.4,19836566
"36",2021-09-18,"0-130","inc hosp",277.711924,19836566
"36",2021-09-25,"0-130","rate hosp",2,19836566
"36",2021-09-25,"0-130","inc hosp",396.73132,19836566
"36",2021-10-02,"0-130","rate hosp",1.6,19836566
"36",2021-10-02,"0-130","inc hosp",317.385056,19836566
"41",2020-10-03,"0-130","rate hosp",0,4243332
"41",2020-10-03,"0-130","inc hosp",0,4243332
"41",2020-10-10,"0-130","rate hosp",0,4243332
"41",2020-10-10,"0-130","inc hosp",0,4243332
"41",2020-10-17,"0-130","rate hosp",0,4243332
"41",2020-10-17,"0-130","inc hosp",0,4243332
"41",2020-10-24,"0-130","rate hosp",0,4243332
"41",2020-10-24,"0-130","inc hosp",0,4243332
"41",2020-10-31,"0-130","rate hosp",0,4243332
"41",2020-10-31,"0-130","inc hosp",0,4243332
"41",2020-11-07,"0-130","rate hosp",0,4243332
"41",2020-11-07,"0-130","inc hosp",0,4243332
"41",2020-11-14,"0-130","rate hosp",0,4243332
"41",2020-11-14,"0-130","inc hosp",0,4243332
"41",2020-11-21,"0-130","rate hosp",0,4243332
"41",2020-11-21,"0-130","inc hosp",0,4243332
"41",2020-11-28,"0-130","rate hosp",0,4243332
"41",2020-11-28,"0-130","inc hosp",0,4243332
"41",2020-12-05,"0-130","rate hosp",0,4243332
"41",2020-12-05,"0-130","inc hosp",0,4243332
"41",2020-12-12,"0-130","rate hosp",0,4243332
"41",2020-12-12,"0-130","inc hosp",0,4243332
"41",2020-12-19,"0-130","rate hosp",0,4243332
"41",2020-12-19,"0-130","inc hosp",0,4243332
"41",2020-12-26,"0-130","rate hosp",0,4243332
"41",2020-12-26,"0-130","inc hosp",0,4243332
"41",2021-01-02,"0-130","rate hosp",0,4243332
"41",2021-01-02,"0-130","inc hosp",0,4243332
"41",2021-01-09,"0-130","rate hosp",0.1,4254814
"41",2021-01-09,"0-130","inc hosp",4.254814,4254814
"41",2021-01-16,"0-130","rate hosp",0,4254814
"41",2021-01-16,"0-130","inc hosp",0,4254814
"41",2021-01-23,"0-130","rate hosp",0,4254814
"41",2021-01-23,"0-130","inc hosp",0,4254814
"41",2021-01-30,"0-130","rate hosp",0,4254814
"41",2021-01-30,"0-130","inc hosp",0,4254814
"41",2021-02-06,"0-130","rate hosp",0,4254814
"41",2021-02-06,"0-130","inc hosp",0,4254814
"41",2021-02-13,"0-130","rate hosp",0,4254814
"41",2021-02-13,"0-130","inc hosp",0,4254814
"41",2021-02-20,"0-130","rate hosp",0,4254814
"41",2021-02-20,"0-130","inc hosp",0,4254814
"41",2021-02-27,"0-130","rate hosp",0,4254814
"41",2021-02-27,"0-130","inc hosp",0,4254814
"41",2021-03-06,"0-130","rate hosp",0,4254814
"41",2021-03-06,"0-130","inc hosp",0,4254814
"41",2021-03-13,"0-130","rate hosp",0,4254814
"41",2021-03-13,"0-130","inc hosp",0,4254814
"41",2021-03-20,"0-130","rate hosp",0,4254814
"41",2021-03-20,"0-130","inc hosp",0,4254814
"41",2021-03-27,"0-130","rate hosp",0,4254814
"41",2021-03-27,"0-130","inc hosp",0,4254814
"41",2021-04-03,"0-130","rate hosp",0,4254814
"41",2021-04-03,"0-130","inc hosp",0,4254814
"41",2021-04-10,"0-130","rate hosp",0,4254814
"41",2021-04-10,"0-130","inc hosp",0,4254814
"41",2021-04-17,"0-130","rate hosp",0,4254814
"41",2021-04-17,"0-130","inc hosp",0,4254814
"41",2021-04-24,"0-130","rate hosp",0,4254814
"41",2021-04-24,"0-130","inc hosp",0,4254814
"41",2021-05-01,"0-130","rate hosp",0,4254814
"41",2021-05-01,"0-130","inc hosp",0,4254814
"41",2021-05-08,"0-130","rate hosp",0,4254814
"41",2021-05-08,"0-130","inc hosp",0,4254814
"41",2021-05-15,"0-130","rate hosp",0,4254814
"41",2021-05-15,"0-130","inc hosp",0,4254814
"41",2021-05-22,"0-130","rate hosp",0,4254814
"41",2021-05-22,"0-130","inc hosp",0,4254814
"41",2021-05-29,"0-130","rate hosp",0,4254814
"41",2021-05-29,"0-130","inc hosp",0,4254814
"41",2021-06-05,"0-130","rate hosp",0,4254814
"41",2021-06-05,"0-130","inc hosp",0,4254814
"41",2021-06-12,"0-130","rate hosp",0,4254814
"41",2021-06-12,"0-130","inc hosp",0,4254814
"41",2021-06-19,"0-130","rate hosp",0,4254814
"41",2021-06-19,"0-130","inc hosp",0,4254814
"41",2021-06-26,"0-130","rate hosp",0,4254814
"41",2021-06-26,"0-130","inc hosp",0,4254814
"41",2021-07-03,"0-130","rate hosp",0,4254814
"41",2021-07-03,"0-130","inc hosp",0,4254814
"41",2021-07-10,"0-130","rate hosp",0,4254814
"41",2021-07-10,"0-130","inc hosp",0,4254814
"41",2021-07-17,"0-130","rate hosp",0,4254814
"41",2021-07-17,"0-130","inc hosp",0,4254814
"41",2021-07-24,"0-130","rate hosp",0.1,4254814
"41",2021-07-24,"0-130","inc hosp",4.254814,4254814
"41",2021-07-31,"0-130","rate hosp",0,4254814
"41",2021-07-31,"0-130","inc hosp",0,4254814
"41",2021-08-07,"0-130","rate hosp",0.1,4254814
"41",2021-08-07,"0-130","inc hosp",4.254814,4254814
"41",2021-08-14,"0-130","rate hosp",0,4254814
"41",2021-08-14,"0-130","inc hosp",0,4254814
"41",2021-08-21,"0-130","rate hosp",0.1,4254814
"41",2021-08-21,"0-130","inc hosp",4.254814,4254814
"41",2021-08-28,"0-130","rate hosp",0.2,4254814
"41",2021-08-28,"0-130","inc hosp",8.509628,4254814
"41",2021-09-04,"0-130","rate hosp",0.1,4254814
"41",2021-09-04,"0-130","inc hosp",4.254814,4254814
"41",2021-09-11,"0-130","rate hosp",0,4254814
"41",2021-09-11,"0-130","inc hosp",0,4254814
"41",2021-09-18,"0-130","rate hosp",0.3,4254814
"41",2021-09-18,"0-130","inc hosp",12.764442,4254814
"41",2021-09-25,"0-130","rate hosp",0.1,4254814
"41",2021-09-25,"0-130","inc hosp",4.254814,4254814
"41",2021-10-02,"0-130","rate hosp",0,4254814
"41",2021-10-02,"0-130","inc hosp",0,4254814
"US",2020-10-03,"0-130","rate hosp",0,330396837
"US",2020-10-03,"0-130","inc hosp",0,330396837
"US",2020-10-10,"0-130","rate hosp",0,330396837
"US",2020-10-10,"0-130","inc hosp",0,330396837
"US",2020-10-17,"0-130","rate hosp",0,330396837
"US",2020-10-17,"0-130","inc hosp",0,330396837
"US",2020-10-24,"0-130","rate hosp",0,330396837
"US",2020-10-24,"0-130","inc hosp",0,330396837
"US",2020-10-31,"0-130","rate hosp",0,330396837
"US",2020-10-31,"0-130","inc hosp",0,330396837
"US",2020-11-07,"0-130","rate hosp",0,330396837
"US",2020-11-07,"0-130","inc hosp",0,330396837
"US",2020-11-14,"0-130","rate hosp",0,330396837
"US",2020-11-14,"0-130","inc hosp",0,330396837
"US",2020-11-21,"0-130","rate hosp",0,330396837
"US",2020-11-21,"0-130","inc hosp",0,330396837
"US",2020-11-28,"0-130","rate hosp",0,330396837
"US",2020-11-28,"0-130","inc hosp",0,330396837
"US",2020-12-05,"0-130","rate hosp",0,330396837
"US",2020-12-05,"0-130","inc hosp",0,330396837
"US",2020-12-12,"0-130","rate hosp",0,330396837
"US",2020-12-12,"0-130","inc hosp",0,330396837
"US",2020-12-19,"0-130","rate hosp",0,330396837
"US",2020-12-19,"0-130","inc hosp",0,330396837
"US",2020-12-26,"0-130","rate hosp",0,330396837
"US",2020-12-26,"0-130","inc hosp",0,330396837
"US",2021-01-02,"0-130","rate hosp",0,330396837
"US",2021-01-02,"0-130","inc hosp",0,330396837
"US",2021-01-09,"0-130","rate hosp",0,330901569
"US",2021-01-09,"0-130","inc hosp",0,330901569
"US",2021-01-16,"0-130","rate hosp",0,330901569
"US",2021-01-16,"0-130","inc hosp",0,330901569
"US",2021-01-23,"0-130","rate hosp",0,330901569
"US",2021-01-23,"0-130","inc hosp",0,330901569
"US",2021-01-30,"0-130","rate hosp",0,330901569
"US",2021-01-30,"0-130","inc hosp",0,330901569
"US",2021-02-06,"0-130","rate hosp",0,330901569
"US",2021-02-06,"0-130","inc hosp",0,330901569
"US",2021-02-13,"0-130","rate hosp",0,330901569
"US",2021-02-13,"0-130","inc hosp",0,330901569
"US",2021-02-20,"0-130","rate hosp",0,330901569
"US",2021-02-20,"0-130","inc hosp",0,330901569
"US",2021-02-27,"0-130","rate hosp",0,330901569
"US",2021-02-27,"0-130","inc hosp",0,330901569
"US",2021-03-06,"0-130","rate hosp",0,330901569
"US",2021-03-06,"0-130","inc hosp",0,330901569
"US",2021-03-13,"0-130","rate hosp",0,330901569
"US",2021-03-13,"0-130","inc hosp",0,330901569
"US",2021-03-20,"0-130","rate hosp",0,330901569
"US",2021-03-20,"0-130","inc hosp",0,330901569
"US",2021-03-27,"0-130","rate hosp",0,330901569
"US",2021-03-27,"0-130","inc hosp",0,330901569
"US",2021-04-03,"0-130","rate hosp",0,330901569
"US",2021-04-03,"0-130","inc hosp",0,330901569
"US",2021-04-10,"0-130","rate hosp",0.1,330901569
"US",2021-04-10,"0-130","inc hosp",330.901569,330901569
"US",2021-04-17,"0-130","rate hosp",0,330901569
"US",2021-04-17,"0-130","inc hosp",0,330901569
"US",2021-04-24,"0-130","rate hosp",0,330901569
"US",2021-04-24,"0-130","inc hosp",0,330901569
"US",2021-05-01,"0-130","rate hosp",0.1,330901569
"US",2021-05-01,"0-130","inc hosp",330.901569,330901569
"US",2021-05-08,"0-130","rate hosp",0.1,330901569
"US",2021-05-08,"0-130","inc hosp",330.901569,330901569
"US",2021-05-15,"0-130","rate hosp",0.2,330901569
"US",2021-05-15,"0-130","inc hosp",661.803138,330901569
"US",2021-05-22,"0-130","rate hosp",0.2,330901569
"US",2021-05-22,"0-130","inc hosp",661.803138,330901569
"US",2021-05-29,"0-130","rate hosp",0.2,330901569
"US",2021-05-29,"0-130","inc hosp",661.803138,330901569
"US",2021-06-05,"0-130","rate hosp",0.2,330901569
"US",2021-06-05,"0-130","inc hosp",661.803138,330901569
"US",2021-06-12,"0-130","rate hosp",0.2,330901569
"US",2021-06-12,"0-130","inc hosp",661.803138,330901569
"US",2021-06-19,"0-130","rate hosp",0.3,330901569
"US",2021-06-19,"0-130","inc hosp",992.704707,330901569
"US",2021-06-26,"0-130","rate hosp",0.3,330901569
"US",2021-06-26,"0-130","inc hosp",992.704707,330901569
"US",2021-07-03,"0-130","rate hosp",0.4,330901569
"US",2021-07-03,"0-130","inc hosp",1323.606276,330901569
"US",2021-07-10,"0-130","rate hosp",0.4,330901569
"US",2021-07-10,"0-130","inc hosp",1323.606276,330901569
"US",2021-07-17,"0-130","rate hosp",0.6,330901569
"US",2021-07-17,"0-130","inc hosp",1985.409414,330901569
"US",2021-07-24,"0-130","rate hosp",0.8,330901569
"US",2021-07-24,"0-130","inc hosp",2647.212552,330901569
"US",2021-07-31,"0-130","rate hosp",0.8,330901569
"US",2021-07-31,"0-130","inc hosp",2647.212552,330901569
"US",2021-08-07,"0-130","rate hosp",0.9,330901569
"US",2021-08-07,"0-130","inc hosp",2978.114121,330901569
"US",2021-08-14,"0-130","rate hosp",0.9,330901569
"US",2021-08-14,"0-130","inc hosp",2978.114121,330901569
"US",2021-08-21,"0-130","rate hosp",0.8,330901569
"US",2021-08-21,"0-130","inc hosp",2647.212552,330901569
"US",2021-08-28,"0-130","rate hosp",0.9,330901569
"US",2021-08-28,"0-130","inc hosp",2978.114121,330901569
"US",2021-09-04,"0-130","rate hosp",0.9,330901569
"US",2021-09-04,"0-130","inc hosp",2978.114121,330901569
"US",2021-09-11,"0-130","rate hosp",0.9,330901569
"US",2021-09-11,"0-130","inc hosp",2978.114121,330901569
"US",2021-09-18,"0-130","rate hosp",0.8,330901569
"US",2021-09-18,"0-130","inc hosp",2647.212552,330901569
"US",2021-09-25,"0-130","rate hosp",0.8,330901569
"US",2021-09-25,"0-130","inc hosp",2647.212552,330901569
"US",2021-10-02,"0-130","rate hosp",1,330901569
"US",2021-10-02,"0-130","inc hosp",3309.01569,330901569
"47",2020-10-03,"0-130","rate hosp",0,6905257
"47",2020-10-03,"0-130","inc hosp",0,6905257
"47",2020-10-10,"0-130","rate hosp",0,6905257
"47",2020-10-10,"0-130","inc hosp",0,6905257
"47",2020-10-17,"0-130","rate hosp",0,6905257
"47",2020-10-17,"0-130","inc hosp",0,6905257
"47",2020-10-24,"0-130","rate hosp",0,6905257
"47",2020-10-24,"0-130","inc hosp",0,6905257
"47",2020-10-31,"0-130","rate hosp",0,6905257
"47",2020-10-31,"0-130","inc hosp",0,6905257
"47",2020-11-07,"0-130","rate hosp",0,6905257
"47",2020-11-07,"0-130","inc hosp",0,6905257
"47",2020-11-14,"0-130","rate hosp",0,6905257
"47",2020-11-14,"0-130","inc hosp",0,6905257
"47",2020-11-21,"0-130","rate hosp",0,6905257
"47",2020-11-21,"0-130","inc hosp",0,6905257
"47",2020-11-28,"0-130","rate hosp",0,6905257
"47",2020-11-28,"0-130","inc hosp",0,6905257
"47",2020-12-05,"0-130","rate hosp",0,6905257
"47",2020-12-05,"0-130","inc hosp",0,6905257
"47",2020-12-12,"0-130","rate hosp",0,6905257
"47",2020-12-12,"0-130","inc hosp",0,6905257
"47",2020-12-19,"0-130","rate hosp",0,6905257
"47",2020-12-19,"0-130","inc hosp",0,6905257
"47",2020-12-26,"0-130","rate hosp",0,6905257
"47",2020-12-26,"0-130","inc hosp",0,6905257
"47",2021-01-02,"0-130","rate hosp",0,6905257
"47",2021-01-02,"0-130","inc hosp",0,6905257
"47",2021-01-09,"0-130","rate hosp",0,6947379
"47",2021-01-09,"0-130","inc hosp",0,6947379
"47",2021-01-16,"0-130","rate hosp",0,6947379
"47",2021-01-16,"0-130","inc hosp",0,6947379
"47",2021-01-23,"0-130","rate hosp",0,6947379
"47",2021-01-23,"0-130","inc hosp",0,6947379
"47",2021-01-30,"0-130","rate hosp",0,6947379
"47",2021-01-30,"0-130","inc hosp",0,6947379
"47",2021-02-06,"0-130","rate hosp",0,6947379
"47",2021-02-06,"0-130","inc hosp",0,6947379
"47",2021-02-13,"0-130","rate hosp",0,6947379
"47",2021-02-13,"0-130","inc hosp",0,6947379
"47",2021-02-20,"0-130","rate hosp",0,6947379
"47",2021-02-20,"0-130","inc hosp",0,6947379
"47",2021-02-27,"0-130","rate hosp",0,6947379
"47",2021-02-27,"0-130","inc hosp",0,6947379
"47",2021-03-06,"0-130","rate hosp",0,6947379
"47",2021-03-06,"0-130","inc hosp",0,6947379
"47",2021-03-13,"0-130","rate hosp",0,6947379
"47",2021-03-13,"0-130","inc hosp",0,6947379
"47",2021-03-20,"0-130","rate hosp",0,6947379
"47",2021-03-20,"0-130","inc hosp",0,6947379
"47",2021-03-27,"0-130","rate hosp",0,6947379
"47",2021-03-27,"0-130","inc hosp",0,6947379
"47",2021-04-03,"0-130","rate hosp",0,6947379
"47",2021-04-03,"0-130","inc hosp",0,6947379
"47",2021-04-10,"0-130","rate hosp",0,6947379
"47",2021-04-10,"0-130","inc hosp",0,6947379
"47",2021-04-17,"0-130","rate hosp",0.2,6947379
"47",2021-04-17,"0-130","inc hosp",13.894758,6947379
"47",2021-04-24,"0-130","rate hosp",0.2,6947379
"47",2021-04-24,"0-130","inc hosp",13.894758,6947379
"47",2021-05-01,"0-130","rate hosp",0.3,6947379
"47",2021-05-01,"0-130","inc hosp",20.842137,6947379
"47",2021-05-08,"0-130","rate hosp",0.4,6947379
"47",2021-05-08,"0-130","inc hosp",27.789516,6947379
"47",2021-05-15,"0-130","rate hosp",0.4,6947379
"47",2021-05-15,"0-130","inc hosp",27.789516,6947379
"47",2021-05-22,"0-130","rate hosp",0.6,6947379
"47",2021-05-22,"0-130","inc hosp",41.684274,6947379
"47",2021-05-29,"0-130","rate hosp",0.6,6947379
"47",2021-05-29,"0-130","inc hosp",41.684274,6947379
"47",2021-06-05,"0-130","rate hosp",0.8,6947379
"47",2021-06-05,"0-130","inc hosp",55.579032,6947379
"47",2021-06-12,"0-130","rate hosp",0.7,6947379
"47",2021-06-12,"0-130","inc hosp",48.631653,6947379
"47",2021-06-19,"0-130","rate hosp",1,6947379
"47",2021-06-19,"0-130","inc hosp",69.47379,6947379
"47",2021-06-26,"0-130","rate hosp",1.2,6947379
"47",2021-06-26,"0-130","inc hosp",83.368548,6947379
"47",2021-07-03,"0-130","rate hosp",1.6,6947379
"47",2021-07-03,"0-130","inc hosp",111.158064,6947379
"47",2021-07-10,"0-130","rate hosp",1.3,6947379
"47",2021-07-10,"0-130","inc hosp",90.315927,6947379
"47",2021-07-17,"0-130","rate hosp",1.6,6947379
"47",2021-07-17,"0-130","inc hosp",111.158064,6947379
"47",2021-07-24,"0-130","rate hosp",2.4,6947379
"47",2021-07-24,"0-130","inc hosp",166.737096,6947379
"47",2021-07-31,"0-130","rate hosp",1.5,6947379
"47",2021-07-31,"0-130","inc hosp",104.210685,6947379
"47",2021-08-07,"0-130","rate hosp",1.3,6947379
"47",2021-08-07,"0-130","inc hosp",90.315927,6947379
"47",2021-08-14,"0-130","rate hosp",1.1,6947379
"47",2021-08-14,"0-130","inc hosp",76.421169,6947379
"47",2021-08-21,"0-130","rate hosp",0.9,6947379
"47",2021-08-21,"0-130","inc hosp",62.526411,6947379
"47",2021-08-28,"0-130","rate hosp",1.5,6947379
"47",2021-08-28,"0-130","inc hosp",104.210685,6947379
"47",2021-09-04,"0-130","rate hosp",1.2,6947379
"47",2021-09-04,"0-130","inc hosp",83.368548,6947379
"47",2021-09-11,"0-130","rate hosp",0.9,6947379
"47",2021-09-11,"0-130","inc hosp",62.526411,6947379
"47",2021-09-18,"0-130","rate hosp",0.9,6947379
"47",2021-09-18,"0-130","inc hosp",62.526411,6947379
"47",2021-09-25,"0-130","rate hosp",0.5,6947379
"47",2021-09-25,"0-130","inc hosp",34.736895,6947379
"47",2021-10-02,"0-130","rate hosp",1.2,6947379
"47",2021-10-02,"0-130","inc hosp",83.368548,6947379
"49",2020-10-03,"0-130","rate hosp",0,3279045
"49",2020-10-03,"0-130","inc hosp",0,3279045
"49",2020-10-10,"0-130","rate hosp",0,3279045
"49",2020-10-10,"0-130","inc hosp",0,3279045
"49",2020-10-17,"0-130","rate hosp",0,3279045
"49",2020-10-17,"0-130","inc hosp",0,3279045
"49",2020-10-24,"0-130","rate hosp",0,3279045
"49",2020-10-24,"0-130","inc hosp",0,3279045
"49",2020-10-31,"0-130","rate hosp",0,3279045
"49",2020-10-31,"0-130","inc hosp",0,3279045
"49",2020-11-07,"0-130","rate hosp",0,3279045
"49",2020-11-07,"0-130","inc hosp",0,3279045
"49",2020-11-14,"0-130","rate hosp",0,3279045
"49",2020-11-14,"0-130","inc hosp",0,3279045
"49",2020-11-21,"0-130","rate hosp",0,3279045
"49",2020-11-21,"0-130","inc hosp",0,3279045
"49",2020-11-28,"0-130","rate hosp",0,3279045
"49",2020-11-28,"0-130","inc hosp",0,3279045
"49",2020-12-05,"0-130","rate hosp",0,3279045
"49",2020-12-05,"0-130","inc hosp",0,3279045
"49",2020-12-12,"0-130","rate hosp",0,3279045
"49",2020-12-12,"0-130","inc hosp",0,3279045
"49",2020-12-19,"0-130","rate hosp",0,3279045
"49",2020-12-19,"0-130","inc hosp",0,3279045
"49",2020-12-26,"0-130","rate hosp",0,3279045
"49",2020-12-26,"0-130","inc hosp",0,3279045
"49",2021-01-02,"0-130","rate hosp",0,3279045
"49",2021-01-02,"0-130","inc hosp",0,3279045
"49",2021-01-09,"0-130","rate hosp",0,3334413
"49",2021-01-09,"0-130","inc hosp",0,3334413
"49",2021-01-16,"0-130","rate hosp",0,3334413
"49",2021-01-16,"0-130","inc hosp",0,3334413
"49",2021-01-23,"0-130","rate hosp",0,3334413
"49",2021-01-23,"0-130","inc hosp",0,3334413
"49",2021-01-30,"0-130","rate hosp",0,3334413
"49",2021-01-30,"0-130","inc hosp",0,3334413
"49",2021-02-06,"0-130","rate hosp",0,3334413
"49",2021-02-06,"0-130","inc hosp",0,3334413
"49",2021-02-13,"0-130","rate hosp",0,3334413
"49",2021-02-13,"0-130","inc hosp",0,3334413
"49",2021-02-20,"0-130","rate hosp",0,3334413
"49",2021-02-20,"0-130","inc hosp",0,3334413
"49",2021-02-27,"0-130","rate hosp",0,3334413
"49",2021-02-27,"0-130","inc hosp",0,3334413
"49",2021-03-06,"0-130","rate hosp",0,3334413
"49",2021-03-06,"0-130","inc hosp",0,3334413
"49",2021-03-13,"0-130","rate hosp",0,3334413
"49",2021-03-13,"0-130","inc hosp",0,3334413
"49",2021-03-20,"0-130","rate hosp",0,3334413
"49",2021-03-20,"0-130","inc hosp",0,3334413
"49",2021-03-27,"0-130","rate hosp",0,3334413
"49",2021-03-27,"0-130","inc hosp",0,3334413
"49",2021-04-03,"0-130","rate hosp",0,3334413
"49",2021-04-03,"0-130","inc hosp",0,3334413
"49",2021-04-10,"0-130","rate hosp",0,3334413
"49",2021-04-10,"0-130","inc hosp",0,3334413
"49",2021-04-17,"0-130","rate hosp",0,3334413
"49",2021-04-17,"0-130","inc hosp",0,3334413
"49",2021-04-24,"0-130","rate hosp",0,3334413
"49",2021-04-24,"0-130","inc hosp",0,3334413
"49",2021-05-01,"0-130","rate hosp",0,3334413
"49",2021-05-01,"0-130","inc hosp",0,3334413
"49",2021-05-08,"0-130","rate hosp",0,3334413
"49",2021-05-08,"0-130","inc hosp",0,3334413
"49",2021-05-15,"0-130","rate hosp",0.3,3334413
"49",2021-05-15,"0-130","inc hosp",10.003239,3334413
"49",2021-05-22,"0-130","rate hosp",0.3,3334413
"49",2021-05-22,"0-130","inc hosp",10.003239,3334413
"49",2021-05-29,"0-130","rate hosp",0.1,3334413
"49",2021-05-29,"0-130","inc hosp",3.334413,3334413
"49",2021-06-05,"0-130","rate hosp",0,3334413
"49",2021-06-05,"0-130","inc hosp",0,3334413
"49",2021-06-12,"0-130","rate hosp",0,3334413
"49",2021-06-12,"0-130","inc hosp",0,3334413
"49",2021-06-19,"0-130","rate hosp",0.1,3334413
"49",2021-06-19,"0-130","inc hosp",3.334413,3334413
"49",2021-06-26,"0-130","rate hosp",0.2,3334413
"49",2021-06-26,"0-130","inc hosp",6.668826,3334413
"49",2021-07-03,"0-130","rate hosp",0.2,3334413
"49",2021-07-03,"0-130","inc hosp",6.668826,3334413
"49",2021-07-10,"0-130","rate hosp",0.2,3334413
"49",2021-07-10,"0-130","inc hosp",6.668826,3334413
"49",2021-07-17,"0-130","rate hosp",0.1,3334413
"49",2021-07-17,"0-130","inc hosp",3.334413,3334413
"49",2021-07-24,"0-130","rate hosp",0.4,3334413
"49",2021-07-24,"0-130","inc hosp",13.337652,3334413
"49",2021-07-31,"0-130","rate hosp",0.3,3334413
"49",2021-07-31,"0-130","inc hosp",10.003239,3334413
"49",2021-08-07,"0-130","rate hosp",0.5,3334413
"49",2021-08-07,"0-130","inc hosp",16.672065,3334413
"49",2021-08-14,"0-130","rate hosp",0.9,3334413
"49",2021-08-14,"0-130","inc hosp",30.009717,3334413
"49",2021-08-21,"0-130","rate hosp",0.5,3334413
"49",2021-08-21,"0-130","inc hosp",16.672065,3334413
"49",2021-08-28,"0-130","rate hosp",1.2,3334413
"49",2021-08-28,"0-130","inc hosp",40.012956,3334413
"49",2021-09-04,"0-130","rate hosp",0.6,3334413
"49",2021-09-04,"0-130","inc hosp",20.006478,3334413
"49",2021-09-11,"0-130","rate hosp",1.3,3334413
"49",2021-09-11,"0-130","inc hosp",43.347369,3334413
"49",2021-09-18,"0-130","rate hosp",0.6,3334413
"49",2021-09-18,"0-130","inc hosp",20.006478,3334413
"49",2021-09-25,"0-130","rate hosp",0.9,3334413
"49",2021-09-25,"0-130","inc hosp",30.009717,3334413
"49",2021-10-02,"0-130","rate hosp",1.3,3334413
"49",2021-10-02,"0-130","inc hosp",43.347369,3334413
"06",2021-10-09,"0-130","rate hosp",0.1,38996431
"06",2021-10-09,"0-130","inc hosp",38.996431,38996431
"06",2021-10-16,"0-130","rate hosp",0.2,38996431
"06",2021-10-16,"0-130","inc hosp",77.992862,38996431
"06",2021-10-23,"0-130","rate hosp",0.4,38996431
"06",2021-10-23,"0-130","inc hosp",155.985724,38996431
"06",2021-10-30,"0-130","rate hosp",0.4,38996431
"06",2021-10-30,"0-130","inc hosp",155.985724,38996431
"06",2021-11-06,"0-130","rate hosp",0.2,38996431
"06",2021-11-06,"0-130","inc hosp",77.992862,38996431
"06",2021-11-13,"0-130","rate hosp",0.6,38996431
"06",2021-11-13,"0-130","inc hosp",233.978586,38996431
"06",2021-11-20,"0-130","rate hosp",0.5,38996431
"06",2021-11-20,"0-130","inc hosp",194.982155,38996431
"06",2021-11-27,"0-130","rate hosp",0.7,38996431
"06",2021-11-27,"0-130","inc hosp",272.975017,38996431
"06",2021-12-04,"0-130","rate hosp",1.2,38996431
"06",2021-12-04,"0-130","inc hosp",467.957172,38996431
"06",2021-12-11,"0-130","rate hosp",1.1,38996431
"06",2021-12-11,"0-130","inc hosp",428.960741,38996431
"06",2021-12-18,"0-130","rate hosp",1.5,38996431
"06",2021-12-18,"0-130","inc hosp",584.946465,38996431
"06",2021-12-25,"0-130","rate hosp",1.4,38996431
"06",2021-12-25,"0-130","inc hosp",545.950034,38996431
"06",2022-01-01,"0-130","rate hosp",1.6,38996431
"06",2022-01-01,"0-130","inc hosp",623.942896,38996431
"06",2022-01-08,"0-130","rate hosp",1.6,38886551
"06",2022-01-08,"0-130","inc hosp",622.184816,38886551
"06",2022-01-15,"0-130","rate hosp",1.1,38886551
"06",2022-01-15,"0-130","inc hosp",427.752061,38886551
"06",2022-01-22,"0-130","rate hosp",0.7,38886551
"06",2022-01-22,"0-130","inc hosp",272.205857,38886551
"06",2022-01-29,"0-130","rate hosp",0.3,38886551
"06",2022-01-29,"0-130","inc hosp",116.659653,38886551
"06",2022-02-05,"0-130","rate hosp",0.3,38886551
"06",2022-02-05,"0-130","inc hosp",116.659653,38886551
"06",2022-02-12,"0-130","rate hosp",0.2,38886551
"06",2022-02-12,"0-130","inc hosp",77.773102,38886551
"06",2022-02-19,"0-130","rate hosp",0.3,38886551
"06",2022-02-19,"0-130","inc hosp",116.659653,38886551
"06",2022-02-26,"0-130","rate hosp",0.1,38886551
"06",2022-02-26,"0-130","inc hosp",38.886551,38886551
"06",2022-03-05,"0-130","rate hosp",0.2,38886551
"06",2022-03-05,"0-130","inc hosp",77.773102,38886551
"06",2022-03-12,"0-130","rate hosp",0.2,38886551
"06",2022-03-12,"0-130","inc hosp",77.773102,38886551
"06",2022-03-19,"0-130","rate hosp",0.1,38886551
"06",2022-03-19,"0-130","inc hosp",38.886551,38886551
"06",2022-03-26,"0-130","rate hosp",0.2,38886551
"06",2022-03-26,"0-130","inc hosp",77.773102,38886551
"06",2022-04-02,"0-130","rate hosp",0.1,38886551
"06",2022-04-02,"0-130","inc hosp",38.886551,38886551
"06",2022-04-09,"0-130","rate hosp",0.2,38886551
"06",2022-04-09,"0-130","inc hosp",77.773102,38886551
"06",2022-04-16,"0-130","rate hosp",0,38886551
"06",2022-04-16,"0-130","inc hosp",0,38886551
"06",2022-04-23,"0-130","rate hosp",0.1,38886551
"06",2022-04-23,"0-130","inc hosp",38.886551,38886551
"06",2022-04-30,"0-130","rate hosp",0.1,38886551
"06",2022-04-30,"0-130","inc hosp",38.886551,38886551
"06",2022-05-07,"0-130","rate hosp",0,38886551
"06",2022-05-07,"0-130","inc hosp",0,38886551
"06",2022-05-14,"0-130","rate hosp",0.1,38886551
"06",2022-05-14,"0-130","inc hosp",38.886551,38886551
"06",2022-05-21,"0-130","rate hosp",0,38886551
"06",2022-05-21,"0-130","inc hosp",0,38886551
"06",2022-05-28,"0-130","rate hosp",0.1,38886551
"06",2022-05-28,"0-130","inc hosp",38.886551,38886551
"06",2022-06-04,"0-130","rate hosp",0,38886551
"06",2022-06-04,"0-130","inc hosp",0,38886551
"06",2022-06-11,"0-130","rate hosp",0.1,38886551
"06",2022-06-11,"0-130","inc hosp",38.886551,38886551
"06",2022-06-18,"0-130","rate hosp",0.1,38886551
"06",2022-06-18,"0-130","inc hosp",38.886551,38886551
"06",2022-06-25,"0-130","rate hosp",0,38886551
"06",2022-06-25,"0-130","inc hosp",0,38886551
"06",2022-07-02,"0-130","rate hosp",0.1,38886551
"06",2022-07-02,"0-130","inc hosp",38.886551,38886551
"06",2022-07-09,"0-130","rate hosp",0.1,38886551
"06",2022-07-09,"0-130","inc hosp",38.886551,38886551
"06",2022-07-16,"0-130","rate hosp",0,38886551
"06",2022-07-16,"0-130","inc hosp",0,38886551
"06",2022-07-23,"0-130","rate hosp",0.1,38886551
"06",2022-07-23,"0-130","inc hosp",38.886551,38886551
"06",2022-07-30,"0-130","rate hosp",0.1,38886551
"06",2022-07-30,"0-130","inc hosp",38.886551,38886551
"06",2022-08-06,"0-130","rate hosp",0.2,38886551
"06",2022-08-06,"0-130","inc hosp",77.773102,38886551
"06",2022-08-13,"0-130","rate hosp",0.1,38886551
"06",2022-08-13,"0-130","inc hosp",38.886551,38886551
"06",2022-08-20,"0-130","rate hosp",0.1,38886551
"06",2022-08-20,"0-130","inc hosp",38.886551,38886551
"06",2022-08-27,"0-130","rate hosp",0.2,38886551
"06",2022-08-27,"0-130","inc hosp",77.773102,38886551
"06",2022-09-03,"0-130","rate hosp",0.1,38886551
"06",2022-09-03,"0-130","inc hosp",38.886551,38886551
"06",2022-09-10,"0-130","rate hosp",0.2,38886551
"06",2022-09-10,"0-130","inc hosp",77.773102,38886551
"06",2022-09-17,"0-130","rate hosp",0.2,38886551
"06",2022-09-17,"0-130","inc hosp",77.773102,38886551
"06",2022-09-24,"0-130","rate hosp",0.3,38886551
"06",2022-09-24,"0-130","inc hosp",116.659653,38886551
"06",2022-10-01,"0-130","rate hosp",0.6,38886551
"06",2022-10-01,"0-130","inc hosp",233.319306,38886551
"08",2021-10-09,"0-130","rate hosp",1,5772964
"08",2021-10-09,"0-130","inc hosp",57.72964,5772964
"08",2021-10-16,"0-130","rate hosp",0.8,5772964
"08",2021-10-16,"0-130","inc hosp",46.183712,5772964
"08",2021-10-23,"0-130","rate hosp",1.1,5772964
"08",2021-10-23,"0-130","inc hosp",63.502604,5772964
"08",2021-10-30,"0-130","rate hosp",1.2,5772964
"08",2021-10-30,"0-130","inc hosp",69.275568,5772964
"08",2021-11-06,"0-130","rate hosp",1.3,5772964
"08",2021-11-06,"0-130","inc hosp",75.048532,5772964
"08",2021-11-13,"0-130","rate hosp",1.7,5772964
"08",2021-11-13,"0-130","inc hosp",98.140388,5772964
"08",2021-11-20,"0-130","rate hosp",2.4,5772964
"08",2021-11-20,"0-130","inc hosp",138.551136,5772964
"08",2021-11-27,"0-130","rate hosp",1.7,5772964
"08",2021-11-27,"0-130","inc hosp",98.140388,5772964
"08",2021-12-04,"0-130","rate hosp",2.9,5772964
"08",2021-12-04,"0-130","inc hosp",167.415956,5772964
"08",2021-12-11,"0-130","rate hosp",3.6,5772964
"08",2021-12-11,"0-130","inc hosp",207.826704,5772964
"08",2021-12-18,"0-130","rate hosp",2.9,5772964
"08",2021-12-18,"0-130","inc hosp",167.415956,5772964
"08",2021-12-25,"0-130","rate hosp",2.4,5772964
"08",2021-12-25,"0-130","inc hosp",138.551136,5772964
"08",2022-01-01,"0-130","rate hosp",2.9,5772964
"08",2022-01-01,"0-130","inc hosp",167.415956,5772964
"08",2022-01-08,"0-130","rate hosp",2.2,5803748
"08",2022-01-08,"0-130","inc hosp",127.682456,5803748
"08",2022-01-15,"0-130","rate hosp",0.8,5803748
"08",2022-01-15,"0-130","inc hosp",46.429984,5803748
"08",2022-01-22,"0-130","rate hosp",0.8,5803748
"08",2022-01-22,"0-130","inc hosp",46.429984,5803748
"08",2022-01-29,"0-130","rate hosp",0.4,5803748
"08",2022-01-29,"0-130","inc hosp",23.214992,5803748
"08",2022-02-05,"0-130","rate hosp",0.5,5803748
"08",2022-02-05,"0-130","inc hosp",29.01874,5803748
"08",2022-02-12,"0-130","rate hosp",0.2,5803748
"08",2022-02-12,"0-130","inc hosp",11.607496,5803748
"08",2022-02-19,"0-130","rate hosp",0.2,5803748
"08",2022-02-19,"0-130","inc hosp",11.607496,5803748
"08",2022-02-26,"0-130","rate hosp",0.3,5803748
"08",2022-02-26,"0-130","inc hosp",17.411244,5803748
"08",2022-03-05,"0-130","rate hosp",0.4,5803748
"08",2022-03-05,"0-130","inc hosp",23.214992,5803748
"08",2022-03-12,"0-130","rate hosp",0.6,5803748
"08",2022-03-12,"0-130","inc hosp",34.822488,5803748
"08",2022-03-19,"0-130","rate hosp",0.7,5803748
"08",2022-03-19,"0-130","inc hosp",40.626236,5803748
"08",2022-03-26,"0-130","rate hosp",0.4,5803748
"08",2022-03-26,"0-130","inc hosp",23.214992,5803748
"08",2022-04-02,"0-130","rate hosp",0.4,5803748
"08",2022-04-02,"0-130","inc hosp",23.214992,5803748
"08",2022-04-09,"0-130","rate hosp",0.4,5803748
"08",2022-04-09,"0-130","inc hosp",23.214992,5803748
"08",2022-04-16,"0-130","rate hosp",0.2,5803748
"08",2022-04-16,"0-130","inc hosp",11.607496,5803748
"08",2022-04-23,"0-130","rate hosp",0.4,5803748
"08",2022-04-23,"0-130","inc hosp",23.214992,5803748
"08",2022-04-30,"0-130","rate hosp",0.2,5803748
"08",2022-04-30,"0-130","inc hosp",11.607496,5803748
"08",2022-05-07,"0-130","rate hosp",0.2,5803748
"08",2022-05-07,"0-130","inc hosp",11.607496,5803748
"08",2022-05-14,"0-130","rate hosp",0.2,5803748
"08",2022-05-14,"0-130","inc hosp",11.607496,5803748
"08",2022-05-21,"0-130","rate hosp",0.3,5803748
"08",2022-05-21,"0-130","inc hosp",17.411244,5803748
"08",2022-05-28,"0-130","rate hosp",0.1,5803748
"08",2022-05-28,"0-130","inc hosp",5.803748,5803748
"08",2022-06-04,"0-130","rate hosp",0.3,5803748
"08",2022-06-04,"0-130","inc hosp",17.411244,5803748
"08",2022-06-11,"0-130","rate hosp",0.3,5803748
"08",2022-06-11,"0-130","inc hosp",17.411244,5803748
"08",2022-06-18,"0-130","rate hosp",0.1,5803748
"08",2022-06-18,"0-130","inc hosp",5.803748,5803748
"08",2022-06-25,"0-130","rate hosp",0.3,5803748
"08",2022-06-25,"0-130","inc hosp",17.411244,5803748
"08",2022-07-02,"0-130","rate hosp",0.1,5803748
"08",2022-07-02,"0-130","inc hosp",5.803748,5803748
"08",2022-07-09,"0-130","rate hosp",0.1,5803748
"08",2022-07-09,"0-130","inc hosp",5.803748,5803748
"08",2022-07-16,"0-130","rate hosp",0.2,5803748
"08",2022-07-16,"0-130","inc hosp",11.607496,5803748
"08",2022-07-23,"0-130","rate hosp",0.2,5803748
"08",2022-07-23,"0-130","inc hosp",11.607496,5803748
"08",2022-07-30,"0-130","rate hosp",0.2,5803748
"08",2022-07-30,"0-130","inc hosp",11.607496,5803748
"08",2022-08-06,"0-130","rate hosp",0.3,5803748
"08",2022-08-06,"0-130","inc hosp",17.411244,5803748
"08",2022-08-13,"0-130","rate hosp",0.3,5803748
"08",2022-08-13,"0-130","inc hosp",17.411244,5803748
"08",2022-08-20,"0-130","rate hosp",0.3,5803748
"08",2022-08-20,"0-130","inc hosp",17.411244,5803748
"08",2022-08-27,"0-130","rate hosp",0.1,5803748
"08",2022-08-27,"0-130","inc hosp",5.803748,5803748
"08",2022-09-03,"0-130","rate hosp",0.2,5803748
"08",2022-09-03,"0-130","inc hosp",11.607496,5803748
"08",2022-09-10,"0-130","rate hosp",0.2,5803748
"08",2022-09-10,"0-130","inc hosp",11.607496,5803748
"08",2022-09-17,"0-130","rate hosp",0.5,5803748
"08",2022-09-17,"0-130","inc hosp",29.01874,5803748
"08",2022-09-24,"0-130","rate hosp",0.8,5803748
"08",2022-09-24,"0-130","inc hosp",46.429984,5803748
"08",2022-10-01,"0-130","rate hosp",0.9,5803748
"08",2022-10-01,"0-130","inc hosp",52.233732,5803748
"09",2021-10-09,"0-130","rate hosp",1.8,3617955
"09",2021-10-09,"0-130","inc hosp",65.12319,3617955
"09",2021-10-16,"0-130","rate hosp",1.1,3617955
"09",2021-10-16,"0-130","inc hosp",39.797505,3617955
"09",2021-10-23,"0-130","rate hosp",1.1,3617955
"09",2021-10-23,"0-130","inc hosp",39.797505,3617955
"09",2021-10-30,"0-130","rate hosp",1.4,3617955
"09",2021-10-30,"0-130","inc hosp",50.65137,3617955
"09",2021-11-06,"0-130","rate hosp",1.2,3617955
"09",2021-11-06,"0-130","inc hosp",43.41546,3617955
"09",2021-11-13,"0-130","rate hosp",1.3,3617955
"09",2021-11-13,"0-130","inc hosp",47.033415,3617955
"09",2021-11-20,"0-130","rate hosp",1.6,3617955
"09",2021-11-20,"0-130","inc hosp",57.88728,3617955
"09",2021-11-27,"0-130","rate hosp",1.3,3617955
"09",2021-11-27,"0-130","inc hosp",47.033415,3617955
"09",2021-12-04,"0-130","rate hosp",0.7,3617955
"09",2021-12-04,"0-130","inc hosp",25.325685,3617955
"09",2021-12-11,"0-130","rate hosp",0.9,3617955
"09",2021-12-11,"0-130","inc hosp",32.561595,3617955
"09",2021-12-18,"0-130","rate hosp",1,3617955
"09",2021-12-18,"0-130","inc hosp",36.17955,3617955
"09",2021-12-25,"0-130","rate hosp",1.1,3617955
"09",2021-12-25,"0-130","inc hosp",39.797505,3617955
"09",2022-01-01,"0-130","rate hosp",0.6,3617955
"09",2022-01-01,"0-130","inc hosp",21.70773,3617955
"09",2022-01-08,"0-130","rate hosp",1.1,3621089
"09",2022-01-08,"0-130","inc hosp",39.831979,3621089
"09",2022-01-15,"0-130","rate hosp",0.6,3621089
"09",2022-01-15,"0-130","inc hosp",21.726534,3621089
"09",2022-01-22,"0-130","rate hosp",0.6,3621089
"09",2022-01-22,"0-130","inc hosp",21.726534,3621089
"09",2022-01-29,"0-130","rate hosp",0.2,3621089
"09",2022-01-29,"0-130","inc hosp",7.242178,3621089
"09",2022-02-05,"0-130","rate hosp",0.2,3621089
"09",2022-02-05,"0-130","inc hosp",7.242178,3621089
"09",2022-02-12,"0-130","rate hosp",0.1,3621089
"09",2022-02-12,"0-130","inc hosp",3.621089,3621089
"09",2022-02-19,"0-130","rate hosp",0.3,3621089
"09",2022-02-19,"0-130","inc hosp",10.863267,3621089
"09",2022-02-26,"0-130","rate hosp",0.2,3621089
"09",2022-02-26,"0-130","inc hosp",7.242178,3621089
"09",2022-03-05,"0-130","rate hosp",0,3621089
"09",2022-03-05,"0-130","inc hosp",0,3621089
"09",2022-03-12,"0-130","rate hosp",0,3621089
"09",2022-03-12,"0-130","inc hosp",0,3621089
"09",2022-03-19,"0-130","rate hosp",0,3621089
"09",2022-03-19,"0-130","inc hosp",0,3621089
"09",2022-03-26,"0-130","rate hosp",0.3,3621089
"09",2022-03-26,"0-130","inc hosp",10.863267,3621089
"09",2022-04-02,"0-130","rate hosp",0,3621089
"09",2022-04-02,"0-130","inc hosp",0,3621089
"09",2022-04-09,"0-130","rate hosp",0,3621089
"09",2022-04-09,"0-130","inc hosp",0,3621089
"09",2022-04-16,"0-130","rate hosp",0.1,3621089
"09",2022-04-16,"0-130","inc hosp",3.621089,3621089
"09",2022-04-23,"0-130","rate hosp",0.4,3621089
"09",2022-04-23,"0-130","inc hosp",14.484356,3621089
"09",2022-04-30,"0-130","rate hosp",0.6,3621089
"09",2022-04-30,"0-130","inc hosp",21.726534,3621089
"09",2022-05-07,"0-130","rate hosp",0.2,3621089
"09",2022-05-07,"0-130","inc hosp",7.242178,3621089
"09",2022-05-14,"0-130","rate hosp",0.3,3621089
"09",2022-05-14,"0-130","inc hosp",10.863267,3621089
"09",2022-05-21,"0-130","rate hosp",0,3621089
"09",2022-05-21,"0-130","inc hosp",0,3621089
"09",2022-05-28,"0-130","rate hosp",0.1,3621089
"09",2022-05-28,"0-130","inc hosp",3.621089,3621089
"09",2022-06-04,"0-130","rate hosp",0.3,3621089
"09",2022-06-04,"0-130","inc hosp",10.863267,3621089
"09",2022-06-11,"0-130","rate hosp",0.3,3621089
"09",2022-06-11,"0-130","inc hosp",10.863267,3621089
"09",2022-06-18,"0-130","rate hosp",0.4,3621089
"09",2022-06-18,"0-130","inc hosp",14.484356,3621089
"09",2022-06-25,"0-130","rate hosp",0.4,3621089
"09",2022-06-25,"0-130","inc hosp",14.484356,3621089
"09",2022-07-02,"0-130","rate hosp",0.3,3621089
"09",2022-07-02,"0-130","inc hosp",10.863267,3621089
"09",2022-07-09,"0-130","rate hosp",0.1,3621089
"09",2022-07-09,"0-130","inc hosp",3.621089,3621089
"09",2022-07-16,"0-130","rate hosp",0.4,3621089
"09",2022-07-16,"0-130","inc hosp",14.484356,3621089
"09",2022-07-23,"0-130","rate hosp",0.9,3621089
"09",2022-07-23,"0-130","inc hosp",32.589801,3621089
"09",2022-07-30,"0-130","rate hosp",0.6,3621089
"09",2022-07-30,"0-130","inc hosp",21.726534,3621089
"09",2022-08-06,"0-130","rate hosp",1,3621089
"09",2022-08-06,"0-130","inc hosp",36.21089,3621089
"09",2022-08-13,"0-130","rate hosp",0.5,3621089
"09",2022-08-13,"0-130","inc hosp",18.105445,3621089
"09",2022-08-20,"0-130","rate hosp",0.6,3621089
"09",2022-08-20,"0-130","inc hosp",21.726534,3621089
"09",2022-08-27,"0-130","rate hosp",0.8,3621089
"09",2022-08-27,"0-130","inc hosp",28.968712,3621089
"09",2022-09-03,"0-130","rate hosp",0.9,3621089
"09",2022-09-03,"0-130","inc hosp",32.589801,3621089
"09",2022-09-10,"0-130","rate hosp",0.6,3621089
"09",2022-09-10,"0-130","inc hosp",21.726534,3621089
"09",2022-09-17,"0-130","rate hosp",0.4,3621089
"09",2022-09-17,"0-130","inc hosp",14.484356,3621089
"09",2022-09-24,"0-130","rate hosp",1.3,3621089
"09",2022-09-24,"0-130","inc hosp",47.074157,3621089
"09",2022-10-01,"0-130","rate hosp",1,3621089
"09",2022-10-01,"0-130","inc hosp",36.21089,3621089
"13",2021-10-09,"0-130","rate hosp",0.9,10725220
"13",2021-10-09,"0-130","inc hosp",96.52698,10725220
"13",2021-10-16,"0-130","rate hosp",0.8,10725220
"13",2021-10-16,"0-130","inc hosp",85.80176,10725220
"13",2021-10-23,"0-130","rate hosp",0.5,10725220
"13",2021-10-23,"0-130","inc hosp",53.6261,10725220
"13",2021-10-30,"0-130","rate hosp",0.5,10725220
"13",2021-10-30,"0-130","inc hosp",53.6261,10725220
"13",2021-11-06,"0-130","rate hosp",0.6,10725220
"13",2021-11-06,"0-130","inc hosp",64.35132,10725220
"13",2021-11-13,"0-130","rate hosp",0.5,10725220
"13",2021-11-13,"0-130","inc hosp",53.6261,10725220
"13",2021-11-20,"0-130","rate hosp",0.8,10725220
"13",2021-11-20,"0-130","inc hosp",85.80176,10725220
"13",2021-11-27,"0-130","rate hosp",0.4,10725220
"13",2021-11-27,"0-130","inc hosp",42.90088,10725220
"13",2021-12-04,"0-130","rate hosp",0.6,10725220
"13",2021-12-04,"0-130","inc hosp",64.35132,10725220
"13",2021-12-11,"0-130","rate hosp",0.5,10725220
"13",2021-12-11,"0-130","inc hosp",53.6261,10725220
"13",2021-12-18,"0-130","rate hosp",0.4,10725220
"13",2021-12-18,"0-130","inc hosp",42.90088,10725220
"13",2021-12-25,"0-130","rate hosp",0.4,10725220
"13",2021-12-25,"0-130","inc hosp",42.90088,10725220
"13",2022-01-01,"0-130","rate hosp",0.4,10725220
"13",2022-01-01,"0-130","inc hosp",42.90088,10725220
"13",2022-01-08,"0-130","rate hosp",0.2,10855454
"13",2022-01-08,"0-130","inc hosp",21.710908,10855454
"13",2022-01-15,"0-130","rate hosp",0.1,10855454
"13",2022-01-15,"0-130","inc hosp",10.855454,10855454
"13",2022-01-22,"0-130","rate hosp",0.1,10855454
"13",2022-01-22,"0-130","inc hosp",10.855454,10855454
"13",2022-01-29,"0-130","rate hosp",0.1,10855454
"13",2022-01-29,"0-130","inc hosp",10.855454,10855454
"13",2022-02-05,"0-130","rate hosp",0.2,10855454
"13",2022-02-05,"0-130","inc hosp",21.710908,10855454
"13",2022-02-12,"0-130","rate hosp",0.1,10855454
"13",2022-02-12,"0-130","inc hosp",10.855454,10855454
"13",2022-02-19,"0-130","rate hosp",0.1,10855454
"13",2022-02-19,"0-130","inc hosp",10.855454,10855454
"13",2022-02-26,"0-130","rate hosp",0,10855454
"13",2022-02-26,"0-130","inc hosp",0,10855454
"13",2022-03-05,"0-130","rate hosp",0.1,10855454
"13",2022-03-05,"0-130","inc hosp",10.855454,10855454
"13",2022-03-12,"0-130","rate hosp",0.1,10855454
"13",2022-03-12,"0-130","inc hosp",10.855454,10855454
"13",2022-03-19,"0-130","rate hosp",0,10855454
"13",2022-03-19,"0-130","inc hosp",0,10855454
"13",2022-03-26,"0-130","rate hosp",0.1,10855454
"13",2022-03-26,"0-130","inc hosp",10.855454,10855454
"13",2022-04-02,"0-130","rate hosp",0.1,10855454
"13",2022-04-02,"0-130","inc hosp",10.855454,10855454
"13",2022-04-09,"0-130","rate hosp",0.1,10855454
"13",2022-04-09,"0-130","inc hosp",10.855454,10855454
"13",2022-04-16,"0-130","rate hosp",0,10855454
"13",2022-04-16,"0-130","inc hosp",0,10855454
"13",2022-04-23,"0-130","rate hosp",0.2,10855454
"13",2022-04-23,"0-130","inc hosp",21.710908,10855454
"13",2022-04-30,"0-130","rate hosp",0.4,10855454
"13",2022-04-30,"0-130","inc hosp",43.421816,10855454
"13",2022-05-07,"0-130","rate hosp",0.3,10855454
"13",2022-05-07,"0-130","inc hosp",32.566362,10855454
"13",2022-05-14,"0-130","rate hosp",0.5,10855454
"13",2022-05-14,"0-130","inc hosp",54.27727,10855454
"13",2022-05-21,"0-130","rate hosp",0.6,10855454
"13",2022-05-21,"0-130","inc hosp",65.132724,10855454
"13",2022-05-28,"0-130","rate hosp",0.9,10855454
"13",2022-05-28,"0-130","inc hosp",97.699086,10855454
"13",2022-06-04,"0-130","rate hosp",0.8,10855454
"13",2022-06-04,"0-130","inc hosp",86.843632,10855454
"13",2022-06-11,"0-130","rate hosp",0.9,10855454
"13",2022-06-11,"0-130","inc hosp",97.699086,10855454
"13",2022-06-18,"0-130","rate hosp",1.5,10855454
"13",2022-06-18,"0-130","inc hosp",162.83181,10855454
"13",2022-06-25,"0-130","rate hosp",1.2,10855454
"13",2022-06-25,"0-130","inc hosp",130.265448,10855454
"13",2022-07-02,"0-130","rate hosp",0.9,10855454
"13",2022-07-02,"0-130","inc hosp",97.699086,10855454
"13",2022-07-09,"0-130","rate hosp",1.1,10855454
"13",2022-07-09,"0-130","inc hosp",119.409994,10855454
"13",2022-07-16,"0-130","rate hosp",1.4,10855454
"13",2022-07-16,"0-130","inc hosp",151.976356,10855454
"13",2022-07-23,"0-130","rate hosp",1.2,10855454
"13",2022-07-23,"0-130","inc hosp",130.265448,10855454
"13",2022-07-30,"0-130","rate hosp",1.3,10855454
"13",2022-07-30,"0-130","inc hosp",141.120902,10855454
"13",2022-08-06,"0-130","rate hosp",1.1,10855454
"13",2022-08-06,"0-130","inc hosp",119.409994,10855454
"13",2022-08-13,"0-130","rate hosp",1.2,10855454
"13",2022-08-13,"0-130","inc hosp",130.265448,10855454
"13",2022-08-20,"0-130","rate hosp",1.3,10855454
"13",2022-08-20,"0-130","inc hosp",141.120902,10855454
"13",2022-08-27,"0-130","rate hosp",1.7,10855454
"13",2022-08-27,"0-130","inc hosp",184.542718,10855454
"13",2022-09-03,"0-130","rate hosp",1.9,10855454
"13",2022-09-03,"0-130","inc hosp",206.253626,10855454
"13",2022-09-10,"0-130","rate hosp",2.1,10855454
"13",2022-09-10,"0-130","inc hosp",227.964534,10855454
"13",2022-09-17,"0-130","rate hosp",3.1,10855454
"13",2022-09-17,"0-130","inc hosp",336.519074,10855454
"13",2022-09-24,"0-130","rate hosp",2.6,10855454
"13",2022-09-24,"0-130","inc hosp",282.241804,10855454
"13",2022-10-01,"0-130","rate hosp",2.7,10855454
"13",2022-10-01,"0-130","inc hosp",293.097258,10855454
"24",2021-10-09,"0-130","rate hosp",0.8,6142162
"24",2021-10-09,"0-130","inc hosp",49.137296,6142162
"24",2021-10-16,"0-130","rate hosp",1.3,6142162
"24",2021-10-16,"0-130","inc hosp",79.848106,6142162
"24",2021-10-23,"0-130","rate hosp",0.9,6142162
"24",2021-10-23,"0-130","inc hosp",55.279458,6142162
"24",2021-10-30,"0-130","rate hosp",0.9,6142162
"24",2021-10-30,"0-130","inc hosp",55.279458,6142162
"24",2021-11-06,"0-130","rate hosp",0.8,6142162
"24",2021-11-06,"0-130","inc hosp",49.137296,6142162
"24",2021-11-13,"0-130","rate hosp",0.7,6142162
"24",2021-11-13,"0-130","inc hosp",42.995134,6142162
"24",2021-11-20,"0-130","rate hosp",0.7,6142162
"24",2021-11-20,"0-130","inc hosp",42.995134,6142162
"24",2021-11-27,"0-130","rate hosp",0.6,6142162
"24",2021-11-27,"0-130","inc hosp",36.852972,6142162
"24",2021-12-04,"0-130","rate hosp",0.7,6142162
"24",2021-12-04,"0-130","inc hosp",42.995134,6142162
"24",2021-12-11,"0-130","rate hosp",0.8,6142162
"24",2021-12-11,"0-130","inc hosp",49.137296,6142162
"24",2021-12-18,"0-130","rate hosp",0.6,6142162
"24",2021-12-18,"0-130","inc hosp",36.852972,6142162
"24",2021-12-25,"0-130","rate hosp",0.6,6142162
"24",2021-12-25,"0-130","inc hosp",36.852972,6142162
"24",2022-01-01,"0-130","rate hosp",0.4,6142162
"24",2022-01-01,"0-130","inc hosp",24.568648,6142162
"24",2022-01-08,"0-130","rate hosp",0.3,6133130
"24",2022-01-08,"0-130","inc hosp",18.39939,6133130
"24",2022-01-15,"0-130","rate hosp",0.1,6133130
"24",2022-01-15,"0-130","inc hosp",6.13313,6133130
"24",2022-01-22,"0-130","rate hosp",0.1,6133130
"24",2022-01-22,"0-130","inc hosp",6.13313,6133130
"24",2022-01-29,"0-130","rate hosp",0.1,6133130
"24",2022-01-29,"0-130","inc hosp",6.13313,6133130
"24",2022-02-05,"0-130","rate hosp",0.1,6133130
"24",2022-02-05,"0-130","inc hosp",6.13313,6133130
"24",2022-02-12,"0-130","rate hosp",0.1,6133130
"24",2022-02-12,"0-130","inc hosp",6.13313,6133130
"24",2022-02-19,"0-130","rate hosp",0,6133130
"24",2022-02-19,"0-130","inc hosp",0,6133130
"24",2022-02-26,"0-130","rate hosp",0.1,6133130
"24",2022-02-26,"0-130","inc hosp",6.13313,6133130
"24",2022-03-05,"0-130","rate hosp",0,6133130
"24",2022-03-05,"0-130","inc hosp",0,6133130
"24",2022-03-12,"0-130","rate hosp",0.1,6133130
"24",2022-03-12,"0-130","inc hosp",6.13313,6133130
"24",2022-03-19,"0-130","rate hosp",0.1,6133130
"24",2022-03-19,"0-130","inc hosp",6.13313,6133130
"24",2022-03-26,"0-130","rate hosp",0,6133130
"24",2022-03-26,"0-130","inc hosp",0,6133130
"24",2022-04-02,"0-130","rate hosp",0,6133130
"24",2022-04-02,"0-130","inc hosp",0,6133130
"24",2022-04-09,"0-130","rate hosp",0,6133130
"24",2022-04-09,"0-130","inc hosp",0,6133130
"24",2022-04-16,"0-130","rate hosp",0.1,6133130
"24",2022-04-16,"0-130","inc hosp",6.13313,6133130
"24",2022-04-23,"0-130","rate hosp",0.1,6133130
"24",2022-04-23,"0-130","inc hosp",6.13313,6133130
"24",2022-04-30,"0-130","rate hosp",0.1,6133130
"24",2022-04-30,"0-130","inc hosp",6.13313,6133130
"24",2022-05-07,"0-130","rate hosp",0.1,6133130
"24",2022-05-07,"0-130","inc hosp",6.13313,6133130
"24",2022-05-14,"0-130","rate hosp",0.1,6133130
"24",2022-05-14,"0-130","inc hosp",6.13313,6133130
"24",2022-05-21,"0-130","rate hosp",0.1,6133130
"24",2022-05-21,"0-130","inc hosp",6.13313,6133130
"24",2022-05-28,"0-130","rate hosp",0.1,6133130
"24",2022-05-28,"0-130","inc hosp",6.13313,6133130
"24",2022-06-04,"0-130","rate hosp",0.1,6133130
"24",2022-06-04,"0-130","inc hosp",6.13313,6133130
"24",2022-06-11,"0-130","rate hosp",0.1,6133130
"24",2022-06-11,"0-130","inc hosp",6.13313,6133130
"24",2022-06-18,"0-130","rate hosp",0.2,6133130
"24",2022-06-18,"0-130","inc hosp",12.26626,6133130
"24",2022-06-25,"0-130","rate hosp",0.2,6133130
"24",2022-06-25,"0-130","inc hosp",12.26626,6133130
"24",2022-07-02,"0-130","rate hosp",0.2,6133130
"24",2022-07-02,"0-130","inc hosp",12.26626,6133130
"24",2022-07-09,"0-130","rate hosp",0.3,6133130
"24",2022-07-09,"0-130","inc hosp",18.39939,6133130
"24",2022-07-16,"0-130","rate hosp",0.3,6133130
"24",2022-07-16,"0-130","inc hosp",18.39939,6133130
"24",2022-07-23,"0-130","rate hosp",0.4,6133130
"24",2022-07-23,"0-130","inc hosp",24.53252,6133130
"24",2022-07-30,"0-130","rate hosp",0.3,6133130
"24",2022-07-30,"0-130","inc hosp",18.39939,6133130
"24",2022-08-06,"0-130","rate hosp",0.3,6133130
"24",2022-08-06,"0-130","inc hosp",18.39939,6133130
"24",2022-08-13,"0-130","rate hosp",0.3,6133130
"24",2022-08-13,"0-130","inc hosp",18.39939,6133130
"24",2022-08-20,"0-130","rate hosp",0.4,6133130
"24",2022-08-20,"0-130","inc hosp",24.53252,6133130
"24",2022-08-27,"0-130","rate hosp",0.4,6133130
"24",2022-08-27,"0-130","inc hosp",24.53252,6133130
"24",2022-09-03,"0-130","rate hosp",0.3,6133130
"24",2022-09-03,"0-130","inc hosp",18.39939,6133130
"24",2022-09-10,"0-130","rate hosp",0.4,6133130
"24",2022-09-10,"0-130","inc hosp",24.53252,6133130
"24",2022-09-17,"0-130","rate hosp",0.6,6133130
"24",2022-09-17,"0-130","inc hosp",36.79878,6133130
"24",2022-09-24,"0-130","rate hosp",0.6,6133130
"24",2022-09-24,"0-130","inc hosp",36.79878,6133130
"24",2022-10-01,"0-130","rate hosp",0.8,6133130
"24",2022-10-01,"0-130","inc hosp",49.06504,6133130
"26",2021-10-09,"0-130","rate hosp",1.8,10035356
"26",2021-10-09,"0-130","inc hosp",180.636408,10035356
"26",2021-10-16,"0-130","rate hosp",2,10035356
"26",2021-10-16,"0-130","inc hosp",200.70712,10035356
"26",2021-10-23,"0-130","rate hosp",1.8,10035356
"26",2021-10-23,"0-130","inc hosp",180.636408,10035356
"26",2021-10-30,"0-130","rate hosp",2.1,10035356
"26",2021-10-30,"0-130","inc hosp",210.742476,10035356
"26",2021-11-06,"0-130","rate hosp",2.4,10035356
"26",2021-11-06,"0-130","inc hosp",240.848544,10035356
"26",2021-11-13,"0-130","rate hosp",2.8,10035356
"26",2021-11-13,"0-130","inc hosp",280.989968,10035356
"26",2021-11-20,"0-130","rate hosp",1.4,10035356
"26",2021-11-20,"0-130","inc hosp",140.494984,10035356
"26",2021-11-27,"0-130","rate hosp",1.6,10035356
"26",2021-11-27,"0-130","inc hosp",160.565696,10035356
"26",2021-12-04,"0-130","rate hosp",1.4,10035356
"26",2021-12-04,"0-130","inc hosp",140.494984,10035356
"26",2021-12-11,"0-130","rate hosp",1.4,10035356
"26",2021-12-11,"0-130","inc hosp",140.494984,10035356
"26",2021-12-18,"0-130","rate hosp",0.5,10035356
"26",2021-12-18,"0-130","inc hosp",50.17678,10035356
"26",2021-12-25,"0-130","rate hosp",1,10035356
"26",2021-12-25,"0-130","inc hosp",100.35356,10035356
"26",2022-01-01,"0-130","rate hosp",0.5,10035356
"26",2022-01-01,"0-130","inc hosp",50.17678,10035356
"26",2022-01-08,"0-130","rate hosp",0.7,10032075
"26",2022-01-08,"0-130","inc hosp",70.224525,10032075
"26",2022-01-15,"0-130","rate hosp",0.3,10032075
"26",2022-01-15,"0-130","inc hosp",30.096225,10032075
"26",2022-01-22,"0-130","rate hosp",0.3,10032075
"26",2022-01-22,"0-130","inc hosp",30.096225,10032075
"26",2022-01-29,"0-130","rate hosp",0,10032075
"26",2022-01-29,"0-130","inc hosp",0,10032075
"26",2022-02-05,"0-130","rate hosp",0.1,10032075
"26",2022-02-05,"0-130","inc hosp",10.032075,10032075
"26",2022-02-12,"0-130","rate hosp",0.2,10032075
"26",2022-02-12,"0-130","inc hosp",20.06415,10032075
"26",2022-02-19,"0-130","rate hosp",0.2,10032075
"26",2022-02-19,"0-130","inc hosp",20.06415,10032075
"26",2022-02-26,"0-130","rate hosp",0.2,10032075
"26",2022-02-26,"0-130","inc hosp",20.06415,10032075
"26",2022-03-05,"0-130","rate hosp",0.1,10032075
"26",2022-03-05,"0-130","inc hosp",10.032075,10032075
"26",2022-03-12,"0-130","rate hosp",0.4,10032075
"26",2022-03-12,"0-130","inc hosp",40.1283,10032075
"26",2022-03-19,"0-130","rate hosp",0.1,10032075
"26",2022-03-19,"0-130","inc hosp",10.032075,10032075
"26",2022-03-26,"0-130","rate hosp",0,10032075
"26",2022-03-26,"0-130","inc hosp",0,10032075
"26",2022-04-02,"0-130","rate hosp",0.3,10032075
"26",2022-04-02,"0-130","inc hosp",30.096225,10032075
"26",2022-04-09,"0-130","rate hosp",0.4,10032075
"26",2022-04-09,"0-130","inc hosp",40.1283,10032075
"26",2022-04-16,"0-130","rate hosp",0.2,10032075
"26",2022-04-16,"0-130","inc hosp",20.06415,10032075
"26",2022-04-23,"0-130","rate hosp",0.1,10032075
"26",2022-04-23,"0-130","inc hosp",10.032075,10032075
"26",2022-04-30,"0-130","rate hosp",0.2,10032075
"26",2022-04-30,"0-130","inc hosp",20.06415,10032075
"26",2022-05-07,"0-130","rate hosp",0,10032075
"26",2022-05-07,"0-130","inc hosp",0,10032075
"26",2022-05-14,"0-130","rate hosp",0,10032075
"26",2022-05-14,"0-130","inc hosp",0,10032075
"26",2022-05-21,"0-130","rate hosp",0,10032075
"26",2022-05-21,"0-130","inc hosp",0,10032075
"26",2022-05-28,"0-130","rate hosp",0,10032075
"26",2022-05-28,"0-130","inc hosp",0,10032075
"26",2022-06-04,"0-130","rate hosp",0,10032075
"26",2022-06-04,"0-130","inc hosp",0,10032075
"26",2022-06-11,"0-130","rate hosp",0,10032075
"26",2022-06-11,"0-130","inc hosp",0,10032075
"26",2022-06-18,"0-130","rate hosp",0,10032075
"26",2022-06-18,"0-130","inc hosp",0,10032075
"26",2022-06-25,"0-130","rate hosp",0,10032075
"26",2022-06-25,"0-130","inc hosp",0,10032075
"26",2022-07-02,"0-130","rate hosp",0,10032075
"26",2022-07-02,"0-130","inc hosp",0,10032075
"26",2022-07-09,"0-130","rate hosp",0.2,10032075
"26",2022-07-09,"0-130","inc hosp",20.06415,10032075
"26",2022-07-16,"0-130","rate hosp",0.2,10032075
"26",2022-07-16,"0-130","inc hosp",20.06415,10032075
"26",2022-07-23,"0-130","rate hosp",0.1,10032075
"26",2022-07-23,"0-130","inc hosp",10.032075,10032075
"26",2022-07-30,"0-130","rate hosp",0.2,10032075
"26",2022-07-30,"0-130","inc hosp",20.06415,10032075
"26",2022-08-06,"0-130","rate hosp",0.1,10032075
"26",2022-08-06,"0-130","inc hosp",10.032075,10032075
"26",2022-08-13,"0-130","rate hosp",0.2,10032075
"26",2022-08-13,"0-130","inc hosp",20.06415,10032075
"26",2022-08-20,"0-130","rate hosp",0.2,10032075
"26",2022-08-20,"0-130","inc hosp",20.06415,10032075
"26",2022-08-27,"0-130","rate hosp",0.2,10032075
"26",2022-08-27,"0-130","inc hosp",20.06415,10032075
"26",2022-09-03,"0-130","rate hosp",0.1,10032075
"26",2022-09-03,"0-130","inc hosp",10.032075,10032075
"26",2022-09-10,"0-130","rate hosp",0.4,10032075
"26",2022-09-10,"0-130","inc hosp",40.1283,10032075
"26",2022-09-17,"0-130","rate hosp",0.4,10032075
"26",2022-09-17,"0-130","inc hosp",40.1283,10032075
"26",2022-09-24,"0-130","rate hosp",1,10032075
"26",2022-09-24,"0-130","inc hosp",100.32075,10032075
"26",2022-10-01,"0-130","rate hosp",1.7,10032075
"26",2022-10-01,"0-130","inc hosp",170.545275,10032075
"27",2021-10-09,"0-130","rate hosp",1.4,5710777
"27",2021-10-09,"0-130","inc hosp",79.950878,5710777
"27",2021-10-16,"0-130","rate hosp",1,5710777
"27",2021-10-16,"0-130","inc hosp",57.10777,5710777
"27",2021-10-23,"0-130","rate hosp",1.1,5710777
"27",2021-10-23,"0-130","inc hosp",62.818547,5710777
"27",2021-10-30,"0-130","rate hosp",1.1,5710777
"27",2021-10-30,"0-130","inc hosp",62.818547,5710777
"27",2021-11-06,"0-130","rate hosp",1.1,5710777
"27",2021-11-06,"0-130","inc hosp",62.818547,5710777
"27",2021-11-13,"0-130","rate hosp",1.4,5710777
"27",2021-11-13,"0-130","inc hosp",79.950878,5710777
"27",2021-11-20,"0-130","rate hosp",1.1,5710777
"27",2021-11-20,"0-130","inc hosp",62.818547,5710777
"27",2021-11-27,"0-130","rate hosp",1,5710777
"27",2021-11-27,"0-130","inc hosp",57.10777,5710777
"27",2021-12-04,"0-130","rate hosp",1.1,5710777
"27",2021-12-04,"0-130","inc hosp",62.818547,5710777
"27",2021-12-11,"0-130","rate hosp",1,5710777
"27",2021-12-11,"0-130","inc hosp",57.10777,5710777
"27",2021-12-18,"0-130","rate hosp",0.8,5710777
"27",2021-12-18,"0-130","inc hosp",45.686216,5710777
"27",2021-12-25,"0-130","rate hosp",0.5,5710777
"27",2021-12-25,"0-130","inc hosp",28.553885,5710777
"27",2022-01-01,"0-130","rate hosp",0.8,5710777
"27",2022-01-01,"0-130","inc hosp",45.686216,5710777
"27",2022-01-08,"0-130","rate hosp",0.7,5716548
"27",2022-01-08,"0-130","inc hosp",40.015836,5716548
"27",2022-01-15,"0-130","rate hosp",0.3,5716548
"27",2022-01-15,"0-130","inc hosp",17.149644,5716548
"27",2022-01-22,"0-130","rate hosp",0.4,5716548
"27",2022-01-22,"0-130","inc hosp",22.866192,5716548
"27",2022-01-29,"0-130","rate hosp",0.2,5716548
"27",2022-01-29,"0-130","inc hosp",11.433096,5716548
"27",2022-02-05,"0-130","rate hosp",0.1,5716548
"27",2022-02-05,"0-130","inc hosp",5.716548,5716548
"27",2022-02-12,"0-130","rate hosp",0.1,5716548
"27",2022-02-12,"0-130","inc hosp",5.716548,5716548
"27",2022-02-19,"0-130","rate hosp",0.2,5716548
"27",2022-02-19,"0-130","inc hosp",11.433096,5716548
"27",2022-02-26,"0-130","rate hosp",0.3,5716548
"27",2022-02-26,"0-130","inc hosp",17.149644,5716548
"27",2022-03-05,"0-130","rate hosp",0.3,5716548
"27",2022-03-05,"0-130","inc hosp",17.149644,5716548
"27",2022-03-12,"0-130","rate hosp",0.3,5716548
"27",2022-03-12,"0-130","inc hosp",17.149644,5716548
"27",2022-03-19,"0-130","rate hosp",0.3,5716548
"27",2022-03-19,"0-130","inc hosp",17.149644,5716548
"27",2022-03-26,"0-130","rate hosp",0.3,5716548
"27",2022-03-26,"0-130","inc hosp",17.149644,5716548
"27",2022-04-02,"0-130","rate hosp",0.4,5716548
"27",2022-04-02,"0-130","inc hosp",22.866192,5716548
"27",2022-04-09,"0-130","rate hosp",0.3,5716548
"27",2022-04-09,"0-130","inc hosp",17.149644,5716548
"27",2022-04-16,"0-130","rate hosp",0.6,5716548
"27",2022-04-16,"0-130","inc hosp",34.299288,5716548
"27",2022-04-23,"0-130","rate hosp",0.5,5716548
"27",2022-04-23,"0-130","inc hosp",28.58274,5716548
"27",2022-04-30,"0-130","rate hosp",0.6,5716548
"27",2022-04-30,"0-130","inc hosp",34.299288,5716548
"27",2022-05-07,"0-130","rate hosp",0.4,5716548
"27",2022-05-07,"0-130","inc hosp",22.866192,5716548
"27",2022-05-14,"0-130","rate hosp",0.7,5716548
"27",2022-05-14,"0-130","inc hosp",40.015836,5716548
"27",2022-05-21,"0-130","rate hosp",0.2,5716548
"27",2022-05-21,"0-130","inc hosp",11.433096,5716548
"27",2022-05-28,"0-130","rate hosp",0.3,5716548
"27",2022-05-28,"0-130","inc hosp",17.149644,5716548
"27",2022-06-04,"0-130","rate hosp",0.5,5716548
"27",2022-06-04,"0-130","inc hosp",28.58274,5716548
"27",2022-06-11,"0-130","rate hosp",0.4,5716548
"27",2022-06-11,"0-130","inc hosp",22.866192,5716548
"27",2022-06-18,"0-130","rate hosp",0.6,5716548
"27",2022-06-18,"0-130","inc hosp",34.299288,5716548
"27",2022-06-25,"0-130","rate hosp",0.7,5716548
"27",2022-06-25,"0-130","inc hosp",40.015836,5716548
"27",2022-07-02,"0-130","rate hosp",0.3,5716548
"27",2022-07-02,"0-130","inc hosp",17.149644,5716548
"27",2022-07-09,"0-130","rate hosp",0.4,5716548
"27",2022-07-09,"0-130","inc hosp",22.866192,5716548
"27",2022-07-16,"0-130","rate hosp",0.2,5716548
"27",2022-07-16,"0-130","inc hosp",11.433096,5716548
"27",2022-07-23,"0-130","rate hosp",0.5,5716548
"27",2022-07-23,"0-130","inc hosp",28.58274,5716548
"27",2022-07-30,"0-130","rate hosp",0.3,5716548
"27",2022-07-30,"0-130","inc hosp",17.149644,5716548
"27",2022-08-06,"0-130","rate hosp",0.4,5716548
"27",2022-08-06,"0-130","inc hosp",22.866192,5716548
"27",2022-08-13,"0-130","rate hosp",0.2,5716548
"27",2022-08-13,"0-130","inc hosp",11.433096,5716548
"27",2022-08-20,"0-130","rate hosp",0.3,5716548
"27",2022-08-20,"0-130","inc hosp",17.149644,5716548
"27",2022-08-27,"0-130","rate hosp",0.4,5716548
"27",2022-08-27,"0-130","inc hosp",22.866192,5716548
"27",2022-09-03,"0-130","rate hosp",0.5,5716548
"27",2022-09-03,"0-130","inc hosp",28.58274,5716548
"27",2022-09-10,"0-130","rate hosp",0.4,5716548
"27",2022-09-10,"0-130","inc hosp",22.866192,5716548
"27",2022-09-17,"0-130","rate hosp",1.1,5716548
"27",2022-09-17,"0-130","inc hosp",62.882028,5716548
"27",2022-09-24,"0-130","rate hosp",1.4,5716548
"27",2022-09-24,"0-130","inc hosp",80.031672,5716548
"27",2022-10-01,"0-130","rate hosp",1.6,5716548
"27",2022-10-01,"0-130","inc hosp",91.464768,5716548
"35",2021-10-09,"0-130","rate hosp",0.9,2103749
"35",2021-10-09,"0-130","inc hosp",18.933741,2103749
"35",2021-10-16,"0-130","rate hosp",0.6,2103749
"35",2021-10-16,"0-130","inc hosp",12.622494,2103749
"35",2021-10-23,"0-130","rate hosp",1.2,2103749
"35",2021-10-23,"0-130","inc hosp",25.244988,2103749
"35",2021-10-30,"0-130","rate hosp",1.3,2103749
"35",2021-10-30,"0-130","inc hosp",27.348737,2103749
"35",2021-11-06,"0-130","rate hosp",2.4,2103749
"35",2021-11-06,"0-130","inc hosp",50.489976,2103749
"35",2021-11-13,"0-130","rate hosp",2.5,2103749
"35",2021-11-13,"0-130","inc hosp",52.593725,2103749
"35",2021-11-20,"0-130","rate hosp",4,2103749
"35",2021-11-20,"0-130","inc hosp",84.14996,2103749
"35",2021-11-27,"0-130","rate hosp",3.6,2103749
"35",2021-11-27,"0-130","inc hosp",75.734964,2103749
"35",2021-12-04,"0-130","rate hosp",3.3,2103749
"35",2021-12-04,"0-130","inc hosp",69.423717,2103749
"35",2021-12-11,"0-130","rate hosp",3.3,2103749
"35",2021-12-11,"0-130","inc hosp",69.423717,2103749
"35",2021-12-18,"0-130","rate hosp",3.9,2103749
"35",2021-12-18,"0-130","inc hosp",82.046211,2103749
"35",2021-12-25,"0-130","rate hosp",2.8,2103749
"35",2021-12-25,"0-130","inc hosp",58.904972,2103749
"35",2022-01-01,"0-130","rate hosp",4.2,2103749
"35",2022-01-01,"0-130","inc hosp",88.357458,2103749
"35",2022-01-08,"0-130","rate hosp",2.5,2100079
"35",2022-01-08,"0-130","inc hosp",52.501975,2100079
"35",2022-01-15,"0-130","rate hosp",1.8,2100079
"35",2022-01-15,"0-130","inc hosp",37.801422,2100079
"35",2022-01-22,"0-130","rate hosp",0.6,2100079
"35",2022-01-22,"0-130","inc hosp",12.600474,2100079
"35",2022-01-29,"0-130","rate hosp",0.4,2100079
"35",2022-01-29,"0-130","inc hosp",8.400316,2100079
"35",2022-02-05,"0-130","rate hosp",0.6,2100079
"35",2022-02-05,"0-130","inc hosp",12.600474,2100079
"35",2022-02-12,"0-130","rate hosp",0.4,2100079
"35",2022-02-12,"0-130","inc hosp",8.400316,2100079
"35",2022-02-19,"0-130","rate hosp",1.3,2100079
"35",2022-02-19,"0-130","inc hosp",27.301027,2100079
"35",2022-02-26,"0-130","rate hosp",0.4,2100079
"35",2022-02-26,"0-130","inc hosp",8.400316,2100079
"35",2022-03-05,"0-130","rate hosp",0.6,2100079
"35",2022-03-05,"0-130","inc hosp",12.600474,2100079
"35",2022-03-12,"0-130","rate hosp",0.6,2100079
"35",2022-03-12,"0-130","inc hosp",12.600474,2100079
"35",2022-03-19,"0-130","rate hosp",0.7,2100079
"35",2022-03-19,"0-130","inc hosp",14.700553,2100079
"35",2022-03-26,"0-130","rate hosp",0.3,2100079
"35",2022-03-26,"0-130","inc hosp",6.300237,2100079
"35",2022-04-02,"0-130","rate hosp",0.6,2100079
"35",2022-04-02,"0-130","inc hosp",12.600474,2100079
"35",2022-04-09,"0-130","rate hosp",1,2100079
"35",2022-04-09,"0-130","inc hosp",21.00079,2100079
"35",2022-04-16,"0-130","rate hosp",0.4,2100079
"35",2022-04-16,"0-130","inc hosp",8.400316,2100079
"35",2022-04-23,"0-130","rate hosp",0.1,2100079
"35",2022-04-23,"0-130","inc hosp",2.100079,2100079
"35",2022-04-30,"0-130","rate hosp",0.3,2100079
"35",2022-04-30,"0-130","inc hosp",6.300237,2100079
"35",2022-05-07,"0-130","rate hosp",0,2100079
"35",2022-05-07,"0-130","inc hosp",0,2100079
"35",2022-05-14,"0-130","rate hosp",0,2100079
"35",2022-05-14,"0-130","inc hosp",0,2100079
"35",2022-05-21,"0-130","rate hosp",0,2100079
"35",2022-05-21,"0-130","inc hosp",0,2100079
"35",2022-05-28,"0-130","rate hosp",0,2100079
"35",2022-05-28,"0-130","inc hosp",0,2100079
"35",2022-06-04,"0-130","rate hosp",0,2100079
"35",2022-06-04,"0-130","inc hosp",0,2100079
"35",2022-06-11,"0-130","rate hosp",0,2100079
"35",2022-06-11,"0-130","inc hosp",0,2100079
"35",2022-06-18,"0-130","rate hosp",0,2100079
"35",2022-06-18,"0-130","inc hosp",0,2100079
"35",2022-06-25,"0-130","rate hosp",0,2100079
"35",2022-06-25,"0-130","inc hosp",0,2100079
"35",2022-07-02,"0-130","rate hosp",0,2100079
"35",2022-07-02,"0-130","inc hosp",0,2100079
"35",2022-07-09,"0-130","rate hosp",0,2100079
"35",2022-07-09,"0-130","inc hosp",0,2100079
"35",2022-07-16,"0-130","rate hosp",0.1,2100079
"35",2022-07-16,"0-130","inc hosp",2.100079,2100079
"35",2022-07-23,"0-130","rate hosp",0.1,2100079
"35",2022-07-23,"0-130","inc hosp",2.100079,2100079
"35",2022-07-30,"0-130","rate hosp",0.1,2100079
"35",2022-07-30,"0-130","inc hosp",2.100079,2100079
"35",2022-08-06,"0-130","rate hosp",0.1,2100079
"35",2022-08-06,"0-130","inc hosp",2.100079,2100079
"35",2022-08-13,"0-130","rate hosp",0.4,2100079
"35",2022-08-13,"0-130","inc hosp",8.400316,2100079
"35",2022-08-20,"0-130","rate hosp",0.7,2100079
"35",2022-08-20,"0-130","inc hosp",14.700553,2100079
"35",2022-08-27,"0-130","rate hosp",0.3,2100079
"35",2022-08-27,"0-130","inc hosp",6.300237,2100079
"35",2022-09-03,"0-130","rate hosp",0.4,2100079
"35",2022-09-03,"0-130","inc hosp",8.400316,2100079
"35",2022-09-10,"0-130","rate hosp",0.7,2100079
"35",2022-09-10,"0-130","inc hosp",14.700553,2100079
"35",2022-09-17,"0-130","rate hosp",0.3,2100079
"35",2022-09-17,"0-130","inc hosp",6.300237,2100079
"35",2022-09-24,"0-130","rate hosp",0.7,2100079
"35",2022-09-24,"0-130","inc hosp",14.700553,2100079
"35",2022-10-01,"0-130","rate hosp",0.7,2100079
"35",2022-10-01,"0-130","inc hosp",14.700553,2100079
"36",2021-10-09,"0-130","rate hosp",1.8,19836566
"36",2021-10-09,"0-130","inc hosp",357.058188,19836566
"36",2021-10-16,"0-130","rate hosp",2.3,19836566
"36",2021-10-16,"0-130","inc hosp",456.241018,19836566
"36",2021-10-23,"0-130","rate hosp",2.7,19836566
"36",2021-10-23,"0-130","inc hosp",535.587282,19836566
"36",2021-10-30,"0-130","rate hosp",2.9,19836566
"36",2021-10-30,"0-130","inc hosp",575.260414,19836566
"36",2021-11-06,"0-130","rate hosp",2.5,19836566
"36",2021-11-06,"0-130","inc hosp",495.91415,19836566
"36",2021-11-13,"0-130","rate hosp",1.8,19836566
"36",2021-11-13,"0-130","inc hosp",357.058188,19836566
"36",2021-11-20,"0-130","rate hosp",1.2,19836566
"36",2021-11-20,"0-130","inc hosp",238.038792,19836566
"36",2021-11-27,"0-130","rate hosp",1,19836566
"36",2021-11-27,"0-130","inc hosp",198.36566,19836566
"36",2021-12-04,"0-130","rate hosp",1.5,19836566
"36",2021-12-04,"0-130","inc hosp",297.54849,19836566
"36",2021-12-11,"0-130","rate hosp",1,19836566
"36",2021-12-11,"0-130","inc hosp",198.36566,19836566
"36",2021-12-18,"0-130","rate hosp",1.1,19836566
"36",2021-12-18,"0-130","inc hosp",218.202226,19836566
"36",2021-12-25,"0-130","rate hosp",0.7,19836566
"36",2021-12-25,"0-130","inc hosp",138.855962,19836566
"36",2022-01-01,"0-130","rate hosp",1.1,19836566
"36",2022-01-01,"0-130","inc hosp",218.202226,19836566
"36",2022-01-08,"0-130","rate hosp",0.4,19657190
"36",2022-01-08,"0-130","inc hosp",78.62876,19657190
"36",2022-01-15,"0-130","rate hosp",0.6,19657190
"36",2022-01-15,"0-130","inc hosp",117.94314,19657190
"36",2022-01-22,"0-130","rate hosp",0.3,19657190
"36",2022-01-22,"0-130","inc hosp",58.97157,19657190
"36",2022-01-29,"0-130","rate hosp",0.1,19657190
"36",2022-01-29,"0-130","inc hosp",19.65719,19657190
"36",2022-02-05,"0-130","rate hosp",0.4,19657190
"36",2022-02-05,"0-130","inc hosp",78.62876,19657190
"36",2022-02-12,"0-130","rate hosp",0.1,19657190
"36",2022-02-12,"0-130","inc hosp",19.65719,19657190
"36",2022-02-19,"0-130","rate hosp",0,19657190
"36",2022-02-19,"0-130","inc hosp",0,19657190
"36",2022-02-26,"0-130","rate hosp",0.1,19657190
"36",2022-02-26,"0-130","inc hosp",19.65719,19657190
"36",2022-03-05,"0-130","rate hosp",0,19657190
"36",2022-03-05,"0-130","inc hosp",0,19657190
"36",2022-03-12,"0-130","rate hosp",0.1,19657190
"36",2022-03-12,"0-130","inc hosp",19.65719,19657190
"36",2022-03-19,"0-130","rate hosp",0.1,19657190
"36",2022-03-19,"0-130","inc hosp",19.65719,19657190
"36",2022-03-26,"0-130","rate hosp",0,19657190
"36",2022-03-26,"0-130","inc hosp",0,19657190
"36",2022-04-02,"0-130","rate hosp",0.1,19657190
"36",2022-04-02,"0-130","inc hosp",19.65719,19657190
"36",2022-04-09,"0-130","rate hosp",0.2,19657190
"36",2022-04-09,"0-130","inc hosp",39.31438,19657190
"36",2022-04-16,"0-130","rate hosp",0.3,19657190
"36",2022-04-16,"0-130","inc hosp",58.97157,19657190
"36",2022-04-23,"0-130","rate hosp",0.1,19657190
"36",2022-04-23,"0-130","inc hosp",19.65719,19657190
"36",2022-04-30,"0-130","rate hosp",0.1,19657190
"36",2022-04-30,"0-130","inc hosp",19.65719,19657190
"36",2022-05-07,"0-130","rate hosp",0.1,19657190
"36",2022-05-07,"0-130","inc hosp",19.65719,19657190
"36",2022-05-14,"0-130","rate hosp",0.1,19657190
"36",2022-05-14,"0-130","inc hosp",19.65719,19657190
"36",2022-05-21,"0-130","rate hosp",0.1,19657190
"36",2022-05-21,"0-130","inc hosp",19.65719,19657190
"36",2022-05-28,"0-130","rate hosp",0.1,19657190
"36",2022-05-28,"0-130","inc hosp",19.65719,19657190
"36",2022-06-04,"0-130","rate hosp",0.4,19657190
"36",2022-06-04,"0-130","inc hosp",78.62876,19657190
"36",2022-06-11,"0-130","rate hosp",0.2,19657190
"36",2022-06-11,"0-130","inc hosp",39.31438,19657190
"36",2022-06-18,"0-130","rate hosp",0.2,19657190
"36",2022-06-18,"0-130","inc hosp",39.31438,19657190
"36",2022-06-25,"0-130","rate hosp",0.2,19657190
"36",2022-06-25,"0-130","inc hosp",39.31438,19657190
"36",2022-07-02,"0-130","rate hosp",0.2,19657190
"36",2022-07-02,"0-130","inc hosp",39.31438,19657190
"36",2022-07-09,"0-130","rate hosp",0.2,19657190
"36",2022-07-09,"0-130","inc hosp",39.31438,19657190
"36",2022-07-16,"0-130","rate hosp",0.1,19657190
"36",2022-07-16,"0-130","inc hosp",19.65719,19657190
"36",2022-07-23,"0-130","rate hosp",0.2,19657190
"36",2022-07-23,"0-130","inc hosp",39.31438,19657190
"36",2022-07-30,"0-130","rate hosp",0.3,19657190
"36",2022-07-30,"0-130","inc hosp",58.97157,19657190
"36",2022-08-06,"0-130","rate hosp",0.3,19657190
"36",2022-08-06,"0-130","inc hosp",58.97157,19657190
"36",2022-08-13,"0-130","rate hosp",0.1,19657190
"36",2022-08-13,"0-130","inc hosp",19.65719,19657190
"36",2022-08-20,"0-130","rate hosp",0.1,19657190
"36",2022-08-20,"0-130","inc hosp",19.65719,19657190
"36",2022-08-27,"0-130","rate hosp",0.5,19657190
"36",2022-08-27,"0-130","inc hosp",98.28595,19657190
"36",2022-09-03,"0-130","rate hosp",0.4,19657190
"36",2022-09-03,"0-130","inc hosp",78.62876,19657190
"36",2022-09-10,"0-130","rate hosp",0.4,19657190
"36",2022-09-10,"0-130","inc hosp",78.62876,19657190
"36",2022-09-17,"0-130","rate hosp",0.6,19657190
"36",2022-09-17,"0-130","inc hosp",117.94314,19657190
"36",2022-09-24,"0-130","rate hosp",0.8,19657190
"36",2022-09-24,"0-130","inc hosp",157.25752,19657190
"36",2022-10-01,"0-130","rate hosp",1.4,19657190
"36",2022-10-01,"0-130","inc hosp",275.20066,19657190
"41",2021-10-09,"0-130","rate hosp",0.5,4254814
"41",2021-10-09,"0-130","inc hosp",21.27407,4254814
"41",2021-10-16,"0-130","rate hosp",0.4,4254814
"41",2021-10-16,"0-130","inc hosp",17.019256,4254814
"41",2021-10-23,"0-130","rate hosp",0.6,4254814
"41",2021-10-23,"0-130","inc hosp",25.528884,4254814
"41",2021-10-30,"0-130","rate hosp",0.3,4254814
"41",2021-10-30,"0-130","inc hosp",12.764442,4254814
"41",2021-11-06,"0-130","rate hosp",0.7,4254814
"41",2021-11-06,"0-130","inc hosp",29.783698,4254814
"41",2021-11-13,"0-130","rate hosp",0.9,4254814
"41",2021-11-13,"0-130","inc hosp",38.293326,4254814
"41",2021-11-20,"0-130","rate hosp",0.9,4254814
"41",2021-11-20,"0-130","inc hosp",38.293326,4254814
"41",2021-11-27,"0-130","rate hosp",0.8,4254814
"41",2021-11-27,"0-130","inc hosp",34.038512,4254814
"41",2021-12-04,"0-130","rate hosp",0.4,4254814
"41",2021-12-04,"0-130","inc hosp",17.019256,4254814
"41",2021-12-11,"0-130","rate hosp",0.9,4254814
"41",2021-12-11,"0-130","inc hosp",38.293326,4254814
"41",2021-12-18,"0-130","rate hosp",1.6,4254814
"41",2021-12-18,"0-130","inc hosp",68.077024,4254814
"41",2021-12-25,"0-130","rate hosp",1.5,4254814
"41",2021-12-25,"0-130","inc hosp",63.82221,4254814
"41",2022-01-01,"0-130","rate hosp",1.6,4254814
"41",2022-01-01,"0-130","inc hosp",68.077024,4254814
"41",2022-01-08,"0-130","rate hosp",0.8,4238665
"41",2022-01-08,"0-130","inc hosp",33.90932,4238665
"41",2022-01-15,"0-130","rate hosp",0.3,4238665
"41",2022-01-15,"0-130","inc hosp",12.715995,4238665
"41",2022-01-22,"0-130","rate hosp",0.2,4238665
"41",2022-01-22,"0-130","inc hosp",8.47733,4238665
"41",2022-01-29,"0-130","rate hosp",0.1,4238665
"41",2022-01-29,"0-130","inc hosp",4.238665,4238665
"41",2022-02-05,"0-130","rate hosp",0.3,4238665
"41",2022-02-05,"0-130","inc hosp",12.715995,4238665
"41",2022-02-12,"0-130","rate hosp",0.2,4238665
"41",2022-02-12,"0-130","inc hosp",8.47733,4238665
"41",2022-02-19,"0-130","rate hosp",0.2,4238665
"41",2022-02-19,"0-130","inc hosp",8.47733,4238665
"41",2022-02-26,"0-130","rate hosp",0,4238665
"41",2022-02-26,"0-130","inc hosp",0,4238665
"41",2022-03-05,"0-130","rate hosp",0.1,4238665
"41",2022-03-05,"0-130","inc hosp",4.238665,4238665
"41",2022-03-12,"0-130","rate hosp",0.2,4238665
"41",2022-03-12,"0-130","inc hosp",8.47733,4238665
"41",2022-03-19,"0-130","rate hosp",0.2,4238665
"41",2022-03-19,"0-130","inc hosp",8.47733,4238665
"41",2022-03-26,"0-130","rate hosp",0,4238665
"41",2022-03-26,"0-130","inc hosp",0,4238665
"41",2022-04-02,"0-130","rate hosp",0.1,4238665
"41",2022-04-02,"0-130","inc hosp",4.238665,4238665
"41",2022-04-09,"0-130","rate hosp",0,4238665
"41",2022-04-09,"0-130","inc hosp",0,4238665
"41",2022-04-16,"0-130","rate hosp",0.3,4238665
"41",2022-04-16,"0-130","inc hosp",12.715995,4238665
"41",2022-04-23,"0-130","rate hosp",0.2,4238665
"41",2022-04-23,"0-130","inc hosp",8.47733,4238665
"41",2022-04-30,"0-130","rate hosp",0.3,4238665
"41",2022-04-30,"0-130","inc hosp",12.715995,4238665
"41",2022-05-07,"0-130","rate hosp",0.2,4238665
"41",2022-05-07,"0-130","inc hosp",8.47733,4238665
"41",2022-05-14,"0-130","rate hosp",0,4238665
"41",2022-05-14,"0-130","inc hosp",0,4238665
"41",2022-05-21,"0-130","rate hosp",0,4238665
"41",2022-05-21,"0-130","inc hosp",0,4238665
"41",2022-05-28,"0-130","rate hosp",0,4238665
"41",2022-05-28,"0-130","inc hosp",0,4238665
"41",2022-06-04,"0-130","rate hosp",0,4238665
"41",2022-06-04,"0-130","inc hosp",0,4238665
"41",2022-06-11,"0-130","rate hosp",0,4238665
"41",2022-06-11,"0-130","inc hosp",0,4238665
"41",2022-06-18,"0-130","rate hosp",0,4238665
"41",2022-06-18,"0-130","inc hosp",0,4238665
"41",2022-06-25,"0-130","rate hosp",0,4238665
"41",2022-06-25,"0-130","inc hosp",0,4238665
"41",2022-07-02,"0-130","rate hosp",0.1,4238665
"41",2022-07-02,"0-130","inc hosp",4.238665,4238665
"41",2022-07-09,"0-130","rate hosp",0.3,4238665
"41",2022-07-09,"0-130","inc hosp",12.715995,4238665
"41",2022-07-16,"0-130","rate hosp",0.1,4238665
"41",2022-07-16,"0-130","inc hosp",4.238665,4238665
"41",2022-07-23,"0-130","rate hosp",0.3,4238665
"41",2022-07-23,"0-130","inc hosp",12.715995,4238665
"41",2022-07-30,"0-130","rate hosp",0,4238665
"41",2022-07-30,"0-130","inc hosp",0,4238665
"41",2022-08-06,"0-130","rate hosp",0.1,4238665
"41",2022-08-06,"0-130","inc hosp",4.238665,4238665
"41",2022-08-13,"0-130","rate hosp",0.1,4238665
"41",2022-08-13,"0-130","inc hosp",4.238665,4238665
"41",2022-08-20,"0-130","rate hosp",0.1,4238665
"41",2022-08-20,"0-130","inc hosp",4.238665,4238665
"41",2022-08-27,"0-130","rate hosp",0.2,4238665
"41",2022-08-27,"0-130","inc hosp",8.47733,4238665
"41",2022-09-03,"0-130","rate hosp",0.1,4238665
"41",2022-09-03,"0-130","inc hosp",4.238665,4238665
"41",2022-09-10,"0-130","rate hosp",0.1,4238665
"41",2022-09-10,"0-130","inc hosp",4.238665,4238665
"41",2022-09-17,"0-130","rate hosp",0.1,4238665
"41",2022-09-17,"0-130","inc hosp",4.238665,4238665
"41",2022-09-24,"0-130","rate hosp",0.2,4238665
"41",2022-09-24,"0-130","inc hosp",8.47733,4238665
"41",2022-10-01,"0-130","rate hosp",0,4238665
"41",2022-10-01,"0-130","inc hosp",0,4238665
"US",2021-10-09,"0-130","rate hosp",0.9,330901569
"US",2021-10-09,"0-130","inc hosp",2978.114121,330901569
"US",2021-10-16,"0-130","rate hosp",1,330901569
"US",2021-10-16,"0-130","inc hosp",3309.01569,330901569
"US",2021-10-23,"0-130","rate hosp",1,330901569
"US",2021-10-23,"0-130","inc hosp",3309.01569,330901569
"US",2021-10-30,"0-130","rate hosp",1,330901569
"US",2021-10-30,"0-130","inc hosp",3309.01569,330901569
"US",2021-11-06,"0-130","rate hosp",1.1,330901569
"US",2021-11-06,"0-130","inc hosp",3639.917259,330901569
"US",2021-11-13,"0-130","rate hosp",1.1,330901569
"US",2021-11-13,"0-130","inc hosp",3639.917259,330901569
"US",2021-11-20,"0-130","rate hosp",1.2,330901569
"US",2021-11-20,"0-130","inc hosp",3970.818828,330901569
"US",2021-11-27,"0-130","rate hosp",1.1,330901569
"US",2021-11-27,"0-130","inc hosp",3639.917259,330901569
"US",2021-12-04,"0-130","rate hosp",1.3,330901569
"US",2021-12-04,"0-130","inc hosp",4301.720397,330901569
"US",2021-12-11,"0-130","rate hosp",1.3,330901569
"US",2021-12-11,"0-130","inc hosp",4301.720397,330901569
"US",2021-12-18,"0-130","rate hosp",1.2,330901569
"US",2021-12-18,"0-130","inc hosp",3970.818828,330901569
"US",2021-12-25,"0-130","rate hosp",1.1,330901569
"US",2021-12-25,"0-130","inc hosp",3639.917259,330901569
"US",2022-01-01,"0-130","rate hosp",1.1,330901569
"US",2022-01-01,"0-130","inc hosp",3639.917259,330901569
"US",2022-01-08,"0-130","rate hosp",0.9,332200066
"US",2022-01-08,"0-130","inc hosp",2989.800594,332200066
"US",2022-01-15,"0-130","rate hosp",0.5,332200066
"US",2022-01-15,"0-130","inc hosp",1661.00033,332200066
"US",2022-01-22,"0-130","rate hosp",0.4,332200066
"US",2022-01-22,"0-130","inc hosp",1328.800264,332200066
"US",2022-01-29,"0-130","rate hosp",0.2,332200066
"US",2022-01-29,"0-130","inc hosp",664.400132,332200066
"US",2022-02-05,"0-130","rate hosp",0.2,332200066
"US",2022-02-05,"0-130","inc hosp",664.400132,332200066
"US",2022-02-12,"0-130","rate hosp",0.1,332200066
"US",2022-02-12,"0-130","inc hosp",332.200066,332200066
"US",2022-02-19,"0-130","rate hosp",0.2,332200066
"US",2022-02-19,"0-130","inc hosp",664.400132,332200066
"US",2022-02-26,"0-130","rate hosp",0.2,332200066
"US",2022-02-26,"0-130","inc hosp",664.400132,332200066
"US",2022-03-05,"0-130","rate hosp",0.1,332200066
"US",2022-03-05,"0-130","inc hosp",332.200066,332200066
"US",2022-03-12,"0-130","rate hosp",0.2,332200066
"US",2022-03-12,"0-130","inc hosp",664.400132,332200066
"US",2022-03-19,"0-130","rate hosp",0.2,332200066
"US",2022-03-19,"0-130","inc hosp",664.400132,332200066
"US",2022-03-26,"0-130","rate hosp",0.1,332200066
"US",2022-03-26,"0-130","inc hosp",332.200066,332200066
"US",2022-04-02,"0-130","rate hosp",0.2,332200066
"US",2022-04-02,"0-130","inc hosp",664.400132,332200066
"US",2022-04-09,"0-130","rate hosp",0.2,332200066
"US",2022-04-09,"0-130","inc hosp",664.400132,332200066
"US",2022-04-16,"0-130","rate hosp",0.2,332200066
"US",2022-04-16,"0-130","inc hosp",664.400132,332200066
"US",2022-04-23,"0-130","rate hosp",0.2,332200066
"US",2022-04-23,"0-130","inc hosp",664.400132,332200066
"US",2022-04-30,"0-130","rate hosp",0.2,332200066
"US",2022-04-30,"0-130","inc hosp",664.400132,332200066
"US",2022-05-07,"0-130","rate hosp",0.1,332200066
"US",2022-05-07,"0-130","inc hosp",332.200066,332200066
"US",2022-05-14,"0-130","rate hosp",0.2,332200066
"US",2022-05-14,"0-130","inc hosp",664.400132,332200066
"US",2022-05-21,"0-130","rate hosp",0.2,332200066
"US",2022-05-21,"0-130","inc hosp",664.400132,332200066
"US",2022-05-28,"0-130","rate hosp",0.2,332200066
"US",2022-05-28,"0-130","inc hosp",664.400132,332200066
"US",2022-06-04,"0-130","rate hosp",0.3,332200066
"US",2022-06-04,"0-130","inc hosp",996.600198,332200066
"US",2022-06-11,"0-130","rate hosp",0.3,332200066
"US",2022-06-11,"0-130","inc hosp",996.600198,332200066
"US",2022-06-18,"0-130","rate hosp",0.4,332200066
"US",2022-06-18,"0-130","inc hosp",1328.800264,332200066
"US",2022-06-25,"0-130","rate hosp",0.3,332200066
"US",2022-06-25,"0-130","inc hosp",996.600198,332200066
"US",2022-07-02,"0-130","rate hosp",0.2,332200066
"US",2022-07-02,"0-130","inc hosp",664.400132,332200066
"US",2022-07-09,"0-130","rate hosp",0.3,332200066
"US",2022-07-09,"0-130","inc hosp",996.600198,332200066
"US",2022-07-16,"0-130","rate hosp",0.4,332200066
"US",2022-07-16,"0-130","inc hosp",1328.800264,332200066
"US",2022-07-23,"0-130","rate hosp",0.4,332200066
"US",2022-07-23,"0-130","inc hosp",1328.800264,332200066
"US",2022-07-30,"0-130","rate hosp",0.4,332200066
"US",2022-07-30,"0-130","inc hosp",1328.800264,332200066
"US",2022-08-06,"0-130","rate hosp",0.4,332200066
"US",2022-08-06,"0-130","inc hosp",1328.800264,332200066
"US",2022-08-13,"0-130","rate hosp",0.4,332200066
"US",2022-08-13,"0-130","inc hosp",1328.800264,332200066
"US",2022-08-20,"0-130","rate hosp",0.4,332200066
"US",2022-08-20,"0-130","inc hosp",1328.800264,332200066
"US",2022-08-27,"0-130","rate hosp",0.5,332200066
"US",2022-08-27,"0-130","inc hosp",1661.00033,332200066
"US",2022-09-03,"0-130","rate hosp",0.5,332200066
"US",2022-09-03,"0-130","inc hosp",1661.00033,332200066
"US",2022-09-10,"0-130","rate hosp",0.6,332200066
"US",2022-09-10,"0-130","inc hosp",1993.200396,332200066
"US",2022-09-17,"0-130","rate hosp",0.9,332200066
"US",2022-09-17,"0-130","inc hosp",2989.800594,332200066
"US",2022-09-24,"0-130","rate hosp",1,332200066
"US",2022-09-24,"0-130","inc hosp",3322.00066,332200066
"US",2022-10-01,"0-130","rate hosp",1.2,332200066
"US",2022-10-01,"0-130","inc hosp",3986.400792,332200066
"47",2021-10-09,"0-130","rate hosp",0.5,6947379
"47",2021-10-09,"0-130","inc hosp",34.736895,6947379
"47",2021-10-16,"0-130","rate hosp",0.9,6947379
"47",2021-10-16,"0-130","inc hosp",62.526411,6947379
"47",2021-10-23,"0-130","rate hosp",0.5,6947379
"47",2021-10-23,"0-130","inc hosp",34.736895,6947379
"47",2021-10-30,"0-130","rate hosp",0.5,6947379
"47",2021-10-30,"0-130","inc hosp",34.736895,6947379
"47",2021-11-06,"0-130","rate hosp",0.4,6947379
"47",2021-11-06,"0-130","inc hosp",27.789516,6947379
"47",2021-11-13,"0-130","rate hosp",0.4,6947379
"47",2021-11-13,"0-130","inc hosp",27.789516,6947379
"47",2021-11-20,"0-130","rate hosp",0.7,6947379
"47",2021-11-20,"0-130","inc hosp",48.631653,6947379
"47",2021-11-27,"0-130","rate hosp",0.7,6947379
"47",2021-11-27,"0-130","inc hosp",48.631653,6947379
"47",2021-12-04,"0-130","rate hosp",0.6,6947379
"47",2021-12-04,"0-130","inc hosp",41.684274,6947379
"47",2021-12-11,"0-130","rate hosp",0.6,6947379
"47",2021-12-11,"0-130","inc hosp",41.684274,6947379
"47",2021-12-18,"0-130","rate hosp",0.5,6947379
"47",2021-12-18,"0-130","inc hosp",34.736895,6947379
"47",2021-12-25,"0-130","rate hosp",0.7,6947379
"47",2021-12-25,"0-130","inc hosp",48.631653,6947379
"47",2022-01-01,"0-130","rate hosp",0.5,6947379
"47",2022-01-01,"0-130","inc hosp",34.736895,6947379
"47",2022-01-08,"0-130","rate hosp",0.1,7030607
"47",2022-01-08,"0-130","inc hosp",7.030607,7030607
"47",2022-01-15,"0-130","rate hosp",0.2,7030607
"47",2022-01-15,"0-130","inc hosp",14.061214,7030607
"47",2022-01-22,"0-130","rate hosp",0,7030607
"47",2022-01-22,"0-130","inc hosp",0,7030607
"47",2022-01-29,"0-130","rate hosp",0.3,7030607
"47",2022-01-29,"0-130","inc hosp",21.091821,7030607
"47",2022-02-05,"0-130","rate hosp",0,7030607
"47",2022-02-05,"0-130","inc hosp",0,7030607
"47",2022-02-12,"0-130","rate hosp",0.1,7030607
"47",2022-02-12,"0-130","inc hosp",7.030607,7030607
"47",2022-02-19,"0-130","rate hosp",0.1,7030607
"47",2022-02-19,"0-130","inc hosp",7.030607,7030607
"47",2022-02-26,"0-130","rate hosp",0.1,7030607
"47",2022-02-26,"0-130","inc hosp",7.030607,7030607
"47",2022-03-05,"0-130","rate hosp",0.1,7030607
"47",2022-03-05,"0-130","inc hosp",7.030607,7030607
"47",2022-03-12,"0-130","rate hosp",0.1,7030607
"47",2022-03-12,"0-130","inc hosp",7.030607,7030607
"47",2022-03-19,"0-130","rate hosp",0.2,7030607
"47",2022-03-19,"0-130","inc hosp",14.061214,7030607
"47",2022-03-26,"0-130","rate hosp",0.1,7030607
"47",2022-03-26,"0-130","inc hosp",7.030607,7030607
"47",2022-04-02,"0-130","rate hosp",0,7030607
"47",2022-04-02,"0-130","inc hosp",0,7030607
"47",2022-04-09,"0-130","rate hosp",0.2,7030607
"47",2022-04-09,"0-130","inc hosp",14.061214,7030607
"47",2022-04-16,"0-130","rate hosp",0.1,7030607
"47",2022-04-16,"0-130","inc hosp",7.030607,7030607
"47",2022-04-23,"0-130","rate hosp",0.3,7030607
"47",2022-04-23,"0-130","inc hosp",21.091821,7030607
"47",2022-04-30,"0-130","rate hosp",0.2,7030607
"47",2022-04-30,"0-130","inc hosp",14.061214,7030607
"47",2022-05-07,"0-130","rate hosp",0,7030607
"47",2022-05-07,"0-130","inc hosp",0,7030607
"47",2022-05-14,"0-130","rate hosp",0,7030607
"47",2022-05-14,"0-130","inc hosp",0,7030607
"47",2022-05-21,"0-130","rate hosp",0,7030607
"47",2022-05-21,"0-130","inc hosp",0,7030607
"47",2022-05-28,"0-130","rate hosp",0,7030607
"47",2022-05-28,"0-130","inc hosp",0,7030607
"47",2022-06-04,"0-130","rate hosp",0,7030607
"47",2022-06-04,"0-130","inc hosp",0,7030607
"47",2022-06-11,"0-130","rate hosp",0,7030607
"47",2022-06-11,"0-130","inc hosp",0,7030607
"47",2022-06-18,"0-130","rate hosp",0.1,7030607
"47",2022-06-18,"0-130","inc hosp",7.030607,7030607
"47",2022-06-25,"0-130","rate hosp",0,7030607
"47",2022-06-25,"0-130","inc hosp",0,7030607
"47",2022-07-02,"0-130","rate hosp",0.1,7030607
"47",2022-07-02,"0-130","inc hosp",7.030607,7030607
"47",2022-07-09,"0-130","rate hosp",0.2,7030607
"47",2022-07-09,"0-130","inc hosp",14.061214,7030607
"47",2022-07-16,"0-130","rate hosp",0.7,7030607
"47",2022-07-16,"0-130","inc hosp",49.214249,7030607
"47",2022-07-23,"0-130","rate hosp",0.7,7030607
"47",2022-07-23,"0-130","inc hosp",49.214249,7030607
"47",2022-07-30,"0-130","rate hosp",0.3,7030607
"47",2022-07-30,"0-130","inc hosp",21.091821,7030607
"47",2022-08-06,"0-130","rate hosp",0.6,7030607
"47",2022-08-06,"0-130","inc hosp",42.183642,7030607
"47",2022-08-13,"0-130","rate hosp",0.5,7030607
"47",2022-08-13,"0-130","inc hosp",35.153035,7030607
"47",2022-08-20,"0-130","rate hosp",0.6,7030607
"47",2022-08-20,"0-130","inc hosp",42.183642,7030607
"47",2022-08-27,"0-130","rate hosp",0.7,7030607
"47",2022-08-27,"0-130","inc hosp",49.214249,7030607
"47",2022-09-03,"0-130","rate hosp",0.5,7030607
"47",2022-09-03,"0-130","inc hosp",35.153035,7030607
"47",2022-09-10,"0-130","rate hosp",0.9,7030607
"47",2022-09-10,"0-130","inc hosp",63.275463,7030607
"47",2022-09-17,"0-130","rate hosp",0.8,7030607
"47",2022-09-17,"0-130","inc hosp",56.244856,7030607
"47",2022-09-24,"0-130","rate hosp",1.2,7030607
"47",2022-09-24,"0-130","inc hosp",84.367284,7030607
"47",2022-10-01,"0-130","rate hosp",1.1,7030607
"47",2022-10-01,"0-130","inc hosp",77.336677,7030607
"49",2021-10-09,"0-130","rate hosp",1.1,3334413
"49",2021-10-09,"0-130","inc hosp",36.678543,3334413
"49",2021-10-16,"0-130","rate hosp",2.2,3334413
"49",2021-10-16,"0-130","inc hosp",73.357086,3334413
"49",2021-10-23,"0-130","rate hosp",3.3,3334413
"49",2021-10-23,"0-130","inc hosp",110.035629,3334413
"49",2021-10-30,"0-130","rate hosp",2.2,3334413
"49",2021-10-30,"0-130","inc hosp",73.357086,3334413
"49",2021-11-06,"0-130","rate hosp",4.4,3334413
"49",2021-11-06,"0-130","inc hosp",146.714172,3334413
"49",2021-11-13,"0-130","rate hosp",3.4,3334413
"49",2021-11-13,"0-130","inc hosp",113.370042,3334413
"49",2021-11-20,"0-130","rate hosp",3,3334413
"49",2021-11-20,"0-130","inc hosp",100.03239,3334413
"49",2021-11-27,"0-130","rate hosp",4.2,3334413
"49",2021-11-27,"0-130","inc hosp",140.045346,3334413
"49",2021-12-04,"0-130","rate hosp",5,3334413
"49",2021-12-04,"0-130","inc hosp",166.72065,3334413
"49",2021-12-11,"0-130","rate hosp",4.7,3334413
"49",2021-12-11,"0-130","inc hosp",156.717411,3334413
"49",2021-12-18,"0-130","rate hosp",4.5,3334413
"49",2021-12-18,"0-130","inc hosp",150.048585,3334413
"49",2021-12-25,"0-130","rate hosp",2.7,3334413
"49",2021-12-25,"0-130","inc hosp",90.029151,3334413
"49",2022-01-01,"0-130","rate hosp",3,3334413
"49",2022-01-01,"0-130","inc hosp",100.03239,3334413
"49",2022-01-08,"0-130","rate hosp",2.3,3376238
"49",2022-01-08,"0-130","inc hosp",77.653474,3376238
"49",2022-01-15,"0-130","rate hosp",1.3,3376238
"49",2022-01-15,"0-130","inc hosp",43.891094,3376238
"49",2022-01-22,"0-130","rate hosp",1.5,3376238
"49",2022-01-22,"0-130","inc hosp",50.64357,3376238
"49",2022-01-29,"0-130","rate hosp",0.5,3376238
"49",2022-01-29,"0-130","inc hosp",16.88119,3376238
"49",2022-02-05,"0-130","rate hosp",0.7,3376238
"49",2022-02-05,"0-130","inc hosp",23.633666,3376238
"49",2022-02-12,"0-130","rate hosp",0.2,3376238
"49",2022-02-12,"0-130","inc hosp",6.752476,3376238
"49",2022-02-19,"0-130","rate hosp",0.3,3376238
"49",2022-02-19,"0-130","inc hosp",10.128714,3376238
"49",2022-02-26,"0-130","rate hosp",0.4,3376238
"49",2022-02-26,"0-130","inc hosp",13.504952,3376238
"49",2022-03-05,"0-130","rate hosp",0.4,3376238
"49",2022-03-05,"0-130","inc hosp",13.504952,3376238
"49",2022-03-12,"0-130","rate hosp",0.1,3376238
"49",2022-03-12,"0-130","inc hosp",3.376238,3376238
"49",2022-03-19,"0-130","rate hosp",0.2,3376238
"49",2022-03-19,"0-130","inc hosp",6.752476,3376238
"49",2022-03-26,"0-130","rate hosp",0.2,3376238
"49",2022-03-26,"0-130","inc hosp",6.752476,3376238
"49",2022-04-02,"0-130","rate hosp",0.2,3376238
"49",2022-04-02,"0-130","inc hosp",6.752476,3376238
"49",2022-04-09,"0-130","rate hosp",0.3,3376238
"49",2022-04-09,"0-130","inc hosp",10.128714,3376238
"49",2022-04-16,"0-130","rate hosp",0.3,3376238
"49",2022-04-16,"0-130","inc hosp",10.128714,3376238
"49",2022-04-23,"0-130","rate hosp",0,3376238
"49",2022-04-23,"0-130","inc hosp",0,3376238
"49",2022-04-30,"0-130","rate hosp",0.1,3376238
"49",2022-04-30,"0-130","inc hosp",3.376238,3376238
"49",2022-05-07,"0-130","rate hosp",0.3,3376238
"49",2022-05-07,"0-130","inc hosp",10.128714,3376238
"49",2022-05-14,"0-130","rate hosp",0.2,3376238
"49",2022-05-14,"0-130","inc hosp",6.752476,3376238
"49",2022-05-21,"0-130","rate hosp",0.3,3376238
"49",2022-05-21,"0-130","inc hosp",10.128714,3376238
"49",2022-05-28,"0-130","rate hosp",0,3376238
"49",2022-05-28,"0-130","inc hosp",0,3376238
"49",2022-06-04,"0-130","rate hosp",0,3376238
"49",2022-06-04,"0-130","inc hosp",0,3376238
"49",2022-06-11,"0-130","rate hosp",0,3376238
"49",2022-06-11,"0-130","inc hosp",0,3376238
"49",2022-06-18,"0-130","rate hosp",0.1,3376238
"49",2022-06-18,"0-130","inc hosp",3.376238,3376238
"49",2022-06-25,"0-130","rate hosp",0.1,3376238
"49",2022-06-25,"0-130","inc hosp",3.376238,3376238
"49",2022-07-02,"0-130","rate hosp",0,3376238
"49",2022-07-02,"0-130","inc hosp",0,3376238
"49",2022-07-09,"0-130","rate hosp",0,3376238
"49",2022-07-09,"0-130","inc hosp",0,3376238
"49",2022-07-16,"0-130","rate hosp",0.1,3376238
"49",2022-07-16,"0-130","inc hosp",3.376238,3376238
"49",2022-07-23,"0-130","rate hosp",0.1,3376238
"49",2022-07-23,"0-130","inc hosp",3.376238,3376238
"49",2022-07-30,"0-130","rate hosp",0.3,3376238
"49",2022-07-30,"0-130","inc hosp",10.128714,3376238
"49",2022-08-06,"0-130","rate hosp",0.2,3376238
"49",2022-08-06,"0-130","inc hosp",6.752476,3376238
"49",2022-08-13,"0-130","rate hosp",0.2,3376238
"49",2022-08-13,"0-130","inc hosp",6.752476,3376238
"49",2022-08-20,"0-130","rate hosp",0.5,3376238
"49",2022-08-20,"0-130","inc hosp",16.88119,3376238
"49",2022-08-27,"0-130","rate hosp",0,3376238
"49",2022-08-27,"0-130","inc hosp",0,3376238
"49",2022-09-03,"0-130","rate hosp",0.2,3376238
"49",2022-09-03,"0-130","inc hosp",6.752476,3376238
"49",2022-09-10,"0-130","rate hosp",0,3376238
"49",2022-09-10,"0-130","inc hosp",0,3376238
"49",2022-09-17,"0-130","rate hosp",0.3,3376238
"49",2022-09-17,"0-130","inc hosp",10.128714,3376238
"49",2022-09-24,"0-130","rate hosp",0.5,3376238
"49",2022-09-24,"0-130","inc hosp",16.88119,3376238
"49",2022-10-01,"0-130","rate hosp",0.7,3376238
"49",2022-10-01,"0-130","inc hosp",23.633666,3376238
"06",2022-10-08,"0-130","rate hosp",0.4,38886551
"06",2022-10-08,"0-130","inc hosp",155.546204,38886551
"06",2022-10-15,"0-130","rate hosp",0.9,38886551
"06",2022-10-15,"0-130","inc hosp",349.978959,38886551
"06",2022-10-22,"0-130","rate hosp",1.4,38886551
"06",2022-10-22,"0-130","inc hosp",544.411714,38886551
"06",2022-10-29,"0-130","rate hosp",1.2,38886551
"06",2022-10-29,"0-130","inc hosp",466.638612,38886551
"06",2022-11-05,"0-130","rate hosp",1.7,38886551
"06",2022-11-05,"0-130","inc hosp",661.071367,38886551
"06",2022-11-12,"0-130","rate hosp",3.4,38886551
"06",2022-11-12,"0-130","inc hosp",1322.142734,38886551
"06",2022-11-19,"0-130","rate hosp",2.9,38886551
"06",2022-11-19,"0-130","inc hosp",1127.709979,38886551
"06",2022-11-26,"0-130","rate hosp",2.8,38886551
"06",2022-11-26,"0-130","inc hosp",1088.823428,38886551
"06",2022-12-03,"0-130","rate hosp",3.2,38886551
"06",2022-12-03,"0-130","inc hosp",1244.369632,38886551
"06",2022-12-10,"0-130","rate hosp",2.9,38886551
"06",2022-12-10,"0-130","inc hosp",1127.709979,38886551
"06",2022-12-17,"0-130","rate hosp",2.5,38886551
"06",2022-12-17,"0-130","inc hosp",972.163775,38886551
"06",2022-12-24,"0-130","rate hosp",2.2,38886551
"06",2022-12-24,"0-130","inc hosp",855.504122,38886551
"06",2022-12-31,"0-130","rate hosp",2,38886551
"06",2022-12-31,"0-130","inc hosp",777.73102,38886551
"06",2023-01-07,"0-130","rate hosp",1.7,38886551
"06",2023-01-07,"0-130","inc hosp",661.071367,38886551
"06",2023-01-14,"0-130","rate hosp",1.5,38886551
"06",2023-01-14,"0-130","inc hosp",583.298265,38886551
"06",2023-01-21,"0-130","rate hosp",0.8,38886551
"06",2023-01-21,"0-130","inc hosp",311.092408,38886551
"06",2023-01-28,"0-130","rate hosp",1.2,38886551
"06",2023-01-28,"0-130","inc hosp",466.638612,38886551
"06",2023-02-04,"0-130","rate hosp",0.7,38886551
"06",2023-02-04,"0-130","inc hosp",272.205857,38886551
"06",2023-02-11,"0-130","rate hosp",0.9,38886551
"06",2023-02-11,"0-130","inc hosp",349.978959,38886551
"06",2023-02-18,"0-130","rate hosp",0.8,38886551
"06",2023-02-18,"0-130","inc hosp",311.092408,38886551
"06",2023-02-25,"0-130","rate hosp",0.4,38886551
"06",2023-02-25,"0-130","inc hosp",155.546204,38886551
"06",2023-03-04,"0-130","rate hosp",0.3,38886551
"06",2023-03-04,"0-130","inc hosp",116.659653,38886551
"06",2023-03-11,"0-130","rate hosp",0.3,38886551
"06",2023-03-11,"0-130","inc hosp",116.659653,38886551
"06",2023-03-18,"0-130","rate hosp",0.5,38886551
"06",2023-03-18,"0-130","inc hosp",194.432755,38886551
"06",2023-03-25,"0-130","rate hosp",0.3,38886551
"06",2023-03-25,"0-130","inc hosp",116.659653,38886551
"06",2023-04-01,"0-130","rate hosp",0.2,38886551
"06",2023-04-01,"0-130","inc hosp",77.773102,38886551
"06",2023-04-08,"0-130","rate hosp",0.1,38886551
"06",2023-04-08,"0-130","inc hosp",38.886551,38886551
"06",2023-04-15,"0-130","rate hosp",0.1,38886551
"06",2023-04-15,"0-130","inc hosp",38.886551,38886551
"06",2023-04-22,"0-130","rate hosp",0,38886551
"06",2023-04-22,"0-130","inc hosp",0,38886551
"06",2023-04-29,"0-130","rate hosp",0,38886551
"06",2023-04-29,"0-130","inc hosp",0,38886551
"06",2023-05-06,"0-130","rate hosp",0.1,38886551
"06",2023-05-06,"0-130","inc hosp",38.886551,38886551
"06",2023-05-13,"0-130","rate hosp",0,38886551
"06",2023-05-13,"0-130","inc hosp",0,38886551
"06",2023-05-20,"0-130","rate hosp",0.1,38886551
"06",2023-05-20,"0-130","inc hosp",38.886551,38886551
"06",2023-05-27,"0-130","rate hosp",0.1,38886551
"06",2023-05-27,"0-130","inc hosp",38.886551,38886551
"06",2023-06-03,"0-130","rate hosp",0.1,38886551
"06",2023-06-03,"0-130","inc hosp",38.886551,38886551
"06",2023-06-10,"0-130","rate hosp",0.1,38886551
"06",2023-06-10,"0-130","inc hosp",38.886551,38886551
"06",2023-06-17,"0-130","rate hosp",0,38886551
"06",2023-06-17,"0-130","inc hosp",0,38886551
"06",2023-06-24,"0-130","rate hosp",0.1,38886551
"06",2023-06-24,"0-130","inc hosp",38.886551,38886551
"06",2023-07-01,"0-130","rate hosp",0.1,38886551
"06",2023-07-01,"0-130","inc hosp",38.886551,38886551
"06",2023-07-08,"0-130","rate hosp",0.1,38886551
"06",2023-07-08,"0-130","inc hosp",38.886551,38886551
"06",2023-07-15,"0-130","rate hosp",0,38886551
"06",2023-07-15,"0-130","inc hosp",0,38886551
"06",2023-07-22,"0-130","rate hosp",0.1,38886551
"06",2023-07-22,"0-130","inc hosp",38.886551,38886551
"06",2023-07-29,"0-130","rate hosp",0.1,38886551
"06",2023-07-29,"0-130","inc hosp",38.886551,38886551
"06",2023-08-05,"0-130","rate hosp",0.1,38886551
"06",2023-08-05,"0-130","inc hosp",38.886551,38886551
"06",2023-08-12,"0-130","rate hosp",0.1,38886551
"06",2023-08-12,"0-130","inc hosp",38.886551,38886551
"06",2023-08-19,"0-130","rate hosp",0,38886551
"06",2023-08-19,"0-130","inc hosp",0,38886551
"06",2023-08-26,"0-130","rate hosp",0.1,38886551
"06",2023-08-26,"0-130","inc hosp",38.886551,38886551
"06",2023-09-02,"0-130","rate hosp",0,38886551
"06",2023-09-02,"0-130","inc hosp",0,38886551
"06",2023-09-09,"0-130","rate hosp",0.3,38886551
"06",2023-09-09,"0-130","inc hosp",116.659653,38886551
"06",2023-09-16,"0-130","rate hosp",0.3,38886551
"06",2023-09-16,"0-130","inc hosp",116.659653,38886551
"06",2023-09-23,"0-130","rate hosp",0.2,38886551
"06",2023-09-23,"0-130","inc hosp",77.773102,38886551
"06",2023-09-30,"0-130","rate hosp",0.3,38886551
"06",2023-09-30,"0-130","inc hosp",116.659653,38886551
"08",2022-10-08,"0-130","rate hosp",1.7,5803748
"08",2022-10-08,"0-130","inc hosp",98.663716,5803748
"08",2022-10-15,"0-130","rate hosp",2.4,5803748
"08",2022-10-15,"0-130","inc hosp",139.289952,5803748
"08",2022-10-22,"0-130","rate hosp",4.2,5803748
"08",2022-10-22,"0-130","inc hosp",243.757416,5803748
"08",2022-10-29,"0-130","rate hosp",4.6,5803748
"08",2022-10-29,"0-130","inc hosp",266.972408,5803748
"08",2022-11-05,"0-130","rate hosp",6.9,5803748
"08",2022-11-05,"0-130","inc hosp",400.458612,5803748
"08",2022-11-12,"0-130","rate hosp",11.6,5803748
"08",2022-11-12,"0-130","inc hosp",673.234768,5803748
"08",2022-11-19,"0-130","rate hosp",10.2,5803748
"08",2022-11-19,"0-130","inc hosp",591.982296,5803748
"08",2022-11-26,"0-130","rate hosp",10.3,5803748
"08",2022-11-26,"0-130","inc hosp",597.786044,5803748
"08",2022-12-03,"0-130","rate hosp",8.9,5803748
"08",2022-12-03,"0-130","inc hosp",516.533572,5803748
"08",2022-12-10,"0-130","rate hosp",6.5,5803748
"08",2022-12-10,"0-130","inc hosp",377.24362,5803748
"08",2022-12-17,"0-130","rate hosp",5.1,5803748
"08",2022-12-17,"0-130","inc hosp",295.991148,5803748
"08",2022-12-24,"0-130","rate hosp",3.2,5803748
"08",2022-12-24,"0-130","inc hosp",185.719936,5803748
"08",2022-12-31,"0-130","rate hosp",3.1,5803748
"08",2022-12-31,"0-130","inc hosp",179.916188,5803748
"08",2023-01-07,"0-130","rate hosp",2.8,5803748
"08",2023-01-07,"0-130","inc hosp",162.504944,5803748
"08",2023-01-14,"0-130","rate hosp",1.8,5803748
"08",2023-01-14,"0-130","inc hosp",104.467464,5803748
"08",2023-01-21,"0-130","rate hosp",2,5803748
"08",2023-01-21,"0-130","inc hosp",116.07496,5803748
"08",2023-01-28,"0-130","rate hosp",1.5,5803748
"08",2023-01-28,"0-130","inc hosp",87.05622,5803748
"08",2023-02-04,"0-130","rate hosp",1.1,5803748
"08",2023-02-04,"0-130","inc hosp",63.841228,5803748
"08",2023-02-11,"0-130","rate hosp",1.1,5803748
"08",2023-02-11,"0-130","inc hosp",63.841228,5803748
"08",2023-02-18,"0-130","rate hosp",1,5803748
"08",2023-02-18,"0-130","inc hosp",58.03748,5803748
"08",2023-02-25,"0-130","rate hosp",0.8,5803748
"08",2023-02-25,"0-130","inc hosp",46.429984,5803748
"08",2023-03-04,"0-130","rate hosp",0.4,5803748
"08",2023-03-04,"0-130","inc hosp",23.214992,5803748
"08",2023-03-11,"0-130","rate hosp",0.5,5803748
"08",2023-03-11,"0-130","inc hosp",29.01874,5803748
"08",2023-03-18,"0-130","rate hosp",0.2,5803748
"08",2023-03-18,"0-130","inc hosp",11.607496,5803748
"08",2023-03-25,"0-130","rate hosp",0.4,5803748
"08",2023-03-25,"0-130","inc hosp",23.214992,5803748
"08",2023-04-01,"0-130","rate hosp",0.3,5803748
"08",2023-04-01,"0-130","inc hosp",17.411244,5803748
"08",2023-04-08,"0-130","rate hosp",0.3,5803748
"08",2023-04-08,"0-130","inc hosp",17.411244,5803748
"08",2023-04-15,"0-130","rate hosp",0.2,5803748
"08",2023-04-15,"0-130","inc hosp",11.607496,5803748
"08",2023-04-22,"0-130","rate hosp",0.1,5803748
"08",2023-04-22,"0-130","inc hosp",5.803748,5803748
"08",2023-04-29,"0-130","rate hosp",0.1,5803748
"08",2023-04-29,"0-130","inc hosp",5.803748,5803748
"08",2023-05-06,"0-130","rate hosp",0.1,5803748
"08",2023-05-06,"0-130","inc hosp",5.803748,5803748
"08",2023-05-13,"0-130","rate hosp",0.1,5803748
"08",2023-05-13,"0-130","inc hosp",5.803748,5803748
"08",2023-05-20,"0-130","rate hosp",0,5803748
"08",2023-05-20,"0-130","inc hosp",0,5803748
"08",2023-05-27,"0-130","rate hosp",0.1,5803748
"08",2023-05-27,"0-130","inc hosp",5.803748,5803748
"08",2023-06-03,"0-130","rate hosp",0,5803748
"08",2023-06-03,"0-130","inc hosp",0,5803748
"08",2023-06-10,"0-130","rate hosp",0,5803748
"08",2023-06-10,"0-130","inc hosp",0,5803748
"08",2023-06-17,"0-130","rate hosp",0,5803748
"08",2023-06-17,"0-130","inc hosp",0,5803748
"08",2023-06-24,"0-130","rate hosp",0,5803748
"08",2023-06-24,"0-130","inc hosp",0,5803748
"08",2023-07-01,"0-130","rate hosp",0,5803748
"08",2023-07-01,"0-130","inc hosp",0,5803748
"08",2023-07-08,"0-130","rate hosp",0,5803748
"08",2023-07-08,"0-130","inc hosp",0,5803748
"08",2023-07-15,"0-130","rate hosp",0,5803748
"08",2023-07-15,"0-130","inc hosp",0,5803748
"08",2023-07-22,"0-130","rate hosp",0.1,5803748
"08",2023-07-22,"0-130","inc hosp",5.803748,5803748
"08",2023-07-29,"0-130","rate hosp",0.1,5803748
"08",2023-07-29,"0-130","inc hosp",5.803748,5803748
"08",2023-08-05,"0-130","rate hosp",0.1,5803748
"08",2023-08-05,"0-130","inc hosp",5.803748,5803748
"08",2023-08-12,"0-130","rate hosp",0.1,5803748
"08",2023-08-12,"0-130","inc hosp",5.803748,5803748
"08",2023-08-19,"0-130","rate hosp",0,5803748
"08",2023-08-19,"0-130","inc hosp",0,5803748
"08",2023-08-26,"0-130","rate hosp",0,5803748
"08",2023-08-26,"0-130","inc hosp",0,5803748
"08",2023-09-02,"0-130","rate hosp",0,5803748
"08",2023-09-02,"0-130","inc hosp",0,5803748
"08",2023-09-09,"0-130","rate hosp",0.1,5803748
"08",2023-09-09,"0-130","inc hosp",5.803748,5803748
"08",2023-09-16,"0-130","rate hosp",0.2,5803748
"08",2023-09-16,"0-130","inc hosp",11.607496,5803748
"08",2023-09-23,"0-130","rate hosp",0.1,5803748
"08",2023-09-23,"0-130","inc hosp",5.803748,5803748
"08",2023-09-30,"0-130","rate hosp",0.2,5803748
"08",2023-09-30,"0-130","inc hosp",11.607496,5803748
"09",2022-10-08,"0-130","rate hosp",2.1,3621089
"09",2022-10-08,"0-130","inc hosp",76.042869,3621089
"09",2022-10-15,"0-130","rate hosp",4.1,3621089
"09",2022-10-15,"0-130","inc hosp",148.464649,3621089
"09",2022-10-22,"0-130","rate hosp",4,3621089
"09",2022-10-22,"0-130","inc hosp",144.84356,3621089
"09",2022-10-29,"0-130","rate hosp",5.3,3621089
"09",2022-10-29,"0-130","inc hosp",191.917717,3621089
"09",2022-11-05,"0-130","rate hosp",5.1,3621089
"09",2022-11-05,"0-130","inc hosp",184.675539,3621089
"09",2022-11-12,"0-130","rate hosp",5.5,3621089
"09",2022-11-12,"0-130","inc hosp",199.159895,3621089
"09",2022-11-19,"0-130","rate hosp",3.4,3621089
"09",2022-11-19,"0-130","inc hosp",123.117026,3621089
"09",2022-11-26,"0-130","rate hosp",4,3621089
"09",2022-11-26,"0-130","inc hosp",144.84356,3621089
"09",2022-12-03,"0-130","rate hosp",3.3,3621089
"09",2022-12-03,"0-130","inc hosp",119.495937,3621089
"09",2022-12-10,"0-130","rate hosp",2.7,3621089
"09",2022-12-10,"0-130","inc hosp",97.769403,3621089
"09",2022-12-17,"0-130","rate hosp",2.1,3621089
"09",2022-12-17,"0-130","inc hosp",76.042869,3621089
"09",2022-12-24,"0-130","rate hosp",1,3621089
"09",2022-12-24,"0-130","inc hosp",36.21089,3621089
"09",2022-12-31,"0-130","rate hosp",1.6,3621089
"09",2022-12-31,"0-130","inc hosp",57.937424,3621089
"09",2023-01-07,"0-130","rate hosp",1.2,3621089
"09",2023-01-07,"0-130","inc hosp",43.453068,3621089
"09",2023-01-14,"0-130","rate hosp",0.9,3621089
"09",2023-01-14,"0-130","inc hosp",32.589801,3621089
"09",2023-01-21,"0-130","rate hosp",1.2,3621089
"09",2023-01-21,"0-130","inc hosp",43.453068,3621089
"09",2023-01-28,"0-130","rate hosp",0.6,3621089
"09",2023-01-28,"0-130","inc hosp",21.726534,3621089
"09",2023-02-04,"0-130","rate hosp",0.4,3621089
"09",2023-02-04,"0-130","inc hosp",14.484356,3621089
"09",2023-02-11,"0-130","rate hosp",0.1,3621089
"09",2023-02-11,"0-130","inc hosp",3.621089,3621089
"09",2023-02-18,"0-130","rate hosp",1.2,3621089
"09",2023-02-18,"0-130","inc hosp",43.453068,3621089
"09",2023-02-25,"0-130","rate hosp",0.2,3621089
"09",2023-02-25,"0-130","inc hosp",7.242178,3621089
"09",2023-03-04,"0-130","rate hosp",0.7,3621089
"09",2023-03-04,"0-130","inc hosp",25.347623,3621089
"09",2023-03-11,"0-130","rate hosp",0.7,3621089
"09",2023-03-11,"0-130","inc hosp",25.347623,3621089
"09",2023-03-18,"0-130","rate hosp",0.5,3621089
"09",2023-03-18,"0-130","inc hosp",18.105445,3621089
"09",2023-03-25,"0-130","rate hosp",0.1,3621089
"09",2023-03-25,"0-130","inc hosp",3.621089,3621089
"09",2023-04-01,"0-130","rate hosp",0,3621089
"09",2023-04-01,"0-130","inc hosp",0,3621089
"09",2023-04-08,"0-130","rate hosp",0.3,3621089
"09",2023-04-08,"0-130","inc hosp",10.863267,3621089
"09",2023-04-15,"0-130","rate hosp",0,3621089
"09",2023-04-15,"0-130","inc hosp",0,3621089
"09",2023-04-22,"0-130","rate hosp",0.1,3621089
"09",2023-04-22,"0-130","inc hosp",3.621089,3621089
"09",2023-04-29,"0-130","rate hosp",0.1,3621089
"09",2023-04-29,"0-130","inc hosp",3.621089,3621089
"09",2023-05-06,"0-130","rate hosp",0.2,3621089
"09",2023-05-06,"0-130","inc hosp",7.242178,3621089
"09",2023-05-13,"0-130","rate hosp",0.1,3621089
"09",2023-05-13,"0-130","inc hosp",3.621089,3621089
"09",2023-05-20,"0-130","rate hosp",0,3621089
"09",2023-05-20,"0-130","inc hosp",0,3621089
"09",2023-05-27,"0-130","rate hosp",0,3621089
"09",2023-05-27,"0-130","inc hosp",0,3621089
"09",2023-06-03,"0-130","rate hosp",0,3621089
"09",2023-06-03,"0-130","inc hosp",0,3621089
"09",2023-06-10,"0-130","rate hosp",0,3621089
"09",2023-06-10,"0-130","inc hosp",0,3621089
"09",2023-06-17,"0-130","rate hosp",0,3621089
"09",2023-06-17,"0-130","inc hosp",0,3621089
"09",2023-06-24,"0-130","rate hosp",0,3621089
"09",2023-06-24,"0-130","inc hosp",0,3621089
"09",2023-07-01,"0-130","rate hosp",0,3621089
"09",2023-07-01,"0-130","inc hosp",0,3621089
"09",2023-07-08,"0-130","rate hosp",0,3621089
"09",2023-07-08,"0-130","inc hosp",0,3621089
"09",2023-07-15,"0-130","rate hosp",0,3621089
"09",2023-07-15,"0-130","inc hosp",0,3621089
"09",2023-07-22,"0-130","rate hosp",0.1,3621089
"09",2023-07-22,"0-130","inc hosp",3.621089,3621089
"09",2023-07-29,"0-130","rate hosp",0.1,3621089
"09",2023-07-29,"0-130","inc hosp",3.621089,3621089
"09",2023-08-05,"0-130","rate hosp",0.1,3621089
"09",2023-08-05,"0-130","inc hosp",3.621089,3621089
"09",2023-08-12,"0-130","rate hosp",0,3621089
"09",2023-08-12,"0-130","inc hosp",0,3621089
"09",2023-08-19,"0-130","rate hosp",0,3621089
"09",2023-08-19,"0-130","inc hosp",0,3621089
"09",2023-08-26,"0-130","rate hosp",0.2,3621089
"09",2023-08-26,"0-130","inc hosp",7.242178,3621089
"09",2023-09-02,"0-130","rate hosp",0.2,3621089
"09",2023-09-02,"0-130","inc hosp",7.242178,3621089
"09",2023-09-09,"0-130","rate hosp",0.2,3621089
"09",2023-09-09,"0-130","inc hosp",7.242178,3621089
"09",2023-09-16,"0-130","rate hosp",0.1,3621089
"09",2023-09-16,"0-130","inc hosp",3.621089,3621089
"09",2023-09-23,"0-130","rate hosp",0.4,3621089
"09",2023-09-23,"0-130","inc hosp",14.484356,3621089
"09",2023-09-30,"0-130","rate hosp",0.4,3621089
"09",2023-09-30,"0-130","inc hosp",14.484356,3621089
"13",2022-10-08,"0-130","rate hosp",2.4,10855454
"13",2022-10-08,"0-130","inc hosp",260.530896,10855454
"13",2022-10-15,"0-130","rate hosp",2.7,10855454
"13",2022-10-15,"0-130","inc hosp",293.097258,10855454
"13",2022-10-22,"0-130","rate hosp",1.9,10855454
"13",2022-10-22,"0-130","inc hosp",206.253626,10855454
"13",2022-10-29,"0-130","rate hosp",1.9,10855454
"13",2022-10-29,"0-130","inc hosp",206.253626,10855454
"13",2022-11-05,"0-130","rate hosp",1.7,10855454
"13",2022-11-05,"0-130","inc hosp",184.542718,10855454
"13",2022-11-12,"0-130","rate hosp",1.2,10855454
"13",2022-11-12,"0-130","inc hosp",130.265448,10855454
"13",2022-11-19,"0-130","rate hosp",0.8,10855454
"13",2022-11-19,"0-130","inc hosp",86.843632,10855454
"13",2022-11-26,"0-130","rate hosp",0.8,10855454
"13",2022-11-26,"0-130","inc hosp",86.843632,10855454
"13",2022-12-03,"0-130","rate hosp",1.2,10855454
"13",2022-12-03,"0-130","inc hosp",130.265448,10855454
"13",2022-12-10,"0-130","rate hosp",1.6,10855454
"13",2022-12-10,"0-130","inc hosp",173.687264,10855454
"13",2022-12-17,"0-130","rate hosp",1.1,10855454
"13",2022-12-17,"0-130","inc hosp",119.409994,10855454
"13",2022-12-24,"0-130","rate hosp",0.7,10855454
"13",2022-12-24,"0-130","inc hosp",75.988178,10855454
"13",2022-12-31,"0-130","rate hosp",0.4,10855454
"13",2022-12-31,"0-130","inc hosp",43.421816,10855454
"13",2023-01-07,"0-130","rate hosp",0.8,10855454
"13",2023-01-07,"0-130","inc hosp",86.843632,10855454
"13",2023-01-14,"0-130","rate hosp",0.8,10855454
"13",2023-01-14,"0-130","inc hosp",86.843632,10855454
"13",2023-01-21,"0-130","rate hosp",0.7,10855454
"13",2023-01-21,"0-130","inc hosp",75.988178,10855454
"13",2023-01-28,"0-130","rate hosp",0.6,10855454
"13",2023-01-28,"0-130","inc hosp",65.132724,10855454
"13",2023-02-04,"0-130","rate hosp",0.4,10855454
"13",2023-02-04,"0-130","inc hosp",43.421816,10855454
"13",2023-02-11,"0-130","rate hosp",0.6,10855454
"13",2023-02-11,"0-130","inc hosp",65.132724,10855454
"13",2023-02-18,"0-130","rate hosp",0.3,10855454
"13",2023-02-18,"0-130","inc hosp",32.566362,10855454
"13",2023-02-25,"0-130","rate hosp",0.2,10855454
"13",2023-02-25,"0-130","inc hosp",21.710908,10855454
"13",2023-03-04,"0-130","rate hosp",0.4,10855454
"13",2023-03-04,"0-130","inc hosp",43.421816,10855454
"13",2023-03-11,"0-130","rate hosp",0.4,10855454
"13",2023-03-11,"0-130","inc hosp",43.421816,10855454
"13",2023-03-18,"0-130","rate hosp",0.3,10855454
"13",2023-03-18,"0-130","inc hosp",32.566362,10855454
"13",2023-03-25,"0-130","rate hosp",0.2,10855454
"13",2023-03-25,"0-130","inc hosp",21.710908,10855454
"13",2023-04-01,"0-130","rate hosp",0.2,10855454
"13",2023-04-01,"0-130","inc hosp",21.710908,10855454
"13",2023-04-08,"0-130","rate hosp",0.2,10855454
"13",2023-04-08,"0-130","inc hosp",21.710908,10855454
"13",2023-04-15,"0-130","rate hosp",0.2,10855454
"13",2023-04-15,"0-130","inc hosp",21.710908,10855454
"13",2023-04-22,"0-130","rate hosp",0.1,10855454
"13",2023-04-22,"0-130","inc hosp",10.855454,10855454
"13",2023-04-29,"0-130","rate hosp",0.1,10855454
"13",2023-04-29,"0-130","inc hosp",10.855454,10855454
"13",2023-05-06,"0-130","rate hosp",0.1,10855454
"13",2023-05-06,"0-130","inc hosp",10.855454,10855454
"13",2023-05-13,"0-130","rate hosp",0.2,10855454
"13",2023-05-13,"0-130","inc hosp",21.710908,10855454
"13",2023-05-20,"0-130","rate hosp",0.2,10855454
"13",2023-05-20,"0-130","inc hosp",21.710908,10855454
"13",2023-05-27,"0-130","rate hosp",0.1,10855454
"13",2023-05-27,"0-130","inc hosp",10.855454,10855454
"13",2023-06-03,"0-130","rate hosp",0.1,10855454
"13",2023-06-03,"0-130","inc hosp",10.855454,10855454
"13",2023-06-10,"0-130","rate hosp",0.1,10855454
"13",2023-06-10,"0-130","inc hosp",10.855454,10855454
"13",2023-06-17,"0-130","rate hosp",0.2,10855454
"13",2023-06-17,"0-130","inc hosp",21.710908,10855454
"13",2023-06-24,"0-130","rate hosp",0.2,10855454
"13",2023-06-24,"0-130","inc hosp",21.710908,10855454
"13",2023-07-01,"0-130","rate hosp",0.2,10855454
"13",2023-07-01,"0-130","inc hosp",21.710908,10855454
"13",2023-07-08,"0-130","rate hosp",0.1,10855454
"13",2023-07-08,"0-130","inc hosp",10.855454,10855454
"13",2023-07-15,"0-130","rate hosp",0.2,10855454
"13",2023-07-15,"0-130","inc hosp",21.710908,10855454
"13",2023-07-22,"0-130","rate hosp",0.2,10855454
"13",2023-07-22,"0-130","inc hosp",21.710908,10855454
"13",2023-07-29,"0-130","rate hosp",0.4,10855454
"13",2023-07-29,"0-130","inc hosp",43.421816,10855454
"13",2023-08-05,"0-130","rate hosp",0.3,10855454
"13",2023-08-05,"0-130","inc hosp",32.566362,10855454
"13",2023-08-12,"0-130","rate hosp",0.5,10855454
"13",2023-08-12,"0-130","inc hosp",54.27727,10855454
"13",2023-08-19,"0-130","rate hosp",0.7,10855454
"13",2023-08-19,"0-130","inc hosp",75.988178,10855454
"13",2023-08-26,"0-130","rate hosp",0.7,10855454
"13",2023-08-26,"0-130","inc hosp",75.988178,10855454
"13",2023-09-02,"0-130","rate hosp",1.3,10855454
"13",2023-09-02,"0-130","inc hosp",141.120902,10855454
"13",2023-09-09,"0-130","rate hosp",1.4,10855454
"13",2023-09-09,"0-130","inc hosp",151.976356,10855454
"13",2023-09-16,"0-130","rate hosp",1.8,10855454
"13",2023-09-16,"0-130","inc hosp",195.398172,10855454
"13",2023-09-23,"0-130","rate hosp",2.5,10855454
"13",2023-09-23,"0-130","inc hosp",271.38635,10855454
"13",2023-09-30,"0-130","rate hosp",2.9,10855454
"13",2023-09-30,"0-130","inc hosp",314.808166,10855454
"24",2022-10-08,"0-130","rate hosp",1.5,6133130
"24",2022-10-08,"0-130","inc hosp",91.99695,6133130
"24",2022-10-15,"0-130","rate hosp",3.7,6133130
"24",2022-10-15,"0-130","inc hosp",226.92581,6133130
"24",2022-10-22,"0-130","rate hosp",3.8,6133130
"24",2022-10-22,"0-130","inc hosp",233.05894,6133130
"24",2022-10-29,"0-130","rate hosp",5,6133130
"24",2022-10-29,"0-130","inc hosp",306.6565,6133130
"24",2022-11-05,"0-130","rate hosp",5.2,6133130
"24",2022-11-05,"0-130","inc hosp",318.92276,6133130
"24",2022-11-12,"0-130","rate hosp",4.6,6133130
"24",2022-11-12,"0-130","inc hosp",282.12398,6133130
"24",2022-11-19,"0-130","rate hosp",4.1,6133130
"24",2022-11-19,"0-130","inc hosp",251.45833,6133130
"24",2022-11-26,"0-130","rate hosp",3.2,6133130
"24",2022-11-26,"0-130","inc hosp",196.26016,6133130
"24",2022-12-03,"0-130","rate hosp",2.9,6133130
"24",2022-12-03,"0-130","inc hosp",177.86077,6133130
"24",2022-12-10,"0-130","rate hosp",2.4,6133130
"24",2022-12-10,"0-130","inc hosp",147.19512,6133130
"24",2022-12-17,"0-130","rate hosp",1.9,6133130
"24",2022-12-17,"0-130","inc hosp",116.52947,6133130
"24",2022-12-24,"0-130","rate hosp",1,6133130
"24",2022-12-24,"0-130","inc hosp",61.3313,6133130
"24",2022-12-31,"0-130","rate hosp",0.8,6133130
"24",2022-12-31,"0-130","inc hosp",49.06504,6133130
"24",2023-01-07,"0-130","rate hosp",1.1,6133130
"24",2023-01-07,"0-130","inc hosp",67.46443,6133130
"24",2023-01-14,"0-130","rate hosp",0.5,6133130
"24",2023-01-14,"0-130","inc hosp",30.66565,6133130
"24",2023-01-21,"0-130","rate hosp",0.5,6133130
"24",2023-01-21,"0-130","inc hosp",30.66565,6133130
"24",2023-01-28,"0-130","rate hosp",0.6,6133130
"24",2023-01-28,"0-130","inc hosp",36.79878,6133130
"24",2023-02-04,"0-130","rate hosp",0.6,6133130
"24",2023-02-04,"0-130","inc hosp",36.79878,6133130
"24",2023-02-11,"0-130","rate hosp",0.4,6133130
"24",2023-02-11,"0-130","inc hosp",24.53252,6133130
"24",2023-02-18,"0-130","rate hosp",0.1,6133130
"24",2023-02-18,"0-130","inc hosp",6.13313,6133130
"24",2023-02-25,"0-130","rate hosp",0.3,6133130
"24",2023-02-25,"0-130","inc hosp",18.39939,6133130
"24",2023-03-04,"0-130","rate hosp",0.2,6133130
"24",2023-03-04,"0-130","inc hosp",12.26626,6133130
"24",2023-03-11,"0-130","rate hosp",0.3,6133130
"24",2023-03-11,"0-130","inc hosp",18.39939,6133130
"24",2023-03-18,"0-130","rate hosp",0.1,6133130
"24",2023-03-18,"0-130","inc hosp",6.13313,6133130
"24",2023-03-25,"0-130","rate hosp",0.3,6133130
"24",2023-03-25,"0-130","inc hosp",18.39939,6133130
"24",2023-04-01,"0-130","rate hosp",0.2,6133130
"24",2023-04-01,"0-130","inc hosp",12.26626,6133130
"24",2023-04-08,"0-130","rate hosp",0.1,6133130
"24",2023-04-08,"0-130","inc hosp",6.13313,6133130
"24",2023-04-15,"0-130","rate hosp",0.1,6133130
"24",2023-04-15,"0-130","inc hosp",6.13313,6133130
"24",2023-04-22,"0-130","rate hosp",0,6133130
"24",2023-04-22,"0-130","inc hosp",0,6133130
"24",2023-04-29,"0-130","rate hosp",0.1,6133130
"24",2023-04-29,"0-130","inc hosp",6.13313,6133130
"24",2023-05-06,"0-130","rate hosp",0.1,6133130
"24",2023-05-06,"0-130","inc hosp",6.13313,6133130
"24",2023-05-13,"0-130","rate hosp",0,6133130
"24",2023-05-13,"0-130","inc hosp",0,6133130
"24",2023-05-20,"0-130","rate hosp",0,6133130
"24",2023-05-20,"0-130","inc hosp",0,6133130
"24",2023-05-27,"0-130","rate hosp",0,6133130
"24",2023-05-27,"0-130","inc hosp",0,6133130
"24",2023-06-03,"0-130","rate hosp",0,6133130
"24",2023-06-03,"0-130","inc hosp",0,6133130
"24",2023-06-10,"0-130","rate hosp",0,6133130
"24",2023-06-10,"0-130","inc hosp",0,6133130
"24",2023-06-17,"0-130","rate hosp",0,6133130
"24",2023-06-17,"0-130","inc hosp",0,6133130
"24",2023-06-24,"0-130","rate hosp",0,6133130
"24",2023-06-24,"0-130","inc hosp",0,6133130
"24",2023-07-01,"0-130","rate hosp",0,6133130
"24",2023-07-01,"0-130","inc hosp",0,6133130
"24",2023-07-08,"0-130","rate hosp",0,6133130
"24",2023-07-08,"0-130","inc hosp",0,6133130
"24",2023-07-15,"0-130","rate hosp",0,6133130
"24",2023-07-15,"0-130","inc hosp",0,6133130
"24",2023-07-22,"0-130","rate hosp",0.1,6133130
"24",2023-07-22,"0-130","inc hosp",6.13313,6133130
"24",2023-07-29,"0-130","rate hosp",0.1,6133130
"24",2023-07-29,"0-130","inc hosp",6.13313,6133130
"24",2023-08-05,"0-130","rate hosp",0,6133130
"24",2023-08-05,"0-130","inc hosp",0,6133130
"24",2023-08-12,"0-130","rate hosp",0,6133130
"24",2023-08-12,"0-130","inc hosp",0,6133130
"24",2023-08-19,"0-130","rate hosp",0.1,6133130
"24",2023-08-19,"0-130","inc hosp",6.13313,6133130
"24",2023-08-26,"0-130","rate hosp",0.1,6133130
"24",2023-08-26,"0-130","inc hosp",6.13313,6133130
"24",2023-09-02,"0-130","rate hosp",0,6133130
"24",2023-09-02,"0-130","inc hosp",0,6133130
"24",2023-09-09,"0-130","rate hosp",0.1,6133130
"24",2023-09-09,"0-130","inc hosp",6.13313,6133130
"24",2023-09-16,"0-130","rate hosp",0.3,6133130
"24",2023-09-16,"0-130","inc hosp",18.39939,6133130
"24",2023-09-23,"0-130","rate hosp",0.1,6133130
"24",2023-09-23,"0-130","inc hosp",6.13313,6133130
"24",2023-09-30,"0-130","rate hosp",0.3,6133130
"24",2023-09-30,"0-130","inc hosp",18.39939,6133130
"26",2022-10-08,"0-130","rate hosp",2.3,10032075
"26",2022-10-08,"0-130","inc hosp",230.737725,10032075
"26",2022-10-15,"0-130","rate hosp",3.8,10032075
"26",2022-10-15,"0-130","inc hosp",381.21885,10032075
"26",2022-10-22,"0-130","rate hosp",4.1,10032075
"26",2022-10-22,"0-130","inc hosp",411.315075,10032075
"26",2022-10-29,"0-130","rate hosp",6.6,10032075
"26",2022-10-29,"0-130","inc hosp",662.11695,10032075
"26",2022-11-05,"0-130","rate hosp",9.7,10032075
"26",2022-11-05,"0-130","inc hosp",973.111275,10032075
"26",2022-11-12,"0-130","rate hosp",7.9,10032075
"26",2022-11-12,"0-130","inc hosp",792.533925,10032075
"26",2022-11-19,"0-130","rate hosp",7.8,10032075
"26",2022-11-19,"0-130","inc hosp",782.50185,10032075
"26",2022-11-26,"0-130","rate hosp",4.7,10032075
"26",2022-11-26,"0-130","inc hosp",471.507525,10032075
"26",2022-12-03,"0-130","rate hosp",5.2,10032075
"26",2022-12-03,"0-130","inc hosp",521.6679,10032075
"26",2022-12-10,"0-130","rate hosp",3.4,10032075
"26",2022-12-10,"0-130","inc hosp",341.09055,10032075
"26",2022-12-17,"0-130","rate hosp",3.1,10032075
"26",2022-12-17,"0-130","inc hosp",310.994325,10032075
"26",2022-12-24,"0-130","rate hosp",2.2,10032075
"26",2022-12-24,"0-130","inc hosp",220.70565,10032075
"26",2022-12-31,"0-130","rate hosp",1.6,10032075
"26",2022-12-31,"0-130","inc hosp",160.5132,10032075
"26",2023-01-07,"0-130","rate hosp",1.4,10032075
"26",2023-01-07,"0-130","inc hosp",140.44905,10032075
"26",2023-01-14,"0-130","rate hosp",1.5,10032075
"26",2023-01-14,"0-130","inc hosp",150.481125,10032075
"26",2023-01-21,"0-130","rate hosp",0.4,10032075
"26",2023-01-21,"0-130","inc hosp",40.1283,10032075
"26",2023-01-28,"0-130","rate hosp",0.5,10032075
"26",2023-01-28,"0-130","inc hosp",50.160375,10032075
"26",2023-02-04,"0-130","rate hosp",0.5,10032075
"26",2023-02-04,"0-130","inc hosp",50.160375,10032075
"26",2023-02-11,"0-130","rate hosp",0.3,10032075
"26",2023-02-11,"0-130","inc hosp",30.096225,10032075
"26",2023-02-18,"0-130","rate hosp",0.2,10032075
"26",2023-02-18,"0-130","inc hosp",20.06415,10032075
"26",2023-02-25,"0-130","rate hosp",0.2,10032075
"26",2023-02-25,"0-130","inc hosp",20.06415,10032075
"26",2023-03-04,"0-130","rate hosp",0.2,10032075
"26",2023-03-04,"0-130","inc hosp",20.06415,10032075
"26",2023-03-11,"0-130","rate hosp",0.2,10032075
"26",2023-03-11,"0-130","inc hosp",20.06415,10032075
"26",2023-03-18,"0-130","rate hosp",0.6,10032075
"26",2023-03-18,"0-130","inc hosp",60.19245,10032075
"26",2023-03-25,"0-130","rate hosp",0.2,10032075
"26",2023-03-25,"0-130","inc hosp",20.06415,10032075
"26",2023-04-01,"0-130","rate hosp",0.3,10032075
"26",2023-04-01,"0-130","inc hosp",30.096225,10032075
"26",2023-04-08,"0-130","rate hosp",0.2,10032075
"26",2023-04-08,"0-130","inc hosp",20.06415,10032075
"26",2023-04-15,"0-130","rate hosp",0,10032075
"26",2023-04-15,"0-130","inc hosp",0,10032075
"26",2023-04-22,"0-130","rate hosp",0.1,10032075
"26",2023-04-22,"0-130","inc hosp",10.032075,10032075
"26",2023-04-29,"0-130","rate hosp",0,10032075
"26",2023-04-29,"0-130","inc hosp",0,10032075
"26",2023-05-06,"0-130","rate hosp",0,10032075
"26",2023-05-06,"0-130","inc hosp",0,10032075
"26",2023-05-13,"0-130","rate hosp",0,10032075
"26",2023-05-13,"0-130","inc hosp",0,10032075
"26",2023-05-20,"0-130","rate hosp",0.1,10032075
"26",2023-05-20,"0-130","inc hosp",10.032075,10032075
"26",2023-05-27,"0-130","rate hosp",0,10032075
"26",2023-05-27,"0-130","inc hosp",0,10032075
"26",2023-06-03,"0-130","rate hosp",0,10032075
"26",2023-06-03,"0-130","inc hosp",0,10032075
"26",2023-06-10,"0-130","rate hosp",0,10032075
"26",2023-06-10,"0-130","inc hosp",0,10032075
"26",2023-06-17,"0-130","rate hosp",0,10032075
"26",2023-06-17,"0-130","inc hosp",0,10032075
"26",2023-06-24,"0-130","rate hosp",0,10032075
"26",2023-06-24,"0-130","inc hosp",0,10032075
"26",2023-07-01,"0-130","rate hosp",0,10032075
"26",2023-07-01,"0-130","inc hosp",0,10032075
"26",2023-07-08,"0-130","rate hosp",0,10032075
"26",2023-07-08,"0-130","inc hosp",0,10032075
"26",2023-07-15,"0-130","rate hosp",0,10032075
"26",2023-07-15,"0-130","inc hosp",0,10032075
"26",2023-07-22,"0-130","rate hosp",0,10032075
"26",2023-07-22,"0-130","inc hosp",0,10032075
"26",2023-07-29,"0-130","rate hosp",0,10032075
"26",2023-07-29,"0-130","inc hosp",0,10032075
"26",2023-08-05,"0-130","rate hosp",0,10032075
"26",2023-08-05,"0-130","inc hosp",0,10032075
"26",2023-08-12,"0-130","rate hosp",0,10032075
"26",2023-08-12,"0-130","inc hosp",0,10032075
"26",2023-08-19,"0-130","rate hosp",0,10032075
"26",2023-08-19,"0-130","inc hosp",0,10032075
"26",2023-08-26,"0-130","rate hosp",0,10032075
"26",2023-08-26,"0-130","inc hosp",0,10032075
"26",2023-09-02,"0-130","rate hosp",0,10032075
"26",2023-09-02,"0-130","inc hosp",0,10032075
"26",2023-09-09,"0-130","rate hosp",0.1,10032075
"26",2023-09-09,"0-130","inc hosp",10.032075,10032075
"26",2023-09-16,"0-130","rate hosp",0,10032075
"26",2023-09-16,"0-130","inc hosp",0,10032075
"26",2023-09-23,"0-130","rate hosp",0.1,10032075
"26",2023-09-23,"0-130","inc hosp",10.032075,10032075
"26",2023-09-30,"0-130","rate hosp",0,10032075
"26",2023-09-30,"0-130","inc hosp",0,10032075
"27",2022-10-08,"0-130","rate hosp",2.1,5716548
"27",2022-10-08,"0-130","inc hosp",120.047508,5716548
"27",2022-10-15,"0-130","rate hosp",3.5,5716548
"27",2022-10-15,"0-130","inc hosp",200.07918,5716548
"27",2022-10-22,"0-130","rate hosp",3.8,5716548
"27",2022-10-22,"0-130","inc hosp",217.228824,5716548
"27",2022-10-29,"0-130","rate hosp",5.5,5716548
"27",2022-10-29,"0-130","inc hosp",314.41014,5716548
"27",2022-11-05,"0-130","rate hosp",5.5,5716548
"27",2022-11-05,"0-130","inc hosp",314.41014,5716548
"27",2022-11-12,"0-130","rate hosp",5.8,5716548
"27",2022-11-12,"0-130","inc hosp",331.559784,5716548
"27",2022-11-19,"0-130","rate hosp",4.9,5716548
"27",2022-11-19,"0-130","inc hosp",280.110852,5716548
"27",2022-11-26,"0-130","rate hosp",3.8,5716548
"27",2022-11-26,"0-130","inc hosp",217.228824,5716548
"27",2022-12-03,"0-130","rate hosp",4,5716548
"27",2022-12-03,"0-130","inc hosp",228.66192,5716548
"27",2022-12-10,"0-130","rate hosp",3.3,5716548
"27",2022-12-10,"0-130","inc hosp",188.646084,5716548
"27",2022-12-17,"0-130","rate hosp",3.1,5716548
"27",2022-12-17,"0-130","inc hosp",177.212988,5716548
"27",2022-12-24,"0-130","rate hosp",2,5716548
"27",2022-12-24,"0-130","inc hosp",114.33096,5716548
"27",2022-12-31,"0-130","rate hosp",2.1,5716548
"27",2022-12-31,"0-130","inc hosp",120.047508,5716548
"27",2023-01-07,"0-130","rate hosp",1.4,5716548
"27",2023-01-07,"0-130","inc hosp",80.031672,5716548
"27",2023-01-14,"0-130","rate hosp",1.2,5716548
"27",2023-01-14,"0-130","inc hosp",68.598576,5716548
"27",2023-01-21,"0-130","rate hosp",0.9,5716548
"27",2023-01-21,"0-130","inc hosp",51.448932,5716548
"27",2023-01-28,"0-130","rate hosp",0.9,5716548
"27",2023-01-28,"0-130","inc hosp",51.448932,5716548
"27",2023-02-04,"0-130","rate hosp",0.3,5716548
"27",2023-02-04,"0-130","inc hosp",17.149644,5716548
"27",2023-02-11,"0-130","rate hosp",0.4,5716548
"27",2023-02-11,"0-130","inc hosp",22.866192,5716548
"27",2023-02-18,"0-130","rate hosp",0.5,5716548
"27",2023-02-18,"0-130","inc hosp",28.58274,5716548
"27",2023-02-25,"0-130","rate hosp",0.6,5716548
"27",2023-02-25,"0-130","inc hosp",34.299288,5716548
"27",2023-03-04,"0-130","rate hosp",0.4,5716548
"27",2023-03-04,"0-130","inc hosp",22.866192,5716548
"27",2023-03-11,"0-130","rate hosp",0.2,5716548
"27",2023-03-11,"0-130","inc hosp",11.433096,5716548
"27",2023-03-18,"0-130","rate hosp",0.2,5716548
"27",2023-03-18,"0-130","inc hosp",11.433096,5716548
"27",2023-03-25,"0-130","rate hosp",0.2,5716548
"27",2023-03-25,"0-130","inc hosp",11.433096,5716548
"27",2023-04-01,"0-130","rate hosp",0.1,5716548
"27",2023-04-01,"0-130","inc hosp",5.716548,5716548
"27",2023-04-08,"0-130","rate hosp",0.1,5716548
"27",2023-04-08,"0-130","inc hosp",5.716548,5716548
"27",2023-04-15,"0-130","rate hosp",0.1,5716548
"27",2023-04-15,"0-130","inc hosp",5.716548,5716548
"27",2023-04-22,"0-130","rate hosp",0.1,5716548
"27",2023-04-22,"0-130","inc hosp",5.716548,5716548
"27",2023-04-29,"0-130","rate hosp",0,5716548
"27",2023-04-29,"0-130","inc hosp",0,5716548
"27",2023-05-06,"0-130","rate hosp",0,5716548
"27",2023-05-06,"0-130","inc hosp",0,5716548
"27",2023-05-13,"0-130","rate hosp",0.1,5716548
"27",2023-05-13,"0-130","inc hosp",5.716548,5716548
"27",2023-05-20,"0-130","rate hosp",0,5716548
"27",2023-05-20,"0-130","inc hosp",0,5716548
"27",2023-05-27,"0-130","rate hosp",0,5716548
"27",2023-05-27,"0-130","inc hosp",0,5716548
"27",2023-06-03,"0-130","rate hosp",0,5716548
"27",2023-06-03,"0-130","inc hosp",0,5716548
"27",2023-06-10,"0-130","rate hosp",0,5716548
"27",2023-06-10,"0-130","inc hosp",0,5716548
"27",2023-06-17,"0-130","rate hosp",0,5716548
"27",2023-06-17,"0-130","inc hosp",0,5716548
"27",2023-06-24,"0-130","rate hosp",0,5716548
"27",2023-06-24,"0-130","inc hosp",0,5716548
"27",2023-07-01,"0-130","rate hosp",0,5716548
"27",2023-07-01,"0-130","inc hosp",0,5716548
"27",2023-07-08,"0-130","rate hosp",0,5716548
"27",2023-07-08,"0-130","inc hosp",0,5716548
"27",2023-07-15,"0-130","rate hosp",0,5716548
"27",2023-07-15,"0-130","inc hosp",0,5716548
"27",2023-07-22,"0-130","rate hosp",0,5716548
"27",2023-07-22,"0-130","inc hosp",0,5716548
"27",2023-07-29,"0-130","rate hosp",0,5716548
"27",2023-07-29,"0-130","inc hosp",0,5716548
"27",2023-08-05,"0-130","rate hosp",0,5716548
"27",2023-08-05,"0-130","inc hosp",0,5716548
"27",2023-08-12,"0-130","rate hosp",0,5716548
"27",2023-08-12,"0-130","inc hosp",0,5716548
"27",2023-08-19,"0-130","rate hosp",0,5716548
"27",2023-08-19,"0-130","inc hosp",0,5716548
"27",2023-08-26,"0-130","rate hosp",0.1,5716548
"27",2023-08-26,"0-130","inc hosp",5.716548,5716548
"27",2023-09-02,"0-130","rate hosp",0.1,5716548
"27",2023-09-02,"0-130","inc hosp",5.716548,5716548
"27",2023-09-09,"0-130","rate hosp",0.1,5716548
"27",2023-09-09,"0-130","inc hosp",5.716548,5716548
"27",2023-09-16,"0-130","rate hosp",0.1,5716548
"27",2023-09-16,"0-130","inc hosp",5.716548,5716548
"27",2023-09-23,"0-130","rate hosp",0.1,5716548
"27",2023-09-23,"0-130","inc hosp",5.716548,5716548
"27",2023-09-30,"0-130","rate hosp",0.1,5716548
"27",2023-09-30,"0-130","inc hosp",5.716548,5716548
"35",2022-10-08,"0-130","rate hosp",1.6,2100079
"35",2022-10-08,"0-130","inc hosp",33.601264,2100079
"35",2022-10-15,"0-130","rate hosp",2.7,2100079
"35",2022-10-15,"0-130","inc hosp",56.702133,2100079
"35",2022-10-22,"0-130","rate hosp",4.2,2100079
"35",2022-10-22,"0-130","inc hosp",88.203318,2100079
"35",2022-10-29,"0-130","rate hosp",7.9,2100079
"35",2022-10-29,"0-130","inc hosp",165.906241,2100079
"35",2022-11-05,"0-130","rate hosp",12.9,2100079
"35",2022-11-05,"0-130","inc hosp",270.910191,2100079
"35",2022-11-12,"0-130","rate hosp",14.6,2100079
"35",2022-11-12,"0-130","inc hosp",306.611534,2100079
"35",2022-11-19,"0-130","rate hosp",16.5,2100079
"35",2022-11-19,"0-130","inc hosp",346.513035,2100079
"35",2022-11-26,"0-130","rate hosp",12.6,2100079
"35",2022-11-26,"0-130","inc hosp",264.609954,2100079
"35",2022-12-03,"0-130","rate hosp",11.3,2100079
"35",2022-12-03,"0-130","inc hosp",237.308927,2100079
"35",2022-12-10,"0-130","rate hosp",7,2100079
"35",2022-12-10,"0-130","inc hosp",147.00553,2100079
"35",2022-12-17,"0-130","rate hosp",3.3,2100079
"35",2022-12-17,"0-130","inc hosp",69.302607,2100079
"35",2022-12-24,"0-130","rate hosp",2.4,2100079
"35",2022-12-24,"0-130","inc hosp",50.401896,2100079
"35",2022-12-31,"0-130","rate hosp",2.1,2100079
"35",2022-12-31,"0-130","inc hosp",44.101659,2100079
"35",2023-01-07,"0-130","rate hosp",2.4,2100079
"35",2023-01-07,"0-130","inc hosp",50.401896,2100079
"35",2023-01-14,"0-130","rate hosp",1.8,2100079
"35",2023-01-14,"0-130","inc hosp",37.801422,2100079
"35",2023-01-21,"0-130","rate hosp",1.2,2100079
"35",2023-01-21,"0-130","inc hosp",25.200948,2100079
"35",2023-01-28,"0-130","rate hosp",1,2100079
"35",2023-01-28,"0-130","inc hosp",21.00079,2100079
"35",2023-02-04,"0-130","rate hosp",0.6,2100079
"35",2023-02-04,"0-130","inc hosp",12.600474,2100079
"35",2023-02-11,"0-130","rate hosp",0.6,2100079
"35",2023-02-11,"0-130","inc hosp",12.600474,2100079
"35",2023-02-18,"0-130","rate hosp",0.9,2100079
"35",2023-02-18,"0-130","inc hosp",18.900711,2100079
"35",2023-02-25,"0-130","rate hosp",0.3,2100079
"35",2023-02-25,"0-130","inc hosp",6.300237,2100079
"35",2023-03-04,"0-130","rate hosp",0.4,2100079
"35",2023-03-04,"0-130","inc hosp",8.400316,2100079
"35",2023-03-11,"0-130","rate hosp",0.1,2100079
"35",2023-03-11,"0-130","inc hosp",2.100079,2100079
"35",2023-03-18,"0-130","rate hosp",0.1,2100079
"35",2023-03-18,"0-130","inc hosp",2.100079,2100079
"35",2023-03-25,"0-130","rate hosp",0.1,2100079
"35",2023-03-25,"0-130","inc hosp",2.100079,2100079
"35",2023-04-01,"0-130","rate hosp",0.3,2100079
"35",2023-04-01,"0-130","inc hosp",6.300237,2100079
"35",2023-04-08,"0-130","rate hosp",0.1,2100079
"35",2023-04-08,"0-130","inc hosp",2.100079,2100079
"35",2023-04-15,"0-130","rate hosp",0.1,2100079
"35",2023-04-15,"0-130","inc hosp",2.100079,2100079
"35",2023-04-22,"0-130","rate hosp",0.1,2100079
"35",2023-04-22,"0-130","inc hosp",2.100079,2100079
"35",2023-04-29,"0-130","rate hosp",0.1,2100079
"35",2023-04-29,"0-130","inc hosp",2.100079,2100079
"35",2023-05-06,"0-130","rate hosp",0.1,2100079
"35",2023-05-06,"0-130","inc hosp",2.100079,2100079
"35",2023-05-13,"0-130","rate hosp",0,2100079
"35",2023-05-13,"0-130","inc hosp",0,2100079
"35",2023-05-20,"0-130","rate hosp",0,2100079
"35",2023-05-20,"0-130","inc hosp",0,2100079
"35",2023-05-27,"0-130","rate hosp",0,2100079
"35",2023-05-27,"0-130","inc hosp",0,2100079
"35",2023-06-03,"0-130","rate hosp",0,2100079
"35",2023-06-03,"0-130","inc hosp",0,2100079
"35",2023-06-10,"0-130","rate hosp",0.1,2100079
"35",2023-06-10,"0-130","inc hosp",2.100079,2100079
"35",2023-06-17,"0-130","rate hosp",0,2100079
"35",2023-06-17,"0-130","inc hosp",0,2100079
"35",2023-06-24,"0-130","rate hosp",0,2100079
"35",2023-06-24,"0-130","inc hosp",0,2100079
"35",2023-07-01,"0-130","rate hosp",0,2100079
"35",2023-07-01,"0-130","inc hosp",0,2100079
"35",2023-07-08,"0-130","rate hosp",0,2100079
"35",2023-07-08,"0-130","inc hosp",0,2100079
"35",2023-07-15,"0-130","rate hosp",0,2100079
"35",2023-07-15,"0-130","inc hosp",0,2100079
"35",2023-07-22,"0-130","rate hosp",0,2100079
"35",2023-07-22,"0-130","inc hosp",0,2100079
"35",2023-07-29,"0-130","rate hosp",0,2100079
"35",2023-07-29,"0-130","inc hosp",0,2100079
"35",2023-08-05,"0-130","rate hosp",0.1,2100079
"35",2023-08-05,"0-130","inc hosp",2.100079,2100079
"35",2023-08-12,"0-130","rate hosp",0,2100079
"35",2023-08-12,"0-130","inc hosp",0,2100079
"35",2023-08-19,"0-130","rate hosp",0,2100079
"35",2023-08-19,"0-130","inc hosp",0,2100079
"35",2023-08-26,"0-130","rate hosp",0,2100079
"35",2023-08-26,"0-130","inc hosp",0,2100079
"35",2023-09-02,"0-130","rate hosp",0,2100079
"35",2023-09-02,"0-130","inc hosp",0,2100079
"35",2023-09-09,"0-130","rate hosp",0.1,2100079
"35",2023-09-09,"0-130","inc hosp",2.100079,2100079
"35",2023-09-16,"0-130","rate hosp",0,2100079
"35",2023-09-16,"0-130","inc hosp",0,2100079
"35",2023-09-23,"0-130","rate hosp",0.3,2100079
"35",2023-09-23,"0-130","inc hosp",6.300237,2100079
"35",2023-09-30,"0-130","rate hosp",0,2100079
"35",2023-09-30,"0-130","inc hosp",0,2100079
"36",2022-10-08,"0-130","rate hosp",1.8,19657190
"36",2022-10-08,"0-130","inc hosp",353.82942,19657190
"36",2022-10-15,"0-130","rate hosp",3.7,19657190
"36",2022-10-15,"0-130","inc hosp",727.31603,19657190
"36",2022-10-22,"0-130","rate hosp",3.9,19657190
"36",2022-10-22,"0-130","inc hosp",766.63041,19657190
"36",2022-10-29,"0-130","rate hosp",6,19657190
"36",2022-10-29,"0-130","inc hosp",1179.4314,19657190
"36",2022-11-05,"0-130","rate hosp",8.2,19657190
"36",2022-11-05,"0-130","inc hosp",1611.88958,19657190
"36",2022-11-12,"0-130","rate hosp",8.1,19657190
"36",2022-11-12,"0-130","inc hosp",1592.23239,19657190
"36",2022-11-19,"0-130","rate hosp",6.8,19657190
"36",2022-11-19,"0-130","inc hosp",1336.68892,19657190
"36",2022-11-26,"0-130","rate hosp",3.9,19657190
"36",2022-11-26,"0-130","inc hosp",766.63041,19657190
"36",2022-12-03,"0-130","rate hosp",5.2,19657190
"36",2022-12-03,"0-130","inc hosp",1022.17388,19657190
"36",2022-12-10,"0-130","rate hosp",3.9,19657190
"36",2022-12-10,"0-130","inc hosp",766.63041,19657190
"36",2022-12-17,"0-130","rate hosp",2.6,19657190
"36",2022-12-17,"0-130","inc hosp",511.08694,19657190
"36",2022-12-24,"0-130","rate hosp",1.8,19657190
"36",2022-12-24,"0-130","inc hosp",353.82942,19657190
"36",2022-12-31,"0-130","rate hosp",1.9,19657190
"36",2022-12-31,"0-130","inc hosp",373.48661,19657190
"36",2023-01-07,"0-130","rate hosp",1.7,19657190
"36",2023-01-07,"0-130","inc hosp",334.17223,19657190
"36",2023-01-14,"0-130","rate hosp",1.3,19657190
"36",2023-01-14,"0-130","inc hosp",255.54347,19657190
"36",2023-01-21,"0-130","rate hosp",0.7,19657190
"36",2023-01-21,"0-130","inc hosp",137.60033,19657190
"36",2023-01-28,"0-130","rate hosp",0.6,19657190
"36",2023-01-28,"0-130","inc hosp",117.94314,19657190
"36",2023-02-04,"0-130","rate hosp",0.7,19657190
"36",2023-02-04,"0-130","inc hosp",137.60033,19657190
"36",2023-02-11,"0-130","rate hosp",0.6,19657190
"36",2023-02-11,"0-130","inc hosp",117.94314,19657190
"36",2023-02-18,"0-130","rate hosp",0.6,19657190
"36",2023-02-18,"0-130","inc hosp",117.94314,19657190
"36",2023-02-25,"0-130","rate hosp",0.2,19657190
"36",2023-02-25,"0-130","inc hosp",39.31438,19657190
"36",2023-03-04,"0-130","rate hosp",0.6,19657190
"36",2023-03-04,"0-130","inc hosp",117.94314,19657190
"36",2023-03-11,"0-130","rate hosp",0.7,19657190
"36",2023-03-11,"0-130","inc hosp",137.60033,19657190
"36",2023-03-18,"0-130","rate hosp",0.6,19657190
"36",2023-03-18,"0-130","inc hosp",117.94314,19657190
"36",2023-03-25,"0-130","rate hosp",0.3,19657190
"36",2023-03-25,"0-130","inc hosp",58.97157,19657190
"36",2023-04-01,"0-130","rate hosp",0.2,19657190
"36",2023-04-01,"0-130","inc hosp",39.31438,19657190
"36",2023-04-08,"0-130","rate hosp",0.4,19657190
"36",2023-04-08,"0-130","inc hosp",78.62876,19657190
"36",2023-04-15,"0-130","rate hosp",0.3,19657190
"36",2023-04-15,"0-130","inc hosp",58.97157,19657190
"36",2023-04-22,"0-130","rate hosp",0.4,19657190
"36",2023-04-22,"0-130","inc hosp",78.62876,19657190
"36",2023-04-29,"0-130","rate hosp",0.2,19657190
"36",2023-04-29,"0-130","inc hosp",39.31438,19657190
"36",2023-05-06,"0-130","rate hosp",0.2,19657190
"36",2023-05-06,"0-130","inc hosp",39.31438,19657190
"36",2023-05-13,"0-130","rate hosp",0,19657190
"36",2023-05-13,"0-130","inc hosp",0,19657190
"36",2023-05-20,"0-130","rate hosp",0.1,19657190
"36",2023-05-20,"0-130","inc hosp",19.65719,19657190
"36",2023-05-27,"0-130","rate hosp",0.1,19657190
"36",2023-05-27,"0-130","inc hosp",19.65719,19657190
"36",2023-06-03,"0-130","rate hosp",0.1,19657190
"36",2023-06-03,"0-130","inc hosp",19.65719,19657190
"36",2023-06-10,"0-130","rate hosp",0,19657190
"36",2023-06-10,"0-130","inc hosp",0,19657190
"36",2023-06-17,"0-130","rate hosp",0,19657190
"36",2023-06-17,"0-130","inc hosp",0,19657190
"36",2023-06-24,"0-130","rate hosp",0,19657190
"36",2023-06-24,"0-130","inc hosp",0,19657190
"36",2023-07-01,"0-130","rate hosp",0,19657190
"36",2023-07-01,"0-130","inc hosp",0,19657190
"36",2023-07-08,"0-130","rate hosp",0,19657190
"36",2023-07-08,"0-130","inc hosp",0,19657190
"36",2023-07-15,"0-130","rate hosp",0.1,19657190
"36",2023-07-15,"0-130","inc hosp",19.65719,19657190
"36",2023-07-22,"0-130","rate hosp",0,19657190
"36",2023-07-22,"0-130","inc hosp",0,19657190
"36",2023-07-29,"0-130","rate hosp",0,19657190
"36",2023-07-29,"0-130","inc hosp",0,19657190
"36",2023-08-05,"0-130","rate hosp",0.1,19657190
"36",2023-08-05,"0-130","inc hosp",19.65719,19657190
"36",2023-08-12,"0-130","rate hosp",0.1,19657190
"36",2023-08-12,"0-130","inc hosp",19.65719,19657190
"36",2023-08-19,"0-130","rate hosp",0.1,19657190
"36",2023-08-19,"0-130","inc hosp",19.65719,19657190
"36",2023-08-26,"0-130","rate hosp",0,19657190
"36",2023-08-26,"0-130","inc hosp",0,19657190
"36",2023-09-02,"0-130","rate hosp",0.2,19657190
"36",2023-09-02,"0-130","inc hosp",39.31438,19657190
"36",2023-09-09,"0-130","rate hosp",0.2,19657190
"36",2023-09-09,"0-130","inc hosp",39.31438,19657190
"36",2023-09-16,"0-130","rate hosp",0.1,19657190
"36",2023-09-16,"0-130","inc hosp",19.65719,19657190
"36",2023-09-23,"0-130","rate hosp",0.1,19657190
"36",2023-09-23,"0-130","inc hosp",19.65719,19657190
"36",2023-09-30,"0-130","rate hosp",0.2,19657190
"36",2023-09-30,"0-130","inc hosp",39.31438,19657190
"41",2022-10-08,"0-130","rate hosp",0.3,4238665
"41",2022-10-08,"0-130","inc hosp",12.715995,4238665
"41",2022-10-15,"0-130","rate hosp",0.5,4238665
"41",2022-10-15,"0-130","inc hosp",21.193325,4238665
"41",2022-10-22,"0-130","rate hosp",0.7,4238665
"41",2022-10-22,"0-130","inc hosp",29.670655,4238665
"41",2022-10-29,"0-130","rate hosp",0.7,4238665
"41",2022-10-29,"0-130","inc hosp",29.670655,4238665
"41",2022-11-05,"0-130","rate hosp",2.3,4238665
"41",2022-11-05,"0-130","inc hosp",97.489295,4238665
"41",2022-11-12,"0-130","rate hosp",1.8,4238665
"41",2022-11-12,"0-130","inc hosp",76.29597,4238665
"41",2022-11-19,"0-130","rate hosp",3.5,4238665
"41",2022-11-19,"0-130","inc hosp",148.353275,4238665
"41",2022-11-26,"0-130","rate hosp",3.2,4238665
"41",2022-11-26,"0-130","inc hosp",135.63728,4238665
"41",2022-12-03,"0-130","rate hosp",4.9,4238665
"41",2022-12-03,"0-130","inc hosp",207.694585,4238665
"41",2022-12-10,"0-130","rate hosp",3.7,4238665
"41",2022-12-10,"0-130","inc hosp",156.830605,4238665
"41",2022-12-17,"0-130","rate hosp",2.9,4238665
"41",2022-12-17,"0-130","inc hosp",122.921285,4238665
"41",2022-12-24,"0-130","rate hosp",2.3,4238665
"41",2022-12-24,"0-130","inc hosp",97.489295,4238665
"41",2022-12-31,"0-130","rate hosp",2.4,4238665
"41",2022-12-31,"0-130","inc hosp",101.72796,4238665
"41",2023-01-07,"0-130","rate hosp",1.8,4238665
"41",2023-01-07,"0-130","inc hosp",76.29597,4238665
"41",2023-01-14,"0-130","rate hosp",1.1,4238665
"41",2023-01-14,"0-130","inc hosp",46.625315,4238665
"41",2023-01-21,"0-130","rate hosp",1.2,4238665
"41",2023-01-21,"0-130","inc hosp",50.86398,4238665
"41",2023-01-28,"0-130","rate hosp",0.7,4238665
"41",2023-01-28,"0-130","inc hosp",29.670655,4238665
"41",2023-02-04,"0-130","rate hosp",0.7,4238665
"41",2023-02-04,"0-130","inc hosp",29.670655,4238665
"41",2023-02-11,"0-130","rate hosp",0.4,4238665
"41",2023-02-11,"0-130","inc hosp",16.95466,4238665
"41",2023-02-18,"0-130","rate hosp",0.6,4238665
"41",2023-02-18,"0-130","inc hosp",25.43199,4238665
"41",2023-02-25,"0-130","rate hosp",0.3,4238665
"41",2023-02-25,"0-130","inc hosp",12.715995,4238665
"41",2023-03-04,"0-130","rate hosp",0.2,4238665
"41",2023-03-04,"0-130","inc hosp",8.47733,4238665
"41",2023-03-11,"0-130","rate hosp",0.2,4238665
"41",2023-03-11,"0-130","inc hosp",8.47733,4238665
"41",2023-03-18,"0-130","rate hosp",0.3,4238665
"41",2023-03-18,"0-130","inc hosp",12.715995,4238665
"41",2023-03-25,"0-130","rate hosp",0.1,4238665
"41",2023-03-25,"0-130","inc hosp",4.238665,4238665
"41",2023-04-01,"0-130","rate hosp",0.1,4238665
"41",2023-04-01,"0-130","inc hosp",4.238665,4238665
"41",2023-04-08,"0-130","rate hosp",0.1,4238665
"41",2023-04-08,"0-130","inc hosp",4.238665,4238665
"41",2023-04-15,"0-130","rate hosp",0.2,4238665
"41",2023-04-15,"0-130","inc hosp",8.47733,4238665
"41",2023-04-22,"0-130","rate hosp",0.1,4238665
"41",2023-04-22,"0-130","inc hosp",4.238665,4238665
"41",2023-04-29,"0-130","rate hosp",0,4238665
"41",2023-04-29,"0-130","inc hosp",0,4238665
"41",2023-05-06,"0-130","rate hosp",0.1,4238665
"41",2023-05-06,"0-130","inc hosp",4.238665,4238665
"41",2023-05-13,"0-130","rate hosp",0,4238665
"41",2023-05-13,"0-130","inc hosp",0,4238665
"41",2023-05-20,"0-130","rate hosp",0,4238665
"41",2023-05-20,"0-130","inc hosp",0,4238665
"41",2023-05-27,"0-130","rate hosp",0,4238665
"41",2023-05-27,"0-130","inc hosp",0,4238665
"41",2023-06-03,"0-130","rate hosp",0,4238665
"41",2023-06-03,"0-130","inc hosp",0,4238665
"41",2023-06-10,"0-130","rate hosp",0.1,4238665
"41",2023-06-10,"0-130","inc hosp",4.238665,4238665
"41",2023-06-17,"0-130","rate hosp",0,4238665
"41",2023-06-17,"0-130","inc hosp",0,4238665
"41",2023-06-24,"0-130","rate hosp",0.1,4238665
"41",2023-06-24,"0-130","inc hosp",4.238665,4238665
"41",2023-07-01,"0-130","rate hosp",0,4238665
"41",2023-07-01,"0-130","inc hosp",0,4238665
"41",2023-07-08,"0-130","rate hosp",0,4238665
"41",2023-07-08,"0-130","inc hosp",0,4238665
"41",2023-07-15,"0-130","rate hosp",0,4238665
"41",2023-07-15,"0-130","inc hosp",0,4238665
"41",2023-07-22,"0-130","rate hosp",0.1,4238665
"41",2023-07-22,"0-130","inc hosp",4.238665,4238665
"41",2023-07-29,"0-130","rate hosp",0,4238665
"41",2023-07-29,"0-130","inc hosp",0,4238665
"41",2023-08-05,"0-130","rate hosp",0.1,4238665
"41",2023-08-05,"0-130","inc hosp",4.238665,4238665
"41",2023-08-12,"0-130","rate hosp",0.1,4238665
"41",2023-08-12,"0-130","inc hosp",4.238665,4238665
"41",2023-08-19,"0-130","rate hosp",0,4238665
"41",2023-08-19,"0-130","inc hosp",0,4238665
"41",2023-08-26,"0-130","rate hosp",0.1,4238665
"41",2023-08-26,"0-130","inc hosp",4.238665,4238665
"41",2023-09-02,"0-130","rate hosp",0,4238665
"41",2023-09-02,"0-130","inc hosp",0,4238665
"41",2023-09-09,"0-130","rate hosp",0.1,4238665
"41",2023-09-09,"0-130","inc hosp",4.238665,4238665
"41",2023-09-16,"0-130","rate hosp",0.1,4238665
"41",2023-09-16,"0-130","inc hosp",4.238665,4238665
"41",2023-09-23,"0-130","rate hosp",0.2,4238665
"41",2023-09-23,"0-130","inc hosp",8.47733,4238665
"41",2023-09-30,"0-130","rate hosp",0,4238665
"41",2023-09-30,"0-130","inc hosp",0,4238665
"US",2022-10-08,"0-130","rate hosp",1.6,332200066
"US",2022-10-08,"0-130","inc hosp",5315.201056,332200066
"US",2022-10-15,"0-130","rate hosp",2.5,332200066
"US",2022-10-15,"0-130","inc hosp",8305.00165,332200066
"US",2022-10-22,"0-130","rate hosp",2.8,332200066
"US",2022-10-22,"0-130","inc hosp",9301.601848,332200066
"US",2022-10-29,"0-130","rate hosp",3.6,332200066
"US",2022-10-29,"0-130","inc hosp",11959.202376,332200066
"US",2022-11-05,"0-130","rate hosp",4.5,332200066
"US",2022-11-05,"0-130","inc hosp",14949.00297,332200066
"US",2022-11-12,"0-130","rate hosp",5.2,332200066
"US",2022-11-12,"0-130","inc hosp",17274.403432,332200066
"US",2022-11-19,"0-130","rate hosp",4.7,332200066
"US",2022-11-19,"0-130","inc hosp",15613.403102,332200066
"US",2022-11-26,"0-130","rate hosp",4.1,332200066
"US",2022-11-26,"0-130","inc hosp",13620.202706,332200066
"US",2022-12-03,"0-130","rate hosp",4.3,332200066
"US",2022-12-03,"0-130","inc hosp",14284.602838,332200066
"US",2022-12-10,"0-130","rate hosp",3.4,332200066
"US",2022-12-10,"0-130","inc hosp",11294.802244,332200066
"US",2022-12-17,"0-130","rate hosp",2.6,332200066
"US",2022-12-17,"0-130","inc hosp",8637.201716,332200066
"US",2022-12-24,"0-130","rate hosp",1.8,332200066
"US",2022-12-24,"0-130","inc hosp",5979.601188,332200066
"US",2022-12-31,"0-130","rate hosp",1.8,332200066
"US",2022-12-31,"0-130","inc hosp",5979.601188,332200066
"US",2023-01-07,"0-130","rate hosp",1.5,332200066
"US",2023-01-07,"0-130","inc hosp",4983.00099,332200066
"US",2023-01-14,"0-130","rate hosp",1.2,332200066
"US",2023-01-14,"0-130","inc hosp",3986.400792,332200066
"US",2023-01-21,"0-130","rate hosp",0.9,332200066
"US",2023-01-21,"0-130","inc hosp",2989.800594,332200066
"US",2023-01-28,"0-130","rate hosp",0.8,332200066
"US",2023-01-28,"0-130","inc hosp",2657.600528,332200066
"US",2023-02-04,"0-130","rate hosp",0.6,332200066
"US",2023-02-04,"0-130","inc hosp",1993.200396,332200066
"US",2023-02-11,"0-130","rate hosp",0.6,332200066
"US",2023-02-11,"0-130","inc hosp",1993.200396,332200066
"US",2023-02-18,"0-130","rate hosp",0.6,332200066
"US",2023-02-18,"0-130","inc hosp",1993.200396,332200066
"US",2023-02-25,"0-130","rate hosp",0.4,332200066
"US",2023-02-25,"0-130","inc hosp",1328.800264,332200066
"US",2023-03-04,"0-130","rate hosp",0.3,332200066
"US",2023-03-04,"0-130","inc hosp",996.600198,332200066
"US",2023-03-11,"0-130","rate hosp",0.3,332200066
"US",2023-03-11,"0-130","inc hosp",996.600198,332200066
"US",2023-03-18,"0-130","rate hosp",0.3,332200066
"US",2023-03-18,"0-130","inc hosp",996.600198,332200066
"US",2023-03-25,"0-130","rate hosp",0.2,332200066
"US",2023-03-25,"0-130","inc hosp",664.400132,332200066
"US",2023-04-01,"0-130","rate hosp",0.2,332200066
"US",2023-04-01,"0-130","inc hosp",664.400132,332200066
"US",2023-04-08,"0-130","rate hosp",0.2,332200066
"US",2023-04-08,"0-130","inc hosp",664.400132,332200066
"US",2023-04-15,"0-130","rate hosp",0.1,332200066
"US",2023-04-15,"0-130","inc hosp",332.200066,332200066
"US",2023-04-22,"0-130","rate hosp",0.1,332200066
"US",2023-04-22,"0-130","inc hosp",332.200066,332200066
"US",2023-04-29,"0-130","rate hosp",0.1,332200066
"US",2023-04-29,"0-130","inc hosp",332.200066,332200066
"US",2023-05-06,"0-130","rate hosp",0.1,332200066
"US",2023-05-06,"0-130","inc hosp",332.200066,332200066
"US",2023-05-13,"0-130","rate hosp",0.1,332200066
"US",2023-05-13,"0-130","inc hosp",332.200066,332200066
"US",2023-05-20,"0-130","rate hosp",0.1,332200066
"US",2023-05-20,"0-130","inc hosp",332.200066,332200066
"US",2023-05-27,"0-130","rate hosp",0.1,332200066
"US",2023-05-27,"0-130","inc hosp",332.200066,332200066
"US",2023-06-03,"0-130","rate hosp",0,332200066
"US",2023-06-03,"0-130","inc hosp",0,332200066
"US",2023-06-10,"0-130","rate hosp",0.1,332200066
"US",2023-06-10,"0-130","inc hosp",332.200066,332200066
"US",2023-06-17,"0-130","rate hosp",0,332200066
"US",2023-06-17,"0-130","inc hosp",0,332200066
"US",2023-06-24,"0-130","rate hosp",0.1,332200066
"US",2023-06-24,"0-130","inc hosp",332.200066,332200066
"US",2023-07-01,"0-130","rate hosp",0.1,332200066
"US",2023-07-01,"0-130","inc hosp",332.200066,332200066
"US",2023-07-08,"0-130","rate hosp",0,332200066
"US",2023-07-08,"0-130","inc hosp",0,332200066
"US",2023-07-15,"0-130","rate hosp",0,332200066
"US",2023-07-15,"0-130","inc hosp",0,332200066
"US",2023-07-22,"0-130","rate hosp",0.1,332200066
"US",2023-07-22,"0-130","inc hosp",332.200066,332200066
"US",2023-07-29,"0-130","rate hosp",0.1,332200066
"US",2023-07-29,"0-130","inc hosp",332.200066,332200066
"US",2023-08-05,"0-130","rate hosp",0.1,332200066
"US",2023-08-05,"0-130","inc hosp",332.200066,332200066
"US",2023-08-12,"0-130","rate hosp",0.1,332200066
"US",2023-08-12,"0-130","inc hosp",332.200066,332200066
"US",2023-08-19,"0-130","rate hosp",0.2,332200066
"US",2023-08-19,"0-130","inc hosp",664.400132,332200066
"US",2023-08-26,"0-130","rate hosp",0.2,332200066
"US",2023-08-26,"0-130","inc hosp",664.400132,332200066
"US",2023-09-02,"0-130","rate hosp",0.3,332200066
"US",2023-09-02,"0-130","inc hosp",996.600198,332200066
"US",2023-09-09,"0-130","rate hosp",0.4,332200066
"US",2023-09-09,"0-130","inc hosp",1328.800264,332200066
"US",2023-09-16,"0-130","rate hosp",0.4,332200066
"US",2023-09-16,"0-130","inc hosp",1328.800264,332200066
"US",2023-09-23,"0-130","rate hosp",0.6,332200066
"US",2023-09-23,"0-130","inc hosp",1993.200396,332200066
"US",2023-09-30,"0-130","rate hosp",0.7,332200066
"US",2023-09-30,"0-130","inc hosp",2325.400462,332200066
"47",2022-10-08,"0-130","rate hosp",1.2,7030607
"47",2022-10-08,"0-130","inc hosp",84.367284,7030607
"47",2022-10-15,"0-130","rate hosp",2.4,7030607
"47",2022-10-15,"0-130","inc hosp",168.734568,7030607
"47",2022-10-22,"0-130","rate hosp",2,7030607
"47",2022-10-22,"0-130","inc hosp",140.61214,7030607
"47",2022-10-29,"0-130","rate hosp",2,7030607
"47",2022-10-29,"0-130","inc hosp",140.61214,7030607
"47",2022-11-05,"0-130","rate hosp",1.8,7030607
"47",2022-11-05,"0-130","inc hosp",126.550926,7030607
"47",2022-11-12,"0-130","rate hosp",1.3,7030607
"47",2022-11-12,"0-130","inc hosp",91.397891,7030607
"47",2022-11-19,"0-130","rate hosp",1,7030607
"47",2022-11-19,"0-130","inc hosp",70.30607,7030607
"47",2022-11-26,"0-130","rate hosp",0.7,7030607
"47",2022-11-26,"0-130","inc hosp",49.214249,7030607
"47",2022-12-03,"0-130","rate hosp",1,7030607
"47",2022-12-03,"0-130","inc hosp",70.30607,7030607
"47",2022-12-10,"0-130","rate hosp",0.8,7030607
"47",2022-12-10,"0-130","inc hosp",56.244856,7030607
"47",2022-12-17,"0-130","rate hosp",0.6,7030607
"47",2022-12-17,"0-130","inc hosp",42.183642,7030607
"47",2022-12-24,"0-130","rate hosp",0.6,7030607
"47",2022-12-24,"0-130","inc hosp",42.183642,7030607
"47",2022-12-31,"0-130","rate hosp",0.8,7030607
"47",2022-12-31,"0-130","inc hosp",56.244856,7030607
"47",2023-01-07,"0-130","rate hosp",0.8,7030607
"47",2023-01-07,"0-130","inc hosp",56.244856,7030607
"47",2023-01-14,"0-130","rate hosp",0.6,7030607
"47",2023-01-14,"0-130","inc hosp",42.183642,7030607
"47",2023-01-21,"0-130","rate hosp",0.3,7030607
"47",2023-01-21,"0-130","inc hosp",21.091821,7030607
"47",2023-01-28,"0-130","rate hosp",0.2,7030607
"47",2023-01-28,"0-130","inc hosp",14.061214,7030607
"47",2023-02-04,"0-130","rate hosp",0.2,7030607
"47",2023-02-04,"0-130","inc hosp",14.061214,7030607
"47",2023-02-11,"0-130","rate hosp",0.2,7030607
"47",2023-02-11,"0-130","inc hosp",14.061214,7030607
"47",2023-02-18,"0-130","rate hosp",0.1,7030607
"47",2023-02-18,"0-130","inc hosp",7.030607,7030607
"47",2023-02-25,"0-130","rate hosp",0,7030607
"47",2023-02-25,"0-130","inc hosp",0,7030607
"47",2023-03-04,"0-130","rate hosp",0.3,7030607
"47",2023-03-04,"0-130","inc hosp",21.091821,7030607
"47",2023-03-11,"0-130","rate hosp",0,7030607
"47",2023-03-11,"0-130","inc hosp",0,7030607
"47",2023-03-18,"0-130","rate hosp",0.1,7030607
"47",2023-03-18,"0-130","inc hosp",7.030607,7030607
"47",2023-03-25,"0-130","rate hosp",0.1,7030607
"47",2023-03-25,"0-130","inc hosp",7.030607,7030607
"47",2023-04-01,"0-130","rate hosp",0.1,7030607
"47",2023-04-01,"0-130","inc hosp",7.030607,7030607
"47",2023-04-08,"0-130","rate hosp",0.1,7030607
"47",2023-04-08,"0-130","inc hosp",7.030607,7030607
"47",2023-04-15,"0-130","rate hosp",0.1,7030607
"47",2023-04-15,"0-130","inc hosp",7.030607,7030607
"47",2023-04-22,"0-130","rate hosp",0.2,7030607
"47",2023-04-22,"0-130","inc hosp",14.061214,7030607
"47",2023-04-29,"0-130","rate hosp",0.1,7030607
"47",2023-04-29,"0-130","inc hosp",7.030607,7030607
"47",2023-05-06,"0-130","rate hosp",0.1,7030607
"47",2023-05-06,"0-130","inc hosp",7.030607,7030607
"47",2023-05-13,"0-130","rate hosp",0.1,7030607
"47",2023-05-13,"0-130","inc hosp",7.030607,7030607
"47",2023-05-20,"0-130","rate hosp",0,7030607
"47",2023-05-20,"0-130","inc hosp",0,7030607
"47",2023-05-27,"0-130","rate hosp",0,7030607
"47",2023-05-27,"0-130","inc hosp",0,7030607
"47",2023-06-03,"0-130","rate hosp",0.1,7030607
"47",2023-06-03,"0-130","inc hosp",7.030607,7030607
"47",2023-06-10,"0-130","rate hosp",0.2,7030607
"47",2023-06-10,"0-130","inc hosp",14.061214,7030607
"47",2023-06-17,"0-130","rate hosp",0.1,7030607
"47",2023-06-17,"0-130","inc hosp",7.030607,7030607
"47",2023-06-24,"0-130","rate hosp",0.1,7030607
"47",2023-06-24,"0-130","inc hosp",7.030607,7030607
"47",2023-07-01,"0-130","rate hosp",0,7030607
"47",2023-07-01,"0-130","inc hosp",0,7030607
"47",2023-07-08,"0-130","rate hosp",0,7030607
"47",2023-07-08,"0-130","inc hosp",0,7030607
"47",2023-07-15,"0-130","rate hosp",0,7030607
"47",2023-07-15,"0-130","inc hosp",0,7030607
"47",2023-07-22,"0-130","rate hosp",0.1,7030607
"47",2023-07-22,"0-130","inc hosp",7.030607,7030607
"47",2023-07-29,"0-130","rate hosp",0.1,7030607
"47",2023-07-29,"0-130","inc hosp",7.030607,7030607
"47",2023-08-05,"0-130","rate hosp",0.1,7030607
"47",2023-08-05,"0-130","inc hosp",7.030607,7030607
"47",2023-08-12,"0-130","rate hosp",0.2,7030607
"47",2023-08-12,"0-130","inc hosp",14.061214,7030607
"47",2023-08-19,"0-130","rate hosp",0.2,7030607
"47",2023-08-19,"0-130","inc hosp",14.061214,7030607
"47",2023-08-26,"0-130","rate hosp",0.2,7030607
"47",2023-08-26,"0-130","inc hosp",14.061214,7030607
"47",2023-09-02,"0-130","rate hosp",0.3,7030607
"47",2023-09-02,"0-130","inc hosp",21.091821,7030607
"47",2023-09-09,"0-130","rate hosp",0.5,7030607
"47",2023-09-09,"0-130","inc hosp",35.153035,7030607
"47",2023-09-16,"0-130","rate hosp",0.2,7030607
"47",2023-09-16,"0-130","inc hosp",14.061214,7030607
"47",2023-09-23,"0-130","rate hosp",0.7,7030607
"47",2023-09-23,"0-130","inc hosp",49.214249,7030607
"47",2023-09-30,"0-130","rate hosp",0.7,7030607
"47",2023-09-30,"0-130","inc hosp",49.214249,7030607
"49",2022-10-08,"0-130","rate hosp",0.8,3376238
"49",2022-10-08,"0-130","inc hosp",27.009904,3376238
"49",2022-10-15,"0-130","rate hosp",1,3376238
"49",2022-10-15,"0-130","inc hosp",33.76238,3376238
"49",2022-10-22,"0-130","rate hosp",1.7,3376238
"49",2022-10-22,"0-130","inc hosp",57.396046,3376238
"49",2022-10-29,"0-130","rate hosp",3.2,3376238
"49",2022-10-29,"0-130","inc hosp",108.039616,3376238
"49",2022-11-05,"0-130","rate hosp",5.2,3376238
"49",2022-11-05,"0-130","inc hosp",175.564376,3376238
"49",2022-11-12,"0-130","rate hosp",7,3376238
"49",2022-11-12,"0-130","inc hosp",236.33666,3376238
"49",2022-11-19,"0-130","rate hosp",6.9,3376238
"49",2022-11-19,"0-130","inc hosp",232.960422,3376238
"49",2022-11-26,"0-130","rate hosp",9.7,3376238
"49",2022-11-26,"0-130","inc hosp",327.495086,3376238
"49",2022-12-03,"0-130","rate hosp",9.6,3376238
"49",2022-12-03,"0-130","inc hosp",324.118848,3376238
"49",2022-12-10,"0-130","rate hosp",7.6,3376238
"49",2022-12-10,"0-130","inc hosp",256.594088,3376238
"49",2022-12-17,"0-130","rate hosp",5.5,3376238
"49",2022-12-17,"0-130","inc hosp",185.69309,3376238
"49",2022-12-24,"0-130","rate hosp",3.7,3376238
"49",2022-12-24,"0-130","inc hosp",124.920806,3376238
"49",2022-12-31,"0-130","rate hosp",4.6,3376238
"49",2022-12-31,"0-130","inc hosp",155.306948,3376238
"49",2023-01-07,"0-130","rate hosp",2.4,3376238
"49",2023-01-07,"0-130","inc hosp",81.029712,3376238
"49",2023-01-14,"0-130","rate hosp",2.2,3376238
"49",2023-01-14,"0-130","inc hosp",74.277236,3376238
"49",2023-01-21,"0-130","rate hosp",1.2,3376238
"49",2023-01-21,"0-130","inc hosp",40.514856,3376238
"49",2023-01-28,"0-130","rate hosp",1.2,3376238
"49",2023-01-28,"0-130","inc hosp",40.514856,3376238
"49",2023-02-04,"0-130","rate hosp",0.4,3376238
"49",2023-02-04,"0-130","inc hosp",13.504952,3376238
"49",2023-02-11,"0-130","rate hosp",0.9,3376238
"49",2023-02-11,"0-130","inc hosp",30.386142,3376238
"49",2023-02-18,"0-130","rate hosp",1.3,3376238
"49",2023-02-18,"0-130","inc hosp",43.891094,3376238
"49",2023-02-25,"0-130","rate hosp",0.5,3376238
"49",2023-02-25,"0-130","inc hosp",16.88119,3376238
"49",2023-03-04,"0-130","rate hosp",0.2,3376238
"49",2023-03-04,"0-130","inc hosp",6.752476,3376238
"49",2023-03-11,"0-130","rate hosp",0.2,3376238
"49",2023-03-11,"0-130","inc hosp",6.752476,3376238
"49",2023-03-18,"0-130","rate hosp",0.3,3376238
"49",2023-03-18,"0-130","inc hosp",10.128714,3376238
"49",2023-03-25,"0-130","rate hosp",0.3,3376238
"49",2023-03-25,"0-130","inc hosp",10.128714,3376238
"49",2023-04-01,"0-130","rate hosp",0.2,3376238
"49",2023-04-01,"0-130","inc hosp",6.752476,3376238
"49",2023-04-08,"0-130","rate hosp",0,3376238
"49",2023-04-08,"0-130","inc hosp",0,3376238
"49",2023-04-15,"0-130","rate hosp",0,3376238
"49",2023-04-15,"0-130","inc hosp",0,3376238
"49",2023-04-22,"0-130","rate hosp",0.3,3376238
"49",2023-04-22,"0-130","inc hosp",10.128714,3376238
"49",2023-04-29,"0-130","rate hosp",0,3376238
"49",2023-04-29,"0-130","inc hosp",0,3376238
"49",2023-05-06,"0-130","rate hosp",0,3376238
"49",2023-05-06,"0-130","inc hosp",0,3376238
"49",2023-05-13,"0-130","rate hosp",0.1,3376238
"49",2023-05-13,"0-130","inc hosp",3.376238,3376238
"49",2023-05-20,"0-130","rate hosp",0,3376238
"49",2023-05-20,"0-130","inc hosp",0,3376238
"49",2023-05-27,"0-130","rate hosp",0.1,3376238
"49",2023-05-27,"0-130","inc hosp",3.376238,3376238
"49",2023-06-03,"0-130","rate hosp",0.1,3376238
"49",2023-06-03,"0-130","inc hosp",3.376238,3376238
"49",2023-06-10,"0-130","rate hosp",0,3376238
"49",2023-06-10,"0-130","inc hosp",0,3376238
"49",2023-06-17,"0-130","rate hosp",0.1,3376238
"49",2023-06-17,"0-130","inc hosp",3.376238,3376238
"49",2023-06-24,"0-130","rate hosp",0,3376238
"49",2023-06-24,"0-130","inc hosp",0,3376238
"49",2023-07-01,"0-130","rate hosp",0,3376238
"49",2023-07-01,"0-130","inc hosp",0,3376238
"49",2023-07-08,"0-130","rate hosp",0,3376238
"49",2023-07-08,"0-130","inc hosp",0,3376238
"49",2023-07-15,"0-130","rate hosp",0,3376238
"49",2023-07-15,"0-130","inc hosp",0,3376238
"49",2023-07-22,"0-130","rate hosp",0,3376238
"49",2023-07-22,"0-130","inc hosp",0,3376238
"49",2023-07-29,"0-130","rate hosp",0,3376238
"49",2023-07-29,"0-130","inc hosp",0,3376238
"49",2023-08-05,"0-130","rate hosp",0,3376238
"49",2023-08-05,"0-130","inc hosp",0,3376238
"49",2023-08-12,"0-130","rate hosp",0,3376238
"49",2023-08-12,"0-130","inc hosp",0,3376238
"49",2023-08-19,"0-130","rate hosp",0.1,3376238
"49",2023-08-19,"0-130","inc hosp",3.376238,3376238
"49",2023-08-26,"0-130","rate hosp",0,3376238
"49",2023-08-26,"0-130","inc hosp",0,3376238
"49",2023-09-02,"0-130","rate hosp",0.1,3376238
"49",2023-09-02,"0-130","inc hosp",3.376238,3376238
"49",2023-09-09,"0-130","rate hosp",0.1,3376238
"49",2023-09-09,"0-130","inc hosp",3.376238,3376238
"49",2023-09-16,"0-130","rate hosp",0.1,3376238
"49",2023-09-16,"0-130","inc hosp",3.376238,3376238
"49",2023-09-23,"0-130","rate hosp",0,3376238
"49",2023-09-23,"0-130","inc hosp",0,3376238
"49",2023-09-30,"0-130","rate hosp",0.1,3376238
"49",2023-09-30,"0-130","inc hosp",3.376238,3376238
"06",2023-10-07,"0-130","rate hosp",0.5,38886551
"06",2023-10-07,"0-130","inc hosp",194.432755,38886551
"06",2023-10-14,"0-130","rate hosp",0.8,38886551
"06",2023-10-14,"0-130","inc hosp",311.092408,38886551
"06",2023-10-21,"0-130","rate hosp",1,38886551
"06",2023-10-21,"0-130","inc hosp",388.86551,38886551
"06",2023-10-28,"0-130","rate hosp",0.7,38886551
"06",2023-10-28,"0-130","inc hosp",272.205857,38886551
"06",2023-11-04,"0-130","rate hosp",1.4,38886551
"06",2023-11-04,"0-130","inc hosp",544.411714,38886551
"06",2023-11-11,"0-130","rate hosp",1.9,38886551
"06",2023-11-11,"0-130","inc hosp",738.844469,38886551
"06",2023-11-18,"0-130","rate hosp",2.6,38886551
"06",2023-11-18,"0-130","inc hosp",1011.050326,38886551
"06",2023-11-25,"0-130","rate hosp",2.4,38886551
"06",2023-11-25,"0-130","inc hosp",933.277224,38886551
"06",2023-12-02,"0-130","rate hosp",2.4,38886551
"06",2023-12-02,"0-130","inc hosp",933.277224,38886551
"06",2023-12-09,"0-130","rate hosp",3.1,38886551
"06",2023-12-09,"0-130","inc hosp",1205.483081,38886551
"06",2023-12-16,"0-130","rate hosp",2.7,38886551
"06",2023-12-16,"0-130","inc hosp",1049.936877,38886551
"06",2023-12-23,"0-130","rate hosp",2.4,38886551
"06",2023-12-23,"0-130","inc hosp",933.277224,38886551
"06",2023-12-30,"0-130","rate hosp",2.3,38886551
"06",2023-12-30,"0-130","inc hosp",894.390673,38886551
"06",2024-01-06,"0-130","rate hosp",3.2,38886551
"06",2024-01-06,"0-130","inc hosp",1244.369632,38886551
"06",2024-01-13,"0-130","rate hosp",2.1,38886551
"06",2024-01-13,"0-130","inc hosp",816.617571,38886551
"06",2024-01-20,"0-130","rate hosp",1.5,38886551
"06",2024-01-20,"0-130","inc hosp",583.298265,38886551
"06",2024-01-27,"0-130","rate hosp",1.5,38886551
"06",2024-01-27,"0-130","inc hosp",583.298265,38886551
"06",2024-02-03,"0-130","rate hosp",1,38886551
"06",2024-02-03,"0-130","inc hosp",388.86551,38886551
"06",2024-02-10,"0-130","rate hosp",1.2,38886551
"06",2024-02-10,"0-130","inc hosp",466.638612,38886551
"06",2024-02-17,"0-130","rate hosp",0.6,38886551
"06",2024-02-17,"0-130","inc hosp",233.319306,38886551
"06",2024-02-24,"0-130","rate hosp",0.9,38886551
"06",2024-02-24,"0-130","inc hosp",349.978959,38886551
"06",2024-03-02,"0-130","rate hosp",0.5,38886551
"06",2024-03-02,"0-130","inc hosp",194.432755,38886551
"06",2024-03-09,"0-130","rate hosp",0.2,38886551
"06",2024-03-09,"0-130","inc hosp",77.773102,38886551
"06",2024-03-16,"0-130","rate hosp",0.2,38886551
"06",2024-03-16,"0-130","inc hosp",77.773102,38886551
"06",2024-03-23,"0-130","rate hosp",0.2,38886551
"06",2024-03-23,"0-130","inc hosp",77.773102,38886551
"06",2024-03-30,"0-130","rate hosp",0.1,38886551
"06",2024-03-30,"0-130","inc hosp",38.886551,38886551
"06",2024-04-06,"0-130","rate hosp",0.1,38886551
"06",2024-04-06,"0-130","inc hosp",38.886551,38886551
"06",2024-04-13,"0-130","rate hosp",0.1,38886551
"06",2024-04-13,"0-130","inc hosp",38.886551,38886551
"06",2024-04-20,"0-130","rate hosp",0.1,38886551
"06",2024-04-20,"0-130","inc hosp",38.886551,38886551
"06",2024-04-27,"0-130","rate hosp",0.1,38886551
"06",2024-04-27,"0-130","inc hosp",38.886551,38886551
"06",2024-05-04,"0-130","rate hosp",0.1,38886551
"06",2024-05-04,"0-130","inc hosp",38.886551,38886551
"06",2024-05-11,"0-130","rate hosp",0,38886551
"06",2024-05-11,"0-130","inc hosp",0,38886551
"06",2024-05-18,"0-130","rate hosp",0.1,38886551
"06",2024-05-18,"0-130","inc hosp",38.886551,38886551
"06",2024-05-25,"0-130","rate hosp",0,38886551
"06",2024-05-25,"0-130","inc hosp",0,38886551
"06",2024-06-01,"0-130","rate hosp",0.1,38886551
"06",2024-06-01,"0-130","inc hosp",38.886551,38886551
"06",2024-06-08,"0-130","rate hosp",0,38886551
"06",2024-06-08,"0-130","inc hosp",0,38886551
"06",2024-06-15,"0-130","rate hosp",0,38886551
"06",2024-06-15,"0-130","inc hosp",0,38886551
"06",2024-06-22,"0-130","rate hosp",0,38886551
"06",2024-06-22,"0-130","inc hosp",0,38886551
"06",2024-06-29,"0-130","rate hosp",0,38886551
"06",2024-06-29,"0-130","inc hosp",0,38886551
"06",2024-07-06,"0-130","rate hosp",0.1,38886551
"06",2024-07-06,"0-130","inc hosp",38.886551,38886551
"06",2024-07-13,"0-130","rate hosp",0,38886551
"06",2024-07-13,"0-130","inc hosp",0,38886551
"06",2024-07-20,"0-130","rate hosp",0,38886551
"06",2024-07-20,"0-130","inc hosp",0,38886551
"06",2024-07-27,"0-130","rate hosp",0,38886551
"06",2024-07-27,"0-130","inc hosp",0,38886551
"06",2024-08-03,"0-130","rate hosp",0,38886551
"06",2024-08-03,"0-130","inc hosp",0,38886551
"06",2024-08-10,"0-130","rate hosp",0,38886551
"06",2024-08-10,"0-130","inc hosp",0,38886551
"06",2024-08-17,"0-130","rate hosp",0,38886551
"06",2024-08-17,"0-130","inc hosp",0,38886551
"06",2024-08-24,"0-130","rate hosp",0,38886551
"06",2024-08-24,"0-130","inc hosp",0,38886551
"06",2024-08-31,"0-130","rate hosp",0,38886551
"06",2024-08-31,"0-130","inc hosp",0,38886551
"06",2024-09-07,"0-130","rate hosp",0,38886551
"06",2024-09-07,"0-130","inc hosp",0,38886551
"06",2024-09-14,"0-130","rate hosp",0.1,38886551
"06",2024-09-14,"0-130","inc hosp",38.886551,38886551
"06",2024-09-21,"0-130","rate hosp",0,38886551
"06",2024-09-21,"0-130","inc hosp",0,38886551
"06",2024-09-28,"0-130","rate hosp",0,38886551
"06",2024-09-28,"0-130","inc hosp",0,38886551
"08",2023-10-07,"0-130","rate hosp",0.3,5803748
"08",2023-10-07,"0-130","inc hosp",17.411244,5803748
"08",2023-10-14,"0-130","rate hosp",0.6,5803748
"08",2023-10-14,"0-130","inc hosp",34.822488,5803748
"08",2023-10-21,"0-130","rate hosp",0.8,5803748
"08",2023-10-21,"0-130","inc hosp",46.429984,5803748
"08",2023-10-28,"0-130","rate hosp",0.8,5803748
"08",2023-10-28,"0-130","inc hosp",46.429984,5803748
"08",2023-11-04,"0-130","rate hosp",1,5803748
"08",2023-11-04,"0-130","inc hosp",58.03748,5803748
"08",2023-11-11,"0-130","rate hosp",2.2,5803748
"08",2023-11-11,"0-130","inc hosp",127.682456,5803748
"08",2023-11-18,"0-130","rate hosp",2.2,5803748
"08",2023-11-18,"0-130","inc hosp",127.682456,5803748
"08",2023-11-25,"0-130","rate hosp",3.1,5803748
"08",2023-11-25,"0-130","inc hosp",179.916188,5803748
"08",2023-12-02,"0-130","rate hosp",3.8,5803748
"08",2023-12-02,"0-130","inc hosp",220.542424,5803748
"08",2023-12-09,"0-130","rate hosp",4.8,5803748
"08",2023-12-09,"0-130","inc hosp",278.579904,5803748
"08",2023-12-16,"0-130","rate hosp",5.5,5803748
"08",2023-12-16,"0-130","inc hosp",319.20614,5803748
"08",2023-12-23,"0-130","rate hosp",7,5803748
"08",2023-12-23,"0-130","inc hosp",406.26236,5803748
"08",2023-12-30,"0-130","rate hosp",7.8,5803748
"08",2023-12-30,"0-130","inc hosp",452.692344,5803748
"08",2024-01-06,"0-130","rate hosp",6.3,5803748
"08",2024-01-06,"0-130","inc hosp",365.636124,5803748
"08",2024-01-13,"0-130","rate hosp",5.1,5803748
"08",2024-01-13,"0-130","inc hosp",295.991148,5803748
"08",2024-01-20,"0-130","rate hosp",4.6,5803748
"08",2024-01-20,"0-130","inc hosp",266.972408,5803748
"08",2024-01-27,"0-130","rate hosp",4.3,5803748
"08",2024-01-27,"0-130","inc hosp",249.561164,5803748
"08",2024-02-03,"0-130","rate hosp",3.6,5803748
"08",2024-02-03,"0-130","inc hosp",208.934928,5803748
"08",2024-02-10,"0-130","rate hosp",3.6,5803748
"08",2024-02-10,"0-130","inc hosp",208.934928,5803748
"08",2024-02-17,"0-130","rate hosp",3.5,5803748
"08",2024-02-17,"0-130","inc hosp",203.13118,5803748
"08",2024-02-24,"0-130","rate hosp",3.2,5803748
"08",2024-02-24,"0-130","inc hosp",185.719936,5803748
"08",2024-03-02,"0-130","rate hosp",2.1,5803748
"08",2024-03-02,"0-130","inc hosp",121.878708,5803748
"08",2024-03-09,"0-130","rate hosp",1.7,5803748
"08",2024-03-09,"0-130","inc hosp",98.663716,5803748
"08",2024-03-16,"0-130","rate hosp",1.6,5803748
"08",2024-03-16,"0-130","inc hosp",92.859968,5803748
"08",2024-03-23,"0-130","rate hosp",1.2,5803748
"08",2024-03-23,"0-130","inc hosp",69.644976,5803748
"08",2024-03-30,"0-130","rate hosp",1.5,5803748
"08",2024-03-30,"0-130","inc hosp",87.05622,5803748
"08",2024-04-06,"0-130","rate hosp",0.7,5803748
"08",2024-04-06,"0-130","inc hosp",40.626236,5803748
"08",2024-04-13,"0-130","rate hosp",0.5,5803748
"08",2024-04-13,"0-130","inc hosp",29.01874,5803748
"08",2024-04-20,"0-130","rate hosp",0.4,5803748
"08",2024-04-20,"0-130","inc hosp",23.214992,5803748
"08",2024-04-27,"0-130","rate hosp",0.4,5803748
"08",2024-04-27,"0-130","inc hosp",23.214992,5803748
"08",2024-05-04,"0-130","rate hosp",0.3,5803748
"08",2024-05-04,"0-130","inc hosp",17.411244,5803748
"08",2024-05-11,"0-130","rate hosp",0.1,5803748
"08",2024-05-11,"0-130","inc hosp",5.803748,5803748
"08",2024-05-18,"0-130","rate hosp",0.3,5803748
"08",2024-05-18,"0-130","inc hosp",17.411244,5803748
"08",2024-05-25,"0-130","rate hosp",0.1,5803748
"08",2024-05-25,"0-130","inc hosp",5.803748,5803748
"08",2024-06-01,"0-130","rate hosp",0.2,5803748
"08",2024-06-01,"0-130","inc hosp",11.607496,5803748
"08",2024-06-08,"0-130","rate hosp",0,5803748
"08",2024-06-08,"0-130","inc hosp",0,5803748
"08",2024-06-15,"0-130","rate hosp",0.1,5803748
"08",2024-06-15,"0-130","inc hosp",5.803748,5803748
"08",2024-06-22,"0-130","rate hosp",0.1,5803748
"08",2024-06-22,"0-130","inc hosp",5.803748,5803748
"08",2024-06-29,"0-130","rate hosp",0,5803748
"08",2024-06-29,"0-130","inc hosp",0,5803748
"08",2024-07-06,"0-130","rate hosp",0.1,5803748
"08",2024-07-06,"0-130","inc hosp",5.803748,5803748
"08",2024-07-13,"0-130","rate hosp",0,5803748
"08",2024-07-13,"0-130","inc hosp",0,5803748
"08",2024-07-20,"0-130","rate hosp",0,5803748
"08",2024-07-20,"0-130","inc hosp",0,5803748
"08",2024-07-27,"0-130","rate hosp",0,5803748
"08",2024-07-27,"0-130","inc hosp",0,5803748
"08",2024-08-03,"0-130","rate hosp",0,5803748
"08",2024-08-03,"0-130","inc hosp",0,5803748
"08",2024-08-10,"0-130","rate hosp",0,5803748
"08",2024-08-10,"0-130","inc hosp",0,5803748
"08",2024-08-17,"0-130","rate hosp",0,5803748
"08",2024-08-17,"0-130","inc hosp",0,5803748
"08",2024-08-24,"0-130","rate hosp",0,5803748
"08",2024-08-24,"0-130","inc hosp",0,5803748
"08",2024-08-31,"0-130","rate hosp",0.1,5803748
"08",2024-08-31,"0-130","inc hosp",5.803748,5803748
"08",2024-09-07,"0-130","rate hosp",0,5803748
"08",2024-09-07,"0-130","inc hosp",0,5803748
"08",2024-09-14,"0-130","rate hosp",0,5803748
"08",2024-09-14,"0-130","inc hosp",0,5803748
"08",2024-09-21,"0-130","rate hosp",0,5803748
"08",2024-09-21,"0-130","inc hosp",0,5803748
"08",2024-09-28,"0-130","rate hosp",0,5803748
"08",2024-09-28,"0-130","inc hosp",0,5803748
"09",2023-10-07,"0-130","rate hosp",0.7,3621089
"09",2023-10-07,"0-130","inc hosp",25.347623,3621089
"09",2023-10-14,"0-130","rate hosp",1.7,3621089
"09",2023-10-14,"0-130","inc hosp",61.558513,3621089
"09",2023-10-21,"0-130","rate hosp",1.3,3621089
"09",2023-10-21,"0-130","inc hosp",47.074157,3621089
"09",2023-10-28,"0-130","rate hosp",2.2,3621089
"09",2023-10-28,"0-130","inc hosp",79.663958,3621089
"09",2023-11-04,"0-130","rate hosp",2.9,3621089
"09",2023-11-04,"0-130","inc hosp",105.011581,3621089
"09",2023-11-11,"0-130","rate hosp",3.1,3621089
"09",2023-11-11,"0-130","inc hosp",112.253759,3621089
"09",2023-11-18,"0-130","rate hosp",4.2,3621089
"09",2023-11-18,"0-130","inc hosp",152.085738,3621089
"09",2023-11-25,"0-130","rate hosp",5.2,3621089
"09",2023-11-25,"0-130","inc hosp",188.296628,3621089
"09",2023-12-02,"0-130","rate hosp",5.6,3621089
"09",2023-12-02,"0-130","inc hosp",202.780984,3621089
"09",2023-12-09,"0-130","rate hosp",6,3621089
"09",2023-12-09,"0-130","inc hosp",217.26534,3621089
"09",2023-12-16,"0-130","rate hosp",4.8,3621089
"09",2023-12-16,"0-130","inc hosp",173.812272,3621089
"09",2023-12-23,"0-130","rate hosp",4.9,3621089
"09",2023-12-23,"0-130","inc hosp",177.433361,3621089
"09",2023-12-30,"0-130","rate hosp",6.7,3621089
"09",2023-12-30,"0-130","inc hosp",242.612963,3621089
"09",2024-01-06,"0-130","rate hosp",6.6,3621089
"09",2024-01-06,"0-130","inc hosp",238.991874,3621089
"09",2024-01-13,"0-130","rate hosp",3.8,3621089
"09",2024-01-13,"0-130","inc hosp",137.601382,3621089
"09",2024-01-20,"0-130","rate hosp",3.3,3621089
"09",2024-01-20,"0-130","inc hosp",119.495937,3621089
"09",2024-01-27,"0-130","rate hosp",3.1,3621089
"09",2024-01-27,"0-130","inc hosp",112.253759,3621089
"09",2024-02-03,"0-130","rate hosp",2.5,3621089
"09",2024-02-03,"0-130","inc hosp",90.527225,3621089
"09",2024-02-10,"0-130","rate hosp",1.3,3621089
"09",2024-02-10,"0-130","inc hosp",47.074157,3621089
"09",2024-02-17,"0-130","rate hosp",2.5,3621089
"09",2024-02-17,"0-130","inc hosp",90.527225,3621089
"09",2024-02-24,"0-130","rate hosp",1.2,3621089
"09",2024-02-24,"0-130","inc hosp",43.453068,3621089
"09",2024-03-02,"0-130","rate hosp",1,3621089
"09",2024-03-02,"0-130","inc hosp",36.21089,3621089
"09",2024-03-09,"0-130","rate hosp",0.6,3621089
"09",2024-03-09,"0-130","inc hosp",21.726534,3621089
"09",2024-03-16,"0-130","rate hosp",0.7,3621089
"09",2024-03-16,"0-130","inc hosp",25.347623,3621089
"09",2024-03-23,"0-130","rate hosp",0.6,3621089
"09",2024-03-23,"0-130","inc hosp",21.726534,3621089
"09",2024-03-30,"0-130","rate hosp",0.1,3621089
"09",2024-03-30,"0-130","inc hosp",3.621089,3621089
"09",2024-04-06,"0-130","rate hosp",0.2,3621089
"09",2024-04-06,"0-130","inc hosp",7.242178,3621089
"09",2024-04-13,"0-130","rate hosp",0.3,3621089
"09",2024-04-13,"0-130","inc hosp",10.863267,3621089
"09",2024-04-20,"0-130","rate hosp",0.6,3621089
"09",2024-04-20,"0-130","inc hosp",21.726534,3621089
"09",2024-04-27,"0-130","rate hosp",0.3,3621089
"09",2024-04-27,"0-130","inc hosp",10.863267,3621089
"09",2024-05-04,"0-130","rate hosp",0,3621089
"09",2024-05-04,"0-130","inc hosp",0,3621089
"09",2024-05-11,"0-130","rate hosp",0.3,3621089
"09",2024-05-11,"0-130","inc hosp",10.863267,3621089
"09",2024-05-18,"0-130","rate hosp",0,3621089
"09",2024-05-18,"0-130","inc hosp",0,3621089
"09",2024-05-25,"0-130","rate hosp",0,3621089
"09",2024-05-25,"0-130","inc hosp",0,3621089
"09",2024-06-01,"0-130","rate hosp",0.1,3621089
"09",2024-06-01,"0-130","inc hosp",3.621089,3621089
"09",2024-06-08,"0-130","rate hosp",0.2,3621089
"09",2024-06-08,"0-130","inc hosp",7.242178,3621089
"09",2024-06-15,"0-130","rate hosp",0.1,3621089
"09",2024-06-15,"0-130","inc hosp",3.621089,3621089
"09",2024-06-22,"0-130","rate hosp",0.1,3621089
"09",2024-06-22,"0-130","inc hosp",3.621089,3621089
"09",2024-06-29,"0-130","rate hosp",0.1,3621089
"09",2024-06-29,"0-130","inc hosp",3.621089,3621089
"09",2024-07-06,"0-130","rate hosp",0,3621089
"09",2024-07-06,"0-130","inc hosp",0,3621089
"09",2024-07-13,"0-130","rate hosp",0,3621089
"09",2024-07-13,"0-130","inc hosp",0,3621089
"09",2024-07-20,"0-130","rate hosp",0,3621089
"09",2024-07-20,"0-130","inc hosp",0,3621089
"09",2024-07-27,"0-130","rate hosp",0.3,3621089
"09",2024-07-27,"0-130","inc hosp",10.863267,3621089
"09",2024-08-03,"0-130","rate hosp",0.1,3621089
"09",2024-08-03,"0-130","inc hosp",3.621089,3621089
"09",2024-08-10,"0-130","rate hosp",0.2,3621089
"09",2024-08-10,"0-130","inc hosp",7.242178,3621089
"09",2024-08-17,"0-130","rate hosp",0,3621089
"09",2024-08-17,"0-130","inc hosp",0,3621089
"09",2024-08-24,"0-130","rate hosp",0,3621089
"09",2024-08-24,"0-130","inc hosp",0,3621089
"09",2024-08-31,"0-130","rate hosp",0,3621089
"09",2024-08-31,"0-130","inc hosp",0,3621089
"09",2024-09-07,"0-130","rate hosp",0,3621089
"09",2024-09-07,"0-130","inc hosp",0,3621089
"09",2024-09-14,"0-130","rate hosp",0,3621089
"09",2024-09-14,"0-130","inc hosp",0,3621089
"09",2024-09-21,"0-130","rate hosp",0,3621089
"09",2024-09-21,"0-130","inc hosp",0,3621089
"09",2024-09-28,"0-130","rate hosp",0.2,3621089
"09",2024-09-28,"0-130","inc hosp",7.242178,3621089
"13",2023-10-07,"0-130","rate hosp",3,10855454
"13",2023-10-07,"0-130","inc hosp",325.66362,10855454
"13",2023-10-14,"0-130","rate hosp",3.2,10855454
"13",2023-10-14,"0-130","inc hosp",347.374528,10855454
"13",2023-10-21,"0-130","rate hosp",3.1,10855454
"13",2023-10-21,"0-130","inc hosp",336.519074,10855454
"13",2023-10-28,"0-130","rate hosp",3.3,10855454
"13",2023-10-28,"0-130","inc hosp",358.229982,10855454
"13",2023-11-04,"0-130","rate hosp",3.1,10855454
"13",2023-11-04,"0-130","inc hosp",336.519074,10855454
"13",2023-11-11,"0-130","rate hosp",3.1,10855454
"13",2023-11-11,"0-130","inc hosp",336.519074,10855454
"13",2023-11-18,"0-130","rate hosp",3.2,10855454
"13",2023-11-18,"0-130","inc hosp",347.374528,10855454
"13",2023-11-25,"0-130","rate hosp",2.6,10855454
"13",2023-11-25,"0-130","inc hosp",282.241804,10855454
"13",2023-12-02,"0-130","rate hosp",2.9,10855454
"13",2023-12-02,"0-130","inc hosp",314.808166,10855454
"13",2023-12-09,"0-130","rate hosp",2.6,10855454
"13",2023-12-09,"0-130","inc hosp",282.241804,10855454
"13",2023-12-16,"0-130","rate hosp",2.5,10855454
"13",2023-12-16,"0-130","inc hosp",271.38635,10855454
"13",2023-12-23,"0-130","rate hosp",2,10855454
"13",2023-12-23,"0-130","inc hosp",217.10908,10855454
"13",2023-12-30,"0-130","rate hosp",2.5,10855454
"13",2023-12-30,"0-130","inc hosp",271.38635,10855454
"13",2024-01-06,"0-130","rate hosp",1.9,10855454
"13",2024-01-06,"0-130","inc hosp",206.253626,10855454
"13",2024-01-13,"0-130","rate hosp",1.4,10855454
"13",2024-01-13,"0-130","inc hosp",151.976356,10855454
"13",2024-01-20,"0-130","rate hosp",1.4,10855454
"13",2024-01-20,"0-130","inc hosp",151.976356,10855454
"13",2024-01-27,"0-130","rate hosp",1.4,10855454
"13",2024-01-27,"0-130","inc hosp",151.976356,10855454
"13",2024-02-03,"0-130","rate hosp",1.3,10855454
"13",2024-02-03,"0-130","inc hosp",141.120902,10855454
"13",2024-02-10,"0-130","rate hosp",1,10855454
"13",2024-02-10,"0-130","inc hosp",108.55454,10855454
"13",2024-02-17,"0-130","rate hosp",0.9,10855454
"13",2024-02-17,"0-130","inc hosp",97.699086,10855454
"13",2024-02-24,"0-130","rate hosp",0.5,10855454
"13",2024-02-24,"0-130","inc hosp",54.27727,10855454
"13",2024-03-02,"0-130","rate hosp",0.9,10855454
"13",2024-03-02,"0-130","inc hosp",97.699086,10855454
"13",2024-03-09,"0-130","rate hosp",0.7,10855454
"13",2024-03-09,"0-130","inc hosp",75.988178,10855454
"13",2024-03-16,"0-130","rate hosp",0.6,10855454
"13",2024-03-16,"0-130","inc hosp",65.132724,10855454
"13",2024-03-23,"0-130","rate hosp",0.4,10855454
"13",2024-03-23,"0-130","inc hosp",43.421816,10855454
"13",2024-03-30,"0-130","rate hosp",0.3,10855454
"13",2024-03-30,"0-130","inc hosp",32.566362,10855454
"13",2024-04-06,"0-130","rate hosp",0.4,10855454
"13",2024-04-06,"0-130","inc hosp",43.421816,10855454
"13",2024-04-13,"0-130","rate hosp",0.3,10855454
"13",2024-04-13,"0-130","inc hosp",32.566362,10855454
"13",2024-04-20,"0-130","rate hosp",0.4,10855454
"13",2024-04-20,"0-130","inc hosp",43.421816,10855454
"13",2024-04-27,"0-130","rate hosp",0.3,10855454
"13",2024-04-27,"0-130","inc hosp",32.566362,10855454
"13",2024-05-04,"0-130","rate hosp",0.2,10855454
"13",2024-05-04,"0-130","inc hosp",21.710908,10855454
"13",2024-05-11,"0-130","rate hosp",0.4,10855454
"13",2024-05-11,"0-130","inc hosp",43.421816,10855454
"13",2024-05-18,"0-130","rate hosp",0.1,10855454
"13",2024-05-18,"0-130","inc hosp",10.855454,10855454
"13",2024-05-25,"0-130","rate hosp",0.1,10855454
"13",2024-05-25,"0-130","inc hosp",10.855454,10855454
"13",2024-06-01,"0-130","rate hosp",0.1,10855454
"13",2024-06-01,"0-130","inc hosp",10.855454,10855454
"13",2024-06-08,"0-130","rate hosp",0.1,10855454
"13",2024-06-08,"0-130","inc hosp",10.855454,10855454
"13",2024-06-15,"0-130","rate hosp",0.1,10855454
"13",2024-06-15,"0-130","inc hosp",10.855454,10855454
"13",2024-06-22,"0-130","rate hosp",0,10855454
"13",2024-06-22,"0-130","inc hosp",0,10855454
"13",2024-06-29,"0-130","rate hosp",0,10855454
"13",2024-06-29,"0-130","inc hosp",0,10855454
"13",2024-07-06,"0-130","rate hosp",0.1,10855454
"13",2024-07-06,"0-130","inc hosp",10.855454,10855454
"13",2024-07-13,"0-130","rate hosp",0,10855454
"13",2024-07-13,"0-130","inc hosp",0,10855454
"13",2024-07-20,"0-130","rate hosp",0.1,10855454
"13",2024-07-20,"0-130","inc hosp",10.855454,10855454
"13",2024-07-27,"0-130","rate hosp",0.1,10855454
"13",2024-07-27,"0-130","inc hosp",10.855454,10855454
"13",2024-08-03,"0-130","rate hosp",0.1,10855454
"13",2024-08-03,"0-130","inc hosp",10.855454,10855454
"13",2024-08-10,"0-130","rate hosp",0.1,10855454
"13",2024-08-10,"0-130","inc hosp",10.855454,10855454
"13",2024-08-17,"0-130","rate hosp",0.2,10855454
"13",2024-08-17,"0-130","inc hosp",21.710908,10855454
"13",2024-08-24,"0-130","rate hosp",0.2,10855454
"13",2024-08-24,"0-130","inc hosp",21.710908,10855454
"13",2024-08-31,"0-130","rate hosp",0.3,10855454
"13",2024-08-31,"0-130","inc hosp",32.566362,10855454
"13",2024-09-07,"0-130","rate hosp",0.3,10855454
"13",2024-09-07,"0-130","inc hosp",32.566362,10855454
"13",2024-09-14,"0-130","rate hosp",0.4,10855454
"13",2024-09-14,"0-130","inc hosp",43.421816,10855454
"13",2024-09-21,"0-130","rate hosp",0.6,10855454
"13",2024-09-21,"0-130","inc hosp",65.132724,10855454
"13",2024-09-28,"0-130","rate hosp",0.7,10855454
"13",2024-09-28,"0-130","inc hosp",75.988178,10855454
"24",2023-10-07,"0-130","rate hosp",0.9,6133130
"24",2023-10-07,"0-130","inc hosp",55.19817,6133130
"24",2023-10-14,"0-130","rate hosp",0.9,6133130
"24",2023-10-14,"0-130","inc hosp",55.19817,6133130
"24",2023-10-21,"0-130","rate hosp",1.5,6133130
"24",2023-10-21,"0-130","inc hosp",91.99695,6133130
"24",2023-10-28,"0-130","rate hosp",1.9,6133130
"24",2023-10-28,"0-130","inc hosp",116.52947,6133130
"24",2023-11-04,"0-130","rate hosp",2.7,6133130
"24",2023-11-04,"0-130","inc hosp",165.59451,6133130
"24",2023-11-11,"0-130","rate hosp",3.1,6133130
"24",2023-11-11,"0-130","inc hosp",190.12703,6133130
"24",2023-11-18,"0-130","rate hosp",3.8,6133130
"24",2023-11-18,"0-130","inc hosp",233.05894,6133130
"24",2023-11-25,"0-130","rate hosp",3.8,6133130
"24",2023-11-25,"0-130","inc hosp",233.05894,6133130
"24",2023-12-02,"0-130","rate hosp",5.1,6133130
"24",2023-12-02,"0-130","inc hosp",312.78963,6133130
"24",2023-12-09,"0-130","rate hosp",4.7,6133130
"24",2023-12-09,"0-130","inc hosp",288.25711,6133130
"24",2023-12-16,"0-130","rate hosp",4.9,6133130
"24",2023-12-16,"0-130","inc hosp",300.52337,6133130
"24",2023-12-23,"0-130","rate hosp",4.2,6133130
"24",2023-12-23,"0-130","inc hosp",257.59146,6133130
"24",2023-12-30,"0-130","rate hosp",4.3,6133130
"24",2023-12-30,"0-130","inc hosp",263.72459,6133130
"24",2024-01-06,"0-130","rate hosp",3.4,6133130
"24",2024-01-06,"0-130","inc hosp",208.52642,6133130
"24",2024-01-13,"0-130","rate hosp",2.1,6133130
"24",2024-01-13,"0-130","inc hosp",128.79573,6133130
"24",2024-01-20,"0-130","rate hosp",1.6,6133130
"24",2024-01-20,"0-130","inc hosp",98.13008,6133130
"24",2024-01-27,"0-130","rate hosp",1.5,6133130
"24",2024-01-27,"0-130","inc hosp",91.99695,6133130
"24",2024-02-03,"0-130","rate hosp",1,6133130
"24",2024-02-03,"0-130","inc hosp",61.3313,6133130
"24",2024-02-10,"0-130","rate hosp",0.9,6133130
"24",2024-02-10,"0-130","inc hosp",55.19817,6133130
"24",2024-02-17,"0-130","rate hosp",1.1,6133130
"24",2024-02-17,"0-130","inc hosp",67.46443,6133130
"24",2024-02-24,"0-130","rate hosp",0.6,6133130
"24",2024-02-24,"0-130","inc hosp",36.79878,6133130
"24",2024-03-02,"0-130","rate hosp",0.5,6133130
"24",2024-03-02,"0-130","inc hosp",30.66565,6133130
"24",2024-03-09,"0-130","rate hosp",0.6,6133130
"24",2024-03-09,"0-130","inc hosp",36.79878,6133130
"24",2024-03-16,"0-130","rate hosp",0.5,6133130
"24",2024-03-16,"0-130","inc hosp",30.66565,6133130
"24",2024-03-23,"0-130","rate hosp",0.3,6133130
"24",2024-03-23,"0-130","inc hosp",18.39939,6133130
"24",2024-03-30,"0-130","rate hosp",0.2,6133130
"24",2024-03-30,"0-130","inc hosp",12.26626,6133130
"24",2024-04-06,"0-130","rate hosp",0.1,6133130
"24",2024-04-06,"0-130","inc hosp",6.13313,6133130
"24",2024-04-13,"0-130","rate hosp",0.2,6133130
"24",2024-04-13,"0-130","inc hosp",12.26626,6133130
"24",2024-04-20,"0-130","rate hosp",0.1,6133130
"24",2024-04-20,"0-130","inc hosp",6.13313,6133130
"24",2024-04-27,"0-130","rate hosp",0.2,6133130
"24",2024-04-27,"0-130","inc hosp",12.26626,6133130
"24",2024-05-04,"0-130","rate hosp",0,6133130
"24",2024-05-04,"0-130","inc hosp",0,6133130
"24",2024-05-11,"0-130","rate hosp",0.2,6133130
"24",2024-05-11,"0-130","inc hosp",12.26626,6133130
"24",2024-05-18,"0-130","rate hosp",0.1,6133130
"24",2024-05-18,"0-130","inc hosp",6.13313,6133130
"24",2024-05-25,"0-130","rate hosp",0.1,6133130
"24",2024-05-25,"0-130","inc hosp",6.13313,6133130
"24",2024-06-01,"0-130","rate hosp",0.1,6133130
"24",2024-06-01,"0-130","inc hosp",6.13313,6133130
"24",2024-06-08,"0-130","rate hosp",0.1,6133130
"24",2024-06-08,"0-130","inc hosp",6.13313,6133130
"24",2024-06-15,"0-130","rate hosp",0,6133130
"24",2024-06-15,"0-130","inc hosp",0,6133130
"24",2024-06-22,"0-130","rate hosp",0.1,6133130
"24",2024-06-22,"0-130","inc hosp",6.13313,6133130
"24",2024-06-29,"0-130","rate hosp",0.1,6133130
"24",2024-06-29,"0-130","inc hosp",6.13313,6133130
"24",2024-07-06,"0-130","rate hosp",0,6133130
"24",2024-07-06,"0-130","inc hosp",0,6133130
"24",2024-07-13,"0-130","rate hosp",0.1,6133130
"24",2024-07-13,"0-130","inc hosp",6.13313,6133130
"24",2024-07-20,"0-130","rate hosp",0,6133130
"24",2024-07-20,"0-130","inc hosp",0,6133130
"24",2024-07-27,"0-130","rate hosp",0.1,6133130
"24",2024-07-27,"0-130","inc hosp",6.13313,6133130
"24",2024-08-03,"0-130","rate hosp",0,6133130
"24",2024-08-03,"0-130","inc hosp",0,6133130
"24",2024-08-10,"0-130","rate hosp",0.1,6133130
"24",2024-08-10,"0-130","inc hosp",6.13313,6133130
"24",2024-08-17,"0-130","rate hosp",0,6133130
"24",2024-08-17,"0-130","inc hosp",0,6133130
"24",2024-08-24,"0-130","rate hosp",0.1,6133130
"24",2024-08-24,"0-130","inc hosp",6.13313,6133130
"24",2024-08-31,"0-130","rate hosp",0,6133130
"24",2024-08-31,"0-130","inc hosp",0,6133130
"24",2024-09-07,"0-130","rate hosp",0.2,6133130
"24",2024-09-07,"0-130","inc hosp",12.26626,6133130
"24",2024-09-14,"0-130","rate hosp",0,6133130
"24",2024-09-14,"0-130","inc hosp",0,6133130
"24",2024-09-21,"0-130","rate hosp",0,6133130
"24",2024-09-21,"0-130","inc hosp",0,6133130
"24",2024-09-28,"0-130","rate hosp",0.1,6133130
"24",2024-09-28,"0-130","inc hosp",6.13313,6133130
"26",2023-10-07,"0-130","rate hosp",0.1,10032075
"26",2023-10-07,"0-130","inc hosp",10.032075,10032075
"26",2023-10-14,"0-130","rate hosp",0.2,10032075
"26",2023-10-14,"0-130","inc hosp",20.06415,10032075
"26",2023-10-21,"0-130","rate hosp",0.7,10032075
"26",2023-10-21,"0-130","inc hosp",70.224525,10032075
"26",2023-10-28,"0-130","rate hosp",0.4,10032075
"26",2023-10-28,"0-130","inc hosp",40.1283,10032075
"26",2023-11-04,"0-130","rate hosp",0.7,10032075
"26",2023-11-04,"0-130","inc hosp",70.224525,10032075
"26",2023-11-11,"0-130","rate hosp",1.5,10032075
"26",2023-11-11,"0-130","inc hosp",150.481125,10032075
"26",2023-11-18,"0-130","rate hosp",2.1,10032075
"26",2023-11-18,"0-130","inc hosp",210.673575,10032075
"26",2023-11-25,"0-130","rate hosp",3.2,10032075
"26",2023-11-25,"0-130","inc hosp",321.0264,10032075
"26",2023-12-02,"0-130","rate hosp",4,10032075
"26",2023-12-02,"0-130","inc hosp",401.283,10032075
"26",2023-12-09,"0-130","rate hosp",3.1,10032075
"26",2023-12-09,"0-130","inc hosp",310.994325,10032075
"26",2023-12-16,"0-130","rate hosp",5.2,10032075
"26",2023-12-16,"0-130","inc hosp",521.6679,10032075
"26",2023-12-23,"0-130","rate hosp",4.3,10032075
"26",2023-12-23,"0-130","inc hosp",431.379225,10032075
"26",2023-12-30,"0-130","rate hosp",4.7,10032075
"26",2023-12-30,"0-130","inc hosp",471.507525,10032075
"26",2024-01-06,"0-130","rate hosp",5,10032075
"26",2024-01-06,"0-130","inc hosp",501.60375,10032075
"26",2024-01-13,"0-130","rate hosp",3.2,10032075
"26",2024-01-13,"0-130","inc hosp",321.0264,10032075
"26",2024-01-20,"0-130","rate hosp",2.9,10032075
"26",2024-01-20,"0-130","inc hosp",290.930175,10032075
"26",2024-01-27,"0-130","rate hosp",1.8,10032075
"26",2024-01-27,"0-130","inc hosp",180.57735,10032075
"26",2024-02-03,"0-130","rate hosp",1.1,10032075
"26",2024-02-03,"0-130","inc hosp",110.352825,10032075
"26",2024-02-10,"0-130","rate hosp",1.4,10032075
"26",2024-02-10,"0-130","inc hosp",140.44905,10032075
"26",2024-02-17,"0-130","rate hosp",1,10032075
"26",2024-02-17,"0-130","inc hosp",100.32075,10032075
"26",2024-02-24,"0-130","rate hosp",1.1,10032075
"26",2024-02-24,"0-130","inc hosp",110.352825,10032075
"26",2024-03-02,"0-130","rate hosp",0.6,10032075
"26",2024-03-02,"0-130","inc hosp",60.19245,10032075
"26",2024-03-09,"0-130","rate hosp",0.7,10032075
"26",2024-03-09,"0-130","inc hosp",70.224525,10032075
"26",2024-03-16,"0-130","rate hosp",0.3,10032075
"26",2024-03-16,"0-130","inc hosp",30.096225,10032075
"26",2024-03-23,"0-130","rate hosp",1,10032075
"26",2024-03-23,"0-130","inc hosp",100.32075,10032075
"26",2024-03-30,"0-130","rate hosp",0.5,10032075
"26",2024-03-30,"0-130","inc hosp",50.160375,10032075
"26",2024-04-06,"0-130","rate hosp",0.4,10032075
"26",2024-04-06,"0-130","inc hosp",40.1283,10032075
"26",2024-04-13,"0-130","rate hosp",0.3,10032075
"26",2024-04-13,"0-130","inc hosp",30.096225,10032075
"26",2024-04-20,"0-130","rate hosp",0.2,10032075
"26",2024-04-20,"0-130","inc hosp",20.06415,10032075
"26",2024-04-27,"0-130","rate hosp",0.1,10032075
"26",2024-04-27,"0-130","inc hosp",10.032075,10032075
"26",2024-05-04,"0-130","rate hosp",0,10032075
"26",2024-05-04,"0-130","inc hosp",0,10032075
"26",2024-05-11,"0-130","rate hosp",0.1,10032075
"26",2024-05-11,"0-130","inc hosp",10.032075,10032075
"26",2024-05-18,"0-130","rate hosp",0.1,10032075
"26",2024-05-18,"0-130","inc hosp",10.032075,10032075
"26",2024-05-25,"0-130","rate hosp",0,10032075
"26",2024-05-25,"0-130","inc hosp",0,10032075
"26",2024-06-01,"0-130","rate hosp",0.2,10032075
"26",2024-06-01,"0-130","inc hosp",20.06415,10032075
"26",2024-06-08,"0-130","rate hosp",0,10032075
"26",2024-06-08,"0-130","inc hosp",0,10032075
"26",2024-06-15,"0-130","rate hosp",0,10032075
"26",2024-06-15,"0-130","inc hosp",0,10032075
"26",2024-06-22,"0-130","rate hosp",0,10032075
"26",2024-06-22,"0-130","inc hosp",0,10032075
"26",2024-06-29,"0-130","rate hosp",0,10032075
"26",2024-06-29,"0-130","inc hosp",0,10032075
"26",2024-07-06,"0-130","rate hosp",0,10032075
"26",2024-07-06,"0-130","inc hosp",0,10032075
"26",2024-07-13,"0-130","rate hosp",0,10032075
"26",2024-07-13,"0-130","inc hosp",0,10032075
"26",2024-07-20,"0-130","rate hosp",0,10032075
"26",2024-07-20,"0-130","inc hosp",0,10032075
"26",2024-07-27,"0-130","rate hosp",0,10032075
"26",2024-07-27,"0-130","inc hosp",0,10032075
"26",2024-08-03,"0-130","rate hosp",0,10032075
"26",2024-08-03,"0-130","inc hosp",0,10032075
"26",2024-08-10,"0-130","rate hosp",0,10032075
"26",2024-08-10,"0-130","inc hosp",0,10032075
"26",2024-08-17,"0-130","rate hosp",0.1,10032075
"26",2024-08-17,"0-130","inc hosp",10.032075,10032075
"26",2024-08-24,"0-130","rate hosp",0.1,10032075
"26",2024-08-24,"0-130","inc hosp",10.032075,10032075
"26",2024-08-31,"0-130","rate hosp",0,10032075
"26",2024-08-31,"0-130","inc hosp",0,10032075
"26",2024-09-07,"0-130","rate hosp",0,10032075
"26",2024-09-07,"0-130","inc hosp",0,10032075
"26",2024-09-14,"0-130","rate hosp",0,10032075
"26",2024-09-14,"0-130","inc hosp",0,10032075
"26",2024-09-21,"0-130","rate hosp",0,10032075
"26",2024-09-21,"0-130","inc hosp",0,10032075
"26",2024-09-28,"0-130","rate hosp",0.1,10032075
"26",2024-09-28,"0-130","inc hosp",10.032075,10032075
"27",2023-10-07,"0-130","rate hosp",0.3,5716548
"27",2023-10-07,"0-130","inc hosp",17.149644,5716548
"27",2023-10-14,"0-130","rate hosp",0.6,5716548
"27",2023-10-14,"0-130","inc hosp",34.299288,5716548
"27",2023-10-21,"0-130","rate hosp",0.7,5716548
"27",2023-10-21,"0-130","inc hosp",40.015836,5716548
"27",2023-10-28,"0-130","rate hosp",1.3,5716548
"27",2023-10-28,"0-130","inc hosp",74.315124,5716548
"27",2023-11-04,"0-130","rate hosp",1.1,5716548
"27",2023-11-04,"0-130","inc hosp",62.882028,5716548
"27",2023-11-11,"0-130","rate hosp",2.2,5716548
"27",2023-11-11,"0-130","inc hosp",125.764056,5716548
"27",2023-11-18,"0-130","rate hosp",2.6,5716548
"27",2023-11-18,"0-130","inc hosp",148.630248,5716548
"27",2023-11-25,"0-130","rate hosp",3.6,5716548
"27",2023-11-25,"0-130","inc hosp",205.795728,5716548
"27",2023-12-02,"0-130","rate hosp",4.6,5716548
"27",2023-12-02,"0-130","inc hosp",262.961208,5716548
"27",2023-12-09,"0-130","rate hosp",5.7,5716548
"27",2023-12-09,"0-130","inc hosp",325.843236,5716548
"27",2023-12-16,"0-130","rate hosp",4.5,5716548
"27",2023-12-16,"0-130","inc hosp",257.24466,5716548
"27",2023-12-23,"0-130","rate hosp",6,5716548
"27",2023-12-23,"0-130","inc hosp",342.99288,5716548
"27",2023-12-30,"0-130","rate hosp",6.1,5716548
"27",2023-12-30,"0-130","inc hosp",348.709428,5716548
"27",2024-01-06,"0-130","rate hosp",4.6,5716548
"27",2024-01-06,"0-130","inc hosp",262.961208,5716548
"27",2024-01-13,"0-130","rate hosp",3.4,5716548
"27",2024-01-13,"0-130","inc hosp",194.362632,5716548
"27",2024-01-20,"0-130","rate hosp",3.1,5716548
"27",2024-01-20,"0-130","inc hosp",177.212988,5716548
"27",2024-01-27,"0-130","rate hosp",2.1,5716548
"27",2024-01-27,"0-130","inc hosp",120.047508,5716548
"27",2024-02-03,"0-130","rate hosp",1.7,5716548
"27",2024-02-03,"0-130","inc hosp",97.181316,5716548
"27",2024-02-10,"0-130","rate hosp",1.9,5716548
"27",2024-02-10,"0-130","inc hosp",108.614412,5716548
"27",2024-02-17,"0-130","rate hosp",1.4,5716548
"27",2024-02-17,"0-130","inc hosp",80.031672,5716548
"27",2024-02-24,"0-130","rate hosp",1.6,5716548
"27",2024-02-24,"0-130","inc hosp",91.464768,5716548
"27",2024-03-02,"0-130","rate hosp",1,5716548
"27",2024-03-02,"0-130","inc hosp",57.16548,5716548
"27",2024-03-09,"0-130","rate hosp",1.3,5716548
"27",2024-03-09,"0-130","inc hosp",74.315124,5716548
"27",2024-03-16,"0-130","rate hosp",0.9,5716548
"27",2024-03-16,"0-130","inc hosp",51.448932,5716548
"27",2024-03-23,"0-130","rate hosp",0.8,5716548
"27",2024-03-23,"0-130","inc hosp",45.732384,5716548
"27",2024-03-30,"0-130","rate hosp",0.8,5716548
"27",2024-03-30,"0-130","inc hosp",45.732384,5716548
"27",2024-04-06,"0-130","rate hosp",0.3,5716548
"27",2024-04-06,"0-130","inc hosp",17.149644,5716548
"27",2024-04-13,"0-130","rate hosp",0.3,5716548
"27",2024-04-13,"0-130","inc hosp",17.149644,5716548
"27",2024-04-20,"0-130","rate hosp",0.2,5716548
"27",2024-04-20,"0-130","inc hosp",11.433096,5716548
"27",2024-04-27,"0-130","rate hosp",0.1,5716548
"27",2024-04-27,"0-130","inc hosp",5.716548,5716548
"27",2024-05-04,"0-130","rate hosp",0.2,5716548
"27",2024-05-04,"0-130","inc hosp",11.433096,5716548
"27",2024-05-11,"0-130","rate hosp",0.2,5716548
"27",2024-05-11,"0-130","inc hosp",11.433096,5716548
"27",2024-05-18,"0-130","rate hosp",0.1,5716548
"27",2024-05-18,"0-130","inc hosp",5.716548,5716548
"27",2024-05-25,"0-130","rate hosp",0.1,5716548
"27",2024-05-25,"0-130","inc hosp",5.716548,5716548
"27",2024-06-01,"0-130","rate hosp",0.1,5716548
"27",2024-06-01,"0-130","inc hosp",5.716548,5716548
"27",2024-06-08,"0-130","rate hosp",0,5716548
"27",2024-06-08,"0-130","inc hosp",0,5716548
"27",2024-06-15,"0-130","rate hosp",0,5716548
"27",2024-06-15,"0-130","inc hosp",0,5716548
"27",2024-06-22,"0-130","rate hosp",0,5716548
"27",2024-06-22,"0-130","inc hosp",0,5716548
"27",2024-06-29,"0-130","rate hosp",0,5716548
"27",2024-06-29,"0-130","inc hosp",0,5716548
"27",2024-07-06,"0-130","rate hosp",0,5716548
"27",2024-07-06,"0-130","inc hosp",0,5716548
"27",2024-07-13,"0-130","rate hosp",0,5716548
"27",2024-07-13,"0-130","inc hosp",0,5716548
"27",2024-07-20,"0-130","rate hosp",0,5716548
"27",2024-07-20,"0-130","inc hosp",0,5716548
"27",2024-07-27,"0-130","rate hosp",0.1,5716548
"27",2024-07-27,"0-130","inc hosp",5.716548,5716548
"27",2024-08-03,"0-130","rate hosp",0,5716548
"27",2024-08-03,"0-130","inc hosp",0,5716548
"27",2024-08-10,"0-130","rate hosp",0,5716548
"27",2024-08-10,"0-130","inc hosp",0,5716548
"27",2024-08-17,"0-130","rate hosp",0.1,5716548
"27",2024-08-17,"0-130","inc hosp",5.716548,5716548
"27",2024-08-24,"0-130","rate hosp",0,5716548
"27",2024-08-24,"0-130","inc hosp",0,5716548
"27",2024-08-31,"0-130","rate hosp",0,5716548
"27",2024-08-31,"0-130","inc hosp",0,5716548
"27",2024-09-07,"0-130","rate hosp",0,5716548
"27",2024-09-07,"0-130","inc hosp",0,5716548
"27",2024-09-14,"0-130","rate hosp",0,5716548
"27",2024-09-14,"0-130","inc hosp",0,5716548
"27",2024-09-21,"0-130","rate hosp",0,5716548
"27",2024-09-21,"0-130","inc hosp",0,5716548
"27",2024-09-28,"0-130","rate hosp",0,5716548
"27",2024-09-28,"0-130","inc hosp",0,5716548
"35",2023-10-07,"0-130","rate hosp",0.1,2100079
"35",2023-10-07,"0-130","inc hosp",2.100079,2100079
"35",2023-10-14,"0-130","rate hosp",0,2100079
"35",2023-10-14,"0-130","inc hosp",0,2100079
"35",2023-10-21,"0-130","rate hosp",1,2100079
"35",2023-10-21,"0-130","inc hosp",21.00079,2100079
"35",2023-10-28,"0-130","rate hosp",0.9,2100079
"35",2023-10-28,"0-130","inc hosp",18.900711,2100079
"35",2023-11-04,"0-130","rate hosp",1,2100079
"35",2023-11-04,"0-130","inc hosp",21.00079,2100079
"35",2023-11-11,"0-130","rate hosp",2.8,2100079
"35",2023-11-11,"0-130","inc hosp",58.802212,2100079
"35",2023-11-18,"0-130","rate hosp",1.8,2100079
"35",2023-11-18,"0-130","inc hosp",37.801422,2100079
"35",2023-11-25,"0-130","rate hosp",4.3,2100079
"35",2023-11-25,"0-130","inc hosp",90.303397,2100079
"35",2023-12-02,"0-130","rate hosp",5.4,2100079
"35",2023-12-02,"0-130","inc hosp",113.404266,2100079
"35",2023-12-09,"0-130","rate hosp",4.2,2100079
"35",2023-12-09,"0-130","inc hosp",88.203318,2100079
"35",2023-12-16,"0-130","rate hosp",7.9,2100079
"35",2023-12-16,"0-130","inc hosp",165.906241,2100079
"35",2023-12-23,"0-130","rate hosp",9.8,2100079
"35",2023-12-23,"0-130","inc hosp",205.807742,2100079
"35",2023-12-30,"0-130","rate hosp",10.4,2100079
"35",2023-12-30,"0-130","inc hosp",218.408216,2100079
"35",2024-01-06,"0-130","rate hosp",9.1,2100079
"35",2024-01-06,"0-130","inc hosp",191.107189,2100079
"35",2024-01-13,"0-130","rate hosp",6.7,2100079
"35",2024-01-13,"0-130","inc hosp",140.705293,2100079
"35",2024-01-20,"0-130","rate hosp",4.5,2100079
"35",2024-01-20,"0-130","inc hosp",94.503555,2100079
"35",2024-01-27,"0-130","rate hosp",3.9,2100079
"35",2024-01-27,"0-130","inc hosp",81.903081,2100079
"35",2024-02-03,"0-130","rate hosp",3.7,2100079
"35",2024-02-03,"0-130","inc hosp",77.702923,2100079
"35",2024-02-10,"0-130","rate hosp",3.3,2100079
"35",2024-02-10,"0-130","inc hosp",69.302607,2100079
"35",2024-02-17,"0-130","rate hosp",2.5,2100079
"35",2024-02-17,"0-130","inc hosp",52.501975,2100079
"35",2024-02-24,"0-130","rate hosp",1.6,2100079
"35",2024-02-24,"0-130","inc hosp",33.601264,2100079
"35",2024-03-02,"0-130","rate hosp",1.3,2100079
"35",2024-03-02,"0-130","inc hosp",27.301027,2100079
"35",2024-03-09,"0-130","rate hosp",1,2100079
"35",2024-03-09,"0-130","inc hosp",21.00079,2100079
"35",2024-03-16,"0-130","rate hosp",0.7,2100079
"35",2024-03-16,"0-130","inc hosp",14.700553,2100079
"35",2024-03-23,"0-130","rate hosp",1.2,2100079
"35",2024-03-23,"0-130","inc hosp",25.200948,2100079
"35",2024-03-30,"0-130","rate hosp",0.3,2100079
"35",2024-03-30,"0-130","inc hosp",6.300237,2100079
"35",2024-04-06,"0-130","rate hosp",0.4,2100079
"35",2024-04-06,"0-130","inc hosp",8.400316,2100079
"35",2024-04-13,"0-130","rate hosp",0.1,2100079
"35",2024-04-13,"0-130","inc hosp",2.100079,2100079
"35",2024-04-20,"0-130","rate hosp",0.1,2100079
"35",2024-04-20,"0-130","inc hosp",2.100079,2100079
"35",2024-04-27,"0-130","rate hosp",0.1,2100079
"35",2024-04-27,"0-130","inc hosp",2.100079,2100079
"35",2024-05-04,"0-130","rate hosp",0,2100079
"35",2024-05-04,"0-130","inc hosp",0,2100079
"35",2024-05-11,"0-130","rate hosp",0.3,2100079
"35",2024-05-11,"0-130","inc hosp",6.300237,2100079
"35",2024-05-18,"0-130","rate hosp",0,2100079
"35",2024-05-18,"0-130","inc hosp",0,2100079
"35",2024-05-25,"0-130","rate hosp",0,2100079
"35",2024-05-25,"0-130","inc hosp",0,2100079
"35",2024-06-01,"0-130","rate hosp",0.1,2100079
"35",2024-06-01,"0-130","inc hosp",2.100079,2100079
"35",2024-06-08,"0-130","rate hosp",0.3,2100079
"35",2024-06-08,"0-130","inc hosp",6.300237,2100079
"35",2024-06-15,"0-130","rate hosp",0,2100079
"35",2024-06-15,"0-130","inc hosp",0,2100079
"35",2024-06-22,"0-130","rate hosp",0,2100079
"35",2024-06-22,"0-130","inc hosp",0,2100079
"35",2024-06-29,"0-130","rate hosp",0,2100079
"35",2024-06-29,"0-130","inc hosp",0,2100079
"35",2024-07-06,"0-130","rate hosp",0,2100079
"35",2024-07-06,"0-130","inc hosp",0,2100079
"35",2024-07-13,"0-130","rate hosp",0,2100079
"35",2024-07-13,"0-130","inc hosp",0,2100079
"35",2024-07-20,"0-130","rate hosp",0,2100079
"35",2024-07-20,"0-130","inc hosp",0,2100079
"35",2024-07-27,"0-130","rate hosp",0,2100079
"35",2024-07-27,"0-130","inc hosp",0,2100079
"35",2024-08-03,"0-130","rate hosp",0,2100079
"35",2024-08-03,"0-130","inc hosp",0,2100079
"35",2024-08-10,"0-130","rate hosp",0,2100079
"35",2024-08-10,"0-130","inc hosp",0,2100079
"35",2024-08-17,"0-130","rate hosp",0,2100079
"35",2024-08-17,"0-130","inc hosp",0,2100079
"35",2024-08-24,"0-130","rate hosp",0,2100079
"35",2024-08-24,"0-130","inc hosp",0,2100079
"35",2024-08-31,"0-130","rate hosp",0,2100079
"35",2024-08-31,"0-130","inc hosp",0,2100079
"35",2024-09-07,"0-130","rate hosp",0,2100079
"35",2024-09-07,"0-130","inc hosp",0,2100079
"35",2024-09-14,"0-130","rate hosp",0,2100079
"35",2024-09-14,"0-130","inc hosp",0,2100079
"35",2024-09-21,"0-130","rate hosp",0,2100079
"35",2024-09-21,"0-130","inc hosp",0,2100079
"35",2024-09-28,"0-130","rate hosp",0,2100079
"35",2024-09-28,"0-130","inc hosp",0,2100079
"36",2023-10-07,"0-130","rate hosp",0.2,19657190
"36",2023-10-07,"0-130","inc hosp",39.31438,19657190
"36",2023-10-14,"0-130","rate hosp",0.6,19657190
"36",2023-10-14,"0-130","inc hosp",117.94314,19657190
"36",2023-10-21,"0-130","rate hosp",0.5,19657190
"36",2023-10-21,"0-130","inc hosp",98.28595,19657190
"36",2023-10-28,"0-130","rate hosp",0.8,19657190
"36",2023-10-28,"0-130","inc hosp",157.25752,19657190
"36",2023-11-04,"0-130","rate hosp",1,19657190
"36",2023-11-04,"0-130","inc hosp",196.5719,19657190
"36",2023-11-11,"0-130","rate hosp",2,19657190
"36",2023-11-11,"0-130","inc hosp",393.1438,19657190
"36",2023-11-18,"0-130","rate hosp",3,19657190
"36",2023-11-18,"0-130","inc hosp",589.7157,19657190
"36",2023-11-25,"0-130","rate hosp",3.2,19657190
"36",2023-11-25,"0-130","inc hosp",629.03008,19657190
"36",2023-12-02,"0-130","rate hosp",5,19657190
"36",2023-12-02,"0-130","inc hosp",982.8595,19657190
"36",2023-12-09,"0-130","rate hosp",5.2,19657190
"36",2023-12-09,"0-130","inc hosp",1022.17388,19657190
"36",2023-12-16,"0-130","rate hosp",5.8,19657190
"36",2023-12-16,"0-130","inc hosp",1140.11702,19657190
"36",2023-12-23,"0-130","rate hosp",6.3,19657190
"36",2023-12-23,"0-130","inc hosp",1238.40297,19657190
"36",2023-12-30,"0-130","rate hosp",6,19657190
"36",2023-12-30,"0-130","inc hosp",1179.4314,19657190
"36",2024-01-06,"0-130","rate hosp",5.7,19657190
"36",2024-01-06,"0-130","inc hosp",1120.45983,19657190
"36",2024-01-13,"0-130","rate hosp",4.1,19657190
"36",2024-01-13,"0-130","inc hosp",805.94479,19657190
"36",2024-01-20,"0-130","rate hosp",4.1,19657190
"36",2024-01-20,"0-130","inc hosp",805.94479,19657190
"36",2024-01-27,"0-130","rate hosp",2.4,19657190
"36",2024-01-27,"0-130","inc hosp",471.77256,19657190
"36",2024-02-03,"0-130","rate hosp",2.3,19657190
"36",2024-02-03,"0-130","inc hosp",452.11537,19657190
"36",2024-02-10,"0-130","rate hosp",1.7,19657190
"36",2024-02-10,"0-130","inc hosp",334.17223,19657190
"36",2024-02-17,"0-130","rate hosp",1.7,19657190
"36",2024-02-17,"0-130","inc hosp",334.17223,19657190
"36",2024-02-24,"0-130","rate hosp",1.2,19657190
"36",2024-02-24,"0-130","inc hosp",235.88628,19657190
"36",2024-03-02,"0-130","rate hosp",1.1,19657190
"36",2024-03-02,"0-130","inc hosp",216.22909,19657190
"36",2024-03-09,"0-130","rate hosp",1,19657190
"36",2024-03-09,"0-130","inc hosp",196.5719,19657190
"36",2024-03-16,"0-130","rate hosp",0.6,19657190
"36",2024-03-16,"0-130","inc hosp",117.94314,19657190
"36",2024-03-23,"0-130","rate hosp",0.5,19657190
"36",2024-03-23,"0-130","inc hosp",98.28595,19657190
"36",2024-03-30,"0-130","rate hosp",0.2,19657190
"36",2024-03-30,"0-130","inc hosp",39.31438,19657190
"36",2024-04-06,"0-130","rate hosp",0.7,19657190
"36",2024-04-06,"0-130","inc hosp",137.60033,19657190
"36",2024-04-13,"0-130","rate hosp",0.3,19657190
"36",2024-04-13,"0-130","inc hosp",58.97157,19657190
"36",2024-04-20,"0-130","rate hosp",0.1,19657190
"36",2024-04-20,"0-130","inc hosp",19.65719,19657190
"36",2024-04-27,"0-130","rate hosp",0.2,19657190
"36",2024-04-27,"0-130","inc hosp",39.31438,19657190
"36",2024-05-04,"0-130","rate hosp",0,19657190
"36",2024-05-04,"0-130","inc hosp",0,19657190
"36",2024-05-11,"0-130","rate hosp",0.1,19657190
"36",2024-05-11,"0-130","inc hosp",19.65719,19657190
"36",2024-05-18,"0-130","rate hosp",0,19657190
"36",2024-05-18,"0-130","inc hosp",0,19657190
"36",2024-05-25,"0-130","rate hosp",0.1,19657190
"36",2024-05-25,"0-130","inc hosp",19.65719,19657190
"36",2024-06-01,"0-130","rate hosp",0,19657190
"36",2024-06-01,"0-130","inc hosp",0,19657190
"36",2024-06-08,"0-130","rate hosp",0,19657190
"36",2024-06-08,"0-130","inc hosp",0,19657190
"36",2024-06-15,"0-130","rate hosp",0.1,19657190
"36",2024-06-15,"0-130","inc hosp",19.65719,19657190
"36",2024-06-22,"0-130","rate hosp",0,19657190
"36",2024-06-22,"0-130","inc hosp",0,19657190
"36",2024-06-29,"0-130","rate hosp",0,19657190
"36",2024-06-29,"0-130","inc hosp",0,19657190
"36",2024-07-06,"0-130","rate hosp",0,19657190
"36",2024-07-06,"0-130","inc hosp",0,19657190
"36",2024-07-13,"0-130","rate hosp",0,19657190
"36",2024-07-13,"0-130","inc hosp",0,19657190
"36",2024-07-20,"0-130","rate hosp",0,19657190
"36",2024-07-20,"0-130","inc hosp",0,19657190
"36",2024-07-27,"0-130","rate hosp",0,19657190
"36",2024-07-27,"0-130","inc hosp",0,19657190
"36",2024-08-03,"0-130","rate hosp",0,19657190
"36",2024-08-03,"0-130","inc hosp",0,19657190
"36",2024-08-10,"0-130","rate hosp",0,19657190
"36",2024-08-10,"0-130","inc hosp",0,19657190
"36",2024-08-17,"0-130","rate hosp",0,19657190
"36",2024-08-17,"0-130","inc hosp",0,19657190
"36",2024-08-24,"0-130","rate hosp",0,19657190
"36",2024-08-24,"0-130","inc hosp",0,19657190
"36",2024-08-31,"0-130","rate hosp",0,19657190
"36",2024-08-31,"0-130","inc hosp",0,19657190
"36",2024-09-07,"0-130","rate hosp",0,19657190
"36",2024-09-07,"0-130","inc hosp",0,19657190
"36",2024-09-14,"0-130","rate hosp",0.1,19657190
"36",2024-09-14,"0-130","inc hosp",19.65719,19657190
"36",2024-09-21,"0-130","rate hosp",0.1,19657190
"36",2024-09-21,"0-130","inc hosp",19.65719,19657190
"36",2024-09-28,"0-130","rate hosp",0.2,19657190
"36",2024-09-28,"0-130","inc hosp",39.31438,19657190
"41",2023-10-07,"0-130","rate hosp",0.3,4238665
"41",2023-10-07,"0-130","inc hosp",12.715995,4238665
"41",2023-10-14,"0-130","rate hosp",0.3,4238665
"41",2023-10-14,"0-130","inc hosp",12.715995,4238665
"41",2023-10-21,"0-130","rate hosp",0.1,4238665
"41",2023-10-21,"0-130","inc hosp",4.238665,4238665
"41",2023-10-28,"0-130","rate hosp",0.2,4238665
"41",2023-10-28,"0-130","inc hosp",8.47733,4238665
"41",2023-11-04,"0-130","rate hosp",0.8,4238665
"41",2023-11-04,"0-130","inc hosp",33.90932,4238665
"41",2023-11-11,"0-130","rate hosp",0.7,4238665
"41",2023-11-11,"0-130","inc hosp",29.670655,4238665
"41",2023-11-18,"0-130","rate hosp",1.2,4238665
"41",2023-11-18,"0-130","inc hosp",50.86398,4238665
"41",2023-11-25,"0-130","rate hosp",1.4,4238665
"41",2023-11-25,"0-130","inc hosp",59.34131,4238665
"41",2023-12-02,"0-130","rate hosp",1.3,4238665
"41",2023-12-02,"0-130","inc hosp",55.102645,4238665
"41",2023-12-09,"0-130","rate hosp",1.5,4238665
"41",2023-12-09,"0-130","inc hosp",63.579975,4238665
"41",2023-12-16,"0-130","rate hosp",1.5,4238665
"41",2023-12-16,"0-130","inc hosp",63.579975,4238665
"41",2023-12-23,"0-130","rate hosp",2.5,4238665
"41",2023-12-23,"0-130","inc hosp",105.966625,4238665
"41",2023-12-30,"0-130","rate hosp",2.3,4238665
"41",2023-12-30,"0-130","inc hosp",97.489295,4238665
"41",2024-01-06,"0-130","rate hosp",1.9,4238665
"41",2024-01-06,"0-130","inc hosp",80.534635,4238665
"41",2024-01-13,"0-130","rate hosp",2,4238665
"41",2024-01-13,"0-130","inc hosp",84.7733,4238665
"41",2024-01-20,"0-130","rate hosp",1.5,4238665
"41",2024-01-20,"0-130","inc hosp",63.579975,4238665
"41",2024-01-27,"0-130","rate hosp",1.5,4238665
"41",2024-01-27,"0-130","inc hosp",63.579975,4238665
"41",2024-02-03,"0-130","rate hosp",1.1,4238665
"41",2024-02-03,"0-130","inc hosp",46.625315,4238665
"41",2024-02-10,"0-130","rate hosp",0.8,4238665
"41",2024-02-10,"0-130","inc hosp",33.90932,4238665
"41",2024-02-17,"0-130","rate hosp",0.6,4238665
"41",2024-02-17,"0-130","inc hosp",25.43199,4238665
"41",2024-02-24,"0-130","rate hosp",0.3,4238665
"41",2024-02-24,"0-130","inc hosp",12.715995,4238665
"41",2024-03-02,"0-130","rate hosp",0.4,4238665
"41",2024-03-02,"0-130","inc hosp",16.95466,4238665
"41",2024-03-09,"0-130","rate hosp",0.3,4238665
"41",2024-03-09,"0-130","inc hosp",12.715995,4238665
"41",2024-03-16,"0-130","rate hosp",0.2,4238665
"41",2024-03-16,"0-130","inc hosp",8.47733,4238665
"41",2024-03-23,"0-130","rate hosp",0.8,4238665
"41",2024-03-23,"0-130","inc hosp",33.90932,4238665
"41",2024-03-30,"0-130","rate hosp",0.2,4238665
"41",2024-03-30,"0-130","inc hosp",8.47733,4238665
"41",2024-04-06,"0-130","rate hosp",0.1,4238665
"41",2024-04-06,"0-130","inc hosp",4.238665,4238665
"41",2024-04-13,"0-130","rate hosp",0.2,4238665
"41",2024-04-13,"0-130","inc hosp",8.47733,4238665
"41",2024-04-20,"0-130","rate hosp",0.1,4238665
"41",2024-04-20,"0-130","inc hosp",4.238665,4238665
"41",2024-04-27,"0-130","rate hosp",0.1,4238665
"41",2024-04-27,"0-130","inc hosp",4.238665,4238665
"41",2024-05-04,"0-130","rate hosp",0,4238665
"41",2024-05-04,"0-130","inc hosp",0,4238665
"41",2024-05-11,"0-130","rate hosp",0,4238665
"41",2024-05-11,"0-130","inc hosp",0,4238665
"41",2024-05-18,"0-130","rate hosp",0,4238665
"41",2024-05-18,"0-130","inc hosp",0,4238665
"41",2024-05-25,"0-130","rate hosp",0,4238665
"41",2024-05-25,"0-130","inc hosp",0,4238665
"41",2024-06-01,"0-130","rate hosp",0,4238665
"41",2024-06-01,"0-130","inc hosp",0,4238665
"41",2024-06-08,"0-130","rate hosp",0,4238665
"41",2024-06-08,"0-130","inc hosp",0,4238665
"41",2024-06-15,"0-130","rate hosp",0,4238665
"41",2024-06-15,"0-130","inc hosp",0,4238665
"41",2024-06-22,"0-130","rate hosp",0,4238665
"41",2024-06-22,"0-130","inc hosp",0,4238665
"41",2024-06-29,"0-130","rate hosp",0,4238665
"41",2024-06-29,"0-130","inc hosp",0,4238665
"41",2024-07-06,"0-130","rate hosp",0,4238665
"41",2024-07-06,"0-130","inc hosp",0,4238665
"41",2024-07-13,"0-130","rate hosp",0,4238665
"41",2024-07-13,"0-130","inc hosp",0,4238665
"41",2024-07-20,"0-130","rate hosp",0,4238665
"41",2024-07-20,"0-130","inc hosp",0,4238665
"41",2024-07-27,"0-130","rate hosp",0,4238665
"41",2024-07-27,"0-130","inc hosp",0,4238665
"41",2024-08-03,"0-130","rate hosp",0,4238665
"41",2024-08-03,"0-130","inc hosp",0,4238665
"41",2024-08-10,"0-130","rate hosp",0,4238665
"41",2024-08-10,"0-130","inc hosp",0,4238665
"41",2024-08-17,"0-130","rate hosp",0,4238665
"41",2024-08-17,"0-130","inc hosp",0,4238665
"41",2024-08-24,"0-130","rate hosp",0,4238665
"41",2024-08-24,"0-130","inc hosp",0,4238665
"41",2024-08-31,"0-130","rate hosp",0.1,4238665
"41",2024-08-31,"0-130","inc hosp",4.238665,4238665
"41",2024-09-07,"0-130","rate hosp",0,4238665
"41",2024-09-07,"0-130","inc hosp",0,4238665
"41",2024-09-14,"0-130","rate hosp",0,4238665
"41",2024-09-14,"0-130","inc hosp",0,4238665
"41",2024-09-21,"0-130","rate hosp",0,4238665
"41",2024-09-21,"0-130","inc hosp",0,4238665
"41",2024-09-28,"0-130","rate hosp",0,4238665
"41",2024-09-28,"0-130","inc hosp",0,4238665
"US",2023-10-07,"0-130","rate hosp",0.9,332200066
"US",2023-10-07,"0-130","inc hosp",2989.800594,332200066
"US",2023-10-14,"0-130","rate hosp",1.1,332200066
"US",2023-10-14,"0-130","inc hosp",3654.200726,332200066
"US",2023-10-21,"0-130","rate hosp",1.3,332200066
"US",2023-10-21,"0-130","inc hosp",4318.600858,332200066
"US",2023-10-28,"0-130","rate hosp",1.4,332200066
"US",2023-10-28,"0-130","inc hosp",4650.800924,332200066
"US",2023-11-04,"0-130","rate hosp",1.6,332200066
"US",2023-11-04,"0-130","inc hosp",5315.201056,332200066
"US",2023-11-11,"0-130","rate hosp",2.2,332200066
"US",2023-11-11,"0-130","inc hosp",7308.401452,332200066
"US",2023-11-18,"0-130","rate hosp",2.7,332200066
"US",2023-11-18,"0-130","inc hosp",8969.401782,332200066
"US",2023-11-25,"0-130","rate hosp",2.9,332200066
"US",2023-11-25,"0-130","inc hosp",9633.801914,332200066
"US",2023-12-02,"0-130","rate hosp",3.6,332200066
"US",2023-12-02,"0-130","inc hosp",11959.202376,332200066
"US",2023-12-09,"0-130","rate hosp",3.8,332200066
"US",2023-12-09,"0-130","inc hosp",12623.602508,332200066
"US",2023-12-16,"0-130","rate hosp",3.9,332200066
"US",2023-12-16,"0-130","inc hosp",12955.802574,332200066
"US",2023-12-23,"0-130","rate hosp",4.2,332200066
"US",2023-12-23,"0-130","inc hosp",13952.402772,332200066
"US",2023-12-30,"0-130","rate hosp",4.5,332200066
"US",2023-12-30,"0-130","inc hosp",14949.00297,332200066
"US",2024-01-06,"0-130","rate hosp",4,332200066
"US",2024-01-06,"0-130","inc hosp",13288.00264,332200066
"US",2024-01-13,"0-130","rate hosp",3,332200066
"US",2024-01-13,"0-130","inc hosp",9966.00198,332200066
"US",2024-01-20,"0-130","rate hosp",2.6,332200066
"US",2024-01-20,"0-130","inc hosp",8637.201716,332200066
"US",2024-01-27,"0-130","rate hosp",2.1,332200066
"US",2024-01-27,"0-130","inc hosp",6976.201386,332200066
"US",2024-02-03,"0-130","rate hosp",1.8,332200066
"US",2024-02-03,"0-130","inc hosp",5979.601188,332200066
"US",2024-02-10,"0-130","rate hosp",1.6,332200066
"US",2024-02-10,"0-130","inc hosp",5315.201056,332200066
"US",2024-02-17,"0-130","rate hosp",1.5,332200066
"US",2024-02-17,"0-130","inc hosp",4983.00099,332200066
"US",2024-02-24,"0-130","rate hosp",1.3,332200066
"US",2024-02-24,"0-130","inc hosp",4318.600858,332200066
"US",2024-03-02,"0-130","rate hosp",1,332200066
"US",2024-03-02,"0-130","inc hosp",3322.00066,332200066
"US",2024-03-09,"0-130","rate hosp",0.8,332200066
"US",2024-03-09,"0-130","inc hosp",2657.600528,332200066
"US",2024-03-16,"0-130","rate hosp",0.7,332200066
"US",2024-03-16,"0-130","inc hosp",2325.400462,332200066
"US",2024-03-23,"0-130","rate hosp",0.6,332200066
"US",2024-03-23,"0-130","inc hosp",1993.200396,332200066
"US",2024-03-30,"0-130","rate hosp",0.5,332200066
"US",2024-03-30,"0-130","inc hosp",1661.00033,332200066
"US",2024-04-06,"0-130","rate hosp",0.3,332200066
"US",2024-04-06,"0-130","inc hosp",996.600198,332200066
"US",2024-04-13,"0-130","rate hosp",0.3,332200066
"US",2024-04-13,"0-130","inc hosp",996.600198,332200066
"US",2024-04-20,"0-130","rate hosp",0.2,332200066
"US",2024-04-20,"0-130","inc hosp",664.400132,332200066
"US",2024-04-27,"0-130","rate hosp",0.2,332200066
"US",2024-04-27,"0-130","inc hosp",664.400132,332200066
"US",2024-05-04,"0-130","rate hosp",0.1,332200066
"US",2024-05-04,"0-130","inc hosp",332.200066,332200066
"US",2024-05-11,"0-130","rate hosp",0.2,332200066
"US",2024-05-11,"0-130","inc hosp",664.400132,332200066
"US",2024-05-18,"0-130","rate hosp",0.1,332200066
"US",2024-05-18,"0-130","inc hosp",332.200066,332200066
"US",2024-05-25,"0-130","rate hosp",0.1,332200066
"US",2024-05-25,"0-130","inc hosp",332.200066,332200066
"US",2024-06-01,"0-130","rate hosp",0.1,332200066
"US",2024-06-01,"0-130","inc hosp",332.200066,332200066
"US",2024-06-08,"0-130","rate hosp",0.1,332200066
"US",2024-06-08,"0-130","inc hosp",332.200066,332200066
"US",2024-06-15,"0-130","rate hosp",0,332200066
"US",2024-06-15,"0-130","inc hosp",0,332200066
"US",2024-06-22,"0-130","rate hosp",0,332200066
"US",2024-06-22,"0-130","inc hosp",0,332200066
"US",2024-06-29,"0-130","rate hosp",0,332200066
"US",2024-06-29,"0-130","inc hosp",0,332200066
"US",2024-07-06,"0-130","rate hosp",0,332200066
"US",2024-07-06,"0-130","inc hosp",0,332200066
"US",2024-07-13,"0-130","rate hosp",0,332200066
"US",2024-07-13,"0-130","inc hosp",0,332200066
"US",2024-07-20,"0-130","rate hosp",0,332200066
"US",2024-07-20,"0-130","inc hosp",0,332200066
"US",2024-07-27,"0-130","rate hosp",0.1,332200066
"US",2024-07-27,"0-130","inc hosp",332.200066,332200066
"US",2024-08-03,"0-130","rate hosp",0,332200066
"US",2024-08-03,"0-130","inc hosp",0,332200066
"US",2024-08-10,"0-130","rate hosp",0,332200066
"US",2024-08-10,"0-130","inc hosp",0,332200066
"US",2024-08-17,"0-130","rate hosp",0.1,332200066
"US",2024-08-17,"0-130","inc hosp",332.200066,332200066
"US",2024-08-24,"0-130","rate hosp",0,332200066
"US",2024-08-24,"0-130","inc hosp",0,332200066
"US",2024-08-31,"0-130","rate hosp",0.1,332200066
"US",2024-08-31,"0-130","inc hosp",332.200066,332200066
"US",2024-09-07,"0-130","rate hosp",0.1,332200066
"US",2024-09-07,"0-130","inc hosp",332.200066,332200066
"US",2024-09-14,"0-130","rate hosp",0.1,332200066
"US",2024-09-14,"0-130","inc hosp",332.200066,332200066
"US",2024-09-21,"0-130","rate hosp",0.1,332200066
"US",2024-09-21,"0-130","inc hosp",332.200066,332200066
"US",2024-09-28,"0-130","rate hosp",0.2,332200066
"US",2024-09-28,"0-130","inc hosp",664.400132,332200066
"47",2023-10-07,"0-130","rate hosp",1.2,7030607
"47",2023-10-07,"0-130","inc hosp",84.367284,7030607
"47",2023-10-14,"0-130","rate hosp",1.7,7030607
"47",2023-10-14,"0-130","inc hosp",119.520319,7030607
"47",2023-10-21,"0-130","rate hosp",2.3,7030607
"47",2023-10-21,"0-130","inc hosp",161.703961,7030607
"47",2023-10-28,"0-130","rate hosp",1.9,7030607
"47",2023-10-28,"0-130","inc hosp",133.581533,7030607
"47",2023-11-04,"0-130","rate hosp",1.2,7030607
"47",2023-11-04,"0-130","inc hosp",84.367284,7030607
"47",2023-11-11,"0-130","rate hosp",2.4,7030607
"47",2023-11-11,"0-130","inc hosp",168.734568,7030607
"47",2023-11-18,"0-130","rate hosp",3,7030607
"47",2023-11-18,"0-130","inc hosp",210.91821,7030607
"47",2023-11-25,"0-130","rate hosp",1.9,7030607
"47",2023-11-25,"0-130","inc hosp",133.581533,7030607
"47",2023-12-02,"0-130","rate hosp",3,7030607
"47",2023-12-02,"0-130","inc hosp",210.91821,7030607
"47",2023-12-09,"0-130","rate hosp",2.4,7030607
"47",2023-12-09,"0-130","inc hosp",168.734568,7030607
"47",2023-12-16,"0-130","rate hosp",2.1,7030607
"47",2023-12-16,"0-130","inc hosp",147.642747,7030607
"47",2023-12-23,"0-130","rate hosp",2.2,7030607
"47",2023-12-23,"0-130","inc hosp",154.673354,7030607
"47",2023-12-30,"0-130","rate hosp",2.3,7030607
"47",2023-12-30,"0-130","inc hosp",161.703961,7030607
"47",2024-01-06,"0-130","rate hosp",2.2,7030607
"47",2024-01-06,"0-130","inc hosp",154.673354,7030607
"47",2024-01-13,"0-130","rate hosp",1.8,7030607
"47",2024-01-13,"0-130","inc hosp",126.550926,7030607
"47",2024-01-20,"0-130","rate hosp",1.3,7030607
"47",2024-01-20,"0-130","inc hosp",91.397891,7030607
"47",2024-01-27,"0-130","rate hosp",1,7030607
"47",2024-01-27,"0-130","inc hosp",70.30607,7030607
"47",2024-02-03,"0-130","rate hosp",0.7,7030607
"47",2024-02-03,"0-130","inc hosp",49.214249,7030607
"47",2024-02-10,"0-130","rate hosp",0.7,7030607
"47",2024-02-10,"0-130","inc hosp",49.214249,7030607
"47",2024-02-17,"0-130","rate hosp",0.6,7030607
"47",2024-02-17,"0-130","inc hosp",42.183642,7030607
"47",2024-02-24,"0-130","rate hosp",0.5,7030607
"47",2024-02-24,"0-130","inc hosp",35.153035,7030607
"47",2024-03-02,"0-130","rate hosp",0.5,7030607
"47",2024-03-02,"0-130","inc hosp",35.153035,7030607
"47",2024-03-09,"0-130","rate hosp",0.4,7030607
"47",2024-03-09,"0-130","inc hosp",28.122428,7030607
"47",2024-03-16,"0-130","rate hosp",0.4,7030607
"47",2024-03-16,"0-130","inc hosp",28.122428,7030607
"47",2024-03-23,"0-130","rate hosp",0.3,7030607
"47",2024-03-23,"0-130","inc hosp",21.091821,7030607
"47",2024-03-30,"0-130","rate hosp",0.1,7030607
"47",2024-03-30,"0-130","inc hosp",7.030607,7030607
"47",2024-04-06,"0-130","rate hosp",0.2,7030607
"47",2024-04-06,"0-130","inc hosp",14.061214,7030607
"47",2024-04-13,"0-130","rate hosp",0.3,7030607
"47",2024-04-13,"0-130","inc hosp",21.091821,7030607
"47",2024-04-20,"0-130","rate hosp",0.1,7030607
"47",2024-04-20,"0-130","inc hosp",7.030607,7030607
"47",2024-04-27,"0-130","rate hosp",0.1,7030607
"47",2024-04-27,"0-130","inc hosp",7.030607,7030607
"47",2024-05-04,"0-130","rate hosp",0.2,7030607
"47",2024-05-04,"0-130","inc hosp",14.061214,7030607
"47",2024-05-11,"0-130","rate hosp",0.1,7030607
"47",2024-05-11,"0-130","inc hosp",7.030607,7030607
"47",2024-05-18,"0-130","rate hosp",0.2,7030607
"47",2024-05-18,"0-130","inc hosp",14.061214,7030607
"47",2024-05-25,"0-130","rate hosp",0.2,7030607
"47",2024-05-25,"0-130","inc hosp",14.061214,7030607
"47",2024-06-01,"0-130","rate hosp",0.1,7030607
"47",2024-06-01,"0-130","inc hosp",7.030607,7030607
"47",2024-06-08,"0-130","rate hosp",0.1,7030607
"47",2024-06-08,"0-130","inc hosp",7.030607,7030607
"47",2024-06-15,"0-130","rate hosp",0.1,7030607
"47",2024-06-15,"0-130","inc hosp",7.030607,7030607
"47",2024-06-22,"0-130","rate hosp",0,7030607
"47",2024-06-22,"0-130","inc hosp",0,7030607
"47",2024-06-29,"0-130","rate hosp",0,7030607
"47",2024-06-29,"0-130","inc hosp",0,7030607
"47",2024-07-06,"0-130","rate hosp",0.1,7030607
"47",2024-07-06,"0-130","inc hosp",7.030607,7030607
"47",2024-07-13,"0-130","rate hosp",0.1,7030607
"47",2024-07-13,"0-130","inc hosp",7.030607,7030607
"47",2024-07-20,"0-130","rate hosp",0.1,7030607
"47",2024-07-20,"0-130","inc hosp",7.030607,7030607
"47",2024-07-27,"0-130","rate hosp",0.1,7030607
"47",2024-07-27,"0-130","inc hosp",7.030607,7030607
"47",2024-08-03,"0-130","rate hosp",0.2,7030607
"47",2024-08-03,"0-130","inc hosp",14.061214,7030607
"47",2024-08-10,"0-130","rate hosp",0.1,7030607
"47",2024-08-10,"0-130","inc hosp",7.030607,7030607
"47",2024-08-17,"0-130","rate hosp",0.1,7030607
"47",2024-08-17,"0-130","inc hosp",7.030607,7030607
"47",2024-08-24,"0-130","rate hosp",0.1,7030607
"47",2024-08-24,"0-130","inc hosp",7.030607,7030607
"47",2024-08-31,"0-130","rate hosp",0.1,7030607
"47",2024-08-31,"0-130","inc hosp",7.030607,7030607
"47",2024-09-07,"0-130","rate hosp",0,7030607
"47",2024-09-07,"0-130","inc hosp",0,7030607
"47",2024-09-14,"0-130","rate hosp",0.1,7030607
"47",2024-09-14,"0-130","inc hosp",7.030607,7030607
"47",2024-09-21,"0-130","rate hosp",0,7030607
"47",2024-09-21,"0-130","inc hosp",0,7030607
"47",2024-09-28,"0-130","rate hosp",0.1,7030607
"47",2024-09-28,"0-130","inc hosp",7.030607,7030607
"49",2023-10-07,"0-130","rate hosp",0.1,3376238
"49",2023-10-07,"0-130","inc hosp",3.376238,3376238
"49",2023-10-14,"0-130","rate hosp",0.1,3376238
"49",2023-10-14,"0-130","inc hosp",3.376238,3376238
"49",2023-10-21,"0-130","rate hosp",0,3376238
"49",2023-10-21,"0-130","inc hosp",0,3376238
"49",2023-10-28,"0-130","rate hosp",0.3,3376238
"49",2023-10-28,"0-130","inc hosp",10.128714,3376238
"49",2023-11-04,"0-130","rate hosp",0.4,3376238
"49",2023-11-04,"0-130","inc hosp",13.504952,3376238
"49",2023-11-11,"0-130","rate hosp",0.8,3376238
"49",2023-11-11,"0-130","inc hosp",27.009904,3376238
"49",2023-11-18,"0-130","rate hosp",0.5,3376238
"49",2023-11-18,"0-130","inc hosp",16.88119,3376238
"49",2023-11-25,"0-130","rate hosp",0.8,3376238
"49",2023-11-25,"0-130","inc hosp",27.009904,3376238
"49",2023-12-02,"0-130","rate hosp",1.2,3376238
"49",2023-12-02,"0-130","inc hosp",40.514856,3376238
"49",2023-12-09,"0-130","rate hosp",2,3376238
"49",2023-12-09,"0-130","inc hosp",67.52476,3376238
"49",2023-12-16,"0-130","rate hosp",2.6,3376238
"49",2023-12-16,"0-130","inc hosp",87.782188,3376238
"49",2023-12-23,"0-130","rate hosp",3.4,3376238
"49",2023-12-23,"0-130","inc hosp",114.792092,3376238
"49",2023-12-30,"0-130","rate hosp",5.7,3376238
"49",2023-12-30,"0-130","inc hosp",192.445566,3376238
"49",2024-01-06,"0-130","rate hosp",5.6,3376238
"49",2024-01-06,"0-130","inc hosp",189.069328,3376238
"49",2024-01-13,"0-130","rate hosp",5.1,3376238
"49",2024-01-13,"0-130","inc hosp",172.188138,3376238
"49",2024-01-20,"0-130","rate hosp",4.6,3376238
"49",2024-01-20,"0-130","inc hosp",155.306948,3376238
"49",2024-01-27,"0-130","rate hosp",3.5,3376238
"49",2024-01-27,"0-130","inc hosp",118.16833,3376238
"49",2024-02-03,"0-130","rate hosp",3.9,3376238
"49",2024-02-03,"0-130","inc hosp",131.673282,3376238
"49",2024-02-10,"0-130","rate hosp",3.5,3376238
"49",2024-02-10,"0-130","inc hosp",118.16833,3376238
"49",2024-02-17,"0-130","rate hosp",3.4,3376238
"49",2024-02-17,"0-130","inc hosp",114.792092,3376238
"49",2024-02-24,"0-130","rate hosp",3.6,3376238
"49",2024-02-24,"0-130","inc hosp",121.544568,3376238
"49",2024-03-02,"0-130","rate hosp",2.6,3376238
"49",2024-03-02,"0-130","inc hosp",87.782188,3376238
"49",2024-03-09,"0-130","rate hosp",2.1,3376238
"49",2024-03-09,"0-130","inc hosp",70.900998,3376238
"49",2024-03-16,"0-130","rate hosp",1.8,3376238
"49",2024-03-16,"0-130","inc hosp",60.772284,3376238
"49",2024-03-23,"0-130","rate hosp",1.2,3376238
"49",2024-03-23,"0-130","inc hosp",40.514856,3376238
"49",2024-03-30,"0-130","rate hosp",1.2,3376238
"49",2024-03-30,"0-130","inc hosp",40.514856,3376238
"49",2024-04-06,"0-130","rate hosp",0.8,3376238
"49",2024-04-06,"0-130","inc hosp",27.009904,3376238
"49",2024-04-13,"0-130","rate hosp",0.5,3376238
"49",2024-04-13,"0-130","inc hosp",16.88119,3376238
"49",2024-04-20,"0-130","rate hosp",0.1,3376238
"49",2024-04-20,"0-130","inc hosp",3.376238,3376238
"49",2024-04-27,"0-130","rate hosp",0.2,3376238
"49",2024-04-27,"0-130","inc hosp",6.752476,3376238
"49",2024-05-04,"0-130","rate hosp",0.2,3376238
"49",2024-05-04,"0-130","inc hosp",6.752476,3376238
"49",2024-05-11,"0-130","rate hosp",0.1,3376238
"49",2024-05-11,"0-130","inc hosp",3.376238,3376238
"49",2024-05-18,"0-130","rate hosp",0.2,3376238
"49",2024-05-18,"0-130","inc hosp",6.752476,3376238
"49",2024-05-25,"0-130","rate hosp",0,3376238
"49",2024-05-25,"0-130","inc hosp",0,3376238
"49",2024-06-01,"0-130","rate hosp",0.1,3376238
"49",2024-06-01,"0-130","inc hosp",3.376238,3376238
"49",2024-06-08,"0-130","rate hosp",0.1,3376238
"49",2024-06-08,"0-130","inc hosp",3.376238,3376238
"49",2024-06-15,"0-130","rate hosp",0,3376238
"49",2024-06-15,"0-130","inc hosp",0,3376238
"49",2024-06-22,"0-130","rate hosp",0,3376238
"49",2024-06-22,"0-130","inc hosp",0,3376238
"49",2024-06-29,"0-130","rate hosp",0,3376238
"49",2024-06-29,"0-130","inc hosp",0,3376238
"49",2024-07-06,"0-130","rate hosp",0,3376238
"49",2024-07-06,"0-130","inc hosp",0,3376238
"49",2024-07-13,"0-130","rate hosp",0.1,3376238
"49",2024-07-13,"0-130","inc hosp",3.376238,3376238
"49",2024-07-20,"0-130","rate hosp",0,3376238
"49",2024-07-20,"0-130","inc hosp",0,3376238
"49",2024-07-27,"0-130","rate hosp",0,3376238
"49",2024-07-27,"0-130","inc hosp",0,3376238
"49",2024-08-03,"0-130","rate hosp",0,3376238
"49",2024-08-03,"0-130","inc hosp",0,3376238
"49",2024-08-10,"0-130","rate hosp",0,3376238
"49",2024-08-10,"0-130","inc hosp",0,3376238
"49",2024-08-17,"0-130","rate hosp",0,3376238
"49",2024-08-17,"0-130","inc hosp",0,3376238
"49",2024-08-24,"0-130","rate hosp",0,3376238
"49",2024-08-24,"0-130","inc hosp",0,3376238
"49",2024-08-31,"0-130","rate hosp",0,3376238
"49",2024-08-31,"0-130","inc hosp",0,3376238
"49",2024-09-07,"0-130","rate hosp",0,3376238
"49",2024-09-07,"0-130","inc hosp",0,3376238
"49",2024-09-14,"0-130","rate hosp",0,3376238
"49",2024-09-14,"0-130","inc hosp",0,3376238
"49",2024-09-21,"0-130","rate hosp",0,3376238
"49",2024-09-21,"0-130","inc hosp",0,3376238
"49",2024-09-28,"0-130","rate hosp",0,3376238
"49",2024-09-28,"0-130","inc hosp",0,3376238
"06",2024-10-05,"0-130","rate hosp",0.2,38886551
"06",2024-10-05,"0-130","inc hosp",77.773102,38886551
"06",2024-10-12,"0-130","rate hosp",0.3,38886551
"06",2024-10-12,"0-130","inc hosp",116.659653,38886551
"06",2024-10-19,"0-130","rate hosp",0.2,38886551
"06",2024-10-19,"0-130","inc hosp",77.773102,38886551
"06",2024-10-26,"0-130","rate hosp",0.1,38886551
"06",2024-10-26,"0-130","inc hosp",38.886551,38886551
"06",2024-11-02,"0-130","rate hosp",0.3,38886551
"06",2024-11-02,"0-130","inc hosp",116.659653,38886551
"06",2024-11-09,"0-130","rate hosp",0.4,38886551
"06",2024-11-09,"0-130","inc hosp",155.546204,38886551
"06",2024-11-16,"0-130","rate hosp",0.5,38886551
"06",2024-11-16,"0-130","inc hosp",194.432755,38886551
"06",2024-11-23,"0-130","rate hosp",0.7,38886551
"06",2024-11-23,"0-130","inc hosp",272.205857,38886551
"06",2024-11-30,"0-130","rate hosp",0.9,38886551
"06",2024-11-30,"0-130","inc hosp",349.978959,38886551
"06",2024-12-07,"0-130","rate hosp",1.3,38886551
"06",2024-12-07,"0-130","inc hosp",505.525163,38886551
"06",2024-12-14,"0-130","rate hosp",1.1,38886551
"06",2024-12-14,"0-130","inc hosp",427.752061,38886551
"06",2024-12-21,"0-130","rate hosp",2,38886551
"06",2024-12-21,"0-130","inc hosp",777.73102,38886551
"06",2024-12-28,"0-130","rate hosp",2.6,38886551
"06",2024-12-28,"0-130","inc hosp",1011.050326,38886551
"06",2025-01-04,"0-130","rate hosp",3.5,38886551
"06",2025-01-04,"0-130","inc hosp",1361.029285,38886551
"06",2025-01-11,"0-130","rate hosp",3.7,38886551
"06",2025-01-11,"0-130","inc hosp",1438.802387,38886551
"06",2025-01-18,"0-130","rate hosp",2.1,38886551
"06",2025-01-18,"0-130","inc hosp",816.617571,38886551
"06",2025-01-25,"0-130","rate hosp",1.8,38886551
"06",2025-01-25,"0-130","inc hosp",699.957918,38886551
"06",2025-02-01,"0-130","rate hosp",2,38886551
"06",2025-02-01,"0-130","inc hosp",777.73102,38886551
"06",2025-02-08,"0-130","rate hosp",2.1,38886551
"06",2025-02-08,"0-130","inc hosp",816.617571,38886551
"06",2025-02-15,"0-130","rate hosp",1.4,38886551
"06",2025-02-15,"0-130","inc hosp",544.411714,38886551
"06",2025-02-22,"0-130","rate hosp",1.4,38886551
"06",2025-02-22,"0-130","inc hosp",544.411714,38886551
"06",2025-03-01,"0-130","rate hosp",1.2,38886551
"06",2025-03-01,"0-130","inc hosp",466.638612,38886551
"06",2025-03-08,"0-130","rate hosp",0.6,38886551
"06",2025-03-08,"0-130","inc hosp",233.319306,38886551
"06",2025-03-15,"0-130","rate hosp",0.9,38886551
"06",2025-03-15,"0-130","inc hosp",349.978959,38886551
"06",2025-03-22,"0-130","rate hosp",0.4,38886551
"06",2025-03-22,"0-130","inc hosp",155.546204,38886551
"06",2025-03-29,"0-130","rate hosp",0.2,38886551
"06",2025-03-29,"0-130","inc hosp",77.773102,38886551
"06",2025-04-05,"0-130","rate hosp",0.5,38886551
"06",2025-04-05,"0-130","inc hosp",194.432755,38886551
"06",2025-04-12,"0-130","rate hosp",0.4,38886551
"06",2025-04-12,"0-130","inc hosp",155.546204,38886551
"06",2025-04-19,"0-130","rate hosp",0.2,38886551
"06",2025-04-19,"0-130","inc hosp",77.773102,38886551
"06",2025-04-26,"0-130","rate hosp",0,38886551
"06",2025-04-26,"0-130","inc hosp",0,38886551
"06",2025-05-03,"0-130","rate hosp",0.1,38886551
"06",2025-05-03,"0-130","inc hosp",38.886551,38886551
"06",2025-05-10,"0-130","rate hosp",0,38886551
"06",2025-05-10,"0-130","inc hosp",0,38886551
"06",2025-05-17,"0-130","rate hosp",0.1,38886551
"06",2025-05-17,"0-130","inc hosp",38.886551,38886551
"06",2025-05-24,"0-130","rate hosp",0.1,38886551
"06",2025-05-24,"0-130","inc hosp",38.886551,38886551
"06",2025-05-31,"0-130","rate hosp",0.1,38886551
"06",2025-05-31,"0-130","inc hosp",38.886551,38886551
"06",2025-06-07,"0-130","rate hosp",0,38886551
"06",2025-06-07,"0-130","inc hosp",0,38886551
"06",2025-06-14,"0-130","rate hosp",0,38886551
"06",2025-06-14,"0-130","inc hosp",0,38886551
"06",2025-06-21,"0-130","rate hosp",0,38886551
"06",2025-06-21,"0-130","inc hosp",0,38886551
"06",2025-06-28,"0-130","rate hosp",0,38886551
"06",2025-06-28,"0-130","inc hosp",0,38886551
"06",2025-07-05,"0-130","rate hosp",0,38886551
"06",2025-07-05,"0-130","inc hosp",0,38886551
"06",2025-07-12,"0-130","rate hosp",0.1,38886551
"06",2025-07-12,"0-130","inc hosp",38.886551,38886551
"06",2025-07-19,"0-130","rate hosp",0,38886551
"06",2025-07-19,"0-130","inc hosp",0,38886551
"06",2025-07-26,"0-130","rate hosp",0,38886551
"06",2025-07-26,"0-130","inc hosp",0,38886551
"06",2025-08-02,"0-130","rate hosp",0.1,38886551
"06",2025-08-02,"0-130","inc hosp",38.886551,38886551
"06",2025-08-09,"0-130","rate hosp",0,38886551
"06",2025-08-09,"0-130","inc hosp",0,38886551
"06",2025-08-16,"0-130","rate hosp",0.1,38886551
"06",2025-08-16,"0-130","inc hosp",38.886551,38886551
"06",2025-08-23,"0-130","rate hosp",0,38886551
"06",2025-08-23,"0-130","inc hosp",0,38886551
"06",2025-08-30,"0-130","rate hosp",0.1,38886551
"06",2025-08-30,"0-130","inc hosp",38.886551,38886551
"06",2025-09-06,"0-130","rate hosp",0,38886551
"06",2025-09-06,"0-130","inc hosp",0,38886551
"06",2025-09-13,"0-130","rate hosp",0.1,38886551
"06",2025-09-13,"0-130","inc hosp",38.886551,38886551
"06",2025-09-20,"0-130","rate hosp",0.1,38886551
"06",2025-09-20,"0-130","inc hosp",38.886551,38886551
"06",2025-09-27,"0-130","rate hosp",0.1,38886551
"06",2025-09-27,"0-130","inc hosp",38.886551,38886551
"08",2024-10-05,"0-130","rate hosp",0,5803748
"08",2024-10-05,"0-130","inc hosp",0,5803748
"08",2024-10-12,"0-130","rate hosp",0.1,5803748
"08",2024-10-12,"0-130","inc hosp",5.803748,5803748
"08",2024-10-19,"0-130","rate hosp",0.2,5803748
"08",2024-10-19,"0-130","inc hosp",11.607496,5803748
"08",2024-10-26,"0-130","rate hosp",0.1,5803748
"08",2024-10-26,"0-130","inc hosp",5.803748,5803748
"08",2024-11-02,"0-130","rate hosp",0.1,5803748
"08",2024-11-02,"0-130","inc hosp",5.803748,5803748
"08",2024-11-09,"0-130","rate hosp",0.3,5803748
"08",2024-11-09,"0-130","inc hosp",17.411244,5803748
"08",2024-11-16,"0-130","rate hosp",0.5,5803748
"08",2024-11-16,"0-130","inc hosp",29.01874,5803748
"08",2024-11-23,"0-130","rate hosp",0.7,5803748
"08",2024-11-23,"0-130","inc hosp",40.626236,5803748
"08",2024-11-30,"0-130","rate hosp",0.6,5803748
"08",2024-11-30,"0-130","inc hosp",34.822488,5803748
"08",2024-12-07,"0-130","rate hosp",1,5803748
"08",2024-12-07,"0-130","inc hosp",58.03748,5803748
"08",2024-12-14,"0-130","rate hosp",2,5803748
"08",2024-12-14,"0-130","inc hosp",116.07496,5803748
"08",2024-12-21,"0-130","rate hosp",2.5,5803748
"08",2024-12-21,"0-130","inc hosp",145.0937,5803748
"08",2024-12-28,"0-130","rate hosp",4.2,5803748
"08",2024-12-28,"0-130","inc hosp",243.757416,5803748
"08",2025-01-04,"0-130","rate hosp",3.6,5803748
"08",2025-01-04,"0-130","inc hosp",208.934928,5803748
"08",2025-01-11,"0-130","rate hosp",3.9,5803748
"08",2025-01-11,"0-130","inc hosp",226.346172,5803748
"08",2025-01-18,"0-130","rate hosp",4.5,5803748
"08",2025-01-18,"0-130","inc hosp",261.16866,5803748
"08",2025-01-25,"0-130","rate hosp",5.2,5803748
"08",2025-01-25,"0-130","inc hosp",301.794896,5803748
"08",2025-02-01,"0-130","rate hosp",5.3,5803748
"08",2025-02-01,"0-130","inc hosp",307.598644,5803748
"08",2025-02-08,"0-130","rate hosp",5.7,5803748
"08",2025-02-08,"0-130","inc hosp",330.813636,5803748
"08",2025-02-15,"0-130","rate hosp",5.5,5803748
"08",2025-02-15,"0-130","inc hosp",319.20614,5803748
"08",2025-02-22,"0-130","rate hosp",6,5803748
"08",2025-02-22,"0-130","inc hosp",348.22488,5803748
"08",2025-03-01,"0-130","rate hosp",5.6,5803748
"08",2025-03-01,"0-130","inc hosp",325.009888,5803748
"08",2025-03-08,"0-130","rate hosp",4.4,5803748
"08",2025-03-08,"0-130","inc hosp",255.364912,5803748
"08",2025-03-15,"0-130","rate hosp",4.3,5803748
"08",2025-03-15,"0-130","inc hosp",249.561164,5803748
"08",2025-03-22,"0-130","rate hosp",2.7,5803748
"08",2025-03-22,"0-130","inc hosp",156.701196,5803748
"08",2025-03-29,"0-130","rate hosp",2.5,5803748
"08",2025-03-29,"0-130","inc hosp",145.0937,5803748
"08",2025-04-05,"0-130","rate hosp",1.8,5803748
"08",2025-04-05,"0-130","inc hosp",104.467464,5803748
"08",2025-04-12,"0-130","rate hosp",1.2,5803748
"08",2025-04-12,"0-130","inc hosp",69.644976,5803748
"08",2025-04-19,"0-130","rate hosp",0.8,5803748
"08",2025-04-19,"0-130","inc hosp",46.429984,5803748
"08",2025-04-26,"0-130","rate hosp",0.8,5803748
"08",2025-04-26,"0-130","inc hosp",46.429984,5803748
"08",2025-05-03,"0-130","rate hosp",0.6,5803748
"08",2025-05-03,"0-130","inc hosp",34.822488,5803748
"08",2025-05-10,"0-130","rate hosp",0.4,5803748
"08",2025-05-10,"0-130","inc hosp",23.214992,5803748
"08",2025-05-17,"0-130","rate hosp",0.2,5803748
"08",2025-05-17,"0-130","inc hosp",11.607496,5803748
"08",2025-05-24,"0-130","rate hosp",0.2,5803748
"08",2025-05-24,"0-130","inc hosp",11.607496,5803748
"08",2025-05-31,"0-130","rate hosp",0.2,5803748
"08",2025-05-31,"0-130","inc hosp",11.607496,5803748
"08",2025-06-07,"0-130","rate hosp",0.1,5803748
"08",2025-06-07,"0-130","inc hosp",5.803748,5803748
"08",2025-06-14,"0-130","rate hosp",0,5803748
"08",2025-06-14,"0-130","inc hosp",0,5803748
"08",2025-06-21,"0-130","rate hosp",0,5803748
"08",2025-06-21,"0-130","inc hosp",0,5803748
"08",2025-06-28,"0-130","rate hosp",0,5803748
"08",2025-06-28,"0-130","inc hosp",0,5803748
"08",2025-07-05,"0-130","rate hosp",0,5803748
"08",2025-07-05,"0-130","inc hosp",0,5803748
"08",2025-07-12,"0-130","rate hosp",0,5803748
"08",2025-07-12,"0-130","inc hosp",0,5803748
"08",2025-07-19,"0-130","rate hosp",0,5803748
"08",2025-07-19,"0-130","inc hosp",0,5803748
"08",2025-07-26,"0-130","rate hosp",0,5803748
"08",2025-07-26,"0-130","inc hosp",0,5803748
"08",2025-08-02,"0-130","rate hosp",0,5803748
"08",2025-08-02,"0-130","inc hosp",0,5803748
"08",2025-08-09,"0-130","rate hosp",0,5803748
"08",2025-08-09,"0-130","inc hosp",0,5803748
"08",2025-08-16,"0-130","rate hosp",0,5803748
"08",2025-08-16,"0-130","inc hosp",0,5803748
"08",2025-08-23,"0-130","rate hosp",0,5803748
"08",2025-08-23,"0-130","inc hosp",0,5803748
"08",2025-08-30,"0-130","rate hosp",0,5803748
"08",2025-08-30,"0-130","inc hosp",0,5803748
"08",2025-09-06,"0-130","rate hosp",0,5803748
"08",2025-09-06,"0-130","inc hosp",0,5803748
"08",2025-09-13,"0-130","rate hosp",0,5803748
"08",2025-09-13,"0-130","inc hosp",0,5803748
"08",2025-09-20,"0-130","rate hosp",0,5803748
"08",2025-09-20,"0-130","inc hosp",0,5803748
"08",2025-09-27,"0-130","rate hosp",0,5803748
"08",2025-09-27,"0-130","inc hosp",0,5803748
"09",2024-10-05,"0-130","rate hosp",0.2,3621089
"09",2024-10-05,"0-130","inc hosp",7.242178,3621089
"09",2024-10-12,"0-130","rate hosp",0.3,3621089
"09",2024-10-12,"0-130","inc hosp",10.863267,3621089
"09",2024-10-19,"0-130","rate hosp",0.4,3621089
"09",2024-10-19,"0-130","inc hosp",14.484356,3621089
"09",2024-10-26,"0-130","rate hosp",0.9,3621089
"09",2024-10-26,"0-130","inc hosp",32.589801,3621089
"09",2024-11-02,"0-130","rate hosp",0.7,3621089
"09",2024-11-02,"0-130","inc hosp",25.347623,3621089
"09",2024-11-09,"0-130","rate hosp",0.6,3621089
"09",2024-11-09,"0-130","inc hosp",21.726534,3621089
"09",2024-11-16,"0-130","rate hosp",0.9,3621089
"09",2024-11-16,"0-130","inc hosp",32.589801,3621089
"09",2024-11-23,"0-130","rate hosp",2.2,3621089
"09",2024-11-23,"0-130","inc hosp",79.663958,3621089
"09",2024-11-30,"0-130","rate hosp",2.4,3621089
"09",2024-11-30,"0-130","inc hosp",86.906136,3621089
"09",2024-12-07,"0-130","rate hosp",1.6,3621089
"09",2024-12-07,"0-130","inc hosp",57.937424,3621089
"09",2024-12-14,"0-130","rate hosp",2.7,3621089
"09",2024-12-14,"0-130","inc hosp",97.769403,3621089
"09",2024-12-21,"0-130","rate hosp",4.1,3621089
"09",2024-12-21,"0-130","inc hosp",148.464649,3621089
"09",2024-12-28,"0-130","rate hosp",5.2,3621089
"09",2024-12-28,"0-130","inc hosp",188.296628,3621089
"09",2025-01-04,"0-130","rate hosp",7.7,3621089
"09",2025-01-04,"0-130","inc hosp",278.823853,3621089
"09",2025-01-11,"0-130","rate hosp",5.3,3621089
"09",2025-01-11,"0-130","inc hosp",191.917717,3621089
"09",2025-01-18,"0-130","rate hosp",3.9,3621089
"09",2025-01-18,"0-130","inc hosp",141.222471,3621089
"09",2025-01-25,"0-130","rate hosp",3.3,3621089
"09",2025-01-25,"0-130","inc hosp",119.495937,3621089
"09",2025-02-01,"0-130","rate hosp",2.6,3621089
"09",2025-02-01,"0-130","inc hosp",94.148314,3621089
"09",2025-02-08,"0-130","rate hosp",2.5,3621089
"09",2025-02-08,"0-130","inc hosp",90.527225,3621089
"09",2025-02-15,"0-130","rate hosp",1.3,3621089
"09",2025-02-15,"0-130","inc hosp",47.074157,3621089
"09",2025-02-22,"0-130","rate hosp",0.8,3621089
"09",2025-02-22,"0-130","inc hosp",28.968712,3621089
"09",2025-03-01,"0-130","rate hosp",0.7,3621089
"09",2025-03-01,"0-130","inc hosp",25.347623,3621089
"09",2025-03-08,"0-130","rate hosp",0.8,3621089
"09",2025-03-08,"0-130","inc hosp",28.968712,3621089
"09",2025-03-15,"0-130","rate hosp",1.1,3621089
"09",2025-03-15,"0-130","inc hosp",39.831979,3621089
"09",2025-03-22,"0-130","rate hosp",0.8,3621089
"09",2025-03-22,"0-130","inc hosp",28.968712,3621089
"09",2025-03-29,"0-130","rate hosp",0.7,3621089
"09",2025-03-29,"0-130","inc hosp",25.347623,3621089
"09",2025-04-05,"0-130","rate hosp",0.3,3621089
"09",2025-04-05,"0-130","inc hosp",10.863267,3621089
"09",2025-04-12,"0-130","rate hosp",0.4,3621089
"09",2025-04-12,"0-130","inc hosp",14.484356,3621089
"09",2025-04-19,"0-130","rate hosp",0.5,3621089
"09",2025-04-19,"0-130","inc hosp",18.105445,3621089
"09",2025-04-26,"0-130","rate hosp",0.2,3621089
"09",2025-04-26,"0-130","inc hosp",7.242178,3621089
"09",2025-05-03,"0-130","rate hosp",0.1,3621089
"09",2025-05-03,"0-130","inc hosp",3.621089,3621089
"09",2025-05-10,"0-130","rate hosp",0,3621089
"09",2025-05-10,"0-130","inc hosp",0,3621089
"09",2025-05-17,"0-130","rate hosp",0.4,3621089
"09",2025-05-17,"0-130","inc hosp",14.484356,3621089
"09",2025-05-24,"0-130","rate hosp",0,3621089
"09",2025-05-24,"0-130","inc hosp",0,3621089
"09",2025-05-31,"0-130","rate hosp",0.2,3621089
"09",2025-05-31,"0-130","inc hosp",7.242178,3621089
"09",2025-06-07,"0-130","rate hosp",0.2,3621089
"09",2025-06-07,"0-130","inc hosp",7.242178,3621089
"09",2025-06-14,"0-130","rate hosp",0.2,3621089
"09",2025-06-14,"0-130","inc hosp",7.242178,3621089
"09",2025-06-21,"0-130","rate hosp",0.1,3621089
"09",2025-06-21,"0-130","inc hosp",3.621089,3621089
"09",2025-06-28,"0-130","rate hosp",0,3621089
"09",2025-06-28,"0-130","inc hosp",0,3621089
"09",2025-07-05,"0-130","rate hosp",0.1,3621089
"09",2025-07-05,"0-130","inc hosp",3.621089,3621089
"09",2025-07-12,"0-130","rate hosp",0,3621089
"09",2025-07-12,"0-130","inc hosp",0,3621089
"09",2025-07-19,"0-130","rate hosp",0,3621089
"09",2025-07-19,"0-130","inc hosp",0,3621089
"09",2025-07-26,"0-130","rate hosp",0,3621089
"09",2025-07-26,"0-130","inc hosp",0,3621089
"09",2025-08-02,"0-130","rate hosp",0.1,3621089
"09",2025-08-02,"0-130","inc hosp",3.621089,3621089
"09",2025-08-09,"0-130","rate hosp",0,3621089
"09",2025-08-09,"0-130","inc hosp",0,3621089
"09",2025-08-16,"0-130","rate hosp",0,3621089
"09",2025-08-16,"0-130","inc hosp",0,3621089
"09",2025-08-23,"0-130","rate hosp",0,3621089
"09",2025-08-23,"0-130","inc hosp",0,3621089
"09",2025-08-30,"0-130","rate hosp",0.1,3621089
"09",2025-08-30,"0-130","inc hosp",3.621089,3621089
"09",2025-09-06,"0-130","rate hosp",0.2,3621089
"09",2025-09-06,"0-130","inc hosp",7.242178,3621089
"09",2025-09-13,"0-130","rate hosp",0,3621089
"09",2025-09-13,"0-130","inc hosp",0,3621089
"09",2025-09-20,"0-130","rate hosp",0,3621089
"09",2025-09-20,"0-130","inc hosp",0,3621089
"09",2025-09-27,"0-130","rate hosp",0.1,3621089
"09",2025-09-27,"0-130","inc hosp",3.621089,3621089
"13",2024-10-05,"0-130","rate hosp",0.8,10855454
"13",2024-10-05,"0-130","inc hosp",86.843632,10855454
"13",2024-10-12,"0-130","rate hosp",1,10855454
"13",2024-10-12,"0-130","inc hosp",108.55454,10855454
"13",2024-10-19,"0-130","rate hosp",1.3,10855454
"13",2024-10-19,"0-130","inc hosp",141.120902,10855454
"13",2024-10-26,"0-130","rate hosp",1.9,10855454
"13",2024-10-26,"0-130","inc hosp",206.253626,10855454
"13",2024-11-02,"0-130","rate hosp",2.1,10855454
"13",2024-11-02,"0-130","inc hosp",227.964534,10855454
"13",2024-11-09,"0-130","rate hosp",2.4,10855454
"13",2024-11-09,"0-130","inc hosp",260.530896,10855454
"13",2024-11-16,"0-130","rate hosp",3.7,10855454
"13",2024-11-16,"0-130","inc hosp",401.651798,10855454
"13",2024-11-23,"0-130","rate hosp",4.3,10855454
"13",2024-11-23,"0-130","inc hosp",466.784522,10855454
"13",2024-11-30,"0-130","rate hosp",4.7,10855454
"13",2024-11-30,"0-130","inc hosp",510.206338,10855454
"13",2024-12-07,"0-130","rate hosp",4.6,10855454
"13",2024-12-07,"0-130","inc hosp",499.350884,10855454
"13",2024-12-14,"0-130","rate hosp",4.6,10855454
"13",2024-12-14,"0-130","inc hosp",499.350884,10855454
"13",2024-12-21,"0-130","rate hosp",4.8,10855454
"13",2024-12-21,"0-130","inc hosp",521.061792,10855454
"13",2024-12-28,"0-130","rate hosp",4.4,10855454
"13",2024-12-28,"0-130","inc hosp",477.639976,10855454
"13",2025-01-04,"0-130","rate hosp",4.7,10855454
"13",2025-01-04,"0-130","inc hosp",510.206338,10855454
"13",2025-01-11,"0-130","rate hosp",3.3,10855454
"13",2025-01-11,"0-130","inc hosp",358.229982,10855454
"13",2025-01-18,"0-130","rate hosp",3,10855454
"13",2025-01-18,"0-130","inc hosp",325.66362,10855454
"13",2025-01-25,"0-130","rate hosp",1.8,10855454
"13",2025-01-25,"0-130","inc hosp",195.398172,10855454
"13",2025-02-01,"0-130","rate hosp",1.6,10855454
"13",2025-02-01,"0-130","inc hosp",173.687264,10855454
"13",2025-02-08,"0-130","rate hosp",1.5,10855454
"13",2025-02-08,"0-130","inc hosp",162.83181,10855454
"13",2025-02-15,"0-130","rate hosp",1.5,10855454
"13",2025-02-15,"0-130","inc hosp",162.83181,10855454
"13",2025-02-22,"0-130","rate hosp",0.8,10855454
"13",2025-02-22,"0-130","inc hosp",86.843632,10855454
"13",2025-03-01,"0-130","rate hosp",0.7,10855454
"13",2025-03-01,"0-130","inc hosp",75.988178,10855454
"13",2025-03-08,"0-130","rate hosp",0.8,10855454
"13",2025-03-08,"0-130","inc hosp",86.843632,10855454
"13",2025-03-15,"0-130","rate hosp",0.6,10855454
"13",2025-03-15,"0-130","inc hosp",65.132724,10855454
"13",2025-03-22,"0-130","rate hosp",0.6,10855454
"13",2025-03-22,"0-130","inc hosp",65.132724,10855454
"13",2025-03-29,"0-130","rate hosp",0.4,10855454
"13",2025-03-29,"0-130","inc hosp",43.421816,10855454
"13",2025-04-05,"0-130","rate hosp",0.5,10855454
"13",2025-04-05,"0-130","inc hosp",54.27727,10855454
"13",2025-04-12,"0-130","rate hosp",0.4,10855454
"13",2025-04-12,"0-130","inc hosp",43.421816,10855454
"13",2025-04-19,"0-130","rate hosp",0.1,10855454
"13",2025-04-19,"0-130","inc hosp",10.855454,10855454
"13",2025-04-26,"0-130","rate hosp",0.2,10855454
"13",2025-04-26,"0-130","inc hosp",21.710908,10855454
"13",2025-05-03,"0-130","rate hosp",0.2,10855454
"13",2025-05-03,"0-130","inc hosp",21.710908,10855454
"13",2025-05-10,"0-130","rate hosp",0.1,10855454
"13",2025-05-10,"0-130","inc hosp",10.855454,10855454
"13",2025-05-17,"0-130","rate hosp",0.1,10855454
"13",2025-05-17,"0-130","inc hosp",10.855454,10855454
"13",2025-05-24,"0-130","rate hosp",0.2,10855454
"13",2025-05-24,"0-130","inc hosp",21.710908,10855454
"13",2025-05-31,"0-130","rate hosp",0.1,10855454
"13",2025-05-31,"0-130","inc hosp",10.855454,10855454
"13",2025-06-07,"0-130","rate hosp",0.1,10855454
"13",2025-06-07,"0-130","inc hosp",10.855454,10855454
"13",2025-06-14,"0-130","rate hosp",0.2,10855454
"13",2025-06-14,"0-130","inc hosp",21.710908,10855454
"13",2025-06-21,"0-130","rate hosp",0.2,10855454
"13",2025-06-21,"0-130","inc hosp",21.710908,10855454
"13",2025-06-28,"0-130","rate hosp",0,10855454
"13",2025-06-28,"0-130","inc hosp",0,10855454
"13",2025-07-05,"0-130","rate hosp",0,10855454
"13",2025-07-05,"0-130","inc hosp",0,10855454
"13",2025-07-12,"0-130","rate hosp",0.1,10855454
"13",2025-07-12,"0-130","inc hosp",10.855454,10855454
"13",2025-07-19,"0-130","rate hosp",0.1,10855454
"13",2025-07-19,"0-130","inc hosp",10.855454,10855454
"13",2025-07-26,"0-130","rate hosp",0.1,10855454
"13",2025-07-26,"0-130","inc hosp",10.855454,10855454
"13",2025-08-02,"0-130","rate hosp",0.1,10855454
"13",2025-08-02,"0-130","inc hosp",10.855454,10855454
"13",2025-08-09,"0-130","rate hosp",0.1,10855454
"13",2025-08-09,"0-130","inc hosp",10.855454,10855454
"13",2025-08-16,"0-130","rate hosp",0.2,10855454
"13",2025-08-16,"0-130","inc hosp",21.710908,10855454
"13",2025-08-23,"0-130","rate hosp",0.1,10855454
"13",2025-08-23,"0-130","inc hosp",10.855454,10855454
"13",2025-08-30,"0-130","rate hosp",0.1,10855454
"13",2025-08-30,"0-130","inc hosp",10.855454,10855454
"13",2025-09-06,"0-130","rate hosp",0.2,10855454
"13",2025-09-06,"0-130","inc hosp",21.710908,10855454
"13",2025-09-13,"0-130","rate hosp",0.2,10855454
"13",2025-09-13,"0-130","inc hosp",21.710908,10855454
"13",2025-09-20,"0-130","rate hosp",0.2,10855454
"13",2025-09-20,"0-130","inc hosp",21.710908,10855454
"13",2025-09-27,"0-130","rate hosp",0.3,10855454
"13",2025-09-27,"0-130","inc hosp",32.566362,10855454
"24",2024-10-05,"0-130","rate hosp",0.2,6133130
"24",2024-10-05,"0-130","inc hosp",12.26626,6133130
"24",2024-10-12,"0-130","rate hosp",0.3,6133130
"24",2024-10-12,"0-130","inc hosp",18.39939,6133130
"24",2024-10-19,"0-130","rate hosp",0.5,6133130
"24",2024-10-19,"0-130","inc hosp",30.66565,6133130
"24",2024-10-26,"0-130","rate hosp",0.9,6133130
"24",2024-10-26,"0-130","inc hosp",55.19817,6133130
"24",2024-11-02,"0-130","rate hosp",1.3,6133130
"24",2024-11-02,"0-130","inc hosp",79.73069,6133130
"24",2024-11-09,"0-130","rate hosp",2.2,6133130
"24",2024-11-09,"0-130","inc hosp",134.92886,6133130
"24",2024-11-16,"0-130","rate hosp",2.2,6133130
"24",2024-11-16,"0-130","inc hosp",134.92886,6133130
"24",2024-11-23,"0-130","rate hosp",2.4,6133130
"24",2024-11-23,"0-130","inc hosp",147.19512,6133130
"24",2024-11-30,"0-130","rate hosp",3.5,6133130
"24",2024-11-30,"0-130","inc hosp",214.65955,6133130
"24",2024-12-07,"0-130","rate hosp",3.9,6133130
"24",2024-12-07,"0-130","inc hosp",239.19207,6133130
"24",2024-12-14,"0-130","rate hosp",4.2,6133130
"24",2024-12-14,"0-130","inc hosp",257.59146,6133130
"24",2024-12-21,"0-130","rate hosp",4.8,6133130
"24",2024-12-21,"0-130","inc hosp",294.39024,6133130
"24",2024-12-28,"0-130","rate hosp",4.4,6133130
"24",2024-12-28,"0-130","inc hosp",269.85772,6133130
"24",2025-01-04,"0-130","rate hosp",4.7,6133130
"24",2025-01-04,"0-130","inc hosp",288.25711,6133130
"24",2025-01-11,"0-130","rate hosp",3,6133130
"24",2025-01-11,"0-130","inc hosp",183.9939,6133130
"24",2025-01-18,"0-130","rate hosp",2.8,6133130
"24",2025-01-18,"0-130","inc hosp",171.72764,6133130
"24",2025-01-25,"0-130","rate hosp",1.4,6133130
"24",2025-01-25,"0-130","inc hosp",85.86382,6133130
"24",2025-02-01,"0-130","rate hosp",2,6133130
"24",2025-02-01,"0-130","inc hosp",122.6626,6133130
"24",2025-02-08,"0-130","rate hosp",1.5,6133130
"24",2025-02-08,"0-130","inc hosp",91.99695,6133130
"24",2025-02-15,"0-130","rate hosp",1.3,6133130
"24",2025-02-15,"0-130","inc hosp",79.73069,6133130
"24",2025-02-22,"0-130","rate hosp",1.5,6133130
"24",2025-02-22,"0-130","inc hosp",91.99695,6133130
"24",2025-03-01,"0-130","rate hosp",0.8,6133130
"24",2025-03-01,"0-130","inc hosp",49.06504,6133130
"24",2025-03-08,"0-130","rate hosp",0.5,6133130
"24",2025-03-08,"0-130","inc hosp",30.66565,6133130
"24",2025-03-15,"0-130","rate hosp",0.4,6133130
"24",2025-03-15,"0-130","inc hosp",24.53252,6133130
"24",2025-03-22,"0-130","rate hosp",0.4,6133130
"24",2025-03-22,"0-130","inc hosp",24.53252,6133130
"24",2025-03-29,"0-130","rate hosp",0.2,6133130
"24",2025-03-29,"0-130","inc hosp",12.26626,6133130
"24",2025-04-05,"0-130","rate hosp",0.4,6133130
"24",2025-04-05,"0-130","inc hosp",24.53252,6133130
"24",2025-04-12,"0-130","rate hosp",0.3,6133130
"24",2025-04-12,"0-130","inc hosp",18.39939,6133130
"24",2025-04-19,"0-130","rate hosp",0.3,6133130
"24",2025-04-19,"0-130","inc hosp",18.39939,6133130
"24",2025-04-26,"0-130","rate hosp",0,6133130
"24",2025-04-26,"0-130","inc hosp",0,6133130
"24",2025-05-03,"0-130","rate hosp",0.2,6133130
"24",2025-05-03,"0-130","inc hosp",12.26626,6133130
"24",2025-05-10,"0-130","rate hosp",0.1,6133130
"24",2025-05-10,"0-130","inc hosp",6.13313,6133130
"24",2025-05-17,"0-130","rate hosp",0.2,6133130
"24",2025-05-17,"0-130","inc hosp",12.26626,6133130
"24",2025-05-24,"0-130","rate hosp",0.1,6133130
"24",2025-05-24,"0-130","inc hosp",6.13313,6133130
"24",2025-05-31,"0-130","rate hosp",0.1,6133130
"24",2025-05-31,"0-130","inc hosp",6.13313,6133130
"24",2025-06-07,"0-130","rate hosp",0.1,6133130
"24",2025-06-07,"0-130","inc hosp",6.13313,6133130
"24",2025-06-14,"0-130","rate hosp",0.1,6133130
"24",2025-06-14,"0-130","inc hosp",6.13313,6133130
"24",2025-06-21,"0-130","rate hosp",0.1,6133130
"24",2025-06-21,"0-130","inc hosp",6.13313,6133130
"24",2025-06-28,"0-130","rate hosp",0,6133130
"24",2025-06-28,"0-130","inc hosp",0,6133130
"24",2025-07-05,"0-130","rate hosp",0.1,6133130
"24",2025-07-05,"0-130","inc hosp",6.13313,6133130
"24",2025-07-12,"0-130","rate hosp",0,6133130
"24",2025-07-12,"0-130","inc hosp",0,6133130
"24",2025-07-19,"0-130","rate hosp",0.1,6133130
"24",2025-07-19,"0-130","inc hosp",6.13313,6133130
"24",2025-07-26,"0-130","rate hosp",0,6133130
"24",2025-07-26,"0-130","inc hosp",0,6133130
"24",2025-08-02,"0-130","rate hosp",0,6133130
"24",2025-08-02,"0-130","inc hosp",0,6133130
"24",2025-08-09,"0-130","rate hosp",0.1,6133130
"24",2025-08-09,"0-130","inc hosp",6.13313,6133130
"24",2025-08-16,"0-130","rate hosp",0,6133130
"24",2025-08-16,"0-130","inc hosp",0,6133130
"24",2025-08-23,"0-130","rate hosp",0.1,6133130
"24",2025-08-23,"0-130","inc hosp",6.13313,6133130
"24",2025-08-30,"0-130","rate hosp",0,6133130
"24",2025-08-30,"0-130","inc hosp",0,6133130
"24",2025-09-06,"0-130","rate hosp",0,6133130
"24",2025-09-06,"0-130","inc hosp",0,6133130
"24",2025-09-13,"0-130","rate hosp",0.1,6133130
"24",2025-09-13,"0-130","inc hosp",6.13313,6133130
"24",2025-09-20,"0-130","rate hosp",0.1,6133130
"24",2025-09-20,"0-130","inc hosp",6.13313,6133130
"24",2025-09-27,"0-130","rate hosp",0.1,6133130
"24",2025-09-27,"0-130","inc hosp",6.13313,6133130
"26",2024-10-05,"0-130","rate hosp",0,10032075
"26",2024-10-05,"0-130","inc hosp",0,10032075
"26",2024-10-12,"0-130","rate hosp",0,10032075
"26",2024-10-12,"0-130","inc hosp",0,10032075
"26",2024-10-19,"0-130","rate hosp",0.1,10032075
"26",2024-10-19,"0-130","inc hosp",10.032075,10032075
"26",2024-10-26,"0-130","rate hosp",0.1,10032075
"26",2024-10-26,"0-130","inc hosp",10.032075,10032075
"26",2024-11-02,"0-130","rate hosp",0.1,10032075
"26",2024-11-02,"0-130","inc hosp",10.032075,10032075
"26",2024-11-09,"0-130","rate hosp",0,10032075
"26",2024-11-09,"0-130","inc hosp",0,10032075
"26",2024-11-16,"0-130","rate hosp",0.6,10032075
"26",2024-11-16,"0-130","inc hosp",60.19245,10032075
"26",2024-11-23,"0-130","rate hosp",1,10032075
"26",2024-11-23,"0-130","inc hosp",100.32075,10032075
"26",2024-11-30,"0-130","rate hosp",1.2,10032075
"26",2024-11-30,"0-130","inc hosp",120.3849,10032075
"26",2024-12-07,"0-130","rate hosp",1,10032075
"26",2024-12-07,"0-130","inc hosp",100.32075,10032075
"26",2024-12-14,"0-130","rate hosp",1.9,10032075
"26",2024-12-14,"0-130","inc hosp",190.609425,10032075
"26",2024-12-21,"0-130","rate hosp",2.5,10032075
"26",2024-12-21,"0-130","inc hosp",250.801875,10032075
"26",2024-12-28,"0-130","rate hosp",4.5,10032075
"26",2024-12-28,"0-130","inc hosp",451.443375,10032075
"26",2025-01-04,"0-130","rate hosp",4.7,10032075
"26",2025-01-04,"0-130","inc hosp",471.507525,10032075
"26",2025-01-11,"0-130","rate hosp",4.9,10032075
"26",2025-01-11,"0-130","inc hosp",491.571675,10032075
"26",2025-01-18,"0-130","rate hosp",3.6,10032075
"26",2025-01-18,"0-130","inc hosp",361.1547,10032075
"26",2025-01-25,"0-130","rate hosp",3.5,10032075
"26",2025-01-25,"0-130","inc hosp",351.122625,10032075
"26",2025-02-01,"0-130","rate hosp",3,10032075
"26",2025-02-01,"0-130","inc hosp",300.96225,10032075
"26",2025-02-08,"0-130","rate hosp",2.4,10032075
"26",2025-02-08,"0-130","inc hosp",240.7698,10032075
"26",2025-02-15,"0-130","rate hosp",2.7,10032075
"26",2025-02-15,"0-130","inc hosp",270.866025,10032075
"26",2025-02-22,"0-130","rate hosp",3.6,10032075
"26",2025-02-22,"0-130","inc hosp",361.1547,10032075
"26",2025-03-01,"0-130","rate hosp",1.6,10032075
"26",2025-03-01,"0-130","inc hosp",160.5132,10032075
"26",2025-03-08,"0-130","rate hosp",1.6,10032075
"26",2025-03-08,"0-130","inc hosp",160.5132,10032075
"26",2025-03-15,"0-130","rate hosp",1.1,10032075
"26",2025-03-15,"0-130","inc hosp",110.352825,10032075
"26",2025-03-22,"0-130","rate hosp",1.5,10032075
"26",2025-03-22,"0-130","inc hosp",150.481125,10032075
"26",2025-03-29,"0-130","rate hosp",0.8,10032075
"26",2025-03-29,"0-130","inc hosp",80.2566,10032075
"26",2025-04-05,"0-130","rate hosp",1.1,10032075
"26",2025-04-05,"0-130","inc hosp",110.352825,10032075
"26",2025-04-12,"0-130","rate hosp",0.6,10032075
"26",2025-04-12,"0-130","inc hosp",60.19245,10032075
"26",2025-04-19,"0-130","rate hosp",0.9,10032075
"26",2025-04-19,"0-130","inc hosp",90.288675,10032075
"26",2025-04-26,"0-130","rate hosp",0.4,10032075
"26",2025-04-26,"0-130","inc hosp",40.1283,10032075
"26",2025-05-03,"0-130","rate hosp",0.2,10032075
"26",2025-05-03,"0-130","inc hosp",20.06415,10032075
"26",2025-05-10,"0-130","rate hosp",0.3,10032075
"26",2025-05-10,"0-130","inc hosp",30.096225,10032075
"26",2025-05-17,"0-130","rate hosp",0.2,10032075
"26",2025-05-17,"0-130","inc hosp",20.06415,10032075
"26",2025-05-24,"0-130","rate hosp",0.2,10032075
"26",2025-05-24,"0-130","inc hosp",20.06415,10032075
"26",2025-05-31,"0-130","rate hosp",0.1,10032075
"26",2025-05-31,"0-130","inc hosp",10.032075,10032075
"26",2025-06-07,"0-130","rate hosp",0,10032075
"26",2025-06-07,"0-130","inc hosp",0,10032075
"26",2025-06-14,"0-130","rate hosp",0,10032075
"26",2025-06-14,"0-130","inc hosp",0,10032075
"26",2025-06-21,"0-130","rate hosp",0,10032075
"26",2025-06-21,"0-130","inc hosp",0,10032075
"26",2025-06-28,"0-130","rate hosp",0,10032075
"26",2025-06-28,"0-130","inc hosp",0,10032075
"26",2025-07-05,"0-130","rate hosp",0,10032075
"26",2025-07-05,"0-130","inc hosp",0,10032075
"26",2025-07-12,"0-130","rate hosp",0,10032075
"26",2025-07-12,"0-130","inc hosp",0,10032075
"26",2025-07-19,"0-130","rate hosp",0,10032075
"26",2025-07-19,"0-130","inc hosp",0,10032075
"26",2025-07-26,"0-130","rate hosp",0,10032075
"26",2025-07-26,"0-130","inc hosp",0,10032075
"26",2025-08-02,"0-130","rate hosp",0,10032075
"26",2025-08-02,"0-130","inc hosp",0,10032075
"26",2025-08-09,"0-130","rate hosp",0,10032075
"26",2025-08-09,"0-130","inc hosp",0,10032075
"26",2025-08-16,"0-130","rate hosp",0,10032075
"26",2025-08-16,"0-130","inc hosp",0,10032075
"26",2025-08-23,"0-130","rate hosp",0,10032075
"26",2025-08-23,"0-130","inc hosp",0,10032075
"26",2025-08-30,"0-130","rate hosp",0,10032075
"26",2025-08-30,"0-130","inc hosp",0,10032075
"26",2025-09-06,"0-130","rate hosp",0,10032075
"26",2025-09-06,"0-130","inc hosp",0,10032075
"26",2025-09-13,"0-130","rate hosp",0,10032075
"26",2025-09-13,"0-130","inc hosp",0,10032075
"26",2025-09-20,"0-130","rate hosp",0,10032075
"26",2025-09-20,"0-130","inc hosp",0,10032075
"26",2025-09-27,"0-130","rate hosp",0.1,10032075
"26",2025-09-27,"0-130","inc hosp",10.032075,10032075
"27",2024-10-05,"0-130","rate hosp",0.1,5716548
"27",2024-10-05,"0-130","inc hosp",5.716548,5716548
"27",2024-10-12,"0-130","rate hosp",0,5716548
"27",2024-10-12,"0-130","inc hosp",0,5716548
"27",2024-10-19,"0-130","rate hosp",0,5716548
"27",2024-10-19,"0-130","inc hosp",0,5716548
"27",2024-10-26,"0-130","rate hosp",0.1,5716548
"27",2024-10-26,"0-130","inc hosp",5.716548,5716548
"27",2024-11-02,"0-130","rate hosp",0,5716548
"27",2024-11-02,"0-130","inc hosp",0,5716548
"27",2024-11-09,"0-130","rate hosp",0.2,5716548
"27",2024-11-09,"0-130","inc hosp",11.433096,5716548
"27",2024-11-16,"0-130","rate hosp",0.2,5716548
"27",2024-11-16,"0-130","inc hosp",11.433096,5716548
"27",2024-11-23,"0-130","rate hosp",0.2,5716548
"27",2024-11-23,"0-130","inc hosp",11.433096,5716548
"27",2024-11-30,"0-130","rate hosp",0.4,5716548
"27",2024-11-30,"0-130","inc hosp",22.866192,5716548
"27",2024-12-07,"0-130","rate hosp",0.6,5716548
"27",2024-12-07,"0-130","inc hosp",34.299288,5716548
"27",2024-12-14,"0-130","rate hosp",1,5716548
"27",2024-12-14,"0-130","inc hosp",57.16548,5716548
"27",2024-12-21,"0-130","rate hosp",1.8,5716548
"27",2024-12-21,"0-130","inc hosp",102.897864,5716548
"27",2024-12-28,"0-130","rate hosp",2.4,5716548
"27",2024-12-28,"0-130","inc hosp",137.197152,5716548
"27",2025-01-04,"0-130","rate hosp",3.2,5716548
"27",2025-01-04,"0-130","inc hosp",182.929536,5716548
"27",2025-01-11,"0-130","rate hosp",4.3,5716548
"27",2025-01-11,"0-130","inc hosp",245.811564,5716548
"27",2025-01-18,"0-130","rate hosp",3.9,5716548
"27",2025-01-18,"0-130","inc hosp",222.945372,5716548
"27",2025-01-25,"0-130","rate hosp",3.6,5716548
"27",2025-01-25,"0-130","inc hosp",205.795728,5716548
"27",2025-02-01,"0-130","rate hosp",4,5716548
"27",2025-02-01,"0-130","inc hosp",228.66192,5716548
"27",2025-02-08,"0-130","rate hosp",4.3,5716548
"27",2025-02-08,"0-130","inc hosp",245.811564,5716548
"27",2025-02-15,"0-130","rate hosp",3.9,5716548
"27",2025-02-15,"0-130","inc hosp",222.945372,5716548
"27",2025-02-22,"0-130","rate hosp",3.5,5716548
"27",2025-02-22,"0-130","inc hosp",200.07918,5716548
"27",2025-03-01,"0-130","rate hosp",3.9,5716548
"27",2025-03-01,"0-130","inc hosp",222.945372,5716548
"27",2025-03-08,"0-130","rate hosp",3.8,5716548
"27",2025-03-08,"0-130","inc hosp",217.228824,5716548
"27",2025-03-15,"0-130","rate hosp",3.1,5716548
"27",2025-03-15,"0-130","inc hosp",177.212988,5716548
"27",2025-03-22,"0-130","rate hosp",2.5,5716548
"27",2025-03-22,"0-130","inc hosp",142.9137,5716548
"27",2025-03-29,"0-130","rate hosp",2,5716548
"27",2025-03-29,"0-130","inc hosp",114.33096,5716548
"27",2025-04-05,"0-130","rate hosp",1.4,5716548
"27",2025-04-05,"0-130","inc hosp",80.031672,5716548
"27",2025-04-12,"0-130","rate hosp",1.2,5716548
"27",2025-04-12,"0-130","inc hosp",68.598576,5716548
"27",2025-04-19,"0-130","rate hosp",0.9,5716548
"27",2025-04-19,"0-130","inc hosp",51.448932,5716548
"27",2025-04-26,"0-130","rate hosp",0.6,5716548
"27",2025-04-26,"0-130","inc hosp",34.299288,5716548
"27",2025-05-03,"0-130","rate hosp",0.5,5716548
"27",2025-05-03,"0-130","inc hosp",28.58274,5716548
"27",2025-05-10,"0-130","rate hosp",0.4,5716548
"27",2025-05-10,"0-130","inc hosp",22.866192,5716548
"27",2025-05-17,"0-130","rate hosp",0.1,5716548
"27",2025-05-17,"0-130","inc hosp",5.716548,5716548
"27",2025-05-24,"0-130","rate hosp",0.1,5716548
"27",2025-05-24,"0-130","inc hosp",5.716548,5716548
"27",2025-05-31,"0-130","rate hosp",0.1,5716548
"27",2025-05-31,"0-130","inc hosp",5.716548,5716548
"27",2025-06-07,"0-130","rate hosp",0,5716548
"27",2025-06-07,"0-130","inc hosp",0,5716548
"27",2025-06-14,"0-130","rate hosp",0,5716548
"27",2025-06-14,"0-130","inc hosp",0,5716548
"27",2025-06-21,"0-130","rate hosp",0.1,5716548
"27",2025-06-21,"0-130","inc hosp",5.716548,5716548
"27",2025-06-28,"0-130","rate hosp",0.1,5716548
"27",2025-06-28,"0-130","inc hosp",5.716548,5716548
"27",2025-07-05,"0-130","rate hosp",0.1,5716548
"27",2025-07-05,"0-130","inc hosp",5.716548,5716548
"27",2025-07-12,"0-130","rate hosp",0,5716548
"27",2025-07-12,"0-130","inc hosp",0,5716548
"27",2025-07-19,"0-130","rate hosp",0,5716548
"27",2025-07-19,"0-130","inc hosp",0,5716548
"27",2025-07-26,"0-130","rate hosp",0.1,5716548
"27",2025-07-26,"0-130","inc hosp",5.716548,5716548
"27",2025-08-02,"0-130","rate hosp",0.1,5716548
"27",2025-08-02,"0-130","inc hosp",5.716548,5716548
"27",2025-08-09,"0-130","rate hosp",0.1,5716548
"27",2025-08-09,"0-130","inc hosp",5.716548,5716548
"27",2025-08-16,"0-130","rate hosp",0.1,5716548
"27",2025-08-16,"0-130","inc hosp",5.716548,5716548
"27",2025-08-23,"0-130","rate hosp",0.1,5716548
"27",2025-08-23,"0-130","inc hosp",5.716548,5716548
"27",2025-08-30,"0-130","rate hosp",0.1,5716548
"27",2025-08-30,"0-130","inc hosp",5.716548,5716548
"27",2025-09-06,"0-130","rate hosp",0.1,5716548
"27",2025-09-06,"0-130","inc hosp",5.716548,5716548
"27",2025-09-13,"0-130","rate hosp",0.1,5716548
"27",2025-09-13,"0-130","inc hosp",5.716548,5716548
"27",2025-09-20,"0-130","rate hosp",0,5716548
"27",2025-09-20,"0-130","inc hosp",0,5716548
"27",2025-09-27,"0-130","rate hosp",0.1,5716548
"27",2025-09-27,"0-130","inc hosp",5.716548,5716548
"37",2024-10-05,"0-130","rate hosp",0,10596562
"37",2024-10-05,"0-130","inc hosp",0,10596562
"37",2024-10-12,"0-130","rate hosp",0.1,10596562
"37",2024-10-12,"0-130","inc hosp",10.596562,10596562
"37",2024-10-19,"0-130","rate hosp",0,10596562
"37",2024-10-19,"0-130","inc hosp",0,10596562
"37",2024-10-26,"0-130","rate hosp",0.2,10596562
"37",2024-10-26,"0-130","inc hosp",21.193124,10596562
"37",2024-11-02,"0-130","rate hosp",0,10596562
"37",2024-11-02,"0-130","inc hosp",0,10596562
"37",2024-11-09,"0-130","rate hosp",0.3,10596562
"37",2024-11-09,"0-130","inc hosp",31.789686,10596562
"37",2024-11-16,"0-130","rate hosp",0.2,10596562
"37",2024-11-16,"0-130","inc hosp",21.193124,10596562
"37",2024-11-23,"0-130","rate hosp",0.4,10596562
"37",2024-11-23,"0-130","inc hosp",42.386248,10596562
"37",2024-11-30,"0-130","rate hosp",0.6,10596562
"37",2024-11-30,"0-130","inc hosp",63.579372,10596562
"37",2024-12-07,"0-130","rate hosp",1,10596562
"37",2024-12-07,"0-130","inc hosp",105.96562,10596562
"37",2024-12-14,"0-130","rate hosp",1.8,10596562
"37",2024-12-14,"0-130","inc hosp",190.738116,10596562
"37",2024-12-21,"0-130","rate hosp",2.8,10596562
"37",2024-12-21,"0-130","inc hosp",296.703736,10596562
"37",2024-12-28,"0-130","rate hosp",3.1,10596562
"37",2024-12-28,"0-130","inc hosp",328.493422,10596562
"37",2025-01-04,"0-130","rate hosp",4.7,10596562
"37",2025-01-04,"0-130","inc hosp",498.038414,10596562
"37",2025-01-11,"0-130","rate hosp",3.5,10596562
"37",2025-01-11,"0-130","inc hosp",370.87967,10596562
"37",2025-01-18,"0-130","rate hosp",3.2,10596562
"37",2025-01-18,"0-130","inc hosp",339.089984,10596562
"37",2025-01-25,"0-130","rate hosp",2.8,10596562
"37",2025-01-25,"0-130","inc hosp",296.703736,10596562
"37",2025-02-01,"0-130","rate hosp",2.9,10596562
"37",2025-02-01,"0-130","inc hosp",307.300298,10596562
"37",2025-02-08,"0-130","rate hosp",2.3,10596562
"37",2025-02-08,"0-130","inc hosp",243.720926,10596562
"37",2025-02-15,"0-130","rate hosp",2.3,10596562
"37",2025-02-15,"0-130","inc hosp",243.720926,10596562
"37",2025-02-22,"0-130","rate hosp",1.1,10596562
"37",2025-02-22,"0-130","inc hosp",116.562182,10596562
"37",2025-03-01,"0-130","rate hosp",1.8,10596562
"37",2025-03-01,"0-130","inc hosp",190.738116,10596562
"37",2025-03-08,"0-130","rate hosp",1.2,10596562
"37",2025-03-08,"0-130","inc hosp",127.158744,10596562
"37",2025-03-15,"0-130","rate hosp",1.3,10596562
"37",2025-03-15,"0-130","inc hosp",137.755306,10596562
"37",2025-03-22,"0-130","rate hosp",0.9,10596562
"37",2025-03-22,"0-130","inc hosp",95.369058,10596562
"37",2025-03-29,"0-130","rate hosp",0.6,10596562
"37",2025-03-29,"0-130","inc hosp",63.579372,10596562
"37",2025-04-05,"0-130","rate hosp",0.8,10596562
"37",2025-04-05,"0-130","inc hosp",84.772496,10596562
"37",2025-04-12,"0-130","rate hosp",0.2,10596562
"37",2025-04-12,"0-130","inc hosp",21.193124,10596562
"37",2025-04-19,"0-130","rate hosp",0.6,10596562
"37",2025-04-19,"0-130","inc hosp",63.579372,10596562
"37",2025-04-26,"0-130","rate hosp",0.3,10596562
"37",2025-04-26,"0-130","inc hosp",31.789686,10596562
"37",2025-05-03,"0-130","rate hosp",0.4,10596562
"37",2025-05-03,"0-130","inc hosp",42.386248,10596562
"37",2025-05-10,"0-130","rate hosp",0.1,10596562
"37",2025-05-10,"0-130","inc hosp",10.596562,10596562
"37",2025-05-17,"0-130","rate hosp",0.2,10596562
"37",2025-05-17,"0-130","inc hosp",21.193124,10596562
"37",2025-05-24,"0-130","rate hosp",0,10596562
"37",2025-05-24,"0-130","inc hosp",0,10596562
"37",2025-05-31,"0-130","rate hosp",0,10596562
"37",2025-05-31,"0-130","inc hosp",0,10596562
"37",2025-06-07,"0-130","rate hosp",0,10596562
"37",2025-06-07,"0-130","inc hosp",0,10596562
"37",2025-06-14,"0-130","rate hosp",0,10596562
"37",2025-06-14,"0-130","inc hosp",0,10596562
"37",2025-06-21,"0-130","rate hosp",0,10596562
"37",2025-06-21,"0-130","inc hosp",0,10596562
"37",2025-06-28,"0-130","rate hosp",0.1,10596562
"37",2025-06-28,"0-130","inc hosp",10.596562,10596562
"37",2025-07-05,"0-130","rate hosp",0.3,10596562
"37",2025-07-05,"0-130","inc hosp",31.789686,10596562
"37",2025-07-12,"0-130","rate hosp",0,10596562
"37",2025-07-12,"0-130","inc hosp",0,10596562
"37",2025-07-19,"0-130","rate hosp",0.1,10596562
"37",2025-07-19,"0-130","inc hosp",10.596562,10596562
"37",2025-07-26,"0-130","rate hosp",0,10596562
"37",2025-07-26,"0-130","inc hosp",0,10596562
"37",2025-08-02,"0-130","rate hosp",0,10596562
"37",2025-08-02,"0-130","inc hosp",0,10596562
"37",2025-08-09,"0-130","rate hosp",0,10596562
"37",2025-08-09,"0-130","inc hosp",0,10596562
"37",2025-08-16,"0-130","rate hosp",0,10596562
"37",2025-08-16,"0-130","inc hosp",0,10596562
"37",2025-08-23,"0-130","rate hosp",0,10596562
"37",2025-08-23,"0-130","inc hosp",0,10596562
"37",2025-08-30,"0-130","rate hosp",0,10596562
"37",2025-08-30,"0-130","inc hosp",0,10596562
"37",2025-09-06,"0-130","rate hosp",0,10596562
"37",2025-09-06,"0-130","inc hosp",0,10596562
"37",2025-09-13,"0-130","rate hosp",0,10596562
"37",2025-09-13,"0-130","inc hosp",0,10596562
"37",2025-09-20,"0-130","rate hosp",0,10596562
"37",2025-09-20,"0-130","inc hosp",0,10596562
"37",2025-09-27,"0-130","rate hosp",0.1,10596562
"37",2025-09-27,"0-130","inc hosp",10.596562,10596562
"35",2024-10-05,"0-130","rate hosp",0,2100079
"35",2024-10-05,"0-130","inc hosp",0,2100079
"35",2024-10-12,"0-130","rate hosp",0,2100079
"35",2024-10-12,"0-130","inc hosp",0,2100079
"35",2024-10-19,"0-130","rate hosp",0,2100079
"35",2024-10-19,"0-130","inc hosp",0,2100079
"35",2024-10-26,"0-130","rate hosp",0,2100079
"35",2024-10-26,"0-130","inc hosp",0,2100079
"35",2024-11-02,"0-130","rate hosp",0,2100079
"35",2024-11-02,"0-130","inc hosp",0,2100079
"35",2024-11-09,"0-130","rate hosp",0,2100079
"35",2024-11-09,"0-130","inc hosp",0,2100079
"35",2024-11-16,"0-130","rate hosp",0.1,2100079
"35",2024-11-16,"0-130","inc hosp",2.100079,2100079
"35",2024-11-23,"0-130","rate hosp",0,2100079
"35",2024-11-23,"0-130","inc hosp",0,2100079
"35",2024-11-30,"0-130","rate hosp",0.1,2100079
"35",2024-11-30,"0-130","inc hosp",2.100079,2100079
"35",2024-12-07,"0-130","rate hosp",0.9,2100079
"35",2024-12-07,"0-130","inc hosp",18.900711,2100079
"35",2024-12-14,"0-130","rate hosp",1.5,2100079
"35",2024-12-14,"0-130","inc hosp",31.501185,2100079
"35",2024-12-21,"0-130","rate hosp",2.1,2100079
"35",2024-12-21,"0-130","inc hosp",44.101659,2100079
"35",2024-12-28,"0-130","rate hosp",2.2,2100079
"35",2024-12-28,"0-130","inc hosp",46.201738,2100079
"35",2025-01-04,"0-130","rate hosp",2.7,2100079
"35",2025-01-04,"0-130","inc hosp",56.702133,2100079
"35",2025-01-11,"0-130","rate hosp",2.8,2100079
"35",2025-01-11,"0-130","inc hosp",58.802212,2100079
"35",2025-01-18,"0-130","rate hosp",6.4,2100079
"35",2025-01-18,"0-130","inc hosp",134.405056,2100079
"35",2025-01-25,"0-130","rate hosp",9.8,2100079
"35",2025-01-25,"0-130","inc hosp",205.807742,2100079
"35",2025-02-01,"0-130","rate hosp",11.2,2100079
"35",2025-02-01,"0-130","inc hosp",235.208848,2100079
"35",2025-02-08,"0-130","rate hosp",12.2,2100079
"35",2025-02-08,"0-130","inc hosp",256.209638,2100079
"35",2025-02-15,"0-130","rate hosp",10,2100079
"35",2025-02-15,"0-130","inc hosp",210.0079,2100079
"35",2025-02-22,"0-130","rate hosp",9.7,2100079
"35",2025-02-22,"0-130","inc hosp",203.707663,2100079
"35",2025-03-01,"0-130","rate hosp",9.1,2100079
"35",2025-03-01,"0-130","inc hosp",191.107189,2100079
"35",2025-03-08,"0-130","rate hosp",8.3,2100079
"35",2025-03-08,"0-130","inc hosp",174.306557,2100079
"35",2025-03-15,"0-130","rate hosp",4.9,2100079
"35",2025-03-15,"0-130","inc hosp",102.903871,2100079
"35",2025-03-22,"0-130","rate hosp",4.8,2100079
"35",2025-03-22,"0-130","inc hosp",100.803792,2100079
"35",2025-03-29,"0-130","rate hosp",2.4,2100079
"35",2025-03-29,"0-130","inc hosp",50.401896,2100079
"35",2025-04-05,"0-130","rate hosp",1.8,2100079
"35",2025-04-05,"0-130","inc hosp",37.801422,2100079
"35",2025-04-12,"0-130","rate hosp",1,2100079
"35",2025-04-12,"0-130","inc hosp",21.00079,2100079
"35",2025-04-19,"0-130","rate hosp",0.9,2100079
"35",2025-04-19,"0-130","inc hosp",18.900711,2100079
"35",2025-04-26,"0-130","rate hosp",0.1,2100079
"35",2025-04-26,"0-130","inc hosp",2.100079,2100079
"35",2025-05-03,"0-130","rate hosp",0.3,2100079
"35",2025-05-03,"0-130","inc hosp",6.300237,2100079
"35",2025-05-10,"0-130","rate hosp",0.3,2100079
"35",2025-05-10,"0-130","inc hosp",6.300237,2100079
"35",2025-05-17,"0-130","rate hosp",0,2100079
"35",2025-05-17,"0-130","inc hosp",0,2100079
"35",2025-05-24,"0-130","rate hosp",0,2100079
"35",2025-05-24,"0-130","inc hosp",0,2100079
"35",2025-05-31,"0-130","rate hosp",0.3,2100079
"35",2025-05-31,"0-130","inc hosp",6.300237,2100079
"35",2025-06-07,"0-130","rate hosp",0.1,2100079
"35",2025-06-07,"0-130","inc hosp",2.100079,2100079
"35",2025-06-14,"0-130","rate hosp",0,2100079
"35",2025-06-14,"0-130","inc hosp",0,2100079
"35",2025-06-21,"0-130","rate hosp",0,2100079
"35",2025-06-21,"0-130","inc hosp",0,2100079
"35",2025-06-28,"0-130","rate hosp",0,2100079
"35",2025-06-28,"0-130","inc hosp",0,2100079
"35",2025-07-05,"0-130","rate hosp",0,2100079
"35",2025-07-05,"0-130","inc hosp",0,2100079
"35",2025-07-12,"0-130","rate hosp",0,2100079
"35",2025-07-12,"0-130","inc hosp",0,2100079
"35",2025-07-19,"0-130","rate hosp",0,2100079
"35",2025-07-19,"0-130","inc hosp",0,2100079
"35",2025-07-26,"0-130","rate hosp",0,2100079
"35",2025-07-26,"0-130","inc hosp",0,2100079
"35",2025-08-02,"0-130","rate hosp",0,2100079
"35",2025-08-02,"0-130","inc hosp",0,2100079
"35",2025-08-09,"0-130","rate hosp",0,2100079
"35",2025-08-09,"0-130","inc hosp",0,2100079
"35",2025-08-16,"0-130","rate hosp",0,2100079
"35",2025-08-16,"0-130","inc hosp",0,2100079
"35",2025-08-23,"0-130","rate hosp",0,2100079
"35",2025-08-23,"0-130","inc hosp",0,2100079
"35",2025-08-30,"0-130","rate hosp",0,2100079
"35",2025-08-30,"0-130","inc hosp",0,2100079
"35",2025-09-06,"0-130","rate hosp",0,2100079
"35",2025-09-06,"0-130","inc hosp",0,2100079
"35",2025-09-13,"0-130","rate hosp",0,2100079
"35",2025-09-13,"0-130","inc hosp",0,2100079
"35",2025-09-20,"0-130","rate hosp",0,2100079
"35",2025-09-20,"0-130","inc hosp",0,2100079
"35",2025-09-27,"0-130","rate hosp",0,2100079
"35",2025-09-27,"0-130","inc hosp",0,2100079
"36",2024-10-05,"0-130","rate hosp",0.1,19657190
"36",2024-10-05,"0-130","inc hosp",19.65719,19657190
"36",2024-10-12,"0-130","rate hosp",0,19657190
"36",2024-10-12,"0-130","inc hosp",0,19657190
"36",2024-10-19,"0-130","rate hosp",0.1,19657190
"36",2024-10-19,"0-130","inc hosp",19.65719,19657190
"36",2024-10-26,"0-130","rate hosp",0.2,19657190
"36",2024-10-26,"0-130","inc hosp",39.31438,19657190
"36",2024-11-02,"0-130","rate hosp",0.6,19657190
"36",2024-11-02,"0-130","inc hosp",117.94314,19657190
"36",2024-11-09,"0-130","rate hosp",0.6,19657190
"36",2024-11-09,"0-130","inc hosp",117.94314,19657190
"36",2024-11-16,"0-130","rate hosp",0.8,19657190
"36",2024-11-16,"0-130","inc hosp",157.25752,19657190
"36",2024-11-23,"0-130","rate hosp",0.6,19657190
"36",2024-11-23,"0-130","inc hosp",117.94314,19657190
"36",2024-11-30,"0-130","rate hosp",1.5,19657190
"36",2024-11-30,"0-130","inc hosp",294.85785,19657190
"36",2024-12-07,"0-130","rate hosp",2,19657190
"36",2024-12-07,"0-130","inc hosp",393.1438,19657190
"36",2024-12-14,"0-130","rate hosp",3.4,19657190
"36",2024-12-14,"0-130","inc hosp",668.34446,19657190
"36",2024-12-21,"0-130","rate hosp",4.6,19657190
"36",2024-12-21,"0-130","inc hosp",904.23074,19657190
"36",2024-12-28,"0-130","rate hosp",4.8,19657190
"36",2024-12-28,"0-130","inc hosp",943.54512,19657190
"36",2025-01-04,"0-130","rate hosp",5.1,19657190
"36",2025-01-04,"0-130","inc hosp",1002.51669,19657190
"36",2025-01-11,"0-130","rate hosp",3.8,19657190
"36",2025-01-11,"0-130","inc hosp",746.97322,19657190
"36",2025-01-18,"0-130","rate hosp",3.6,19657190
"36",2025-01-18,"0-130","inc hosp",707.65884,19657190
"36",2025-01-25,"0-130","rate hosp",3.1,19657190
"36",2025-01-25,"0-130","inc hosp",609.37289,19657190
"36",2025-02-01,"0-130","rate hosp",2.4,19657190
"36",2025-02-01,"0-130","inc hosp",471.77256,19657190
"36",2025-02-08,"0-130","rate hosp",2.2,19657190
"36",2025-02-08,"0-130","inc hosp",432.45818,19657190
"36",2025-02-15,"0-130","rate hosp",2,19657190
"36",2025-02-15,"0-130","inc hosp",393.1438,19657190
"36",2025-02-22,"0-130","rate hosp",1.6,19657190
"36",2025-02-22,"0-130","inc hosp",314.51504,19657190
"36",2025-03-01,"0-130","rate hosp",1.5,19657190
"36",2025-03-01,"0-130","inc hosp",294.85785,19657190
"36",2025-03-08,"0-130","rate hosp",1.2,19657190
"36",2025-03-08,"0-130","inc hosp",235.88628,19657190
"36",2025-03-15,"0-130","rate hosp",0.8,19657190
"36",2025-03-15,"0-130","inc hosp",157.25752,19657190
"36",2025-03-22,"0-130","rate hosp",1,19657190
"36",2025-03-22,"0-130","inc hosp",196.5719,19657190
"36",2025-03-29,"0-130","rate hosp",1,19657190
"36",2025-03-29,"0-130","inc hosp",196.5719,19657190
"36",2025-04-05,"0-130","rate hosp",0.6,19657190
"36",2025-04-05,"0-130","inc hosp",117.94314,19657190
"36",2025-04-12,"0-130","rate hosp",0.8,19657190
"36",2025-04-12,"0-130","inc hosp",157.25752,19657190
"36",2025-04-19,"0-130","rate hosp",0.4,19657190
"36",2025-04-19,"0-130","inc hosp",78.62876,19657190
"36",2025-04-26,"0-130","rate hosp",0.5,19657190
"36",2025-04-26,"0-130","inc hosp",98.28595,19657190
"36",2025-05-03,"0-130","rate hosp",0.2,19657190
"36",2025-05-03,"0-130","inc hosp",39.31438,19657190
"36",2025-05-10,"0-130","rate hosp",0.2,19657190
"36",2025-05-10,"0-130","inc hosp",39.31438,19657190
"36",2025-05-17,"0-130","rate hosp",0.2,19657190
"36",2025-05-17,"0-130","inc hosp",39.31438,19657190
"36",2025-05-24,"0-130","rate hosp",0.1,19657190
"36",2025-05-24,"0-130","inc hosp",19.65719,19657190
"36",2025-05-31,"0-130","rate hosp",0,19657190
"36",2025-05-31,"0-130","inc hosp",0,19657190
"36",2025-06-07,"0-130","rate hosp",0.3,19657190
"36",2025-06-07,"0-130","inc hosp",58.97157,19657190
"36",2025-06-14,"0-130","rate hosp",0.2,19657190
"36",2025-06-14,"0-130","inc hosp",39.31438,19657190
"36",2025-06-21,"0-130","rate hosp",0,19657190
"36",2025-06-21,"0-130","inc hosp",0,19657190
"36",2025-06-28,"0-130","rate hosp",0,19657190
"36",2025-06-28,"0-130","inc hosp",0,19657190
"36",2025-07-05,"0-130","rate hosp",0,19657190
"36",2025-07-05,"0-130","inc hosp",0,19657190
"36",2025-07-12,"0-130","rate hosp",0.1,19657190
"36",2025-07-12,"0-130","inc hosp",19.65719,19657190
"36",2025-07-19,"0-130","rate hosp",0,19657190
"36",2025-07-19,"0-130","inc hosp",0,19657190
"36",2025-07-26,"0-130","rate hosp",0,19657190
"36",2025-07-26,"0-130","inc hosp",0,19657190
"36",2025-08-02,"0-130","rate hosp",0,19657190
"36",2025-08-02,"0-130","inc hosp",0,19657190
"36",2025-08-09,"0-130","rate hosp",0,19657190
"36",2025-08-09,"0-130","inc hosp",0,19657190
"36",2025-08-16,"0-130","rate hosp",0,19657190
"36",2025-08-16,"0-130","inc hosp",0,19657190
"36",2025-08-23,"0-130","rate hosp",0,19657190
"36",2025-08-23,"0-130","inc hosp",0,19657190
"36",2025-08-30,"0-130","rate hosp",0,19657190
"36",2025-08-30,"0-130","inc hosp",0,19657190
"36",2025-09-06,"0-130","rate hosp",0,19657190
"36",2025-09-06,"0-130","inc hosp",0,19657190
"36",2025-09-13,"0-130","rate hosp",0,19657190
"36",2025-09-13,"0-130","inc hosp",0,19657190
"36",2025-09-20,"0-130","rate hosp",0,19657190
"36",2025-09-20,"0-130","inc hosp",0,19657190
"36",2025-09-27,"0-130","rate hosp",0.2,19657190
"36",2025-09-27,"0-130","inc hosp",39.31438,19657190
"41",2024-10-05,"0-130","rate hosp",0.1,4238665
"41",2024-10-05,"0-130","inc hosp",4.238665,4238665
"41",2024-10-12,"0-130","rate hosp",0.1,4238665
"41",2024-10-12,"0-130","inc hosp",4.238665,4238665
"41",2024-10-19,"0-130","rate hosp",0.1,4238665
"41",2024-10-19,"0-130","inc hosp",4.238665,4238665
"41",2024-10-26,"0-130","rate hosp",0,4238665
"41",2024-10-26,"0-130","inc hosp",0,4238665
"41",2024-11-02,"0-130","rate hosp",0,4238665
"41",2024-11-02,"0-130","inc hosp",0,4238665
"41",2024-11-09,"0-130","rate hosp",0.1,4238665
"41",2024-11-09,"0-130","inc hosp",4.238665,4238665
"41",2024-11-16,"0-130","rate hosp",0.2,4238665
"41",2024-11-16,"0-130","inc hosp",8.47733,4238665
"41",2024-11-23,"0-130","rate hosp",0.1,4238665
"41",2024-11-23,"0-130","inc hosp",4.238665,4238665
"41",2024-11-30,"0-130","rate hosp",0.1,4238665
"41",2024-11-30,"0-130","inc hosp",4.238665,4238665
"41",2024-12-07,"0-130","rate hosp",0.2,4238665
"41",2024-12-07,"0-130","inc hosp",8.47733,4238665
"41",2024-12-14,"0-130","rate hosp",0.9,4238665
"41",2024-12-14,"0-130","inc hosp",38.147985,4238665
"41",2024-12-21,"0-130","rate hosp",0.8,4238665
"41",2024-12-21,"0-130","inc hosp",33.90932,4238665
"41",2024-12-28,"0-130","rate hosp",2.2,4238665
"41",2024-12-28,"0-130","inc hosp",93.25063,4238665
"41",2025-01-04,"0-130","rate hosp",2.8,4238665
"41",2025-01-04,"0-130","inc hosp",118.68262,4238665
"41",2025-01-11,"0-130","rate hosp",1.3,4238665
"41",2025-01-11,"0-130","inc hosp",55.102645,4238665
"41",2025-01-18,"0-130","rate hosp",1.5,4238665
"41",2025-01-18,"0-130","inc hosp",63.579975,4238665
"41",2025-01-25,"0-130","rate hosp",1.4,4238665
"41",2025-01-25,"0-130","inc hosp",59.34131,4238665
"41",2025-02-01,"0-130","rate hosp",1.9,4238665
"41",2025-02-01,"0-130","inc hosp",80.534635,4238665
"41",2025-02-08,"0-130","rate hosp",2.1,4238665
"41",2025-02-08,"0-130","inc hosp",89.011965,4238665
"41",2025-02-15,"0-130","rate hosp",2.4,4238665
"41",2025-02-15,"0-130","inc hosp",101.72796,4238665
"41",2025-02-22,"0-130","rate hosp",1.9,4238665
"41",2025-02-22,"0-130","inc hosp",80.534635,4238665
"41",2025-03-01,"0-130","rate hosp",1.1,4238665
"41",2025-03-01,"0-130","inc hosp",46.625315,4238665
"41",2025-03-08,"0-130","rate hosp",1,4238665
"41",2025-03-08,"0-130","inc hosp",42.38665,4238665
"41",2025-03-15,"0-130","rate hosp",0.8,4238665
"41",2025-03-15,"0-130","inc hosp",33.90932,4238665
"41",2025-03-22,"0-130","rate hosp",1,4238665
"41",2025-03-22,"0-130","inc hosp",42.38665,4238665
"41",2025-03-29,"0-130","rate hosp",0.6,4238665
"41",2025-03-29,"0-130","inc hosp",25.43199,4238665
"41",2025-04-05,"0-130","rate hosp",0.6,4238665
"41",2025-04-05,"0-130","inc hosp",25.43199,4238665
"41",2025-04-12,"0-130","rate hosp",0.3,4238665
"41",2025-04-12,"0-130","inc hosp",12.715995,4238665
"41",2025-04-19,"0-130","rate hosp",0.1,4238665
"41",2025-04-19,"0-130","inc hosp",4.238665,4238665
"41",2025-04-26,"0-130","rate hosp",0.1,4238665
"41",2025-04-26,"0-130","inc hosp",4.238665,4238665
"41",2025-05-03,"0-130","rate hosp",0.1,4238665
"41",2025-05-03,"0-130","inc hosp",4.238665,4238665
"41",2025-05-10,"0-130","rate hosp",0.1,4238665
"41",2025-05-10,"0-130","inc hosp",4.238665,4238665
"41",2025-05-17,"0-130","rate hosp",0.1,4238665
"41",2025-05-17,"0-130","inc hosp",4.238665,4238665
"41",2025-05-24,"0-130","rate hosp",0.1,4238665
"41",2025-05-24,"0-130","inc hosp",4.238665,4238665
"41",2025-05-31,"0-130","rate hosp",0,4238665
"41",2025-05-31,"0-130","inc hosp",0,4238665
"41",2025-06-07,"0-130","rate hosp",0,4238665
"41",2025-06-07,"0-130","inc hosp",0,4238665
"41",2025-06-14,"0-130","rate hosp",0,4238665
"41",2025-06-14,"0-130","inc hosp",0,4238665
"41",2025-06-21,"0-130","rate hosp",0,4238665
"41",2025-06-21,"0-130","inc hosp",0,4238665
"41",2025-06-28,"0-130","rate hosp",0,4238665
"41",2025-06-28,"0-130","inc hosp",0,4238665
"41",2025-07-05,"0-130","rate hosp",0,4238665
"41",2025-07-05,"0-130","inc hosp",0,4238665
"41",2025-07-12,"0-130","rate hosp",0,4238665
"41",2025-07-12,"0-130","inc hosp",0,4238665
"41",2025-07-19,"0-130","rate hosp",0,4238665
"41",2025-07-19,"0-130","inc hosp",0,4238665
"41",2025-07-26,"0-130","rate hosp",0,4238665
"41",2025-07-26,"0-130","inc hosp",0,4238665
"41",2025-08-02,"0-130","rate hosp",0,4238665
"41",2025-08-02,"0-130","inc hosp",0,4238665
"41",2025-08-09,"0-130","rate hosp",0,4238665
"41",2025-08-09,"0-130","inc hosp",0,4238665
"41",2025-08-16,"0-130","rate hosp",0,4238665
"41",2025-08-16,"0-130","inc hosp",0,4238665
"41",2025-08-23,"0-130","rate hosp",0,4238665
"41",2025-08-23,"0-130","inc hosp",0,4238665
"41",2025-08-30,"0-130","rate hosp",0,4238665
"41",2025-08-30,"0-130","inc hosp",0,4238665
"41",2025-09-06,"0-130","rate hosp",0,4238665
"41",2025-09-06,"0-130","inc hosp",0,4238665
"41",2025-09-13,"0-130","rate hosp",0,4238665
"41",2025-09-13,"0-130","inc hosp",0,4238665
"41",2025-09-20,"0-130","rate hosp",0,4238665
"41",2025-09-20,"0-130","inc hosp",0,4238665
"41",2025-09-27,"0-130","rate hosp",0,4238665
"41",2025-09-27,"0-130","inc hosp",0,4238665
"US",2024-10-05,"0-130","rate hosp",0.2,332200066
"US",2024-10-05,"0-130","inc hosp",664.400132,332200066
"US",2024-10-12,"0-130","rate hosp",0.2,332200066
"US",2024-10-12,"0-130","inc hosp",664.400132,332200066
"US",2024-10-19,"0-130","rate hosp",0.3,332200066
"US",2024-10-19,"0-130","inc hosp",996.600198,332200066
"US",2024-10-26,"0-130","rate hosp",0.5,332200066
"US",2024-10-26,"0-130","inc hosp",1661.00033,332200066
"US",2024-11-02,"0-130","rate hosp",0.6,332200066
"US",2024-11-02,"0-130","inc hosp",1993.200396,332200066
"US",2024-11-09,"0-130","rate hosp",0.8,332200066
"US",2024-11-09,"0-130","inc hosp",2657.600528,332200066
"US",2024-11-16,"0-130","rate hosp",1.1,332200066
"US",2024-11-16,"0-130","inc hosp",3654.200726,332200066
"US",2024-11-23,"0-130","rate hosp",1.3,332200066
"US",2024-11-23,"0-130","inc hosp",4318.600858,332200066
"US",2024-11-30,"0-130","rate hosp",1.6,332200066
"US",2024-11-30,"0-130","inc hosp",5315.201056,332200066
"US",2024-12-07,"0-130","rate hosp",1.8,332200066
"US",2024-12-07,"0-130","inc hosp",5979.601188,332200066
"US",2024-12-14,"0-130","rate hosp",2.2,332200066
"US",2024-12-14,"0-130","inc hosp",7308.401452,332200066
"US",2024-12-21,"0-130","rate hosp",3,332200066
"US",2024-12-21,"0-130","inc hosp",9966.00198,332200066
"US",2024-12-28,"0-130","rate hosp",3.4,332200066
"US",2024-12-28,"0-130","inc hosp",11294.802244,332200066
"US",2025-01-04,"0-130","rate hosp",3.9,332200066
"US",2025-01-04,"0-130","inc hosp",12955.802574,332200066
"US",2025-01-11,"0-130","rate hosp",3.6,332200066
"US",2025-01-11,"0-130","inc hosp",11959.202376,332200066
"US",2025-01-18,"0-130","rate hosp",3.2,332200066
"US",2025-01-18,"0-130","inc hosp",10630.402112,332200066
"US",2025-01-25,"0-130","rate hosp",2.8,332200066
"US",2025-01-25,"0-130","inc hosp",9301.601848,332200066
"US",2025-02-01,"0-130","rate hosp",3.1,332200066
"US",2025-02-01,"0-130","inc hosp",10298.202046,332200066
"US",2025-02-08,"0-130","rate hosp",3.1,332200066
"US",2025-02-08,"0-130","inc hosp",10298.202046,332200066
"US",2025-02-15,"0-130","rate hosp",2.8,332200066
"US",2025-02-15,"0-130","inc hosp",9301.601848,332200066
"US",2025-02-22,"0-130","rate hosp",2.6,332200066
"US",2025-02-22,"0-130","inc hosp",8637.201716,332200066
"US",2025-03-01,"0-130","rate hosp",2.4,332200066
"US",2025-03-01,"0-130","inc hosp",7972.801584,332200066
"US",2025-03-08,"0-130","rate hosp",2,332200066
"US",2025-03-08,"0-130","inc hosp",6644.00132,332200066
"US",2025-03-15,"0-130","rate hosp",1.7,332200066
"US",2025-03-15,"0-130","inc hosp",5647.401122,332200066
"US",2025-03-22,"0-130","rate hosp",1.4,332200066
"US",2025-03-22,"0-130","inc hosp",4650.800924,332200066
"US",2025-03-29,"0-130","rate hosp",1.1,332200066
"US",2025-03-29,"0-130","inc hosp",3654.200726,332200066
"US",2025-04-05,"0-130","rate hosp",0.9,332200066
"US",2025-04-05,"0-130","inc hosp",2989.800594,332200066
"US",2025-04-12,"0-130","rate hosp",0.6,332200066
"US",2025-04-12,"0-130","inc hosp",1993.200396,332200066
"US",2025-04-19,"0-130","rate hosp",0.5,332200066
"US",2025-04-19,"0-130","inc hosp",1661.00033,332200066
"US",2025-04-26,"0-130","rate hosp",0.3,332200066
"US",2025-04-26,"0-130","inc hosp",996.600198,332200066
"US",2025-05-03,"0-130","rate hosp",0.3,332200066
"US",2025-05-03,"0-130","inc hosp",996.600198,332200066
"US",2025-05-10,"0-130","rate hosp",0.2,332200066
"US",2025-05-10,"0-130","inc hosp",664.400132,332200066
"US",2025-05-17,"0-130","rate hosp",0.1,332200066
"US",2025-05-17,"0-130","inc hosp",332.200066,332200066
"US",2025-05-24,"0-130","rate hosp",0.1,332200066
"US",2025-05-24,"0-130","inc hosp",332.200066,332200066
"US",2025-05-31,"0-130","rate hosp",0.1,332200066
"US",2025-05-31,"0-130","inc hosp",332.200066,332200066
"US",2025-06-07,"0-130","rate hosp",0.1,332200066
"US",2025-06-07,"0-130","inc hosp",332.200066,332200066
"US",2025-06-14,"0-130","rate hosp",0.1,332200066
"US",2025-06-14,"0-130","inc hosp",332.200066,332200066
"US",2025-06-21,"0-130","rate hosp",0.1,332200066
"US",2025-06-21,"0-130","inc hosp",332.200066,332200066
"US",2025-06-28,"0-130","rate hosp",0,332200066
"US",2025-06-28,"0-130","inc hosp",0,332200066
"US",2025-07-05,"0-130","rate hosp",0,332200066
"US",2025-07-05,"0-130","inc hosp",0,332200066
"US",2025-07-12,"0-130","rate hosp",0,332200066
"US",2025-07-12,"0-130","inc hosp",0,332200066
"US",2025-07-19,"0-130","rate hosp",0,332200066
"US",2025-07-19,"0-130","inc hosp",0,332200066
"US",2025-07-26,"0-130","rate hosp",0,332200066
"US",2025-07-26,"0-130","inc hosp",0,332200066
"US",2025-08-02,"0-130","rate hosp",0,332200066
"US",2025-08-02,"0-130","inc hosp",0,332200066
"US",2025-08-09,"0-130","rate hosp",0.1,332200066
"US",2025-08-09,"0-130","inc hosp",332.200066,332200066
"US",2025-08-16,"0-130","rate hosp",0.1,332200066
"US",2025-08-16,"0-130","inc hosp",332.200066,332200066
"US",2025-08-23,"0-130","rate hosp",0,332200066
"US",2025-08-23,"0-130","inc hosp",0,332200066
"US",2025-08-30,"0-130","rate hosp",0.1,332200066
"US",2025-08-30,"0-130","inc hosp",332.200066,332200066
"US",2025-09-06,"0-130","rate hosp",0.1,332200066
"US",2025-09-06,"0-130","inc hosp",332.200066,332200066
"US",2025-09-13,"0-130","rate hosp",0.1,332200066
"US",2025-09-13,"0-130","inc hosp",332.200066,332200066
"US",2025-09-20,"0-130","rate hosp",0.1,332200066
"US",2025-09-20,"0-130","inc hosp",332.200066,332200066
"US",2025-09-27,"0-130","rate hosp",0.1,332200066
"US",2025-09-27,"0-130","inc hosp",332.200066,332200066
"47",2024-10-05,"0-130","rate hosp",0.1,7030607
"47",2024-10-05,"0-130","inc hosp",7.030607,7030607
"47",2024-10-12,"0-130","rate hosp",0.2,7030607
"47",2024-10-12,"0-130","inc hosp",14.061214,7030607
"47",2024-10-19,"0-130","rate hosp",0.1,7030607
"47",2024-10-19,"0-130","inc hosp",7.030607,7030607
"47",2024-10-26,"0-130","rate hosp",0.2,7030607
"47",2024-10-26,"0-130","inc hosp",14.061214,7030607
"47",2024-11-02,"0-130","rate hosp",0.4,7030607
"47",2024-11-02,"0-130","inc hosp",28.122428,7030607
"47",2024-11-09,"0-130","rate hosp",0.4,7030607
"47",2024-11-09,"0-130","inc hosp",28.122428,7030607
"47",2024-11-16,"0-130","rate hosp",1,7030607
"47",2024-11-16,"0-130","inc hosp",70.30607,7030607
"47",2024-11-23,"0-130","rate hosp",1.1,7030607
"47",2024-11-23,"0-130","inc hosp",77.336677,7030607
"47",2024-11-30,"0-130","rate hosp",0.8,7030607
"47",2024-11-30,"0-130","inc hosp",56.244856,7030607
"47",2024-12-07,"0-130","rate hosp",1.3,7030607
"47",2024-12-07,"0-130","inc hosp",91.397891,7030607
"47",2024-12-14,"0-130","rate hosp",1.9,7030607
"47",2024-12-14,"0-130","inc hosp",133.581533,7030607
"47",2024-12-21,"0-130","rate hosp",3.5,7030607
"47",2024-12-21,"0-130","inc hosp",246.071245,7030607
"47",2024-12-28,"0-130","rate hosp",2.7,7030607
"47",2024-12-28,"0-130","inc hosp",189.826389,7030607
"47",2025-01-04,"0-130","rate hosp",2.7,7030607
"47",2025-01-04,"0-130","inc hosp",189.826389,7030607
"47",2025-01-11,"0-130","rate hosp",3.2,7030607
"47",2025-01-11,"0-130","inc hosp",224.979424,7030607
"47",2025-01-18,"0-130","rate hosp",2.1,7030607
"47",2025-01-18,"0-130","inc hosp",147.642747,7030607
"47",2025-01-25,"0-130","rate hosp",0.8,7030607
"47",2025-01-25,"0-130","inc hosp",56.244856,7030607
"47",2025-02-01,"0-130","rate hosp",2.1,7030607
"47",2025-02-01,"0-130","inc hosp",147.642747,7030607
"47",2025-02-08,"0-130","rate hosp",1.6,7030607
"47",2025-02-08,"0-130","inc hosp",112.489712,7030607
"47",2025-02-15,"0-130","rate hosp",1.4,7030607
"47",2025-02-15,"0-130","inc hosp",98.428498,7030607
"47",2025-02-22,"0-130","rate hosp",1.9,7030607
"47",2025-02-22,"0-130","inc hosp",133.581533,7030607
"47",2025-03-01,"0-130","rate hosp",1,7030607
"47",2025-03-01,"0-130","inc hosp",70.30607,7030607
"47",2025-03-08,"0-130","rate hosp",0.9,7030607
"47",2025-03-08,"0-130","inc hosp",63.275463,7030607
"47",2025-03-15,"0-130","rate hosp",0.8,7030607
"47",2025-03-15,"0-130","inc hosp",56.244856,7030607
"47",2025-03-22,"0-130","rate hosp",0.6,7030607
"47",2025-03-22,"0-130","inc hosp",42.183642,7030607
"47",2025-03-29,"0-130","rate hosp",0.3,7030607
"47",2025-03-29,"0-130","inc hosp",21.091821,7030607
"47",2025-04-05,"0-130","rate hosp",0.3,7030607
"47",2025-04-05,"0-130","inc hosp",21.091821,7030607
"47",2025-04-12,"0-130","rate hosp",0.4,7030607
"47",2025-04-12,"0-130","inc hosp",28.122428,7030607
"47",2025-04-19,"0-130","rate hosp",0.2,7030607
"47",2025-04-19,"0-130","inc hosp",14.061214,7030607
"47",2025-04-26,"0-130","rate hosp",0.1,7030607
"47",2025-04-26,"0-130","inc hosp",7.030607,7030607
"47",2025-05-03,"0-130","rate hosp",0.2,7030607
"47",2025-05-03,"0-130","inc hosp",14.061214,7030607
"47",2025-05-10,"0-130","rate hosp",0,7030607
"47",2025-05-10,"0-130","inc hosp",0,7030607
"47",2025-05-17,"0-130","rate hosp",0.1,7030607
"47",2025-05-17,"0-130","inc hosp",7.030607,7030607
"47",2025-05-24,"0-130","rate hosp",0.1,7030607
"47",2025-05-24,"0-130","inc hosp",7.030607,7030607
"47",2025-05-31,"0-130","rate hosp",0.1,7030607
"47",2025-05-31,"0-130","inc hosp",7.030607,7030607
"47",2025-06-07,"0-130","rate hosp",0,7030607
"47",2025-06-07,"0-130","inc hosp",0,7030607
"47",2025-06-14,"0-130","rate hosp",0.1,7030607
"47",2025-06-14,"0-130","inc hosp",7.030607,7030607
"47",2025-06-21,"0-130","rate hosp",0.1,7030607
"47",2025-06-21,"0-130","inc hosp",7.030607,7030607
"47",2025-06-28,"0-130","rate hosp",0,7030607
"47",2025-06-28,"0-130","inc hosp",0,7030607
"47",2025-07-05,"0-130","rate hosp",0,7030607
"47",2025-07-05,"0-130","inc hosp",0,7030607
"47",2025-07-12,"0-130","rate hosp",0,7030607
"47",2025-07-12,"0-130","inc hosp",0,7030607
"47",2025-07-19,"0-130","rate hosp",0,7030607
"47",2025-07-19,"0-130","inc hosp",0,7030607
"47",2025-07-26,"0-130","rate hosp",0.1,7030607
"47",2025-07-26,"0-130","inc hosp",7.030607,7030607
"47",2025-08-02,"0-130","rate hosp",0,7030607
"47",2025-08-02,"0-130","inc hosp",0,7030607
"47",2025-08-09,"0-130","rate hosp",0,7030607
"47",2025-08-09,"0-130","inc hosp",0,7030607
"47",2025-08-16,"0-130","rate hosp",0.1,7030607
"47",2025-08-16,"0-130","inc hosp",7.030607,7030607
"47",2025-08-23,"0-130","rate hosp",0.1,7030607
"47",2025-08-23,"0-130","inc hosp",7.030607,7030607
"47",2025-08-30,"0-130","rate hosp",0.2,7030607
"47",2025-08-30,"0-130","inc hosp",14.061214,7030607
"47",2025-09-06,"0-130","rate hosp",0,7030607
"47",2025-09-06,"0-130","inc hosp",0,7030607
"47",2025-09-13,"0-130","rate hosp",0.1,7030607
"47",2025-09-13,"0-130","inc hosp",7.030607,7030607
"47",2025-09-20,"0-130","rate hosp",0,7030607
"47",2025-09-20,"0-130","inc hosp",0,7030607
"47",2025-09-27,"0-130","rate hosp",0,7030607
"47",2025-09-27,"0-130","inc hosp",0,7030607
"49",2024-10-05,"0-130","rate hosp",0,3376238
"49",2024-10-05,"0-130","inc hosp",0,3376238
"49",2024-10-12,"0-130","rate hosp",0,3376238
"49",2024-10-12,"0-130","inc hosp",0,3376238
"49",2024-10-19,"0-130","rate hosp",0,3376238
"49",2024-10-19,"0-130","inc hosp",0,3376238
"49",2024-10-26,"0-130","rate hosp",0,3376238
"49",2024-10-26,"0-130","inc hosp",0,3376238
"49",2024-11-02,"0-130","rate hosp",0.1,3376238
"49",2024-11-02,"0-130","inc hosp",3.376238,3376238
"49",2024-11-09,"0-130","rate hosp",0.1,3376238
"49",2024-11-09,"0-130","inc hosp",3.376238,3376238
"49",2024-11-16,"0-130","rate hosp",0,3376238
"49",2024-11-16,"0-130","inc hosp",0,3376238
"49",2024-11-23,"0-130","rate hosp",0.1,3376238
"49",2024-11-23,"0-130","inc hosp",3.376238,3376238
"49",2024-11-30,"0-130","rate hosp",0.3,3376238
"49",2024-11-30,"0-130","inc hosp",10.128714,3376238
"49",2024-12-07,"0-130","rate hosp",0.6,3376238
"49",2024-12-07,"0-130","inc hosp",20.257428,3376238
"49",2024-12-14,"0-130","rate hosp",0.4,3376238
"49",2024-12-14,"0-130","inc hosp",13.504952,3376238
"49",2024-12-21,"0-130","rate hosp",0.6,3376238
"49",2024-12-21,"0-130","inc hosp",20.257428,3376238
"49",2024-12-28,"0-130","rate hosp",2.2,3376238
"49",2024-12-28,"0-130","inc hosp",74.277236,3376238
"49",2025-01-04,"0-130","rate hosp",2.6,3376238
"49",2025-01-04,"0-130","inc hosp",87.782188,3376238
"49",2025-01-11,"0-130","rate hosp",2.1,3376238
"49",2025-01-11,"0-130","inc hosp",70.900998,3376238
"49",2025-01-18,"0-130","rate hosp",3.2,3376238
"49",2025-01-18,"0-130","inc hosp",108.039616,3376238
"49",2025-01-25,"0-130","rate hosp",3.1,3376238
"49",2025-01-25,"0-130","inc hosp",104.663378,3376238
"49",2025-02-01,"0-130","rate hosp",5.1,3376238
"49",2025-02-01,"0-130","inc hosp",172.188138,3376238
"49",2025-02-08,"0-130","rate hosp",5.9,3376238
"49",2025-02-08,"0-130","inc hosp",199.198042,3376238
"49",2025-02-15,"0-130","rate hosp",6.3,3376238
"49",2025-02-15,"0-130","inc hosp",212.702994,3376238
"49",2025-02-22,"0-130","rate hosp",5.7,3376238
"49",2025-02-22,"0-130","inc hosp",192.445566,3376238
"49",2025-03-01,"0-130","rate hosp",5,3376238
"49",2025-03-01,"0-130","inc hosp",168.8119,3376238
"49",2025-03-08,"0-130","rate hosp",4.1,3376238
"49",2025-03-08,"0-130","inc hosp",138.425758,3376238
"49",2025-03-15,"0-130","rate hosp",3.5,3376238
"49",2025-03-15,"0-130","inc hosp",118.16833,3376238
"49",2025-03-22,"0-130","rate hosp",2,3376238
"49",2025-03-22,"0-130","inc hosp",67.52476,3376238
"49",2025-03-29,"0-130","rate hosp",2,3376238
"49",2025-03-29,"0-130","inc hosp",67.52476,3376238
"49",2025-04-05,"0-130","rate hosp",1.9,3376238
"49",2025-04-05,"0-130","inc hosp",64.148522,3376238
"49",2025-04-12,"0-130","rate hosp",0.7,3376238
"49",2025-04-12,"0-130","inc hosp",23.633666,3376238
"49",2025-04-19,"0-130","rate hosp",0.6,3376238
"49",2025-04-19,"0-130","inc hosp",20.257428,3376238
"49",2025-04-26,"0-130","rate hosp",0.3,3376238
"49",2025-04-26,"0-130","inc hosp",10.128714,3376238
"49",2025-05-03,"0-130","rate hosp",0.3,3376238
"49",2025-05-03,"0-130","inc hosp",10.128714,3376238
"49",2025-05-10,"0-130","rate hosp",0.3,3376238
"49",2025-05-10,"0-130","inc hosp",10.128714,3376238
"49",2025-05-17,"0-130","rate hosp",0.3,3376238
"49",2025-05-17,"0-130","inc hosp",10.128714,3376238
"49",2025-05-24,"0-130","rate hosp",0,3376238
"49",2025-05-24,"0-130","inc hosp",0,3376238
"49",2025-05-31,"0-130","rate hosp",0.2,3376238
"49",2025-05-31,"0-130","inc hosp",6.752476,3376238
"49",2025-06-07,"0-130","rate hosp",0.1,3376238
"49",2025-06-07,"0-130","inc hosp",3.376238,3376238
"49",2025-06-14,"0-130","rate hosp",0.2,3376238
"49",2025-06-14,"0-130","inc hosp",6.752476,3376238
"49",2025-06-21,"0-130","rate hosp",0.1,3376238
"49",2025-06-21,"0-130","inc hosp",3.376238,3376238
"49",2025-06-28,"0-130","rate hosp",0.1,3376238
"49",2025-06-28,"0-130","inc hosp",3.376238,3376238
"49",2025-07-05,"0-130","rate hosp",0,3376238
"49",2025-07-05,"0-130","inc hosp",0,3376238
"49",2025-07-12,"0-130","rate hosp",0,3376238
"49",2025-07-12,"0-130","inc hosp",0,3376238
"49",2025-07-19,"0-130","rate hosp",0.2,3376238
"49",2025-07-19,"0-130","inc hosp",6.752476,3376238
"49",2025-07-26,"0-130","rate hosp",0.1,3376238
"49",2025-07-26,"0-130","inc hosp",3.376238,3376238
"49",2025-08-02,"0-130","rate hosp",0,3376238
"49",2025-08-02,"0-130","inc hosp",0,3376238
"49",2025-08-09,"0-130","rate hosp",0,3376238
"49",2025-08-09,"0-130","inc hosp",0,3376238
"49",2025-08-16,"0-130","rate hosp",0,3376238
"49",2025-08-16,"0-130","inc hosp",0,3376238
"49",2025-08-23,"0-130","rate hosp",0,3376238
"49",2025-08-23,"0-130","inc hosp",0,3376238
"49",2025-08-30,"0-130","rate hosp",0,3376238
"49",2025-08-30,"0-130","inc hosp",0,3376238
"49",2025-09-06,"0-130","rate hosp",0,3376238
"49",2025-09-06,"0-130","inc hosp",0,3376238
"49",2025-09-13,"0-130","rate hosp",0,3376238
"49",2025-09-13,"0-130","inc hosp",0,3376238
"49",2025-09-20,"0-130","rate hosp",0,3376238
"49",2025-09-20,"0-130","inc hosp",0,3376238
"49",2025-09-27,"0-130","rate hosp",0,3376238
"49",2025-09-27,"0-130","inc hosp",0,3376238
"06",2025-10-04,"0-130","rate hosp",0,38886551
"06",2025-10-04,"0-130","inc hosp",0,38886551
"06",2025-10-11,"0-130","rate hosp",0.1,38886551
"06",2025-10-11,"0-130","inc hosp",38.886551,38886551
"06",2025-10-18,"0-130","rate hosp",0,38886551
"06",2025-10-18,"0-130","inc hosp",0,38886551
"06",2025-10-25,"0-130","rate hosp",0.1,38886551
"06",2025-10-25,"0-130","inc hosp",38.886551,38886551
"06",2025-11-01,"0-130","rate hosp",0.2,38886551
"06",2025-11-01,"0-130","inc hosp",77.773102,38886551
"06",2025-11-08,"0-130","rate hosp",0.2,38886551
"06",2025-11-08,"0-130","inc hosp",77.773102,38886551
"06",2025-11-15,"0-130","rate hosp",0.2,38886551
"06",2025-11-15,"0-130","inc hosp",77.773102,38886551
"06",2025-11-22,"0-130","rate hosp",0.4,38886551
"06",2025-11-22,"0-130","inc hosp",155.546204,38886551
"06",2025-11-29,"0-130","rate hosp",0.3,38886551
"06",2025-11-29,"0-130","inc hosp",116.659653,38886551
"06",2025-12-06,"0-130","rate hosp",0.6,38886551
"06",2025-12-06,"0-130","inc hosp",233.319306,38886551
"06",2025-12-13,"0-130","rate hosp",0.5,38886551
"06",2025-12-13,"0-130","inc hosp",194.432755,38886551
"06",2025-12-20,"0-130","rate hosp",0.9,38886551
"06",2025-12-20,"0-130","inc hosp",349.978959,38886551
"06",2025-12-27,"0-130","rate hosp",1.2,38886551
"06",2025-12-27,"0-130","inc hosp",466.638612,38886551
"06",2026-01-03,"0-130","rate hosp",1.9,38886551
"06",2026-01-03,"0-130","inc hosp",738.844469,38886551
"06",2026-01-10,"0-130","rate hosp",1.4,38886551
"06",2026-01-10,"0-130","inc hosp",544.411714,38886551
"06",2026-01-17,"0-130","rate hosp",1.6,38886551
"06",2026-01-17,"0-130","inc hosp",622.184816,38886551
"06",2026-01-24,"0-130","rate hosp",1.9,38886551
"06",2026-01-24,"0-130","inc hosp",738.844469,38886551
"06",2026-01-31,"0-130","rate hosp",1.9,38886551
"06",2026-01-31,"0-130","inc hosp",738.844469,38886551
"06",2026-02-07,"0-130","rate hosp",1.8,38886551
"06",2026-02-07,"0-130","inc hosp",699.957918,38886551
"06",2026-02-14,"0-130","rate hosp",1.6,38886551
"06",2026-02-14,"0-130","inc hosp",622.184816,38886551
"06",2026-02-21,"0-130","rate hosp",2.1,38886551
"06",2026-02-21,"0-130","inc hosp",816.617571,38886551
"06",2026-02-28,"0-130","rate hosp",1.9,38886551
"06",2026-02-28,"0-130","inc hosp",738.844469,38886551
"06",2026-03-07,"0-130","rate hosp",1.3,38886551
"06",2026-03-07,"0-130","inc hosp",505.525163,38886551
"06",2026-03-14,"0-130","rate hosp",1.7,38886551
"06",2026-03-14,"0-130","inc hosp",661.071367,38886551
"06",2026-03-21,"0-130","rate hosp",1.1,38886551
"06",2026-03-21,"0-130","inc hosp",427.752061,38886551
"06",2026-03-28,"0-130","rate hosp",0.7,38886551
"06",2026-03-28,"0-130","inc hosp",272.205857,38886551
"06",2026-04-04,"0-130","rate hosp",0.5,38886551
"06",2026-04-04,"0-130","inc hosp",194.432755,38886551
"06",2026-04-11,"0-130","rate hosp",0.6,38886551
"06",2026-04-11,"0-130","inc hosp",233.319306,38886551
"06",2026-04-18,"0-130","rate hosp",0.5,38886551
"06",2026-04-18,"0-130","inc hosp",194.432755,38886551
"06",2026-04-25,"0-130","rate hosp",0.4,38886551
"06",2026-04-25,"0-130","inc hosp",155.546204,38886551
"06",2026-05-02,"0-130","rate hosp",0.3,38886551
"06",2026-05-02,"0-130","inc hosp",116.659653,38886551
"06",2026-05-09,"0-130","rate hosp",0.2,38886551
"06",2026-05-09,"0-130","inc hosp",77.773102,38886551
"06",2026-05-16,"0-130","rate hosp",0.2,38886551
"06",2026-05-16,"0-130","inc hosp",77.773102,38886551
"06",2026-05-23,"0-130","rate hosp",0.1,38886551
"06",2026-05-23,"0-130","inc hosp",38.886551,38886551
"06",2026-05-30,"0-130","rate hosp",0.2,38886551
"06",2026-05-30,"0-130","inc hosp",77.773102,38886551
"06",2026-06-06,"0-130","rate hosp",0.1,38886551
"06",2026-06-06,"0-130","inc hosp",38.886551,38886551
"06",2026-06-13,"0-130","rate hosp",0.1,38886551
"06",2026-06-13,"0-130","inc hosp",38.886551,38886551
"06",2026-06-20,"0-130","rate hosp",0,38886551
"06",2026-06-20,"0-130","inc hosp",0,38886551
"06",2026-06-27,"0-130","rate hosp",0.1,38886551
"06",2026-06-27,"0-130","inc hosp",38.886551,38886551
"06",2026-07-04,"0-130","rate hosp",0,38886551
"06",2026-07-04,"0-130","inc hosp",0,38886551
"06",2026-07-11,"0-130","rate hosp",0,38886551
"06",2026-07-11,"0-130","inc hosp",0,38886551
"06",2026-07-18,"0-130","rate hosp",0,38886551
"06",2026-07-18,"0-130","inc hosp",0,38886551
"06",2026-07-25,"0-130","rate hosp",0,38886551
"06",2026-07-25,"0-130","inc hosp",0,38886551
"06",2026-08-01,"0-130","rate hosp",0.1,38886551
"06",2026-08-01,"0-130","inc hosp",38.886551,38886551
"06",2026-08-08,"0-130","rate hosp",0,38886551
"06",2026-08-08,"0-130","inc hosp",0,38886551
"06",2026-08-15,"0-130","rate hosp",0,38886551
"06",2026-08-15,"0-130","inc hosp",0,38886551
"06",2026-08-22,"0-130","rate hosp",0,38886551
"06",2026-08-22,"0-130","inc hosp",0,38886551
"08",2025-10-04,"0-130","rate hosp",0,5803748
"08",2025-10-04,"0-130","inc hosp",0,5803748
"08",2025-10-11,"0-130","rate hosp",0,5803748
"08",2025-10-11,"0-130","inc hosp",0,5803748
"08",2025-10-18,"0-130","rate hosp",0.1,5803748
"08",2025-10-18,"0-130","inc hosp",5.803748,5803748
"08",2025-10-25,"0-130","rate hosp",0.1,5803748
"08",2025-10-25,"0-130","inc hosp",5.803748,5803748
"08",2025-11-01,"0-130","rate hosp",0,5803748
"08",2025-11-01,"0-130","inc hosp",0,5803748
"08",2025-11-08,"0-130","rate hosp",0.1,5803748
"08",2025-11-08,"0-130","inc hosp",5.803748,5803748
"08",2025-11-15,"0-130","rate hosp",0.2,5803748
"08",2025-11-15,"0-130","inc hosp",11.607496,5803748
"08",2025-11-22,"0-130","rate hosp",0.4,5803748
"08",2025-11-22,"0-130","inc hosp",23.214992,5803748
"08",2025-11-29,"0-130","rate hosp",0.2,5803748
"08",2025-11-29,"0-130","inc hosp",11.607496,5803748
"08",2025-12-06,"0-130","rate hosp",0.3,5803748
"08",2025-12-06,"0-130","inc hosp",17.411244,5803748
"08",2025-12-13,"0-130","rate hosp",1,5803748
"08",2025-12-13,"0-130","inc hosp",58.03748,5803748
"08",2025-12-20,"0-130","rate hosp",0.9,5803748
"08",2025-12-20,"0-130","inc hosp",52.233732,5803748
"08",2025-12-27,"0-130","rate hosp",1.3,5803748
"08",2025-12-27,"0-130","inc hosp",75.448724,5803748
"08",2026-01-03,"0-130","rate hosp",1.3,5803748
"08",2026-01-03,"0-130","inc hosp",75.448724,5803748
"08",2026-01-10,"0-130","rate hosp",2,5803748
"08",2026-01-10,"0-130","inc hosp",116.07496,5803748
"08",2026-01-17,"0-130","rate hosp",2.5,5803748
"08",2026-01-17,"0-130","inc hosp",145.0937,5803748
"08",2026-01-24,"0-130","rate hosp",3.7,5803748
"08",2026-01-24,"0-130","inc hosp",214.738676,5803748
"08",2026-01-31,"0-130","rate hosp",4.3,5803748
"08",2026-01-31,"0-130","inc hosp",249.561164,5803748
"08",2026-02-07,"0-130","rate hosp",5.8,5803748
"08",2026-02-07,"0-130","inc hosp",336.617384,5803748
"08",2026-02-14,"0-130","rate hosp",5.8,5803748
"08",2026-02-14,"0-130","inc hosp",336.617384,5803748
"08",2026-02-21,"0-130","rate hosp",7.1,5803748
"08",2026-02-21,"0-130","inc hosp",412.066108,5803748
"08",2026-02-28,"0-130","rate hosp",7.2,5803748
"08",2026-02-28,"0-130","inc hosp",417.869856,5803748
"08",2026-03-07,"0-130","rate hosp",5.7,5803748
"08",2026-03-07,"0-130","inc hosp",330.813636,5803748
"08",2026-03-14,"0-130","rate hosp",5.4,5803748
"08",2026-03-14,"0-130","inc hosp",313.402392,5803748
"08",2026-03-21,"0-130","rate hosp",4,5803748
"08",2026-03-21,"0-130","inc hosp",232.14992,5803748
"08",2026-03-28,"0-130","rate hosp",4.2,5803748
"08",2026-03-28,"0-130","inc hosp",243.757416,5803748
"08",2026-04-04,"0-130","rate hosp",2.1,5803748
"08",2026-04-04,"0-130","inc hosp",121.878708,5803748
"08",2026-04-11,"0-130","rate hosp",1.8,5803748
"08",2026-04-11,"0-130","inc hosp",104.467464,5803748
"08",2026-04-18,"0-130","rate hosp",1.5,5803748
"08",2026-04-18,"0-130","inc hosp",87.05622,5803748
"08",2026-04-25,"0-130","rate hosp",1.4,5803748
"08",2026-04-25,"0-130","inc hosp",81.252472,5803748
"08",2026-05-02,"0-130","rate hosp",0.9,5803748
"08",2026-05-02,"0-130","inc hosp",52.233732,5803748
"08",2026-05-09,"0-130","rate hosp",0.6,5803748
"08",2026-05-09,"0-130","inc hosp",34.822488,5803748
"08",2026-05-16,"0-130","rate hosp",0.4,5803748
"08",2026-05-16,"0-130","inc hosp",23.214992,5803748
"08",2026-05-23,"0-130","rate hosp",0.5,5803748
"08",2026-05-23,"0-130","inc hosp",29.01874,5803748
"08",2026-05-30,"0-130","rate hosp",0.1,5803748
"08",2026-05-30,"0-130","inc hosp",5.803748,5803748
"08",2026-06-06,"0-130","rate hosp",0.1,5803748
"08",2026-06-06,"0-130","inc hosp",5.803748,5803748
"08",2026-06-13,"0-130","rate hosp",0,5803748
"08",2026-06-13,"0-130","inc hosp",0,5803748
"08",2026-06-20,"0-130","rate hosp",0,5803748
"08",2026-06-20,"0-130","inc hosp",0,5803748
"08",2026-06-27,"0-130","rate hosp",0.1,5803748
"08",2026-06-27,"0-130","inc hosp",5.803748,5803748
"08",2026-07-04,"0-130","rate hosp",0,5803748
"08",2026-07-04,"0-130","inc hosp",0,5803748
"08",2026-07-11,"0-130","rate hosp",0,5803748
"08",2026-07-11,"0-130","inc hosp",0,5803748
"08",2026-07-18,"0-130","rate hosp",0,5803748
"08",2026-07-18,"0-130","inc hosp",0,5803748
"08",2026-07-25,"0-130","rate hosp",0,5803748
"08",2026-07-25,"0-130","inc hosp",0,5803748
"08",2026-08-01,"0-130","rate hosp",0,5803748
"08",2026-08-01,"0-130","inc hosp",0,5803748
"08",2026-08-08,"0-130","rate hosp",0,5803748
"08",2026-08-08,"0-130","inc hosp",0,5803748
"08",2026-08-15,"0-130","rate hosp",0.1,5803748
"08",2026-08-15,"0-130","inc hosp",5.803748,5803748
"08",2026-08-22,"0-130","rate hosp",0,5803748
"08",2026-08-22,"0-130","inc hosp",0,5803748
"09",2025-10-04,"0-130","rate hosp",0.1,3621089
"09",2025-10-04,"0-130","inc hosp",3.621089,3621089
"09",2025-10-11,"0-130","rate hosp",0,3621089
"09",2025-10-11,"0-130","inc hosp",0,3621089
"09",2025-10-18,"0-130","rate hosp",0,3621089
"09",2025-10-18,"0-130","inc hosp",0,3621089
"09",2025-10-25,"0-130","rate hosp",0.2,3621089
"09",2025-10-25,"0-130","inc hosp",7.242178,3621089
"09",2025-11-01,"0-130","rate hosp",0.1,3621089
"09",2025-11-01,"0-130","inc hosp",3.621089,3621089
"09",2025-11-08,"0-130","rate hosp",0.2,3621089
"09",2025-11-08,"0-130","inc hosp",7.242178,3621089
"09",2025-11-15,"0-130","rate hosp",0,3621089
"09",2025-11-15,"0-130","inc hosp",0,3621089
"09",2025-11-22,"0-130","rate hosp",0.5,3621089
"09",2025-11-22,"0-130","inc hosp",18.105445,3621089
"09",2025-11-29,"0-130","rate hosp",0.5,3621089
"09",2025-11-29,"0-130","inc hosp",18.105445,3621089
"09",2025-12-06,"0-130","rate hosp",0.7,3621089
"09",2025-12-06,"0-130","inc hosp",25.347623,3621089
"09",2025-12-13,"0-130","rate hosp",1,3621089
"09",2025-12-13,"0-130","inc hosp",36.21089,3621089
"09",2025-12-20,"0-130","rate hosp",1.2,3621089
"09",2025-12-20,"0-130","inc hosp",43.453068,3621089
"09",2025-12-27,"0-130","rate hosp",2.1,3621089
"09",2025-12-27,"0-130","inc hosp",76.042869,3621089
"09",2026-01-03,"0-130","rate hosp",2.8,3621089
"09",2026-01-03,"0-130","inc hosp",101.390492,3621089
"09",2026-01-10,"0-130","rate hosp",2.1,3621089
"09",2026-01-10,"0-130","inc hosp",76.042869,3621089
"09",2026-01-17,"0-130","rate hosp",3.5,3621089
"09",2026-01-17,"0-130","inc hosp",126.738115,3621089
"09",2026-01-24,"0-130","rate hosp",2.1,3621089
"09",2026-01-24,"0-130","inc hosp",76.042869,3621089
"09",2026-01-31,"0-130","rate hosp",3.4,3621089
"09",2026-01-31,"0-130","inc hosp",123.117026,3621089
"09",2026-02-07,"0-130","rate hosp",4.4,3621089
"09",2026-02-07,"0-130","inc hosp",159.327916,3621089
"09",2026-02-14,"0-130","rate hosp",4,3621089
"09",2026-02-14,"0-130","inc hosp",144.84356,3621089
"09",2026-02-21,"0-130","rate hosp",3.9,3621089
"09",2026-02-21,"0-130","inc hosp",141.222471,3621089
"09",2026-02-28,"0-130","rate hosp",5.4,3621089
"09",2026-02-28,"0-130","inc hosp",195.538806,3621089
"09",2026-03-07,"0-130","rate hosp",3.8,3621089
"09",2026-03-07,"0-130","inc hosp",137.601382,3621089
"09",2026-03-14,"0-130","rate hosp",4.9,3621089
"09",2026-03-14,"0-130","inc hosp",177.433361,3621089
"09",2026-03-21,"0-130","rate hosp",3.1,3621089
"09",2026-03-21,"0-130","inc hosp",112.253759,3621089
"09",2026-03-28,"0-130","rate hosp",3,3621089
"09",2026-03-28,"0-130","inc hosp",108.63267,3621089
"09",2026-04-04,"0-130","rate hosp",3.7,3621089
"09",2026-04-04,"0-130","inc hosp",133.980293,3621089
"09",2026-04-11,"0-130","rate hosp",2.6,3621089
"09",2026-04-11,"0-130","inc hosp",94.148314,3621089
"09",2026-04-18,"0-130","rate hosp",1.3,3621089
"09",2026-04-18,"0-130","inc hosp",47.074157,3621089
"09",2026-04-25,"0-130","rate hosp",1.1,3621089
"09",2026-04-25,"0-130","inc hosp",39.831979,3621089
"09",2026-05-02,"0-130","rate hosp",0.6,3621089
"09",2026-05-02,"0-130","inc hosp",21.726534,3621089
"09",2026-05-09,"0-130","rate hosp",0.7,3621089
"09",2026-05-09,"0-130","inc hosp",25.347623,3621089
"09",2026-05-16,"0-130","rate hosp",0.5,3621089
"09",2026-05-16,"0-130","inc hosp",18.105445,3621089
"09",2026-05-23,"0-130","rate hosp",0.7,3621089
"09",2026-05-23,"0-130","inc hosp",25.347623,3621089
"09",2026-05-30,"0-130","rate hosp",0.2,3621089
"09",2026-05-30,"0-130","inc hosp",7.242178,3621089
"09",2026-06-06,"0-130","rate hosp",0.1,3621089
"09",2026-06-06,"0-130","inc hosp",3.621089,3621089
"09",2026-06-13,"0-130","rate hosp",0,3621089
"09",2026-06-13,"0-130","inc hosp",0,3621089
"09",2026-06-20,"0-130","rate hosp",0.1,3621089
"09",2026-06-20,"0-130","inc hosp",3.621089,3621089
"09",2026-06-27,"0-130","rate hosp",0,3621089
"09",2026-06-27,"0-130","inc hosp",0,3621089
"09",2026-07-04,"0-130","rate hosp",0,3621089
"09",2026-07-04,"0-130","inc hosp",0,3621089
"09",2026-07-11,"0-130","rate hosp",0,3621089
"09",2026-07-11,"0-130","inc hosp",0,3621089
"09",2026-07-18,"0-130","rate hosp",0.2,3621089
"09",2026-07-18,"0-130","inc hosp",7.242178,3621089
"09",2026-07-25,"0-130","rate hosp",0.1,3621089
"09",2026-07-25,"0-130","inc hosp",3.621089,3621089
"09",2026-08-01,"0-130","rate hosp",0.1,3621089
"09",2026-08-01,"0-130","inc hosp",3.621089,3621089
"09",2026-08-08,"0-130","rate hosp",0,3621089
"09",2026-08-08,"0-130","inc hosp",0,3621089
"09",2026-08-15,"0-130","rate hosp",0,3621089
"09",2026-08-15,"0-130","inc hosp",0,3621089
"09",2026-08-22,"0-130","rate hosp",0.1,3621089
"09",2026-08-22,"0-130","inc hosp",3.621089,3621089
"13",2025-10-04,"0-130","rate hosp",0.4,10855454
"13",2025-10-04,"0-130","inc hosp",43.421816,10855454
"13",2025-10-11,"0-130","rate hosp",0.4,10855454
"13",2025-10-11,"0-130","inc hosp",43.421816,10855454
"13",2025-10-18,"0-130","rate hosp",0.6,10855454
"13",2025-10-18,"0-130","inc hosp",65.132724,10855454
"13",2025-10-25,"0-130","rate hosp",0.7,10855454
"13",2025-10-25,"0-130","inc hosp",75.988178,10855454
"13",2025-11-01,"0-130","rate hosp",0.7,10855454
"13",2025-11-01,"0-130","inc hosp",75.988178,10855454
"13",2025-11-08,"0-130","rate hosp",1.1,10855454
"13",2025-11-08,"0-130","inc hosp",119.409994,10855454
"13",2025-11-15,"0-130","rate hosp",1.3,10855454
"13",2025-11-15,"0-130","inc hosp",141.120902,10855454
"13",2025-11-22,"0-130","rate hosp",1.2,10855454
"13",2025-11-22,"0-130","inc hosp",130.265448,10855454
"13",2025-11-29,"0-130","rate hosp",1.8,10855454
"13",2025-11-29,"0-130","inc hosp",195.398172,10855454
"13",2025-12-06,"0-130","rate hosp",2.3,10855454
"13",2025-12-06,"0-130","inc hosp",249.675442,10855454
"13",2025-12-13,"0-130","rate hosp",2.3,10855454
"13",2025-12-13,"0-130","inc hosp",249.675442,10855454
"13",2025-12-20,"0-130","rate hosp",2.9,10855454
"13",2025-12-20,"0-130","inc hosp",314.808166,10855454
"13",2025-12-27,"0-130","rate hosp",3.1,10855454
"13",2025-12-27,"0-130","inc hosp",336.519074,10855454
"13",2026-01-03,"0-130","rate hosp",3.3,10855454
"13",2026-01-03,"0-130","inc hosp",358.229982,10855454
"13",2026-01-10,"0-130","rate hosp",3,10855454
"13",2026-01-10,"0-130","inc hosp",325.66362,10855454
"13",2026-01-17,"0-130","rate hosp",2.4,10855454
"13",2026-01-17,"0-130","inc hosp",260.530896,10855454
"13",2026-01-24,"0-130","rate hosp",2.2,10855454
"13",2026-01-24,"0-130","inc hosp",238.819988,10855454
"13",2026-01-31,"0-130","rate hosp",2.2,10855454
"13",2026-01-31,"0-130","inc hosp",238.819988,10855454
"13",2026-02-07,"0-130","rate hosp",1.8,10855454
"13",2026-02-07,"0-130","inc hosp",195.398172,10855454
"13",2026-02-14,"0-130","rate hosp",2.5,10855454
"13",2026-02-14,"0-130","inc hosp",271.38635,10855454
"13",2026-02-21,"0-130","rate hosp",2.9,10855454
"13",2026-02-21,"0-130","inc hosp",314.808166,10855454
"13",2026-02-28,"0-130","rate hosp",2.1,10855454
"13",2026-02-28,"0-130","inc hosp",227.964534,10855454
"13",2026-03-07,"0-130","rate hosp",1.9,10855454
"13",2026-03-07,"0-130","inc hosp",206.253626,10855454
"13",2026-03-14,"0-130","rate hosp",1.5,10855454
"13",2026-03-14,"0-130","inc hosp",162.83181,10855454
"13",2026-03-21,"0-130","rate hosp",1.7,10855454
"13",2026-03-21,"0-130","inc hosp",184.542718,10855454
"13",2026-03-28,"0-130","rate hosp",1.1,10855454
"13",2026-03-28,"0-130","inc hosp",119.409994,10855454
"13",2026-04-04,"0-130","rate hosp",1.1,10855454
"13",2026-04-04,"0-130","inc hosp",119.409994,10855454
"13",2026-04-11,"0-130","rate hosp",1,10855454
"13",2026-04-11,"0-130","inc hosp",108.55454,10855454
"13",2026-04-18,"0-130","rate hosp",0.5,10855454
"13",2026-04-18,"0-130","inc hosp",54.27727,10855454
"13",2026-04-25,"0-130","rate hosp",0.5,10855454
"13",2026-04-25,"0-130","inc hosp",54.27727,10855454
"13",2026-05-02,"0-130","rate hosp",0.3,10855454
"13",2026-05-02,"0-130","inc hosp",32.566362,10855454
"13",2026-05-09,"0-130","rate hosp",0.2,10855454
"13",2026-05-09,"0-130","inc hosp",21.710908,10855454
"13",2026-05-16,"0-130","rate hosp",0.3,10855454
"13",2026-05-16,"0-130","inc hosp",32.566362,10855454
"13",2026-05-23,"0-130","rate hosp",0.3,10855454
"13",2026-05-23,"0-130","inc hosp",32.566362,10855454
"13",2026-05-30,"0-130","rate hosp",0.1,10855454
"13",2026-05-30,"0-130","inc hosp",10.855454,10855454
"13",2026-06-06,"0-130","rate hosp",0.2,10855454
"13",2026-06-06,"0-130","inc hosp",21.710908,10855454
"13",2026-06-13,"0-130","rate hosp",0.2,10855454
"13",2026-06-13,"0-130","inc hosp",21.710908,10855454
"13",2026-06-20,"0-130","rate hosp",0.2,10855454
"13",2026-06-20,"0-130","inc hosp",21.710908,10855454
"13",2026-06-27,"0-130","rate hosp",0.1,10855454
"13",2026-06-27,"0-130","inc hosp",10.855454,10855454
"13",2026-07-04,"0-130","rate hosp",0.1,10855454
"13",2026-07-04,"0-130","inc hosp",10.855454,10855454
"13",2026-07-11,"0-130","rate hosp",0.1,10855454
"13",2026-07-11,"0-130","inc hosp",10.855454,10855454
"13",2026-07-18,"0-130","rate hosp",0.1,10855454
"13",2026-07-18,"0-130","inc hosp",10.855454,10855454
"13",2026-07-25,"0-130","rate hosp",0.1,10855454
"13",2026-07-25,"0-130","inc hosp",10.855454,10855454
"13",2026-08-01,"0-130","rate hosp",0.1,10855454
"13",2026-08-01,"0-130","inc hosp",10.855454,10855454
"13",2026-08-08,"0-130","rate hosp",0.1,10855454
"13",2026-08-08,"0-130","inc hosp",10.855454,10855454
"13",2026-08-15,"0-130","rate hosp",0.1,10855454
"13",2026-08-15,"0-130","inc hosp",10.855454,10855454
"13",2026-08-22,"0-130","rate hosp",0,10855454
"13",2026-08-22,"0-130","inc hosp",0,10855454
"24",2025-10-04,"0-130","rate hosp",0.1,6133130
"24",2025-10-04,"0-130","inc hosp",6.13313,6133130
"24",2025-10-11,"0-130","rate hosp",0.2,6133130
"24",2025-10-11,"0-130","inc hosp",12.26626,6133130
"24",2025-10-18,"0-130","rate hosp",0.2,6133130
"24",2025-10-18,"0-130","inc hosp",12.26626,6133130
"24",2025-10-25,"0-130","rate hosp",0,6133130
"24",2025-10-25,"0-130","inc hosp",0,6133130
"24",2025-11-01,"0-130","rate hosp",0.1,6133130
"24",2025-11-01,"0-130","inc hosp",6.13313,6133130
"24",2025-11-08,"0-130","rate hosp",0.5,6133130
"24",2025-11-08,"0-130","inc hosp",30.66565,6133130
"24",2025-11-15,"0-130","rate hosp",0.4,6133130
"24",2025-11-15,"0-130","inc hosp",24.53252,6133130
"24",2025-11-22,"0-130","rate hosp",0.6,6133130
"24",2025-11-22,"0-130","inc hosp",36.79878,6133130
"24",2025-11-29,"0-130","rate hosp",1.1,6133130
"24",2025-11-29,"0-130","inc hosp",67.46443,6133130
"24",2025-12-06,"0-130","rate hosp",1.3,6133130
"24",2025-12-06,"0-130","inc hosp",79.73069,6133130
"24",2025-12-13,"0-130","rate hosp",2.1,6133130
"24",2025-12-13,"0-130","inc hosp",128.79573,6133130
"24",2025-12-20,"0-130","rate hosp",2.3,6133130
"24",2025-12-20,"0-130","inc hosp",141.06199,6133130
"24",2025-12-27,"0-130","rate hosp",3.5,6133130
"24",2025-12-27,"0-130","inc hosp",214.65955,6133130
"24",2026-01-03,"0-130","rate hosp",4.6,6133130
"24",2026-01-03,"0-130","inc hosp",282.12398,6133130
"24",2026-01-10,"0-130","rate hosp",4.4,6133130
"24",2026-01-10,"0-130","inc hosp",269.85772,6133130
"24",2026-01-17,"0-130","rate hosp",4.2,6133130
"24",2026-01-17,"0-130","inc hosp",257.59146,6133130
"24",2026-01-24,"0-130","rate hosp",3.3,6133130
"24",2026-01-24,"0-130","inc hosp",202.39329,6133130
"24",2026-01-31,"0-130","rate hosp",3.2,6133130
"24",2026-01-31,"0-130","inc hosp",196.26016,6133130
"24",2026-02-07,"0-130","rate hosp",3,6133130
"24",2026-02-07,"0-130","inc hosp",183.9939,6133130
"24",2026-02-14,"0-130","rate hosp",3.2,6133130
"24",2026-02-14,"0-130","inc hosp",196.26016,6133130
"24",2026-02-21,"0-130","rate hosp",3.3,6133130
"24",2026-02-21,"0-130","inc hosp",202.39329,6133130
"24",2026-02-28,"0-130","rate hosp",2.6,6133130
"24",2026-02-28,"0-130","inc hosp",159.46138,6133130
"24",2026-03-07,"0-130","rate hosp",2.4,6133130
"24",2026-03-07,"0-130","inc hosp",147.19512,6133130
"24",2026-03-14,"0-130","rate hosp",2.5,6133130
"24",2026-03-14,"0-130","inc hosp",153.32825,6133130
"24",2026-03-21,"0-130","rate hosp",1.7,6133130
"24",2026-03-21,"0-130","inc hosp",104.26321,6133130
"24",2026-03-28,"0-130","rate hosp",1.8,6133130
"24",2026-03-28,"0-130","inc hosp",110.39634,6133130
"24",2026-04-04,"0-130","rate hosp",1.4,6133130
"24",2026-04-04,"0-130","inc hosp",85.86382,6133130
"24",2026-04-11,"0-130","rate hosp",1.3,6133130
"24",2026-04-11,"0-130","inc hosp",79.73069,6133130
"24",2026-04-18,"0-130","rate hosp",0.9,6133130
"24",2026-04-18,"0-130","inc hosp",55.19817,6133130
"24",2026-04-25,"0-130","rate hosp",0.6,6133130
"24",2026-04-25,"0-130","inc hosp",36.79878,6133130
"24",2026-05-02,"0-130","rate hosp",0.4,6133130
"24",2026-05-02,"0-130","inc hosp",24.53252,6133130
"24",2026-05-09,"0-130","rate hosp",0.1,6133130
"24",2026-05-09,"0-130","inc hosp",6.13313,6133130
"24",2026-05-16,"0-130","rate hosp",0.2,6133130
"24",2026-05-16,"0-130","inc hosp",12.26626,6133130
"24",2026-05-23,"0-130","rate hosp",0.2,6133130
"24",2026-05-23,"0-130","inc hosp",12.26626,6133130
"24",2026-05-30,"0-130","rate hosp",0.3,6133130
"24",2026-05-30,"0-130","inc hosp",18.39939,6133130
"24",2026-06-06,"0-130","rate hosp",0,6133130
"24",2026-06-06,"0-130","inc hosp",0,6133130
"24",2026-06-13,"0-130","rate hosp",0.2,6133130
"24",2026-06-13,"0-130","inc hosp",12.26626,6133130
"24",2026-06-20,"0-130","rate hosp",0.1,6133130
"24",2026-06-20,"0-130","inc hosp",6.13313,6133130
"24",2026-06-27,"0-130","rate hosp",0.1,6133130
"24",2026-06-27,"0-130","inc hosp",6.13313,6133130
"24",2026-07-04,"0-130","rate hosp",0.1,6133130
"24",2026-07-04,"0-130","inc hosp",6.13313,6133130
"24",2026-07-11,"0-130","rate hosp",0.1,6133130
"24",2026-07-11,"0-130","inc hosp",6.13313,6133130
"24",2026-07-18,"0-130","rate hosp",0,6133130
"24",2026-07-18,"0-130","inc hosp",0,6133130
"24",2026-07-25,"0-130","rate hosp",0,6133130
"24",2026-07-25,"0-130","inc hosp",0,6133130
"24",2026-08-01,"0-130","rate hosp",0.1,6133130
"24",2026-08-01,"0-130","inc hosp",6.13313,6133130
"24",2026-08-08,"0-130","rate hosp",0,6133130
"24",2026-08-08,"0-130","inc hosp",0,6133130
"24",2026-08-15,"0-130","rate hosp",0,6133130
"24",2026-08-15,"0-130","inc hosp",0,6133130
"24",2026-08-22,"0-130","rate hosp",0,6133130
"24",2026-08-22,"0-130","inc hosp",0,6133130
"26",2025-10-04,"0-130","rate hosp",0,10032075
"26",2025-10-04,"0-130","inc hosp",0,10032075
"26",2025-10-11,"0-130","rate hosp",0.1,10032075
"26",2025-10-11,"0-130","inc hosp",10.032075,10032075
"26",2025-10-18,"0-130","rate hosp",0,10032075
"26",2025-10-18,"0-130","inc hosp",0,10032075
"26",2025-10-25,"0-130","rate hosp",0.1,10032075
"26",2025-10-25,"0-130","inc hosp",10.032075,10032075
"26",2025-11-01,"0-130","rate hosp",0.2,10032075
"26",2025-11-01,"0-130","inc hosp",20.06415,10032075
"26",2025-11-08,"0-130","rate hosp",0.3,10032075
"26",2025-11-08,"0-130","inc hosp",30.096225,10032075
"26",2025-11-15,"0-130","rate hosp",0.1,10032075
"26",2025-11-15,"0-130","inc hosp",10.032075,10032075
"26",2025-11-22,"0-130","rate hosp",0.1,10032075
"26",2025-11-22,"0-130","inc hosp",10.032075,10032075
"26",2025-11-29,"0-130","rate hosp",0.1,10032075
"26",2025-11-29,"0-130","inc hosp",10.032075,10032075
"26",2025-12-06,"0-130","rate hosp",0.3,10032075
"26",2025-12-06,"0-130","inc hosp",30.096225,10032075
"26",2025-12-13,"0-130","rate hosp",0.4,10032075
"26",2025-12-13,"0-130","inc hosp",40.1283,10032075
"26",2025-12-20,"0-130","rate hosp",1,10032075
"26",2025-12-20,"0-130","inc hosp",100.32075,10032075
"26",2025-12-27,"0-130","rate hosp",1.4,10032075
"26",2025-12-27,"0-130","inc hosp",140.44905,10032075
"26",2026-01-03,"0-130","rate hosp",1.6,10032075
"26",2026-01-03,"0-130","inc hosp",160.5132,10032075
"26",2026-01-10,"0-130","rate hosp",1.5,10032075
"26",2026-01-10,"0-130","inc hosp",150.481125,10032075
"26",2026-01-17,"0-130","rate hosp",1.8,10032075
"26",2026-01-17,"0-130","inc hosp",180.57735,10032075
"26",2026-01-24,"0-130","rate hosp",2.1,10032075
"26",2026-01-24,"0-130","inc hosp",210.673575,10032075
"26",2026-01-31,"0-130","rate hosp",1.7,10032075
"26",2026-01-31,"0-130","inc hosp",170.545275,10032075
"26",2026-02-07,"0-130","rate hosp",1.6,10032075
"26",2026-02-07,"0-130","inc hosp",160.5132,10032075
"26",2026-02-14,"0-130","rate hosp",2.2,10032075
"26",2026-02-14,"0-130","inc hosp",220.70565,10032075
"26",2026-02-21,"0-130","rate hosp",2.8,10032075
"26",2026-02-21,"0-130","inc hosp",280.8981,10032075
"26",2026-02-28,"0-130","rate hosp",2,10032075
"26",2026-02-28,"0-130","inc hosp",200.6415,10032075
"26",2026-03-07,"0-130","rate hosp",3.2,10032075
"26",2026-03-07,"0-130","inc hosp",321.0264,10032075
"26",2026-03-14,"0-130","rate hosp",3.7,10032075
"26",2026-03-14,"0-130","inc hosp",371.186775,10032075
"26",2026-03-21,"0-130","rate hosp",2.5,10032075
"26",2026-03-21,"0-130","inc hosp",250.801875,10032075
"26",2026-03-28,"0-130","rate hosp",2.1,10032075
"26",2026-03-28,"0-130","inc hosp",210.673575,10032075
"26",2026-04-04,"0-130","rate hosp",2,10032075
"26",2026-04-04,"0-130","inc hosp",200.6415,10032075
"26",2026-04-11,"0-130","rate hosp",2.7,10032075
"26",2026-04-11,"0-130","inc hosp",270.866025,10032075
"26",2026-04-18,"0-130","rate hosp",2,10032075
"26",2026-04-18,"0-130","inc hosp",200.6415,10032075
"26",2026-04-25,"0-130","rate hosp",0.6,10032075
"26",2026-04-25,"0-130","inc hosp",60.19245,10032075
"26",2026-05-02,"0-130","rate hosp",1,10032075
"26",2026-05-02,"0-130","inc hosp",100.32075,10032075
"26",2026-05-09,"0-130","rate hosp",1,10032075
"26",2026-05-09,"0-130","inc hosp",100.32075,10032075
"26",2026-05-16,"0-130","rate hosp",0.6,10032075
"26",2026-05-16,"0-130","inc hosp",60.19245,10032075
"26",2026-05-23,"0-130","rate hosp",0.4,10032075
"26",2026-05-23,"0-130","inc hosp",40.1283,10032075
"26",2026-05-30,"0-130","rate hosp",0.3,10032075
"26",2026-05-30,"0-130","inc hosp",30.096225,10032075
"26",2026-06-06,"0-130","rate hosp",0.3,10032075
"26",2026-06-06,"0-130","inc hosp",30.096225,10032075
"26",2026-06-13,"0-130","rate hosp",0.5,10032075
"26",2026-06-13,"0-130","inc hosp",50.160375,10032075
"26",2026-06-20,"0-130","rate hosp",0.1,10032075
"26",2026-06-20,"0-130","inc hosp",10.032075,10032075
"26",2026-06-27,"0-130","rate hosp",0.1,10032075
"26",2026-06-27,"0-130","inc hosp",10.032075,10032075
"26",2026-07-04,"0-130","rate hosp",0.1,10032075
"26",2026-07-04,"0-130","inc hosp",10.032075,10032075
"26",2026-07-11,"0-130","rate hosp",0,10032075
"26",2026-07-11,"0-130","inc hosp",0,10032075
"26",2026-07-18,"0-130","rate hosp",0.1,10032075
"26",2026-07-18,"0-130","inc hosp",10.032075,10032075
"26",2026-07-25,"0-130","rate hosp",0.1,10032075
"26",2026-07-25,"0-130","inc hosp",10.032075,10032075
"26",2026-08-01,"0-130","rate hosp",0,10032075
"26",2026-08-01,"0-130","inc hosp",0,10032075
"26",2026-08-08,"0-130","rate hosp",0,10032075
"26",2026-08-08,"0-130","inc hosp",0,10032075
"26",2026-08-15,"0-130","rate hosp",0.2,10032075
"26",2026-08-15,"0-130","inc hosp",20.06415,10032075
"26",2026-08-22,"0-130","rate hosp",0.1,10032075
"26",2026-08-22,"0-130","inc hosp",10.032075,10032075
"27",2025-10-04,"0-130","rate hosp",0,5716548
"27",2025-10-04,"0-130","inc hosp",0,5716548
"27",2025-10-11,"0-130","rate hosp",0.1,5716548
"27",2025-10-11,"0-130","inc hosp",5.716548,5716548
"27",2025-10-18,"0-130","rate hosp",0.1,5716548
"27",2025-10-18,"0-130","inc hosp",5.716548,5716548
"27",2025-10-25,"0-130","rate hosp",0.2,5716548
"27",2025-10-25,"0-130","inc hosp",11.433096,5716548
"27",2025-11-01,"0-130","rate hosp",0.3,5716548
"27",2025-11-01,"0-130","inc hosp",17.149644,5716548
"27",2025-11-08,"0-130","rate hosp",0.2,5716548
"27",2025-11-08,"0-130","inc hosp",11.433096,5716548
"27",2025-11-15,"0-130","rate hosp",0.3,5716548
"27",2025-11-15,"0-130","inc hosp",17.149644,5716548
"27",2025-11-22,"0-130","rate hosp",0.3,5716548
"27",2025-11-22,"0-130","inc hosp",17.149644,5716548
"27",2025-11-29,"0-130","rate hosp",0.3,5716548
"27",2025-11-29,"0-130","inc hosp",17.149644,5716548
"27",2025-12-06,"0-130","rate hosp",0.5,5716548
"27",2025-12-06,"0-130","inc hosp",28.58274,5716548
"27",2025-12-13,"0-130","rate hosp",0.7,5716548
"27",2025-12-13,"0-130","inc hosp",40.015836,5716548
"27",2025-12-20,"0-130","rate hosp",0.8,5716548
"27",2025-12-20,"0-130","inc hosp",45.732384,5716548
"27",2025-12-27,"0-130","rate hosp",1,5716548
"27",2025-12-27,"0-130","inc hosp",57.16548,5716548
"27",2026-01-03,"0-130","rate hosp",1.3,5716548
"27",2026-01-03,"0-130","inc hosp",74.315124,5716548
"27",2026-01-10,"0-130","rate hosp",1.4,5716548
"27",2026-01-10,"0-130","inc hosp",80.031672,5716548
"27",2026-01-17,"0-130","rate hosp",1.4,5716548
"27",2026-01-17,"0-130","inc hosp",80.031672,5716548
"27",2026-01-24,"0-130","rate hosp",1.4,5716548
"27",2026-01-24,"0-130","inc hosp",80.031672,5716548
"27",2026-01-31,"0-130","rate hosp",1.4,5716548
"27",2026-01-31,"0-130","inc hosp",80.031672,5716548
"27",2026-02-07,"0-130","rate hosp",1.8,5716548
"27",2026-02-07,"0-130","inc hosp",102.897864,5716548
"27",2026-02-14,"0-130","rate hosp",2.4,5716548
"27",2026-02-14,"0-130","inc hosp",137.197152,5716548
"27",2026-02-21,"0-130","rate hosp",2,5716548
"27",2026-02-21,"0-130","inc hosp",114.33096,5716548
"27",2026-02-28,"0-130","rate hosp",2.5,5716548
"27",2026-02-28,"0-130","inc hosp",142.9137,5716548
"27",2026-03-07,"0-130","rate hosp",2.6,5716548
"27",2026-03-07,"0-130","inc hosp",148.630248,5716548
"27",2026-03-14,"0-130","rate hosp",2,5716548
"27",2026-03-14,"0-130","inc hosp",114.33096,5716548
"27",2026-03-21,"0-130","rate hosp",2.2,5716548
"27",2026-03-21,"0-130","inc hosp",125.764056,5716548
"27",2026-03-28,"0-130","rate hosp",1.7,5716548
"27",2026-03-28,"0-130","inc hosp",97.181316,5716548
"27",2026-04-04,"0-130","rate hosp",1.7,5716548
"27",2026-04-04,"0-130","inc hosp",97.181316,5716548
"27",2026-04-11,"0-130","rate hosp",1.6,5716548
"27",2026-04-11,"0-130","inc hosp",91.464768,5716548
"27",2026-04-18,"0-130","rate hosp",1.5,5716548
"27",2026-04-18,"0-130","inc hosp",85.74822,5716548
"27",2026-04-25,"0-130","rate hosp",1.2,5716548
"27",2026-04-25,"0-130","inc hosp",68.598576,5716548
"27",2026-05-02,"0-130","rate hosp",1,5716548
"27",2026-05-02,"0-130","inc hosp",57.16548,5716548
"27",2026-05-09,"0-130","rate hosp",0.7,5716548
"27",2026-05-09,"0-130","inc hosp",40.015836,5716548
"27",2026-05-16,"0-130","rate hosp",0.6,5716548
"27",2026-05-16,"0-130","inc hosp",34.299288,5716548
"27",2026-05-23,"0-130","rate hosp",0.3,5716548
"27",2026-05-23,"0-130","inc hosp",17.149644,5716548
"27",2026-05-30,"0-130","rate hosp",0.3,5716548
"27",2026-05-30,"0-130","inc hosp",17.149644,5716548
"27",2026-06-06,"0-130","rate hosp",0.3,5716548
"27",2026-06-06,"0-130","inc hosp",17.149644,5716548
"27",2026-06-13,"0-130","rate hosp",0.1,5716548
"27",2026-06-13,"0-130","inc hosp",5.716548,5716548
"27",2026-06-20,"0-130","rate hosp",0.2,5716548
"27",2026-06-20,"0-130","inc hosp",11.433096,5716548
"27",2026-06-27,"0-130","rate hosp",0.1,5716548
"27",2026-06-27,"0-130","inc hosp",5.716548,5716548
"27",2026-07-04,"0-130","rate hosp",0.1,5716548
"27",2026-07-04,"0-130","inc hosp",5.716548,5716548
"27",2026-07-11,"0-130","rate hosp",0.1,5716548
"27",2026-07-11,"0-130","inc hosp",5.716548,5716548
"27",2026-07-18,"0-130","rate hosp",0.1,5716548
"27",2026-07-18,"0-130","inc hosp",5.716548,5716548
"27",2026-07-25,"0-130","rate hosp",0.1,5716548
"27",2026-07-25,"0-130","inc hosp",5.716548,5716548
"27",2026-08-01,"0-130","rate hosp",0,5716548
"27",2026-08-01,"0-130","inc hosp",0,5716548
"27",2026-08-08,"0-130","rate hosp",0.1,5716548
"27",2026-08-08,"0-130","inc hosp",5.716548,5716548
"27",2026-08-15,"0-130","rate hosp",0,5716548
"27",2026-08-15,"0-130","inc hosp",0,5716548
"27",2026-08-22,"0-130","rate hosp",0,5716548
"27",2026-08-22,"0-130","inc hosp",0,5716548
"37",2025-10-04,"0-130","rate hosp",0.1,10596562
"37",2025-10-04,"0-130","inc hosp",10.596562,10596562
"37",2025-10-11,"0-130","rate hosp",0,10596562
"37",2025-10-11,"0-130","inc hosp",0,10596562
"37",2025-10-18,"0-130","rate hosp",0.2,10596562
"37",2025-10-18,"0-130","inc hosp",21.193124,10596562
"37",2025-10-25,"0-130","rate hosp",0.3,10596562
"37",2025-10-25,"0-130","inc hosp",31.789686,10596562
"37",2025-11-01,"0-130","rate hosp",0.2,10596562
"37",2025-11-01,"0-130","inc hosp",21.193124,10596562
"37",2025-11-08,"0-130","rate hosp",0.3,10596562
"37",2025-11-08,"0-130","inc hosp",31.789686,10596562
"37",2025-11-15,"0-130","rate hosp",0.2,10596562
"37",2025-11-15,"0-130","inc hosp",21.193124,10596562
"37",2025-11-22,"0-130","rate hosp",0.4,10596562
"37",2025-11-22,"0-130","inc hosp",42.386248,10596562
"37",2025-11-29,"0-130","rate hosp",0.6,10596562
"37",2025-11-29,"0-130","inc hosp",63.579372,10596562
"37",2025-12-06,"0-130","rate hosp",1.2,10596562
"37",2025-12-06,"0-130","inc hosp",127.158744,10596562
"37",2025-12-13,"0-130","rate hosp",1.8,10596562
"37",2025-12-13,"0-130","inc hosp",190.738116,10596562
"37",2025-12-20,"0-130","rate hosp",1,10596562
"37",2025-12-20,"0-130","inc hosp",105.96562,10596562
"37",2025-12-27,"0-130","rate hosp",1.1,10596562
"37",2025-12-27,"0-130","inc hosp",116.562182,10596562
"37",2026-01-03,"0-130","rate hosp",2.1,10596562
"37",2026-01-03,"0-130","inc hosp",222.527802,10596562
"37",2026-01-10,"0-130","rate hosp",1.8,10596562
"37",2026-01-10,"0-130","inc hosp",190.738116,10596562
"37",2026-01-17,"0-130","rate hosp",1.7,10596562
"37",2026-01-17,"0-130","inc hosp",180.141554,10596562
"37",2026-01-24,"0-130","rate hosp",1.5,10596562
"37",2026-01-24,"0-130","inc hosp",158.94843,10596562
"37",2026-01-31,"0-130","rate hosp",1.9,10596562
"37",2026-01-31,"0-130","inc hosp",201.334678,10596562
"37",2026-02-07,"0-130","rate hosp",2.2,10596562
"37",2026-02-07,"0-130","inc hosp",233.124364,10596562
"37",2026-02-14,"0-130","rate hosp",1.7,10596562
"37",2026-02-14,"0-130","inc hosp",180.141554,10596562
"37",2026-02-21,"0-130","rate hosp",2.5,10596562
"37",2026-02-21,"0-130","inc hosp",264.91405,10596562
"37",2026-02-28,"0-130","rate hosp",2.1,10596562
"37",2026-02-28,"0-130","inc hosp",222.527802,10596562
"37",2026-03-07,"0-130","rate hosp",1.7,10596562
"37",2026-03-07,"0-130","inc hosp",180.141554,10596562
"37",2026-03-14,"0-130","rate hosp",1.5,10596562
"37",2026-03-14,"0-130","inc hosp",158.94843,10596562
"37",2026-03-21,"0-130","rate hosp",1.2,10596562
"37",2026-03-21,"0-130","inc hosp",127.158744,10596562
"37",2026-03-28,"0-130","rate hosp",1,10596562
"37",2026-03-28,"0-130","inc hosp",105.96562,10596562
"37",2026-04-04,"0-130","rate hosp",0.9,10596562
"37",2026-04-04,"0-130","inc hosp",95.369058,10596562
"37",2026-04-11,"0-130","rate hosp",1.2,10596562
"37",2026-04-11,"0-130","inc hosp",127.158744,10596562
"37",2026-04-18,"0-130","rate hosp",0.6,10596562
"37",2026-04-18,"0-130","inc hosp",63.579372,10596562
"37",2026-04-25,"0-130","rate hosp",0.5,10596562
"37",2026-04-25,"0-130","inc hosp",52.98281,10596562
"37",2026-05-02,"0-130","rate hosp",0.2,10596562
"37",2026-05-02,"0-130","inc hosp",21.193124,10596562
"37",2026-05-09,"0-130","rate hosp",0.7,10596562
"37",2026-05-09,"0-130","inc hosp",74.175934,10596562
"37",2026-05-16,"0-130","rate hosp",0.3,10596562
"37",2026-05-16,"0-130","inc hosp",31.789686,10596562
"37",2026-05-23,"0-130","rate hosp",0.3,10596562
"37",2026-05-23,"0-130","inc hosp",31.789686,10596562
"37",2026-05-30,"0-130","rate hosp",0.3,10596562
"37",2026-05-30,"0-130","inc hosp",31.789686,10596562
"37",2026-06-06,"0-130","rate hosp",0.4,10596562
"37",2026-06-06,"0-130","inc hosp",42.386248,10596562
"37",2026-06-13,"0-130","rate hosp",0.2,10596562
"37",2026-06-13,"0-130","inc hosp",21.193124,10596562
"37",2026-06-20,"0-130","rate hosp",0,10596562
"37",2026-06-20,"0-130","inc hosp",0,10596562
"37",2026-06-27,"0-130","rate hosp",0.1,10596562
"37",2026-06-27,"0-130","inc hosp",10.596562,10596562
"37",2026-07-04,"0-130","rate hosp",0.2,10596562
"37",2026-07-04,"0-130","inc hosp",21.193124,10596562
"37",2026-07-11,"0-130","rate hosp",0,10596562
"37",2026-07-11,"0-130","inc hosp",0,10596562
"37",2026-07-18,"0-130","rate hosp",0,10596562
"37",2026-07-18,"0-130","inc hosp",0,10596562
"37",2026-07-25,"0-130","rate hosp",0,10596562
"37",2026-07-25,"0-130","inc hosp",0,10596562
"37",2026-08-01,"0-130","rate hosp",0,10596562
"37",2026-08-01,"0-130","inc hosp",0,10596562
"37",2026-08-08,"0-130","rate hosp",0,10596562
"37",2026-08-08,"0-130","inc hosp",0,10596562
"37",2026-08-15,"0-130","rate hosp",0.1,10596562
"37",2026-08-15,"0-130","inc hosp",10.596562,10596562
"37",2026-08-22,"0-130","rate hosp",0.2,10596562
"37",2026-08-22,"0-130","inc hosp",21.193124,10596562
"35",2025-10-04,"0-130","rate hosp",0,2100079
"35",2025-10-04,"0-130","inc hosp",0,2100079
"35",2025-10-11,"0-130","rate hosp",0,2100079
"35",2025-10-11,"0-130","inc hosp",0,2100079
"35",2025-10-18,"0-130","rate hosp",0,2100079
"35",2025-10-18,"0-130","inc hosp",0,2100079
"35",2025-10-25,"0-130","rate hosp",0,2100079
"35",2025-10-25,"0-130","inc hosp",0,2100079
"35",2025-11-01,"0-130","rate hosp",0,2100079
"35",2025-11-01,"0-130","inc hosp",0,2100079
"35",2025-11-08,"0-130","rate hosp",0,2100079
"35",2025-11-08,"0-130","inc hosp",0,2100079
"35",2025-11-15,"0-130","rate hosp",0.1,2100079
"35",2025-11-15,"0-130","inc hosp",2.100079,2100079
"35",2025-11-22,"0-130","rate hosp",0,2100079
"35",2025-11-22,"0-130","inc hosp",0,2100079
"35",2025-11-29,"0-130","rate hosp",0.1,2100079
"35",2025-11-29,"0-130","inc hosp",2.100079,2100079
"35",2025-12-06,"0-130","rate hosp",0,2100079
"35",2025-12-06,"0-130","inc hosp",0,2100079
"35",2025-12-13,"0-130","rate hosp",0.3,2100079
"35",2025-12-13,"0-130","inc hosp",6.300237,2100079
"35",2025-12-20,"0-130","rate hosp",0.4,2100079
"35",2025-12-20,"0-130","inc hosp",8.400316,2100079
"35",2025-12-27,"0-130","rate hosp",0.3,2100079
"35",2025-12-27,"0-130","inc hosp",6.300237,2100079
"35",2026-01-03,"0-130","rate hosp",0.6,2100079
"35",2026-01-03,"0-130","inc hosp",12.600474,2100079
"35",2026-01-10,"0-130","rate hosp",1,2100079
"35",2026-01-10,"0-130","inc hosp",21.00079,2100079
"35",2026-01-17,"0-130","rate hosp",3,2100079
"35",2026-01-17,"0-130","inc hosp",63.00237,2100079
"35",2026-01-24,"0-130","rate hosp",2.5,2100079
"35",2026-01-24,"0-130","inc hosp",52.501975,2100079
"35",2026-01-31,"0-130","rate hosp",3.6,2100079
"35",2026-01-31,"0-130","inc hosp",75.602844,2100079
"35",2026-02-07,"0-130","rate hosp",5.7,2100079
"35",2026-02-07,"0-130","inc hosp",119.704503,2100079
"35",2026-02-14,"0-130","rate hosp",7.1,2100079
"35",2026-02-14,"0-130","inc hosp",149.105609,2100079
"35",2026-02-21,"0-130","rate hosp",6.6,2100079
"35",2026-02-21,"0-130","inc hosp",138.605214,2100079
"35",2026-02-28,"0-130","rate hosp",6.3,2100079
"35",2026-02-28,"0-130","inc hosp",132.304977,2100079
"35",2026-03-07,"0-130","rate hosp",6.3,2100079
"35",2026-03-07,"0-130","inc hosp",132.304977,2100079
"35",2026-03-14,"0-130","rate hosp",4.9,2100079
"35",2026-03-14,"0-130","inc hosp",102.903871,2100079
"35",2026-03-21,"0-130","rate hosp",5.5,2100079
"35",2026-03-21,"0-130","inc hosp",115.504345,2100079
"35",2026-03-28,"0-130","rate hosp",5.4,2100079
"35",2026-03-28,"0-130","inc hosp",113.404266,2100079
"35",2026-04-04,"0-130","rate hosp",2.2,2100079
"35",2026-04-04,"0-130","inc hosp",46.201738,2100079
"35",2026-04-11,"0-130","rate hosp",2.8,2100079
"35",2026-04-11,"0-130","inc hosp",58.802212,2100079
"35",2026-04-18,"0-130","rate hosp",1,2100079
"35",2026-04-18,"0-130","inc hosp",21.00079,2100079
"35",2026-04-25,"0-130","rate hosp",1.2,2100079
"35",2026-04-25,"0-130","inc hosp",25.200948,2100079
"35",2026-05-02,"0-130","rate hosp",1.2,2100079
"35",2026-05-02,"0-130","inc hosp",25.200948,2100079
"35",2026-05-09,"0-130","rate hosp",0.3,2100079
"35",2026-05-09,"0-130","inc hosp",6.300237,2100079
"35",2026-05-16,"0-130","rate hosp",0.4,2100079
"35",2026-05-16,"0-130","inc hosp",8.400316,2100079
"35",2026-05-23,"0-130","rate hosp",0.4,2100079
"35",2026-05-23,"0-130","inc hosp",8.400316,2100079
"35",2026-05-30,"0-130","rate hosp",0.4,2100079
"35",2026-05-30,"0-130","inc hosp",8.400316,2100079
"35",2026-06-06,"0-130","rate hosp",0.1,2100079
"35",2026-06-06,"0-130","inc hosp",2.100079,2100079
"35",2026-06-13,"0-130","rate hosp",0.1,2100079
"35",2026-06-13,"0-130","inc hosp",2.100079,2100079
"35",2026-06-20,"0-130","rate hosp",0.1,2100079
"35",2026-06-20,"0-130","inc hosp",2.100079,2100079
"35",2026-06-27,"0-130","rate hosp",0,2100079
"35",2026-06-27,"0-130","inc hosp",0,2100079
"35",2026-07-04,"0-130","rate hosp",0,2100079
"35",2026-07-04,"0-130","inc hosp",0,2100079
"35",2026-07-11,"0-130","rate hosp",0,2100079
"35",2026-07-11,"0-130","inc hosp",0,2100079
"35",2026-07-18,"0-130","rate hosp",0,2100079
"35",2026-07-18,"0-130","inc hosp",0,2100079
"35",2026-07-25,"0-130","rate hosp",0,2100079
"35",2026-07-25,"0-130","inc hosp",0,2100079
"35",2026-08-01,"0-130","rate hosp",0,2100079
"35",2026-08-01,"0-130","inc hosp",0,2100079
"35",2026-08-08,"0-130","rate hosp",0,2100079
"35",2026-08-08,"0-130","inc hosp",0,2100079
"35",2026-08-15,"0-130","rate hosp",0,2100079
"35",2026-08-15,"0-130","inc hosp",0,2100079
"35",2026-08-22,"0-130","rate hosp",0,2100079
"35",2026-08-22,"0-130","inc hosp",0,2100079
"36",2025-10-04,"0-130","rate hosp",0.1,19657190
"36",2025-10-04,"0-130","inc hosp",19.65719,19657190
"36",2025-10-11,"0-130","rate hosp",0.2,19657190
"36",2025-10-11,"0-130","inc hosp",39.31438,19657190
"36",2025-10-18,"0-130","rate hosp",0.1,19657190
"36",2025-10-18,"0-130","inc hosp",19.65719,19657190
"36",2025-10-25,"0-130","rate hosp",0.1,19657190
"36",2025-10-25,"0-130","inc hosp",19.65719,19657190
"36",2025-11-01,"0-130","rate hosp",0,19657190
"36",2025-11-01,"0-130","inc hosp",0,19657190
"36",2025-11-08,"0-130","rate hosp",0.3,19657190
"36",2025-11-08,"0-130","inc hosp",58.97157,19657190
"36",2025-11-15,"0-130","rate hosp",0.4,19657190
"36",2025-11-15,"0-130","inc hosp",78.62876,19657190
"36",2025-11-22,"0-130","rate hosp",0.6,19657190
"36",2025-11-22,"0-130","inc hosp",117.94314,19657190
"36",2025-11-29,"0-130","rate hosp",0.4,19657190
"36",2025-11-29,"0-130","inc hosp",78.62876,19657190
"36",2025-12-06,"0-130","rate hosp",0.6,19657190
"36",2025-12-06,"0-130","inc hosp",117.94314,19657190
"36",2025-12-13,"0-130","rate hosp",1.4,19657190
"36",2025-12-13,"0-130","inc hosp",275.20066,19657190
"36",2025-12-20,"0-130","rate hosp",1.3,19657190
"36",2025-12-20,"0-130","inc hosp",255.54347,19657190
"36",2025-12-27,"0-130","rate hosp",1.3,19657190
"36",2025-12-27,"0-130","inc hosp",255.54347,19657190
"36",2026-01-03,"0-130","rate hosp",2.1,19657190
"36",2026-01-03,"0-130","inc hosp",412.80099,19657190
"36",2026-01-10,"0-130","rate hosp",2.1,19657190
"36",2026-01-10,"0-130","inc hosp",412.80099,19657190
"36",2026-01-17,"0-130","rate hosp",2.6,19657190
"36",2026-01-17,"0-130","inc hosp",511.08694,19657190
"36",2026-01-24,"0-130","rate hosp",2.6,19657190
"36",2026-01-24,"0-130","inc hosp",511.08694,19657190
"36",2026-01-31,"0-130","rate hosp",2.2,19657190
"36",2026-01-31,"0-130","inc hosp",432.45818,19657190
"36",2026-02-07,"0-130","rate hosp",2.9,19657190
"36",2026-02-07,"0-130","inc hosp",570.05851,19657190
"36",2026-02-14,"0-130","rate hosp",2.7,19657190
"36",2026-02-14,"0-130","inc hosp",530.74413,19657190
"36",2026-02-21,"0-130","rate hosp",3.4,19657190
"36",2026-02-21,"0-130","inc hosp",668.34446,19657190
"36",2026-02-28,"0-130","rate hosp",3.7,19657190
"36",2026-02-28,"0-130","inc hosp",727.31603,19657190
"36",2026-03-07,"0-130","rate hosp",3.2,19657190
"36",2026-03-07,"0-130","inc hosp",629.03008,19657190
"36",2026-03-14,"0-130","rate hosp",3.2,19657190
"36",2026-03-14,"0-130","inc hosp",629.03008,19657190
"36",2026-03-21,"0-130","rate hosp",3.9,19657190
"36",2026-03-21,"0-130","inc hosp",766.63041,19657190
"36",2026-03-28,"0-130","rate hosp",2.9,19657190
"36",2026-03-28,"0-130","inc hosp",570.05851,19657190
"36",2026-04-04,"0-130","rate hosp",2.4,19657190
"36",2026-04-04,"0-130","inc hosp",471.77256,19657190
"36",2026-04-11,"0-130","rate hosp",2,19657190
"36",2026-04-11,"0-130","inc hosp",393.1438,19657190
"36",2026-04-18,"0-130","rate hosp",1.6,19657190
"36",2026-04-18,"0-130","inc hosp",314.51504,19657190
"36",2026-04-25,"0-130","rate hosp",1.1,19657190
"36",2026-04-25,"0-130","inc hosp",216.22909,19657190
"36",2026-05-02,"0-130","rate hosp",1.2,19657190
"36",2026-05-02,"0-130","inc hosp",235.88628,19657190
"36",2026-05-09,"0-130","rate hosp",0.8,19657190
"36",2026-05-09,"0-130","inc hosp",157.25752,19657190
"36",2026-05-16,"0-130","rate hosp",0.5,19657190
"36",2026-05-16,"0-130","inc hosp",98.28595,19657190
"36",2026-05-23,"0-130","rate hosp",0.4,19657190
"36",2026-05-23,"0-130","inc hosp",78.62876,19657190
"36",2026-05-30,"0-130","rate hosp",0.2,19657190
"36",2026-05-30,"0-130","inc hosp",39.31438,19657190
"36",2026-06-06,"0-130","rate hosp",0.4,19657190
"36",2026-06-06,"0-130","inc hosp",78.62876,19657190
"36",2026-06-13,"0-130","rate hosp",0,19657190
"36",2026-06-13,"0-130","inc hosp",0,19657190
"36",2026-06-20,"0-130","rate hosp",0.1,19657190
"36",2026-06-20,"0-130","inc hosp",19.65719,19657190
"36",2026-06-27,"0-130","rate hosp",0.1,19657190
"36",2026-06-27,"0-130","inc hosp",19.65719,19657190
"36",2026-07-04,"0-130","rate hosp",0.1,19657190
"36",2026-07-04,"0-130","inc hosp",19.65719,19657190
"36",2026-07-11,"0-130","rate hosp",0,19657190
"36",2026-07-11,"0-130","inc hosp",0,19657190
"36",2026-07-18,"0-130","rate hosp",0,19657190
"36",2026-07-18,"0-130","inc hosp",0,19657190
"36",2026-07-25,"0-130","rate hosp",0,19657190
"36",2026-07-25,"0-130","inc hosp",0,19657190
"36",2026-08-01,"0-130","rate hosp",0,19657190
"36",2026-08-01,"0-130","inc hosp",0,19657190
"36",2026-08-08,"0-130","rate hosp",0,19657190
"36",2026-08-08,"0-130","inc hosp",0,19657190
"36",2026-08-15,"0-130","rate hosp",0,19657190
"36",2026-08-15,"0-130","inc hosp",0,19657190
"36",2026-08-22,"0-130","rate hosp",0,19657190
"36",2026-08-22,"0-130","inc hosp",0,19657190
"41",2025-10-04,"0-130","rate hosp",0,4238665
"41",2025-10-04,"0-130","inc hosp",0,4238665
"41",2025-10-11,"0-130","rate hosp",0.1,4238665
"41",2025-10-11,"0-130","inc hosp",4.238665,4238665
"41",2025-10-18,"0-130","rate hosp",0.1,4238665
"41",2025-10-18,"0-130","inc hosp",4.238665,4238665
"41",2025-10-25,"0-130","rate hosp",0.1,4238665
"41",2025-10-25,"0-130","inc hosp",4.238665,4238665
"41",2025-11-01,"0-130","rate hosp",0.1,4238665
"41",2025-11-01,"0-130","inc hosp",4.238665,4238665
"41",2025-11-08,"0-130","rate hosp",0.1,4238665
"41",2025-11-08,"0-130","inc hosp",4.238665,4238665
"41",2025-11-15,"0-130","rate hosp",0.1,4238665
"41",2025-11-15,"0-130","inc hosp",4.238665,4238665
"41",2025-11-22,"0-130","rate hosp",0.1,4238665
"41",2025-11-22,"0-130","inc hosp",4.238665,4238665
"41",2025-11-29,"0-130","rate hosp",0.1,4238665
"41",2025-11-29,"0-130","inc hosp",4.238665,4238665
"41",2025-12-06,"0-130","rate hosp",0.2,4238665
"41",2025-12-06,"0-130","inc hosp",8.47733,4238665
"41",2025-12-13,"0-130","rate hosp",0.3,4238665
"41",2025-12-13,"0-130","inc hosp",12.715995,4238665
"41",2025-12-20,"0-130","rate hosp",0.3,4238665
"41",2025-12-20,"0-130","inc hosp",12.715995,4238665
"41",2025-12-27,"0-130","rate hosp",0.2,4238665
"41",2025-12-27,"0-130","inc hosp",8.47733,4238665
"41",2026-01-03,"0-130","rate hosp",0.4,4238665
"41",2026-01-03,"0-130","inc hosp",16.95466,4238665
"41",2026-01-10,"0-130","rate hosp",0.4,4238665
"41",2026-01-10,"0-130","inc hosp",16.95466,4238665
"41",2026-01-17,"0-130","rate hosp",0.8,4238665
"41",2026-01-17,"0-130","inc hosp",33.90932,4238665
"41",2026-01-24,"0-130","rate hosp",1.2,4238665
"41",2026-01-24,"0-130","inc hosp",50.86398,4238665
"41",2026-01-31,"0-130","rate hosp",1.1,4238665
"41",2026-01-31,"0-130","inc hosp",46.625315,4238665
"41",2026-02-07,"0-130","rate hosp",1.6,4238665
"41",2026-02-07,"0-130","inc hosp",67.81864,4238665
"41",2026-02-14,"0-130","rate hosp",1.6,4238665
"41",2026-02-14,"0-130","inc hosp",67.81864,4238665
"41",2026-02-21,"0-130","rate hosp",1.8,4238665
"41",2026-02-21,"0-130","inc hosp",76.29597,4238665
"41",2026-02-28,"0-130","rate hosp",1.4,4238665
"41",2026-02-28,"0-130","inc hosp",59.34131,4238665
"41",2026-03-07,"0-130","rate hosp",1.4,4238665
"41",2026-03-07,"0-130","inc hosp",59.34131,4238665
"41",2026-03-14,"0-130","rate hosp",0.7,4238665
"41",2026-03-14,"0-130","inc hosp",29.670655,4238665
"41",2026-03-21,"0-130","rate hosp",1.3,4238665
"41",2026-03-21,"0-130","inc hosp",55.102645,4238665
"41",2026-03-28,"0-130","rate hosp",1.1,4238665
"41",2026-03-28,"0-130","inc hosp",46.625315,4238665
"41",2026-04-04,"0-130","rate hosp",0.5,4238665
"41",2026-04-04,"0-130","inc hosp",21.193325,4238665
"41",2026-04-11,"0-130","rate hosp",0.7,4238665
"41",2026-04-11,"0-130","inc hosp",29.670655,4238665
"41",2026-04-18,"0-130","rate hosp",0.5,4238665
"41",2026-04-18,"0-130","inc hosp",21.193325,4238665
"41",2026-04-25,"0-130","rate hosp",0.2,4238665
"41",2026-04-25,"0-130","inc hosp",8.47733,4238665
"41",2026-05-02,"0-130","rate hosp",0.2,4238665
"41",2026-05-02,"0-130","inc hosp",8.47733,4238665
"41",2026-05-09,"0-130","rate hosp",0.2,4238665
"41",2026-05-09,"0-130","inc hosp",8.47733,4238665
"41",2026-05-16,"0-130","rate hosp",0.2,4238665
"41",2026-05-16,"0-130","inc hosp",8.47733,4238665
"41",2026-05-23,"0-130","rate hosp",0.1,4238665
"41",2026-05-23,"0-130","inc hosp",4.238665,4238665
"41",2026-05-30,"0-130","rate hosp",0.2,4238665
"41",2026-05-30,"0-130","inc hosp",8.47733,4238665
"41",2026-06-06,"0-130","rate hosp",0.2,4238665
"41",2026-06-06,"0-130","inc hosp",8.47733,4238665
"41",2026-06-13,"0-130","rate hosp",0.1,4238665
"41",2026-06-13,"0-130","inc hosp",4.238665,4238665
"41",2026-06-20,"0-130","rate hosp",0,4238665
"41",2026-06-20,"0-130","inc hosp",0,4238665
"41",2026-06-27,"0-130","rate hosp",0.1,4238665
"41",2026-06-27,"0-130","inc hosp",4.238665,4238665
"41",2026-07-04,"0-130","rate hosp",0,4238665
"41",2026-07-04,"0-130","inc hosp",0,4238665
"41",2026-07-11,"0-130","rate hosp",0,4238665
"41",2026-07-11,"0-130","inc hosp",0,4238665
"41",2026-07-18,"0-130","rate hosp",0,4238665
"41",2026-07-18,"0-130","inc hosp",0,4238665
"41",2026-07-25,"0-130","rate hosp",0.1,4238665
"41",2026-07-25,"0-130","inc hosp",4.238665,4238665
"41",2026-08-01,"0-130","rate hosp",0.1,4238665
"41",2026-08-01,"0-130","inc hosp",4.238665,4238665
"41",2026-08-08,"0-130","rate hosp",0.1,4238665
"41",2026-08-08,"0-130","inc hosp",4.238665,4238665
"41",2026-08-15,"0-130","rate hosp",0,4238665
"41",2026-08-15,"0-130","inc hosp",0,4238665
"41",2026-08-22,"0-130","rate hosp",0,4238665
"41",2026-08-22,"0-130","inc hosp",0,4238665
"US",2025-10-04,"0-130","rate hosp",0.1,332200066
"US",2025-10-04,"0-130","inc hosp",332.200066,332200066
"US",2025-10-11,"0-130","rate hosp",0.1,332200066
"US",2025-10-11,"0-130","inc hosp",332.200066,332200066
"US",2025-10-18,"0-130","rate hosp",0.1,332200066
"US",2025-10-18,"0-130","inc hosp",332.200066,332200066
"US",2025-10-25,"0-130","rate hosp",0.2,332200066
"US",2025-10-25,"0-130","inc hosp",664.400132,332200066
"US",2025-11-01,"0-130","rate hosp",0.2,332200066
"US",2025-11-01,"0-130","inc hosp",664.400132,332200066
"US",2025-11-08,"0-130","rate hosp",0.3,332200066
"US",2025-11-08,"0-130","inc hosp",996.600198,332200066
"US",2025-11-15,"0-130","rate hosp",0.4,332200066
"US",2025-11-15,"0-130","inc hosp",1328.800264,332200066
"US",2025-11-22,"0-130","rate hosp",0.4,332200066
"US",2025-11-22,"0-130","inc hosp",1328.800264,332200066
"US",2025-11-29,"0-130","rate hosp",0.5,332200066
"US",2025-11-29,"0-130","inc hosp",1661.00033,332200066
"US",2025-12-06,"0-130","rate hosp",0.8,332200066
"US",2025-12-06,"0-130","inc hosp",2657.600528,332200066
"US",2025-12-13,"0-130","rate hosp",1,332200066
"US",2025-12-13,"0-130","inc hosp",3322.00066,332200066
"US",2025-12-20,"0-130","rate hosp",1.3,332200066
"US",2025-12-20,"0-130","inc hosp",4318.600858,332200066
"US",2025-12-27,"0-130","rate hosp",1.6,332200066
"US",2025-12-27,"0-130","inc hosp",5315.201056,332200066
"US",2026-01-03,"0-130","rate hosp",2,332200066
"US",2026-01-03,"0-130","inc hosp",6644.00132,332200066
"US",2026-01-10,"0-130","rate hosp",2,332200066
"US",2026-01-10,"0-130","inc hosp",6644.00132,332200066
"US",2026-01-17,"0-130","rate hosp",2,332200066
"US",2026-01-17,"0-130","inc hosp",6644.00132,332200066
"US",2026-01-24,"0-130","rate hosp",2,332200066
"US",2026-01-24,"0-130","inc hosp",6644.00132,332200066
"US",2026-01-31,"0-130","rate hosp",2.3,332200066
"US",2026-01-31,"0-130","inc hosp",7640.601518,332200066
"US",2026-02-07,"0-130","rate hosp",2.4,332200066
"US",2026-02-07,"0-130","inc hosp",7972.801584,332200066
"US",2026-02-14,"0-130","rate hosp",2.7,332200066
"US",2026-02-14,"0-130","inc hosp",8969.401782,332200066
"US",2026-02-21,"0-130","rate hosp",3,332200066
"US",2026-02-21,"0-130","inc hosp",9966.00198,332200066
"US",2026-02-28,"0-130","rate hosp",2.8,332200066
"US",2026-02-28,"0-130","inc hosp",9301.601848,332200066
"US",2026-03-07,"0-130","rate hosp",2.5,332200066
"US",2026-03-07,"0-130","inc hosp",8305.00165,332200066
"US",2026-03-14,"0-130","rate hosp",2.3,332200066
"US",2026-03-14,"0-130","inc hosp",7640.601518,332200066
"US",2026-03-21,"0-130","rate hosp",2.2,332200066
"US",2026-03-21,"0-130","inc hosp",7308.401452,332200066
"US",2026-03-28,"0-130","rate hosp",1.8,332200066
"US",2026-03-28,"0-130","inc hosp",5979.601188,332200066
"US",2026-04-04,"0-130","rate hosp",1.5,332200066
"US",2026-04-04,"0-130","inc hosp",4983.00099,332200066
"US",2026-04-11,"0-130","rate hosp",1.3,332200066
"US",2026-04-11,"0-130","inc hosp",4318.600858,332200066
"US",2026-04-18,"0-130","rate hosp",1,332200066
"US",2026-04-18,"0-130","inc hosp",3322.00066,332200066
"US",2026-04-25,"0-130","rate hosp",0.7,332200066
"US",2026-04-25,"0-130","inc hosp",2325.400462,332200066
"US",2026-05-02,"0-130","rate hosp",0.6,332200066
"US",2026-05-02,"0-130","inc hosp",1993.200396,332200066
"US",2026-05-09,"0-130","rate hosp",0.5,332200066
"US",2026-05-09,"0-130","inc hosp",1661.00033,332200066
"US",2026-05-16,"0-130","rate hosp",0.4,332200066
"US",2026-05-16,"0-130","inc hosp",1328.800264,332200066
"US",2026-05-23,"0-130","rate hosp",0.3,332200066
"US",2026-05-23,"0-130","inc hosp",996.600198,332200066
"US",2026-05-30,"0-130","rate hosp",0.2,332200066
"US",2026-05-30,"0-130","inc hosp",664.400132,332200066
"US",2026-06-06,"0-130","rate hosp",0.2,332200066
"US",2026-06-06,"0-130","inc hosp",664.400132,332200066
"US",2026-06-13,"0-130","rate hosp",0.1,332200066
"US",2026-06-13,"0-130","inc hosp",332.200066,332200066
"US",2026-06-20,"0-130","rate hosp",0.1,332200066
"US",2026-06-20,"0-130","inc hosp",332.200066,332200066
"US",2026-06-27,"0-130","rate hosp",0.1,332200066
"US",2026-06-27,"0-130","inc hosp",332.200066,332200066
"US",2026-07-04,"0-130","rate hosp",0.1,332200066
"US",2026-07-04,"0-130","inc hosp",332.200066,332200066
"US",2026-07-11,"0-130","rate hosp",0.1,332200066
"US",2026-07-11,"0-130","inc hosp",332.200066,332200066
"US",2026-07-18,"0-130","rate hosp",0,332200066
"US",2026-07-18,"0-130","inc hosp",0,332200066
"US",2026-07-25,"0-130","rate hosp",0,332200066
"US",2026-07-25,"0-130","inc hosp",0,332200066
"US",2026-08-01,"0-130","rate hosp",0,332200066
"US",2026-08-01,"0-130","inc hosp",0,332200066
"US",2026-08-08,"0-130","rate hosp",0,332200066
"US",2026-08-08,"0-130","inc hosp",0,332200066
"US",2026-08-15,"0-130","rate hosp",0.1,332200066
"US",2026-08-15,"0-130","inc hosp",332.200066,332200066
"US",2026-08-22,"0-130","rate hosp",0,332200066
"US",2026-08-22,"0-130","inc hosp",0,332200066
"47",2025-10-04,"0-130","rate hosp",0,7030607
"47",2025-10-04,"0-130","inc hosp",0,7030607
"47",2025-10-11,"0-130","rate hosp",0.1,7030607
"47",2025-10-11,"0-130","inc hosp",7.030607,7030607
"47",2025-10-18,"0-130","rate hosp",0.1,7030607
"47",2025-10-18,"0-130","inc hosp",7.030607,7030607
"47",2025-10-25,"0-130","rate hosp",0.1,7030607
"47",2025-10-25,"0-130","inc hosp",7.030607,7030607
"47",2025-11-01,"0-130","rate hosp",0.2,7030607
"47",2025-11-01,"0-130","inc hosp",14.061214,7030607
"47",2025-11-08,"0-130","rate hosp",0.4,7030607
"47",2025-11-08,"0-130","inc hosp",28.122428,7030607
"47",2025-11-15,"0-130","rate hosp",0.3,7030607
"47",2025-11-15,"0-130","inc hosp",21.091821,7030607
"47",2025-11-22,"0-130","rate hosp",0.2,7030607
"47",2025-11-22,"0-130","inc hosp",14.061214,7030607
"47",2025-11-29,"0-130","rate hosp",0.2,7030607
"47",2025-11-29,"0-130","inc hosp",14.061214,7030607
"47",2025-12-06,"0-130","rate hosp",0.6,7030607
"47",2025-12-06,"0-130","inc hosp",42.183642,7030607
"47",2025-12-13,"0-130","rate hosp",0.3,7030607
"47",2025-12-13,"0-130","inc hosp",21.091821,7030607
"47",2025-12-20,"0-130","rate hosp",0.9,7030607
"47",2025-12-20,"0-130","inc hosp",63.275463,7030607
"47",2025-12-27,"0-130","rate hosp",1.3,7030607
"47",2025-12-27,"0-130","inc hosp",91.397891,7030607
"47",2026-01-03,"0-130","rate hosp",2.2,7030607
"47",2026-01-03,"0-130","inc hosp",154.673354,7030607
"47",2026-01-10,"0-130","rate hosp",2.3,7030607
"47",2026-01-10,"0-130","inc hosp",161.703961,7030607
"47",2026-01-17,"0-130","rate hosp",1.8,7030607
"47",2026-01-17,"0-130","inc hosp",126.550926,7030607
"47",2026-01-24,"0-130","rate hosp",1.1,7030607
"47",2026-01-24,"0-130","inc hosp",77.336677,7030607
"47",2026-01-31,"0-130","rate hosp",1.7,7030607
"47",2026-01-31,"0-130","inc hosp",119.520319,7030607
"47",2026-02-07,"0-130","rate hosp",1.5,7030607
"47",2026-02-07,"0-130","inc hosp",105.459105,7030607
"47",2026-02-14,"0-130","rate hosp",2,7030607
"47",2026-02-14,"0-130","inc hosp",140.61214,7030607
"47",2026-02-21,"0-130","rate hosp",1.4,7030607
"47",2026-02-21,"0-130","inc hosp",98.428498,7030607
"47",2026-02-28,"0-130","rate hosp",1.8,7030607
"47",2026-02-28,"0-130","inc hosp",126.550926,7030607
"47",2026-03-07,"0-130","rate hosp",1.8,7030607
"47",2026-03-07,"0-130","inc hosp",126.550926,7030607
"47",2026-03-14,"0-130","rate hosp",0.7,7030607
"47",2026-03-14,"0-130","inc hosp",49.214249,7030607
"47",2026-03-21,"0-130","rate hosp",0.8,7030607
"47",2026-03-21,"0-130","inc hosp",56.244856,7030607
"47",2026-03-28,"0-130","rate hosp",0.6,7030607
"47",2026-03-28,"0-130","inc hosp",42.183642,7030607
"47",2026-04-04,"0-130","rate hosp",0.6,7030607
"47",2026-04-04,"0-130","inc hosp",42.183642,7030607
"47",2026-04-11,"0-130","rate hosp",0.8,7030607
"47",2026-04-11,"0-130","inc hosp",56.244856,7030607
"47",2026-04-18,"0-130","rate hosp",0.6,7030607
"47",2026-04-18,"0-130","inc hosp",42.183642,7030607
"47",2026-04-25,"0-130","rate hosp",0.4,7030607
"47",2026-04-25,"0-130","inc hosp",28.122428,7030607
"47",2026-05-02,"0-130","rate hosp",0.5,7030607
"47",2026-05-02,"0-130","inc hosp",35.153035,7030607
"47",2026-05-09,"0-130","rate hosp",0.4,7030607
"47",2026-05-09,"0-130","inc hosp",28.122428,7030607
"47",2026-05-16,"0-130","rate hosp",0.1,7030607
"47",2026-05-16,"0-130","inc hosp",7.030607,7030607
"47",2026-05-23,"0-130","rate hosp",0.3,7030607
"47",2026-05-23,"0-130","inc hosp",21.091821,7030607
"47",2026-05-30,"0-130","rate hosp",0.1,7030607
"47",2026-05-30,"0-130","inc hosp",7.030607,7030607
"47",2026-06-06,"0-130","rate hosp",0.2,7030607
"47",2026-06-06,"0-130","inc hosp",14.061214,7030607
"47",2026-06-13,"0-130","rate hosp",0.1,7030607
"47",2026-06-13,"0-130","inc hosp",7.030607,7030607
"47",2026-06-20,"0-130","rate hosp",0.4,7030607
"47",2026-06-20,"0-130","inc hosp",28.122428,7030607
"47",2026-06-27,"0-130","rate hosp",0.3,7030607
"47",2026-06-27,"0-130","inc hosp",21.091821,7030607
"47",2026-07-04,"0-130","rate hosp",0.4,7030607
"47",2026-07-04,"0-130","inc hosp",28.122428,7030607
"47",2026-07-11,"0-130","rate hosp",0.3,7030607
"47",2026-07-11,"0-130","inc hosp",21.091821,7030607
"47",2026-07-18,"0-130","rate hosp",0.1,7030607
"47",2026-07-18,"0-130","inc hosp",7.030607,7030607
"47",2026-07-25,"0-130","rate hosp",0,7030607
"47",2026-07-25,"0-130","inc hosp",0,7030607
"47",2026-08-01,"0-130","rate hosp",0.2,7030607
"47",2026-08-01,"0-130","inc hosp",14.061214,7030607
"47",2026-08-08,"0-130","rate hosp",0,7030607
"47",2026-08-08,"0-130","inc hosp",0,7030607
"47",2026-08-15,"0-130","rate hosp",0.1,7030607
"47",2026-08-15,"0-130","inc hosp",7.030607,7030607
"47",2026-08-22,"0-130","rate hosp",0,7030607
"47",2026-08-22,"0-130","inc hosp",0,7030607
"49",2025-10-04,"0-130","rate hosp",0,3376238
"49",2025-10-04,"0-130","inc hosp",0,3376238
"49",2025-10-11,"0-130","rate hosp",0.1,3376238
"49",2025-10-11,"0-130","inc hosp",3.376238,3376238
"49",2025-10-18,"0-130","rate hosp",0,3376238
"49",2025-10-18,"0-130","inc hosp",0,3376238
"49",2025-10-25,"0-130","rate hosp",0,3376238
"49",2025-10-25,"0-130","inc hosp",0,3376238
"49",2025-11-01,"0-130","rate hosp",0,3376238
"49",2025-11-01,"0-130","inc hosp",0,3376238
"49",2025-11-08,"0-130","rate hosp",0.1,3376238
"49",2025-11-08,"0-130","inc hosp",3.376238,3376238
"49",2025-11-15,"0-130","rate hosp",0,3376238
"49",2025-11-15,"0-130","inc hosp",0,3376238
"49",2025-11-22,"0-130","rate hosp",0,3376238
"49",2025-11-22,"0-130","inc hosp",0,3376238
"49",2025-11-29,"0-130","rate hosp",0.1,3376238
"49",2025-11-29,"0-130","inc hosp",3.376238,3376238
"49",2025-12-06,"0-130","rate hosp",0.2,3376238
"49",2025-12-06,"0-130","inc hosp",6.752476,3376238
"49",2025-12-13,"0-130","rate hosp",0.1,3376238
"49",2025-12-13,"0-130","inc hosp",3.376238,3376238
"49",2025-12-20,"0-130","rate hosp",0.9,3376238
"49",2025-12-20,"0-130","inc hosp",30.386142,3376238
"49",2025-12-27,"0-130","rate hosp",0.6,3376238
"49",2025-12-27,"0-130","inc hosp",20.257428,3376238
"49",2026-01-03,"0-130","rate hosp",0.7,3376238
"49",2026-01-03,"0-130","inc hosp",23.633666,3376238
"49",2026-01-10,"0-130","rate hosp",0.3,3376238
"49",2026-01-10,"0-130","inc hosp",10.128714,3376238
"49",2026-01-17,"0-130","rate hosp",0.7,3376238
"49",2026-01-17,"0-130","inc hosp",23.633666,3376238
"49",2026-01-24,"0-130","rate hosp",1.5,3376238
"49",2026-01-24,"0-130","inc hosp",50.64357,3376238
"49",2026-01-31,"0-130","rate hosp",2,3376238
"49",2026-01-31,"0-130","inc hosp",67.52476,3376238
"49",2026-02-07,"0-130","rate hosp",2.2,3376238
"49",2026-02-07,"0-130","inc hosp",74.277236,3376238
"49",2026-02-14,"0-130","rate hosp",1.9,3376238
"49",2026-02-14,"0-130","inc hosp",64.148522,3376238
"49",2026-02-21,"0-130","rate hosp",5.3,3376238
"49",2026-02-21,"0-130","inc hosp",178.940614,3376238
"49",2026-02-28,"0-130","rate hosp",3.5,3376238
"49",2026-02-28,"0-130","inc hosp",118.16833,3376238
"49",2026-03-07,"0-130","rate hosp",3.7,3376238
"49",2026-03-07,"0-130","inc hosp",124.920806,3376238
"49",2026-03-14,"0-130","rate hosp",3.3,3376238
"49",2026-03-14,"0-130","inc hosp",111.415854,3376238
"49",2026-03-21,"0-130","rate hosp",3.5,3376238
"49",2026-03-21,"0-130","inc hosp",118.16833,3376238
"49",2026-03-28,"0-130","rate hosp",3,3376238
"49",2026-03-28,"0-130","inc hosp",101.28714,3376238
"49",2026-04-04,"0-130","rate hosp",2.2,3376238
"49",2026-04-04,"0-130","inc hosp",74.277236,3376238
"49",2026-04-11,"0-130","rate hosp",2.2,3376238
"49",2026-04-11,"0-130","inc hosp",74.277236,3376238
"49",2026-04-18,"0-130","rate hosp",1.1,3376238
"49",2026-04-18,"0-130","inc hosp",37.138618,3376238
"49",2026-04-25,"0-130","rate hosp",0.5,3376238
"49",2026-04-25,"0-130","inc hosp",16.88119,3376238
"49",2026-05-02,"0-130","rate hosp",1,3376238
"49",2026-05-02,"0-130","inc hosp",33.76238,3376238
"49",2026-05-09,"0-130","rate hosp",0.7,3376238
"49",2026-05-09,"0-130","inc hosp",23.633666,3376238
"49",2026-05-16,"0-130","rate hosp",0.6,3376238
"49",2026-05-16,"0-130","inc hosp",20.257428,3376238
"49",2026-05-23,"0-130","rate hosp",0.2,3376238
"49",2026-05-23,"0-130","inc hosp",6.752476,3376238
"49",2026-05-30,"0-130","rate hosp",0.2,3376238
"49",2026-05-30,"0-130","inc hosp",6.752476,3376238
"49",2026-06-06,"0-130","rate hosp",0.4,3376238
"49",2026-06-06,"0-130","inc hosp",13.504952,3376238
"49",2026-06-13,"0-130","rate hosp",0.1,3376238
"49",2026-06-13,"0-130","inc hosp",3.376238,3376238
"49",2026-06-20,"0-130","rate hosp",0.1,3376238
"49",2026-06-20,"0-130","inc hosp",3.376238,3376238
"49",2026-06-27,"0-130","rate hosp",0,3376238
"49",2026-06-27,"0-130","inc hosp",0,3376238
"49",2026-07-04,"0-130","rate hosp",0,3376238
"49",2026-07-04,"0-130","inc hosp",0,3376238
"49",2026-07-11,"0-130","rate hosp",0,3376238
"49",2026-07-11,"0-130","inc hosp",0,3376238
"49",2026-07-18,"0-130","rate hosp",0,3376238
"49",2026-07-18,"0-130","inc hosp",0,3376238
"49",2026-07-25,"0-130","rate hosp",0,3376238
"49",2026-07-25,"0-130","inc hosp",0,3376238
"49",2026-08-01,"0-130","rate hosp",0.2,3376238
"49",2026-08-01,"0-130","inc hosp",6.752476,3376238
"49",2026-08-08,"0-130","rate hosp",0,3376238
"49",2026-08-08,"0-130","inc hosp",0,3376238
"49",2026-08-15,"0-130","rate hosp",0,3376238
"49",2026-08-15,"0-130","inc hosp",0,3376238
"49",2026-08-22,"0-130","rate hosp",0,3376238
"49",2026-08-22,"0-130","inc hosp",0,3376238
"53",2025-10-04,"0-130","rate hosp",0,7735834
"53",2025-10-04,"0-130","inc hosp",0,7735834
"53",2025-10-11,"0-130","rate hosp",0.1,7735834
"53",2025-10-11,"0-130","inc hosp",7.735834,7735834
"53",2025-10-18,"0-130","rate hosp",0.1,7735834
"53",2025-10-18,"0-130","inc hosp",7.735834,7735834
"53",2025-10-25,"0-130","rate hosp",0.1,7735834
"53",2025-10-25,"0-130","inc hosp",7.735834,7735834
"53",2025-11-01,"0-130","rate hosp",0.1,7735834
"53",2025-11-01,"0-130","inc hosp",7.735834,7735834
"53",2025-11-08,"0-130","rate hosp",0.2,7735834
"53",2025-11-08,"0-130","inc hosp",15.471668,7735834
"53",2025-11-15,"0-130","rate hosp",0.3,7735834
"53",2025-11-15,"0-130","inc hosp",23.207502,7735834
"53",2025-11-22,"0-130","rate hosp",0.3,7735834
"53",2025-11-22,"0-130","inc hosp",23.207502,7735834
"53",2025-11-29,"0-130","rate hosp",0.2,7735834
"53",2025-11-29,"0-130","inc hosp",15.471668,7735834
"53",2025-12-06,"0-130","rate hosp",0.8,7735834
"53",2025-12-06,"0-130","inc hosp",61.886672,7735834
"53",2025-12-13,"0-130","rate hosp",0.9,7735834
"53",2025-12-13,"0-130","inc hosp",69.622506,7735834
"53",2025-12-20,"0-130","rate hosp",1.4,7735834
"53",2025-12-20,"0-130","inc hosp",108.301676,7735834
"53",2025-12-27,"0-130","rate hosp",1.4,7735834
"53",2025-12-27,"0-130","inc hosp",108.301676,7735834
"53",2026-01-03,"0-130","rate hosp",1.6,7735834
"53",2026-01-03,"0-130","inc hosp",123.773344,7735834
"53",2026-01-10,"0-130","rate hosp",2,7735834
"53",2026-01-10,"0-130","inc hosp",154.71668,7735834
"53",2026-01-17,"0-130","rate hosp",1.5,7735834
"53",2026-01-17,"0-130","inc hosp",116.03751,7735834
"53",2026-01-24,"0-130","rate hosp",1.4,7735834
"53",2026-01-24,"0-130","inc hosp",108.301676,7735834
"53",2026-01-31,"0-130","rate hosp",2.3,7735834
"53",2026-01-31,"0-130","inc hosp",177.924182,7735834
"53",2026-02-07,"0-130","rate hosp",1.9,7735834
"53",2026-02-07,"0-130","inc hosp",146.980846,7735834
"53",2026-02-14,"0-130","rate hosp",2.1,7735834
"53",2026-02-14,"0-130","inc hosp",162.452514,7735834
"53",2026-02-21,"0-130","rate hosp",2.4,7735834
"53",2026-02-21,"0-130","inc hosp",185.660016,7735834
"53",2026-02-28,"0-130","rate hosp",1.9,7735834
"53",2026-02-28,"0-130","inc hosp",146.980846,7735834
"53",2026-03-07,"0-130","rate hosp",1.4,7735834
"53",2026-03-07,"0-130","inc hosp",108.301676,7735834
"53",2026-03-14,"0-130","rate hosp",1.4,7735834
"53",2026-03-14,"0-130","inc hosp",108.301676,7735834
"53",2026-03-21,"0-130","rate hosp",1.6,7735834
"53",2026-03-21,"0-130","inc hosp",123.773344,7735834
"53",2026-03-28,"0-130","rate hosp",1.3,7735834
"53",2026-03-28,"0-130","inc hosp",100.565842,7735834
"53",2026-04-04,"0-130","rate hosp",1.3,7735834
"53",2026-04-04,"0-130","inc hosp",100.565842,7735834
"53",2026-04-11,"0-130","rate hosp",0.9,7735834
"53",2026-04-11,"0-130","inc hosp",69.622506,7735834
"53",2026-04-18,"0-130","rate hosp",0.9,7735834
"53",2026-04-18,"0-130","inc hosp",69.622506,7735834
"53",2026-04-25,"0-130","rate hosp",0.6,7735834
"53",2026-04-25,"0-130","inc hosp",46.415004,7735834
"53",2026-05-02,"0-130","rate hosp",0.5,7735834
"53",2026-05-02,"0-130","inc hosp",38.67917,7735834
"53",2026-05-09,"0-130","rate hosp",0.5,7735834
"53",2026-05-09,"0-130","inc hosp",38.67917,7735834
"53",2026-05-16,"0-130","rate hosp",0.3,7735834
"53",2026-05-16,"0-130","inc hosp",23.207502,7735834
"53",2026-05-23,"0-130","rate hosp",0.2,7735834
"53",2026-05-23,"0-130","inc hosp",15.471668,7735834
"53",2026-05-30,"0-130","rate hosp",0.2,7735834
"53",2026-05-30,"0-130","inc hosp",15.471668,7735834
"53",2026-06-06,"0-130","rate hosp",0.1,7735834
"53",2026-06-06,"0-130","inc hosp",7.735834,7735834
"53",2026-06-13,"0-130","rate hosp",0.2,7735834
"53",2026-06-13,"0-130","inc hosp",15.471668,7735834
"53",2026-06-20,"0-130","rate hosp",0.1,7735834
"53",2026-06-20,"0-130","inc hosp",7.735834,7735834
"53",2026-06-27,"0-130","rate hosp",0.1,7735834
"53",2026-06-27,"0-130","inc hosp",7.735834,7735834
"53",2026-07-04,"0-130","rate hosp",0.1,7735834
"53",2026-07-04,"0-130","inc hosp",7.735834,7735834
"53",2026-07-11,"0-130","rate hosp",0.1,7735834
"53",2026-07-11,"0-130","inc hosp",7.735834,7735834
"53",2026-07-18,"0-130","rate hosp",0,7735834
"53",2026-07-18,"0-130","inc hosp",0,7735834
"53",2026-07-25,"0-130","rate hosp",0,7735834
"53",2026-07-25,"0-130","inc hosp",0,7735834
"53",2026-08-01,"0-130","rate hosp",0,7735834
"53",2026-08-01,"0-130","inc hosp",0,7735834
"53",2026-08-08,"0-130","rate hosp",0,7735834
"53",2026-08-08,"0-130","inc hosp",0,7735834
"53",2026-08-15,"0-130","rate hosp",0.1,7735834
"53",2026-08-15,"0-130","inc hosp",7.735834,7735834
"53",2026-08-22,"0-130","rate hosp",0,7735834
"53",2026-08-22,"0-130","inc hosp",0,7735834
